{"8AT": 0.48433333333333334, "8AJ": 0.49433333333333335, "38A": 0.4623333333333333, "58A": 0.473, "8AK": 0.4686666666666667, "89A": 0.49366666666666664, "68A": 0.4766666666666667, "8AQ": 0.4746666666666667, "28A": 0.712, "8AA": 0.4653333333333333, "78A": 0.7323333333333333, "88A": 0.49633333333333335, "48A": 0.484, "AJT": 0.21566666666666667, "3AT": 0.21433333333333332, "5AT": 0.21933333333333332, "AKT": 0.23266666666666666, "ATT": 0.25833333333333336, "9AT": 0.25366666666666665, "6AT": 0.224, "AQT": 0.22366666666666668, "2AT": 0.5666666666666667, "AAT": 0.24566666666666667, "7AT": 0.5726666666666667, "4AT": 0.20566666666666666, "3AJ": 0.22233333333333333, "5AJ": 0.22066666666666668, "AJK": 0.238, "AJJ": 0.4713333333333333, "9AJ": 0.23266666666666666, "6AJ": 0.21766666666666667, "AJQ": 0.251, "2AJ": 0.584, "AAJ": 0.261, "7AJ": 0.5846666666666667, "4AJ": 0.20866666666666667, "35A": 0.20766666666666667, "3AK": 0.20666666666666667, "39A": 0.22033333333333333, "36A": 0.21066666666666667, "3AQ": 0.22566666666666665, "23A": 0.5893333333333334, "33A": 0.458, "3AA": 0.255, "37A": 0.6883333333333334, "34A": 0.21933333333333332, "55A": 0.22166666666666668, "5AK": 0.234, "59A": 0.21466666666666667, "56A": 0.22, "5AQ": 0.21233333333333335, "25A": 0.5733333333333334, "5AA": 0.24133333333333334, "57A": 0.6376666666666667, "45A": 0.219, "9AK": 0.217, "6AK": 0.218, "AKK": 0.253, "AKQ": 0.247, "2AK": 0.5783333333333334, "AAK": 0.26266666666666666, "7AK": 0.6376666666666667, "4AK": 0.22133333333333333, "69A": 0.23466666666666666, "9AQ": 0.25133333333333335, "29A": 0.5906666666666667, "9AA": 0.26166666666666666, "79A": 0.5933333333333334, "99A": 0.256, "49A": 0.223, "6AQ": 0.22666666666666666, "26A": 0.5616666666666666, "6AA": 0.23533333333333334, "67A": 0.6476666666666666, "46A": 0.20033333333333334, "66A": 0.211, "2AQ": 0.574, "AQQ": 0.4663333333333333, "AAQ": 0.26566666666666666, "7AQ": 0.614, "4AQ": 0.226, "2AA": 0.6166666666666667, "27A": 0.862, "24A": 0.5766666666666667, "22A": 0.946, "AAA": 0.2753333333333333, "7AA": 0.6986666666666667, "4AA": 0.23533333333333334, "47A": 0.6786666666666666, "77A": 0.932, "44A": 0.21666666666666667, "8JT": 0.27366666666666667, "38T": 0.25533333333333336, "58T": 0.22566666666666665, "8KT": 0.25633333333333336, "8TT": 0.26666666666666666, "89T": 0.37866666666666665, "68T": 0.32233333333333336, "8QT": 0.25633333333333336, "28T": 0.5413333333333333, "78T": 0.5143333333333333, "88T": 0.273, "48T": 0.24433333333333335, "38J": 0.22166666666666668, "58J": 0.23666666666666666, "8JK": 0.25, "8JJ": 0.47, "89J": 0.31333333333333335, "68J": 0.23833333333333334, "8JQ": 0.22533333333333333, "28J": 0.5676666666666667, "78J": 0.5403333333333333, "88J": 0.26166666666666666, "48J": 0.23866666666666667, "358": 0.22266666666666668, "38K": 0.22466666666666665, "389": 0.22033333333333333, "368": 0.231, "38Q": 0.20766666666666667, "238": 0.585, "338": 0.46366666666666667, "378": 0.658, "388": 0.22666666666666666, "348": 0.215, "558": 0.23866666666666667, "58K": 0.24966666666666668, "589": 0.31933333333333336, "568": 0.399, "58Q": 0.23733333333333334, "258": 0.552, "578": 0.5783333333333334, "588": 0.26466666666666666, "458": 0.30466666666666664, "89K": 0.262, "68K": 0.25166666666666665, "8KK": 0.258, "8KQ": 0.24566666666666667, "28K": 0.583, "78K": 0.606, "88K": 0.25, "48K": 0.225, "689": 0.384, "89Q": 0.26, "289": 0.594, "789": 0.5083333333333333, "899": 0.285, "889": 0.271, "489": 0.24366666666666667, "68Q": 0.22966666666666666, "268": 0.573, "678": 0.552, "688": 0.281, "468": 0.2976666666666667, "668": 0.243, "28Q": 0.5766666666666667, "8QQ": 0.473, "78Q": 0.588, "88Q": 0.26966666666666667, "48Q": 0.20966666666666667, "278": 0.8246666666666667, "288": 0.602, "248": 0.5673333333333334, "228": 0.9363333333333334, "788": 0.642, "478": 0.607, "778": 0.8963333333333333, "488": 0.253, "888": 0.29, "448": 0.24266666666666667, "3JT": 0.18133333333333335, "5JT": 0.14233333333333334, "JKT": 0.186, "JTT": 0.22733333333333333, "JJT": 0.26, "9JT": 0.24366666666666667, "6JT": 0.18666666666666668, "JQT": 0.177, "2JT": 0.45, "7JT": 0.44866666666666666, "4JT": 0.16933333333333334, "35T": 0.16133333333333333, "3KT": 0.16366666666666665, "3TT": 0.20566666666666666, "39T": 0.191, "36T": 0.18633333333333332, "3QT": 0.18933333333333333, "23T": 0.5453333333333333, "33T": 0.23466666666666666, "37T": 0.6273333333333333, "34T": 0.168, "55T": 0.19566666666666666, "5KT": 0.16633333333333333, "5TT": 0.215, "59T": 0.18966666666666668, "56T": 0.16966666666666666, "5QT": 0.16166666666666665, "25T": 0.449, "57T": 0.5216666666666666, "45T": 0.17233333333333334, "KTT": 0.21466666666666667, "9KT": 0.212, "6KT": 0.19766666666666666, "KKT": 0.23133333333333334, "KQT": 0.201, "2KT": 0.5336666666666666, "7KT": 0.5756666666666667, "4KT": 0.17366666666666666, "9TT": 0.23033333333333333, "6TT": 0.21633333333333332, "QTT": 0.224, "2TT": 0.5683333333333334, "7TT": 0.6373333333333333, "TTT": 0.2623333333333333, "4TT": 0.208, "69T": 0.2653333333333333, "9QT": 0.21066666666666667, "29T": 0.528, "79T": 0.5223333333333333, "99T": 0.232, "49T": 0.20066666666666666, "6QT": 0.181, "26T": 0.541, "67T": 0.588, "46T": 0.17666666666666667, "66T": 0.20066666666666666, "2QT": 0.517, "QQT": 0.26466666666666666, "7QT": 0.559, "4QT": 0.18266666666666667, "27T": 0.707, "24T": 0.541, "22T": 0.9103333333333333, "47T": 0.6236666666666667, "77T": 0.882, "44T": 0.20266666666666666, "35J": 0.166, "3JK": 0.171, "3JJ": 0.239, "39J": 0.17533333333333334, "36J": 0.16933333333333334, "3JQ": 0.18566666666666667, "23J": 0.5416666666666666, "33J": 0.215, "37J": 0.6143333333333333, "34J": 0.16333333333333333, "55J": 0.192, "5JK": 0.176, "5JJ": 0.23433333333333334, "59J": 0.19233333333333333, "56J": 0.174, "5JQ": 0.16733333333333333, "25J": 0.443, "57J": 0.5233333333333333, "45J": 0.16566666666666666, "JJK": 0.24433333333333335, "9JK": 0.187, "6JK": 0.18133333333333335, "JKK": 0.225, "JKQ": 0.196, "2JK": 0.5346666666666666, "7JK": 0.5783333333333334, "4JK": 0.17633333333333334, "9JJ": 0.25833333333333336, "6JJ": 0.24033333333333334, "JJQ": 0.25966666666666666, "2JJ": 0.5926666666666667, "7JJ": 0.6416666666666667, "4JJ": 0.25533333333333336, "JJJ": 0.2793333333333333, "69J": 0.187, "9JQ": 0.18133333333333335, "29J": 0.5283333333333333, "79J": 0.5266666666666666, "99J": 0.23966666666666667, "49J": 0.194, "6JQ": 0.16866666666666666, "26J": 0.5173333333333333, "67J": 0.6073333333333333, "46J": 0.173, "66J": 0.182, "2JQ": 0.526, "JQQ": 0.26066666666666666, "7JQ": 0.5853333333333334, "4JQ": 0.18666666666666668, "27J": 0.7213333333333334, "24J": 0.5353333333333333, "22J": 0.9206666666666666, "47J": 0.6253333333333333, "77J": 0.8973333333333333, "44J": 0.19133333333333333, "355": 0.17866666666666667, "35K": 0.16, "359": 0.16533333333333333, "356": 0.24966666666666668, "35Q": 0.172, "235": 0.5116666666666667, "335": 0.22566666666666665, "357": 0.6346666666666667, "345": 0.256, "39K": 0.15066666666666667, "36K": 0.16433333333333333, "3KK": 0.21166666666666667, "3KQ": 0.17466666666666666, "23K": 0.528, "33K": 0.23566666666666666, "37K": 0.644, "34K": 0.167, "369": 0.17166666666666666, "39Q": 0.168, "239": 0.53, "339": 0.23533333333333334, "379": 0.599, "399": 0.19033333333333333, "349": 0.15566666666666668, "36Q": 0.16066666666666668, "236": 0.5306666666666666, "336": 0.22433333333333333, "367": 0.63, "346": 0.24333333333333335, "366": 0.17833333333333334, "23Q": 0.5536666666666666, "33Q": 0.23633333333333334, "3QQ": 0.24666666666666667, "37Q": 0.663, "34Q": 0.16533333333333333, "233": 0.604, "237": 0.8623333333333333, "234": 0.5306666666666666, "223": 0.938, "333": 0.251, "337": 0.6946666666666667, "334": 0.204, "347": 0.6666666666666666, "377": 0.9343333333333333, "344": 0.17133333333333334, "55K": 0.188, "559": 0.20233333333333334, "556": 0.20266666666666666, "55Q": 0.197, "255": 0.5516666666666666, "555": 0.23133333333333334, "557": 0.624, "455": 0.20533333333333334, "59K": 0.17966666666666667, "56K": 0.19066666666666668,