{"4AJ": 0.8233333333333334, "5AJ": 0.8073333333333333, "AJJ": 0.7966666666666666, "3AJ": 0.7023333333333334, "AJK": 0.7793333333333333, "6AJ": 0.816, "7AJ": 0.8006666666666666, "8AJ": 0.7966666666666666, "AAJ": 0.92, "AJQ": 0.7686666666666667, "AJT": 0.7636666666666667, "2AJ": 0.89, "9AJ": 0.6866666666666666, "45J": 0.4086666666666667, "4JJ": 0.5256666666666666, "34J": 0.445, "4JK": 0.43933333333333335, "46J": 0.41633333333333333, "47J": 0.4066666666666667, "48J": 0.423, "4JQ": 0.439, "44J": 0.5363333333333333, "4JT": 0.4063333333333333, "24J": 0.5973333333333334, "49J": 0.416, "5JJ": 0.5413333333333333, "35J": 0.41533333333333333, "5JK": 0.44366666666666665, "56J": 0.41833333333333333, "57J": 0.39866666666666667, "58J": 0.398, "55J": 0.5216666666666666, "5JQ": 0.43566666666666665, "5JT": 0.41133333333333333, "25J": 0.6066666666666667, "59J": 0.403, "3JJ": 0.5096666666666667, "JJK": 0.5596666666666666, "6JJ": 0.5343333333333333, "7JJ": 0.535, "8JJ": 0.5206666666666667, "JJQ": 0.5396666666666666, "JJT": 0.5156666666666667, "2JJ": 0.687, "9JJ": 0.5143333333333333, "JJJ": 0.644, "3JK": 0.43633333333333335, "36J": 0.42433333333333334, "37J": 0.42533333333333334, "38J": 0.4066666666666667, "33J": 0.5096666666666667, "3JQ": 0.4156666666666667, "3JT": 0.3983333333333333, "23J": 0.5743333333333334, "39J": 0.361, "6JK": 0.43133333333333335, "7JK": 0.43133333333333335, "8JK": 0.44766666666666666, "JKK": 0.536, "JKQ": 0.49566666666666664, "JKT": 0.4726666666666667, "2JK": 0.613, "9JK": 0.3973333333333333, "67J": 0.41233333333333333, "68J": 0.43766666666666665, "66J": 0.5206666666666667, "6JQ": 0.44733333333333336, "6JT": 0.434, "26J": 0.5976666666666667, "69J": 0.4036666666666667, "78J": 0.3913333333333333, "77J": 0.521, "7JQ": 0.43066666666666664, "7JT": 0.403, "27J": 0.5876666666666667, "79J": 0.387, "88J": 0.5076666666666667, "8JQ": 0.428, "8JT": 0.4066666666666667, "28J": 0.5706666666666667, "89J": 0.37166666666666665, "JQQ": 0.5356666666666666, "JQT": 0.4756666666666667, "2JQ": 0.5816666666666667, "9JQ": 0.38566666666666666, "JTT": 0.499, "2JT": 0.585, "9JT": 0.36433333333333334, "29J": 0.5716666666666667, "22J": 0.9286666666666666, "99J": 0.49233333333333335, "45A": 0.7766666666666666, "34A": 0.8116666666666666, "4AK": 0.8386666666666667, "46A": 0.8256666666666667, "47A": 0.8013333333333333, "48A": 0.8326666666666667, "4AA": 0.922, "4AQ": 0.8413333333333334, "44A": 0.8336666666666667, "4AT": 0.813, "24A": 0.9203333333333333, "49A": 0.8183333333333334, "35A": 0.8003333333333333, "5AK": 0.8416666666666667, "56A": 0.8166666666666667, "57A": 0.7893333333333333, "58A": 0.836, "5AA": 0.915, "55A": 0.8296666666666667, "5AQ": 0.8363333333333334, "5AT": 0.8093333333333333, "25A": 0.924, "59A": 0.8173333333333334, "3AK": 0.8163333333333334, "36A": 0.8113333333333334, "37A": 0.8223333333333334, "38A": 0.8096666666666666, "3AA": 0.9183333333333333, "33A": 0.801, "3AQ": 0.8036666666666666, "3AT": 0.816, "23A": 0.9103333333333333, "39A": 0.701, "6AK": 0.8346666666666667, "7AK": 0.8303333333333334, "8AK": 0.8316666666666667, "AKK": 0.8313333333333334, "AAK": 0.947, "AKQ": 0.8023333333333333, "AKT": 0.8093333333333333, "2AK": 0.9296666666666666, "9AK": 0.8176666666666667, "67A": 0.8123333333333334, "68A": 0.8166666666666667, "66A": 0.814, "6AA": 0.9453333333333334, "6AQ": 0.8386666666666667, "6AT": 0.826, "26A": 0.924, "69A": 0.7866666666666666, "78A": 0.8063333333333333, "77A": 0.8203333333333334, "7AA": 0.9336666666666666, "7AQ": 0.846, "7AT": 0.7763333333333333, "27A": 0.9476666666666667, "79A": 0.7726666666666666, "88A": 0.8186666666666667, "8AA": 0.9413333333333334, "8AQ": 0.8283333333333334, "8AT": 0.801, "28A": 0.928, "89A": 0.7736666666666666, "AAQ": 0.947, "AAT": 0.9156666666666666, "2AA": 0.9916666666666667, "9AA": 0.9273333333333333, "AAA": 1.0, "AQQ": 0.8353333333333334, "AQT": 0.7803333333333333, "2AQ": 0.93, "9AQ": 0.8083333333333333, "ATT": 0.7903333333333333, "2AT": 0.9256666666666666, "9AT": 0.7916666666666666, "29A": 0.9143333333333333, "22A": 0.9866666666666667, "99A": 0.7906666666666666, "345": 0.466, "45K": 0.416, "456": 0.419, "457": 0.3506666666666667, "458": 0.402, "455": 0.5006666666666667, "45Q": 0.431, "445": 0.4673333333333333, "45T": 0.38533333333333336, "245": 0.5473333333333333, "459": 0.4083333333333333, "34K": 0.438, "346": 0.4673333333333333, "347": 0.4043333333333333, "348": 0.44566666666666666, "334": 0.5206666666666667, "34Q": 0.42633333333333334, "344": 0.528, "34T": 0.423, "234": 0.5596666666666666, "349": 0.42033333333333334, "46K": 0.4256666666666667, "47K": 0.42966666666666664, "48K": 0.423, "4KK": 0.512, "4KQ": 0.44433333333333336, "44K": 0.548, "4KT": 0.41833333333333333, "24K": 0.61, "49K": 0.43033333333333335, "467": 0.36333333333333334, "468": 0.435, "466": 0.5046666666666667, "46Q": 0.439, "446": 0.509, "46T": 0.403, "246": 0.5543333333333333, "469": 0.44133333333333336, "478": 0.3913333333333333, "477": 0.48033333333333333, "47Q": 0.41833333333333333, "447": 0.4856666666666667, "47T": 0.37266666666666665, "247": 0.5736666666666667, "479": 0.389, "488": 0.5063333333333333, "48Q": 0.4533333333333333, "448": 0.5153333333333333, "48T": 0.37733333333333335, "248": 0.5873333333333334, "489": 0.4033333333333333, "44Q": 0.524, "4QQ": 0.5486666666666666, "4QT": 0.42966666666666664, "24Q": 0.6046666666666667, "49Q": 0.42966666666666664, "44T": 0.5056666666666667, "444": 0.6376666666666667, "244": 0.6766666666666666, "449": 0.5373333333333333, "4TT": 0.516, "24T": 0.5553333333333333, "49T": 0.403, "249": 0.5803333333333334, "224": 0.95, "499": 0.519, "35K": 0.43233333333333335, "356": 0.4726666666666667, "357": 0.39066666666666666, "358": 0.42866666666666664, "335": 0.5106666666666667, "355": 0.5196666666666667, "35Q": 0.43866666666666665, "35T": 0.41633333333333333, "235": 0.565, "359": 0.4236666666666667, "56K": 0.4196666666666667, "57K": 0.41633333333333333, "58K": 0.43133333333333335, "5KK": 0.519, "55K": 0.5436666666666666, "5KQ": 0.44633333333333336, "5KT": 0.43433333333333335, "25K": 0.6203333333333333, "59K": 0.4083333333333333, "567": 0.36833333333333335, "568": 0.405, "566": 0.5036666666666667, "556": 0.505, "56Q": 0.42866666666666664, "56T": 0.416, "256": 0.544, "569": 0.4103333333333333, "578": 0.36033333333333334, "577": 0.48333333333333334, "557": 0.4846666666666667, "57Q": 0.399, "57T": 0.37233333333333335, "257": 0.5566666666666666, "579": 0.36733333333333335, "588": 0.5016666666666667, "558": 0.509, "58Q": 0.44466666666666665, "58T": 0.38333333333333336, "258": 0.5686666666666667, "589": 0.38566666666666666, "55Q": 0.5273333333333333, "55T": 0.5123333333333333, "255": 0.677, "559": 0.5133333333333333, "555": 0.6406666666666667, "5QQ": 0.5346666666666666, "5QT": 0.43, "25Q": 0.5873333333333334, "59Q": 0.42733333333333334, "5TT": 0.5056666666666667, "25T": 0.582, "59T": 0.38966666666666666, "259": 0.593, "225": 0.9486666666666667, "599": 0.5136666666666667, "36K": 0.43733333333333335, "37K": 0.42766666666666664, "38K": 0.435, "3KK": 0.5313333333333333, "33K": 0.5313333333333333, "3KQ": 0.4513333333333333, "3KT": 0.44033333333333335, "23K": 0.6233333333333333, "39K": 0.411, "367": 0.4003333333333333, "368": 0.4266666666666667, "366": 0.5246666666666666, "336": 0.5116666666666667, "36Q": 0.451, "36T": 0.427, "236": 0.5696666666666667, "369": 0.3973333333333333, "378": 0.41333333333333333, "377": 0.5376666666666666, "337": 0.524, "37Q": 0.43033333333333335, "37T": 0.4103333333333333, "237": 0.6026666666666667, "379": 0.3963333333333333, "388": 0.5396666666666666, "338": 0.5283333333333333, "38Q": 0.45066666666666666, "38T": 0.4046666666666667, "238": 0.5983333333333334, "389": 0.3953333333333333, "33Q": 0.546, "33T": 0.5173333333333333, "233": 0.664, "333": 0.6513333333333333, "339": 0.5086666666666667, "3QQ": 0.5396666666666666, "3QT": 0.4216666666666667, "23Q": 0.5883333333333334, "39Q": 0.409, "3TT": 0.5076666666666667, "23T": 0.597, "39T": 0.385, "239": 0.6003333333333334, "223": 0.927, "399": 0.5106666666666667,