{"2JK": 0.185, "2AK": 0.17966666666666667, "2KQ": 0.16066666666666668, "27K": 0.16766666666666666, "28K": 0.16166666666666665, "2KT": 0.16066666666666668, "29K": 0.16333333333333333, "25K": 0.3, "26K": 0.28633333333333333, "23K": 0.6363333333333333, "2KK": 0.18233333333333332, "22K": 0.149, "24K": 0.645, "AJK": 0.15766666666666668, "JKQ": 0.15066666666666667, "7JK": 0.16266666666666665, "8JK": 0.16133333333333333, "JJK": 0.178, "JKT": 0.15333333333333332, "9JK": 0.15566666666666668, "5JK": 0.30833333333333335, "6JK": 0.18366666666666667, "3JK": 0.559, "JKK": 0.18133333333333335, "4JK": 0.559, "AKQ": 0.13233333333333333, "7AK": 0.142, "8AK": 0.14633333333333334, "AKT": 0.128, "9AK": 0.13933333333333334, "5AK": 0.187, "AAK": 0.179, "6AK": 0.17233333333333334, "3AK": 0.5546666666666666, "AKK": 0.15, "4AK": 0.564, "7KQ": 0.13366666666666666, "8KQ": 0.13833333333333334, "KQT": 0.12166666666666667, "9KQ": 0.12466666666666666, "5KQ": 0.196, "KQQ": 0.169, "6KQ": 0.168, "3KQ": 0.532, "KKQ": 0.14433333333333334, "4KQ": 0.5546666666666666, "78K": 0.13533333333333333, "7KT": 0.15066666666666667, "79K": 0.14833333333333334, "57K": 0.2813333333333333, "77K": 0.183, "67K": 0.2823333333333333, "37K": 0.5403333333333333, "7KK": 0.16233333333333333, "47K": 0.565, "8KT": 0.12533333333333332, "89K": 0.12266666666666666, "58K": 0.172, "68K": 0.16433333333333333, "38K": 0.566, "8KK": 0.157, "88K": 0.15033333333333335, "48K": 0.5563333333333333, "9KT": 0.13733333333333334, "KTT": 0.15366666666666667, "5KT": 0.181, "6KT": 0.16333333333333333, "3KT": 0.5286666666666666, "KKT": 0.16866666666666666, "4KT": 0.5406666666666666, "99K": 0.16333333333333333, "59K": 0.18966666666666668, "69K": 0.15633333333333332, "39K": 0.5193333333333333, "9KK": 0.161, "49K": 0.5653333333333334, "55K": 0.20333333333333334, "56K": 0.3893333333333333, "35K": 0.567, "5KK": 0.19866666666666666, "45K": 0.566, "36K": 0.5496666666666666, "66K": 0.20566666666666666, "6KK": 0.195, "46K": 0.521, "3KK": 0.5816666666666667, "34K": 0.863, "33K": 0.921, "KKK": 0.19166666666666668, "4KK": 0.58, "44K": 0.9356666666666666, "2AJ": 0.16733333333333333, "2JQ": 0.15433333333333332, "27J": 0.145, "28J": 0.15833333333333333, "2JJ": 0.216, "2JT": 0.149, "29J": 0.15433333333333332, "25J": 0.29033333333333333, "26J": 0.282, "23J": 0.6366666666666667, "22J": 0.16766666666666666, "24J": 0.5996666666666667, "2AQ": 0.18466666666666667, "27A": 0.17633333333333334, "28A": 0.183, "2AT": 0.16866666666666666, "29A": 0.165, "25A": 0.30433333333333334, "2AA": 0.202, "26A": 0.2856666666666667, "23A": 0.6126666666666667, "22A": 0.17833333333333334, "24A": 0.6183333333333333, "27Q": 0.146, "28Q": 0.15033333333333335, "2QT": 0.15133333333333332, "29Q": 0.138, "25Q": 0.2856666666666667, "2QQ": 0.18, "26Q": 0.277, "23Q": 0.5986666666666667, "22Q": 0.182, "24Q": 0.6176666666666667, "278": 0.14033333333333334, "27T": 0.14866666666666667, "279": 0.13866666666666666, "257": 0.2776666666666667, "277": 0.17466666666666666, "267": 0.279, "237": 0.588, "227": 0.159, "247": 0.6213333333333333, "28T": 0.15633333333333332, "289": 0.142, "258": 0.299, "268": 0.2673333333333333, "238": 0.598, "288": 0.19, "228": 0.161, "248": 0.6083333333333333, "29T": 0.14533333333333334, "2TT": 0.18966666666666668, "25T": 0.28, "26T": 0.2846666666666667, "23T": 0.6013333333333334, "22T": 0.15666666666666668, "24T": 0.6173333333333333, "299": 0.219, "259": 0.2843333333333333, "269": 0.288, "239": 0.6016666666666667, "229": 0.166, "249": 0.6356666666666667, "255": 0.30666666666666664, "256": 0.9233333333333333, "235": 0.6473333333333333, "225": 0.29133333333333333, "245": 0.6366666666666667, "236": 0.6386666666666667, "266": 0.3016666666666667, "226": 0.27, "246": 0.6143333333333333, "223": 0.634, "234": 0.8356666666666667, "233": 0.947, "224": 0.6093333333333333, "222": 0.17933333333333334, "244": 0.926, "AJQ": 0.14333333333333334, "7AJ": 0.14666666666666667, "8AJ": 0.14066666666666666, "AJJ": 0.165, "AJT": 0.12233333333333334, "9AJ": 0.13866666666666666, "5AJ": 0.174, "AAJ": 0.187, "6AJ": 0.15533333333333332, "3AJ": 0.566, "4AJ": 0.569, "7JQ": 0.145, "8JQ": 0.12833333333333333, "JJQ": 0.15333333333333332, "JQT": 0.12, "9JQ": 0.124, "5JQ": 0.184, "JQQ": 0.17066666666666666, "6JQ": 0.17133333333333334, "3JQ": 0.5363333333333333, "4JQ": 0.556, "78J": 0.13366666666666666, "7JJ": 0.163, "7JT": 0.139, "79J": 0.14366666666666666, "57J": 0.28933333333333333, "77J": 0.18533333333333332, "67J": 0.281, "37J": 0.5566666666666666, "47J": 0.5553333333333333, "8JJ": 0.15866666666666668, "8JT": 0.122, "89J": 0.11866666666666667, "58J": 0.18266666666666667, "68J": 0.15966666666666668, "38J": 0.53, "88J": 0.15333333333333332, "48J": 0.5463333333333333, "JJT": 0.16133333333333333, "9JJ": 0.16, "5JJ": 0.19233333333333333, "6JJ": 0.18633333333333332, "JJJ": 0.19933333333333333, "3JJ": 0.5893333333333334, "4JJ": 0.5886666666666667, "9JT": 0.10333333333333333, "JTT": 0.15366666666666667, "5JT": 0.17833333333333334, "6JT": 0.162, "3JT": 0.498, "4JT": 0.5376666666666666, "99J": 0.16366666666666665, "59J": 0.17866666666666667, "69J": 0.172, "39J": 0.517, "49J": 0.5463333333333333, "55J": 0.196, "56J": 0.4116666666666667, "35J": 0.5506666666666666, "45J": 0.5593333333333333, "36J": 0.5666666666666667, "66J": 0.20133333333333334, "46J": 0.5306666666666666, "34J": 0.8576666666666667, "33J": 0.906, "44J": 0.933, "7AQ": 0.14433333333333334, "8AQ": 0.13333333333333333, "AQT": 0.11466666666666667, "9AQ": 0.13433333333333333, "5AQ": 0.16133333333333333, "AAQ": 0.162, "AQQ": 0.168, "6AQ": 0.166, "3AQ": 0.536, "4AQ": 0.557, "78A": 0.15266666666666667, "7AT": 0.141, "79A": 0.14166666666666666, "57A": 0.249, "7AA": 0.17533333333333334, "77A": 0.16466666666666666, "67A": 0.25433333333333336, "37A": 0.54, "47A": 0.55, "8AT": 0.13133333333333333, "89A": 0.132, "58A": 0.172, "8AA": 0.158, "68A": 0.16633333333333333, "38A": 0.5426666666666666, "88A": 0.16266666666666665, "48A": 0.5563333333333333, "9AT": 0.143, "ATT": 0.16966666666666666, "5AT": 0.16033333333333333, "AAT": 0.15433333333333332, "6AT": 0.17666666666666667, "3AT": 0.538, "4AT": 0.5666666666666667, "99A": 0.17933333333333334, "59A": 0.16233333333333333, "9AA": 0.15833333333333333, "69A": 0.164, "39A": 0.5333333333333333, "49A": 0.559, "5AA": 0.20833333333333334, "55A": 0.175, "56A": 0.4053333333333333, "35A": 0.5816666666666667, "45A": 0.5533333333333333, "6AA": 0.18433333333333332, "3AA": 0.5963333333333334, "AAA": 0.19833333333333333, "4AA": 0.5963333333333334, "36A": 0.5823333333333334, "66A": 0.184, "46A": 0.5503333333333333, "34A": 0.862, "33A": 0.9363333333333334, "44A": 0.9213333333333333, "78Q": 0.108, "7QT": 0.12233333333333334, "79Q": 0.11166666666666666, "57Q": 0.2663333333333333, "7QQ": 0.15033333333333335, "77Q": 0.158, "67Q": 0.25833333333333336, "37Q": 0.43266666666666664, "47Q": 0.5303333333333333, "8QT": 0.09866666666666667, "89Q": 0.10633333333333334, "58Q": 0.15233333333333332, "8QQ": 0.15933333333333333, "68Q": 0.15166666666666667, "38Q": 0.44, "88Q": 0.14566666666666667, "48Q": 0.5316666666666666, "9QT": 0.09733333333333333, "QTT": 0.146, "5QT": 0.16066666666666668, "QQT": 0.138, "6QT": 0.16666666666666666, "3QT": 0.42633333333333334, "4QT": 0.5296666666666666, "99Q": 0.146, "59Q": 0.16733333333333333, "9QQ": 0.15433333333333332, "69Q": 0.16233333333333333, "39Q": 0.4266666666666667, "49Q": 0.5303333333333333, "5QQ": 0.198, "55Q": 0.18633333333333332, "56Q": 0.42333333333333334, "35Q": 0.557, "45Q": 0.55, "6QQ": 0.19166666666666668, "QQQ": 0.18833333333333332, "3QQ": 0.578, "4QQ": 0.61, "36Q": 0.5503333333333333, "66Q": 0.18666666666666668, "46Q": 0.5463333333333333, "34Q": 0.8353333333333334, "33Q": 0.9126666666666666, "44Q": 0.921, "78T": 0.10166666666666667, "789": 0.08266666666666667, "578": 0.20233333333333334, "778": 0.151, "678": 0.18833333333333332, "378": 0.41733333333333333, "788": 0.15766666666666668, "478": 0.499, "79T": 0.098, "7TT": 0.151, "57T": 0.25833333333333336, "77T": 0.15566666666666668,