{"AKT": 0.6396666666666667, "AJK": 0.43433333333333335, "7AK": 0.317, "5AK": 0.33, "AKQ": 0.43166666666666664, "AAK": 0.379, "6AK": 0.31866666666666665, "8AK": 0.3443333333333333, "4AK": 0.31833333333333336, "2AK": 0.312, "3AK": 0.6126666666666667, "9AK": 0.33066666666666666, "AKK": 0.39966666666666667, "AJT": 0.6183333333333333, "ATT": 0.9173333333333333, "7AT": 0.705, "5AT": 0.7223333333333334, "AQT": 0.6396666666666667, "AAT": 0.7373333333333333, "6AT": 0.7203333333333334, "8AT": 0.6893333333333334, "4AT": 0.7183333333333334, "2AT": 0.7243333333333334, "3AT": 0.8823333333333333, "9AT": 0.6826666666666666, "7AJ": 0.3433333333333333, "5AJ": 0.4653333333333333, "AJQ": 0.43566666666666665, "AAJ": 0.42933333333333334, "6AJ": 0.3456666666666667, "8AJ": 0.48533333333333334, "4AJ": 0.3466666666666667, "2AJ": 0.339, "3AJ": 0.5836666666666667, "AJJ": 0.4083333333333333, "9AJ": 0.35633333333333334, "57A": 0.2813333333333333, "7AQ": 0.31466666666666665, "7AA": 0.354, "67A": 0.2673333333333333, "78A": 0.3, "47A": 0.286, "27A": 0.284, "37A": 0.582, "79A": 0.2946666666666667, "77A": 0.3393333333333333, "5AQ": 0.332, "55A": 0.3466666666666667, "5AA": 0.35933333333333334, "56A": 0.2796666666666667, "58A": 0.4573333333333333, "45A": 0.30233333333333334, "25A": 0.31033333333333335, "35A": 0.5853333333333334, "59A": 0.2796666666666667, "AAQ": 0.38033333333333336, "6AQ": 0.31733333333333336, "8AQ": 0.356, "4AQ": 0.30566666666666664, "2AQ": 0.30933333333333335, "AQQ": 0.41533333333333333, "3AQ": 0.62, "9AQ": 0.3263333333333333, "6AA": 0.343, "8AA": 0.38, "4AA": 0.357, "2AA": 0.349, "3AA": 0.6603333333333333, "9AA": 0.36633333333333334, "AAA": 0.43566666666666665, "68A": 0.282, "46A": 0.2693333333333333, "26A": 0.26966666666666667, "36A": 0.575, "66A": 0.35533333333333333, "69A": 0.29033333333333333, "48A": 0.276, "28A": 0.303, "38A": 0.5913333333333334, "89A": 0.32866666666666666, "88A": 0.36433333333333334, "24A": 0.272, "34A": 0.568, "44A": 0.319, "49A": 0.2853333333333333, "23A": 0.627, "29A": 0.2876666666666667, "22A": 0.3363333333333333, "39A": 0.616, "33A": 0.935, "99A": 0.3496666666666667, "JKT": 0.5943333333333334, "KTT": 0.9213333333333333, "7KT": 0.685, "5KT": 0.7066666666666667, "KQT": 0.5723333333333334, "6KT": 0.7026666666666667, "8KT": 0.685, "4KT": 0.7103333333333334, "2KT": 0.6943333333333334, "3KT": 0.8836666666666667, "9KT": 0.664, "KKT": 0.736, "7JK": 0.32766666666666666, "5JK": 0.347, "JKQ": 0.4746666666666667, "6JK": 0.32366666666666666, "8JK": 0.36866666666666664, "4JK": 0.31566666666666665, "2JK": 0.32366666666666666, "3JK": 0.5916666666666667, "JJK": 0.38533333333333336, "9JK": 0.3963333333333333, "JKK": 0.4216666666666667, "57K": 0.2733333333333333, "7KQ": 0.30466666666666664, "67K": 0.29433333333333334, "78K": 0.2906666666666667, "47K": 0.29, "27K": 0.259, "37K": 0.5903333333333334, "79K": 0.315, "77K": 0.3393333333333333, "7KK": 0.3453333333333333, "5KQ": 0.32366666666666666, "55K": 0.30033333333333334, "56K": 0.2796666666666667, "58K": 0.2866666666666667, "45K": 0.26966666666666667, "25K": 0.27166666666666667, "35K": 0.5956666666666667, "59K": 0.275, "5KK": 0.35933333333333334, "6KQ": 0.31466666666666665, "8KQ": 0.30466666666666664, "4KQ": 0.30233333333333334, "2KQ": 0.31033333333333335, "KQQ": 0.3923333333333333, "3KQ": 0.587, "9KQ": 0.377, "KKQ": 0.38233333333333336, "68K": 0.278, "46K": 0.267, "26K": 0.26666666666666666, "36K": 0.567, "66K": 0.328, "69K": 0.2876666666666667, "6KK": 0.33066666666666666, "48K": 0.27166666666666667, "28K": 0.2733333333333333, "38K": 0.6046666666666667, "89K": 0.2926666666666667, "88K": 0.342, "8KK": 0.336, "24K": 0.28, "34K": 0.545, "44K": 0.293, "49K": 0.2723333333333333, "4KK": 0.32966666666666666, "23K": 0.6306666666666667, "29K": 0.28933333333333333, "22K": 0.31833333333333336, "2KK": 0.34, "39K": 0.592, "33K": 0.9483333333333334, "3KK": 0.6356666666666667, "99K": 0.3446666666666667, "9KK": 0.36866666666666664, "KKK": 0.43366666666666664, "JTT": 0.9026666666666666, "7JT": 0.6536666666666666, "5JT": 0.6953333333333334, "JQT": 0.553, "6JT": 0.7003333333333334, "8JT": 0.6316666666666667, "4JT": 0.6813333333333333, "2JT": 0.6956666666666667, "3JT": 0.858, "JJT": 0.715, "9JT": 0.5973333333333334, "7TT": 0.917, "TTT": 1.0, "5TT": 0.937, "QTT": 0.9173333333333333, "6TT": 0.9106666666666666, "8TT": 0.913, "4TT": 0.9236666666666666, "2TT": 0.918, "3TT": 0.9806666666666667, "9TT": 0.907, "57T": 0.7396666666666667, "7QT": 0.697, "67T": 0.717, "78T": 0.644, "47T": 0.7383333333333333, "27T": 0.7616666666666667, "37T": 0.8813333333333333, "79T": 0.676, "77T": 0.7233333333333334, "5QT": 0.7083333333333334, "55T": 0.7533333333333333, "56T": 0.7453333333333333, "58T": 0.734, "45T": 0.7526666666666667, "25T": 0.7723333333333333, "35T": 0.899, "59T": 0.741, "6QT": 0.6926666666666667, "8QT": 0.656, "4QT": 0.7143333333333334, "2QT": 0.703, "QQT": 0.718, "3QT": 0.8663333333333333, "9QT": 0.6243333333333333, "68T": 0.7123333333333334, "46T": 0.7246666666666667, "26T": 0.7503333333333333, "36T": 0.863, "66T": 0.7376666666666667, "69T": 0.7263333333333334, "48T": 0.7383333333333333, "28T": 0.7453333333333333, "38T": 0.8866666666666667, "89T": 0.6426666666666667, "88T": 0.709, "24T": 0.7526666666666667, "34T": 0.8693333333333333, "44T": 0.737, "49T": 0.7363333333333333, "23T": 0.8893333333333333, "29T": 0.727, "22T": 0.744, "39T": 0.8703333333333333, "33T": 0.9856666666666667, "99T": 0.713, "57J": 0.30766666666666664, "7JQ": 0.335, "67J": 0.286, "78J": 0.361, "47J": 0.286, "27J": 0.263, "37J": 0.585, "7JJ": 0.359, "79J": 0.38133333333333336, "77J": 0.36933333333333335, "5JQ": 0.35, "55J": 0.36566666666666664, "56J": 0.30266666666666664, "58J": 0.43866666666666665, "45J": 0.29733333333333334, "25J": 0.2946666666666667, "35J": 0.5996666666666667, "5JJ": 0.3506666666666667, "59J": 0.304, "6JQ": 0.32366666666666666, "8JQ": 0.412, "4JQ": 0.339, "2JQ": 0.3456666666666667, "JQQ": 0.42233333333333334, "3JQ": 0.611, "JJQ": 0.39866666666666667, "9JQ": 0.467, "68J": 0.30466666666666664, "46J": 0.2786666666666667, "26J": 0.25366666666666665, "36J": 0.571, "66J": 0.3606666666666667, "6JJ": 0.3466666666666667, "69J": 0.309, "48J": 0.30233333333333334, "28J": 0.30633333333333335, "38J": 0.6043333333333333, "8JJ": 0.37933333333333336, "89J": 0.44533333333333336, "88J": 0.36733333333333335, "24J": 0.2653333333333333, "34J": 0.564, "44J": 0.3313333333333333, "4JJ": 0.32766666666666666, "49J": 0.298, "23J": 0.648, "2JJ": 0.339, "29J": 0.299, "22J": 0.3406666666666667, "3JJ": 0.6683333333333333, "39J": 0.615, "33J": 0.937, "JJJ": 0.4186666666666667, "9JJ": 0.38766666666666666, "99J": 0.37033333333333335, "57Q": 0.28833333333333333, "557": 0.293, "567": 0.289, "578": 0.24266666666666667, "457": 0.3006666666666667, "257": 0.245, "357": 0.5266666666666666, "579": 0.264, "577": 0.29733333333333334, "67Q": 0.275, "78Q": 0.283, "47Q": 0.27666666666666667, "27Q": 0.269, "7QQ": 0.3466666666666667, "37Q": 0.594, "79Q": 0.3006666666666667, "77Q": 0.33566666666666667, "678": 0.31033333333333335, "467": 0.2896666666666667, "267": 0.229, "367": 0.5176666666666667, "667": 0.2966666666666667, "679": 0.343, "677": 0.29433333333333334, "478": 0.24566666666666667, "278": 0.23766666666666666, "378": 0.571, "789": 0.42866666666666664, "788": 0.31566666666666665, "778": 0.32766666666666666, "247": 0.234, "347": 0.531, "447": 0.298, "479": 0.2823333333333333, "477": 0.288, "237": 0.6243333333333333, "279": 0.274, "227": 0.2856666666666667, "277": 0.29233333333333333, "379": 0.591, "337": 0.9406666666666667, "377": 0.6496666666666666, "799": 0.31133333333333335, "779": 0.325, "777": 0.377, "55Q": 0.333, "56Q": 0.2683333333333333, "58Q": 0.29333333333333333, "45Q": 0.28, "25Q": 0.2866666666666667, "5QQ": 0.382, "35Q": 0.5746666666666667, "59Q": 0.278, "556": 0.28, "558": 0.28833333333333333, "555": 0.36333333333333334, "455": 0.28933333333333333, "255": 0.30833333333333335, "355": 0.616, "559": 0.2896666666666667, "568": 0.24033333333333334, "456": 0.38666666666666666,