{"JJK": 0.8, "9JK": 0.774, "6JK": 0.827, "7JK": 0.7743333333333333, "JKQ": 0.7073333333333334, "JKT": 0.7296666666666667, "AJK": 0.7313333333333333, "5JK": 0.8186666666666667, "2JK": 0.806, "8JK": 0.8083333333333333, "3JK": 0.885, "JKK": 0.9086666666666666, "4JK": 0.798, "9JJ": 0.4723333333333333, "6JJ": 0.47633333333333333, "7JJ": 0.43833333333333335, "JJQ": 0.468, "JJT": 0.49533333333333335, "AJJ": 0.5546666666666666, "5JJ": 0.466, "2JJ": 0.49233333333333335, "JJJ": 0.5686666666666667, "8JJ": 0.4693333333333333, "3JJ": 0.6716666666666666, "4JJ": 0.4533333333333333, "69J": 0.3893333333333333, "79J": 0.341, "99J": 0.45766666666666667, "9JQ": 0.4513333333333333, "9JT": 0.43733333333333335, "9AJ": 0.4513333333333333, "59J": 0.378, "29J": 0.409, "89J": 0.3403333333333333, "39J": 0.6033333333333334, "49J": 0.36233333333333334, "67J": 0.3546666666666667, "6JQ": 0.405, "6JT": 0.413, "6AJ": 0.45766666666666667, "56J": 0.3923333333333333, "26J": 0.4046666666666667, "68J": 0.377, "66J": 0.486, "36J": 0.597, "46J": 0.37, "7JQ": 0.371, "7JT": 0.35, "7AJ": 0.4246666666666667, "57J": 0.357, "27J": 0.37266666666666665, "78J": 0.3303333333333333, "37J": 0.5743333333333334, "77J": 0.4603333333333333, "47J": 0.3323333333333333, "JQT": 0.5143333333333333, "AJQ": 0.5043333333333333, "5JQ": 0.38266666666666665, "2JQ": 0.393, "JQQ": 0.4846666666666667, "8JQ": 0.385, "3JQ": 0.5896666666666667, "4JQ": 0.377, "AJT": 0.472, "JTT": 0.475, "5JT": 0.37766666666666665, "2JT": 0.403, "8JT": 0.362, "3JT": 0.6046666666666667, "4JT": 0.36533333333333334, "5AJ": 0.44366666666666665, "2AJ": 0.4563333333333333, "AAJ": 0.552, "8AJ": 0.425, "3AJ": 0.6166666666666667, "4AJ": 0.44133333333333336, "55J": 0.45666666666666667, "25J": 0.398, "58J": 0.36233333333333334, "35J": 0.6016666666666667, "45J": 0.36833333333333335, "28J": 0.37866666666666665, "22J": 0.44533333333333336, "23J": 0.655, "24J": 0.38466666666666666, "38J": 0.5986666666666667, "88J": 0.43766666666666665, "48J": 0.354, "33J": 0.9346666666666666, "34J": 0.5663333333333334, "44J": 0.4493333333333333, "69K": 0.8006666666666666, "79K": 0.7973333333333333, "99K": 0.8093333333333333, "9KQ": 0.7546666666666667, "9KT": 0.7563333333333333, "9AK": 0.7703333333333333, "59K": 0.8113333333333334, "29K": 0.8143333333333334, "89K": 0.8086666666666666, "39K": 0.902, "9KK": 0.9393333333333334, "49K": 0.8336666666666667, "67K": 0.794, "6KQ": 0.7933333333333333, "6KT": 0.8156666666666667, "6AK": 0.779, "56K": 0.804, "26K": 0.824, "68K": 0.818, "66K": 0.7803333333333333, "36K": 0.884, "6KK": 0.943, "46K": 0.8253333333333334, "7KQ": 0.798, "7KT": 0.8023333333333333, "7AK": 0.7633333333333333, "57K": 0.8043333333333333, "27K": 0.8293333333333334, "78K": 0.8033333333333333, "37K": 0.883, "77K": 0.7883333333333333, "7KK": 0.916, "47K": 0.7993333333333333, "KQT": 0.7143333333333334, "AKQ": 0.7223333333333334, "5KQ": 0.7973333333333333, "2KQ": 0.7913333333333333, "KQQ": 0.7703333333333333, "8KQ": 0.7976666666666666, "3KQ": 0.8016666666666666, "KKQ": 0.905, "4KQ": 0.781, "AKT": 0.7376666666666667, "KTT": 0.7966666666666666, "5KT": 0.8203333333333334, "2KT": 0.8133333333333334, "8KT": 0.797, "3KT": 0.88, "KKT": 0.926, "4KT": 0.82, "5AK": 0.7753333333333333, "2AK": 0.7826666666666666, "AAK": 0.8223333333333334, "8AK": 0.7763333333333333, "3AK": 0.876, "AKK": 0.9346666666666666, "4AK": 0.7656666666666667, "55K": 0.8143333333333334, "25K": 0.831, "58K": 0.8, "35K": 0.8886666666666667, "5KK": 0.949, "45K": 0.813, "28K": 0.8286666666666667, "22K": 0.7926666666666666, "23K": 0.911, "2KK": 0.9516666666666667, "24K": 0.8396666666666667, "38K": 0.9026666666666666, "8KK": 0.9543333333333334, "88K": 0.813, "48K": 0.839, "33K": 0.9823333333333333, "3KK": 0.9893333333333333, "34K": 0.8846666666666667, "4KK": 0.9253333333333333, "KKK": 1.0, "44K": 0.7843333333333333, "679": 0.3383333333333333, "699": 0.459, "69Q": 0.4013333333333333, "69T": 0.5313333333333333, "69A": 0.4603333333333333, "569": 0.37533333333333335, "269": 0.513, "689": 0.489, "669": 0.46366666666666667, "369": 0.5893333333333334, "469": 0.39166666666666666, "799": 0.43066666666666664, "79Q": 0.38766666666666666, "79T": 0.35, "79A": 0.424, "579": 0.3443333333333333, "279": 0.3883333333333333, "789": 0.35233333333333333, "379": 0.5823333333333334, "779": 0.44633333333333336, "479": 0.3626666666666667, "99Q": 0.477, "99T": 0.4553333333333333, "99A": 0.5473333333333333, "599": 0.4573333333333333, "299": 0.48433333333333334, "899": 0.4593333333333333, "399": 0.686, "499": 0.4583333333333333, "999": 0.551, "9QT": 0.453, "9AQ": 0.438, "59Q": 0.38533333333333336, "29Q": 0.40066666666666667, "9QQ": 0.47633333333333333, "89Q": 0.39066666666666666, "39Q": 0.5776666666666667, "49Q": 0.40066666666666667, "9AT": 0.43533333333333335, "9TT": 0.4713333333333333, "59T": 0.3883333333333333, "29T": 0.515, "89T": 0.483, "39T": 0.586, "49T": 0.3883333333333333, "59A": 0.46166666666666667, "29A": 0.444, "9AA": 0.5546666666666666, "89A": 0.43666666666666665, "39A": 0.6073333333333333, "49A": 0.449, "559": 0.46366666666666667, "259": 0.413, "589": 0.36133333333333334, "359": 0.5976666666666667, "459": 0.39666666666666667, "289": 0.53, "229": 0.4646666666666667, "239": 0.6623333333333333, "249": 0.4093333333333333, "389": 0.5883333333333334, "889": 0.45666666666666667, "489": 0.38166666666666665, "339": 0.951, "349": 0.5866666666666667, "449": 0.45, "67Q": 0.3616666666666667, "67T": 0.36866666666666664, "67A": 0.42933333333333334, "567": 0.416, "267": 0.3963333333333333, "678": 0.3323333333333333, "667": 0.439, "367": 0.5563333333333333, "677": 0.4603333333333333, "467": 0.3993333333333333, "6QT": 0.3933333333333333, "6AQ": 0.44633333333333336, "56Q": 0.396, "26Q": 0.414, "6QQ": 0.48, "68Q": 0.37266666666666665, "66Q": 0.4563333333333333, "36Q": 0.587, "46Q": 0.399, "6AT": 0.4593333333333333, "6TT": 0.46166666666666667, "56T": 0.4003333333333333, "26T": 0.5486666666666666, "68T": 0.498, "66T": 0.47833333333333333, "36T": 0.6006666666666667, "46T": 0.41133333333333333, "56A": 0.4563333333333333, "26A": 0.4703333333333333, "6AA": 0.569, "68A": 0.44633333333333336, "66A": 0.526, "36A": 0.595, "46A": 0.44866666666666666, "556": 0.481, "256": 0.4776666666666667, "568": 0.36133333333333334, "566": 0.47, "356": 0.5403333333333333, "456": 0.49066666666666664, "268": 0.49266666666666664, "266": 0.48966666666666664, "226": 0.466, "236": 0.6256666666666667, "246": 0.475, "668": 0.45266666666666666, "368": 0.5913333333333334, "688": 0.4653333333333333, "468": 0.366, "366": 0.6333333333333333, "466": 0.48, "666": 0.5566666666666666, "336": 0.934, "346": 0.531, "446": 0.46266666666666667, "7QT": 0.382, "7AQ": 0.43066666666666664, "57Q": 0.39166666666666666, "27Q": 0.38266666666666665, "7QQ": 0.49333333333333335, "78Q": 0.369, "37Q": 0.5923333333333334, "77Q": 0.4603333333333333, "47Q": 0.3626666666666667, "7AT": 0.44233333333333336, "7TT": 0.4543333333333333, "57T": 0.386, "27T": 0.39466666666666667, "78T": 0.354, "37T": 0.5866666666666667, "77T": 0.448, "47T": 0.3576666666666667, "57A": 0.453, "27A": 0.43133333333333335, "7AA": 0.5523333333333333, "78A": 0.4136666666666667, "37A": 0.6053333333333333, "77A": 0.518, "47A": 0.43533333333333335, "557": 0.43533333333333335, "257": 0.38866666666666666, "578": 0.3436666666666667, "357": 0.5746666666666667, "577": 0.462, "457": 0.4026666666666667, "278": 0.372, "227": 0.44266666666666665, "237": 0.662, "277": 0.4706666666666667, "247": 0.36566666666666664, "378": 0.5846666666666667, "778": 0.434, "788": 0.4093333333333333, "478": 0.345, "377": 0.6446666666666667, "337": 0.9193333333333333, "347": 0.553, "477": 0.4493333333333333, "777": 0.5556666666666666, "447": 0.43666666666666665, "AQT": 0.49866666666666665, "QTT": 0.47, "5QT": 0.38166666666666665, "2QT": 0.4066666666666667, "QQT": 0.4786666666666667, "8QT": 0.3943333333333333, "3QT": 0.5886666666666667, "4QT": 0.402, "5AQ": 0.4846666666666667, "2AQ": 0.4686666666666667, "AAQ": 0.5516666666666666, "AQQ": 0.548, "8AQ": 0.43033333333333335,