{"8AK": 0.2773333333333333, "AJK": 0.23633333333333334, "9AK": 0.2633333333333333, "5AK": 0.26366666666666666, "AKQ": 0.236, "7AK": 0.608, "3AK": 0.24633333333333332, "4AK": 0.24166666666666667, "AKT": 0.25133333333333335, "6AK": 0.617, "2AK": 0.21466666666666667, "AKK": 0.24966666666666668, "AAK": 0.271, "8AJ": 0.30933333333333335, "89A": 0.4716666666666667, "58A": 0.4696666666666667, "8AQ": 0.2703333333333333, "78A": 0.614, "38A": 0.2733333333333333, "48A": 0.35933333333333334, "88A": 0.30533333333333335, "8AT": 0.36533333333333334, "68A": 0.6336666666666667, "28A": 0.2693333333333333, "8AA": 0.2926666666666667, "9AJ": 0.27266666666666667, "5AJ": 0.26, "AJQ": 0.233, "7AJ": 0.613, "3AJ": 0.268, "4AJ": 0.238, "AJT": 0.246, "6AJ": 0.625, "2AJ": 0.227, "AJJ": 0.23633333333333334, "AAJ": 0.26966666666666667, "99A": 0.2826666666666667, "59A": 0.369, "9AQ": 0.259, "79A": 0.6063333333333333, "39A": 0.25933333333333336, "49A": 0.26, "9AT": 0.37766666666666665, "69A": 0.631, "29A": 0.25566666666666665, "9AA": 0.2956666666666667, "5AQ": 0.24866666666666667, "57A": 0.6673333333333333, "55A": 0.2613333333333333, "35A": 0.3456666666666667, "45A": 0.44166666666666665, "5AT": 0.272, "56A": 0.6496666666666666, "25A": 0.24433333333333335, "5AA": 0.301, "AQQ": 0.24466666666666667, "7AQ": 0.503, "3AQ": 0.22533333333333333, "4AQ": 0.2, "AQT": 0.23866666666666667, "6AQ": 0.5993333333333334, "2AQ": 0.22033333333333333, "AAQ": 0.268, "37A": 0.661, "47A": 0.57, "7AT": 0.5953333333333334, "67A": 0.841, "27A": 0.6726666666666666, "77A": 0.9206666666666666, "7AA": 0.6773333333333333, "34A": 0.334, "3AT": 0.25233333333333335, "36A": 0.666, "23A": 0.21966666666666668, "3AA": 0.264, "33A": 0.24733333333333332, "44A": 0.251, "4AT": 0.25866666666666666, "46A": 0.6516666666666666, "24A": 0.214, "4AA": 0.27266666666666667, "6AT": 0.6456666666666667, "2AT": 0.262, "ATT": 0.2806666666666667, "AAT": 0.29133333333333333, "26A": 0.6653333333333333, "66A": 0.9513333333333334, "6AA": 0.6803333333333333, "22A": 0.21566666666666667, "2AA": 0.26566666666666666, "AAA": 0.313, "8JK": 0.29033333333333333, "89K": 0.4716666666666667, "58K": 0.475, "8KQ": 0.2946666666666667, "78K": 0.6416666666666667, "38K": 0.2906666666666667, "48K": 0.377, "88K": 0.2976666666666667, "8KT": 0.38033333333333336, "68K": 0.6033333333333334, "28K": 0.255, "8KK": 0.30266666666666664, "9JK": 0.24733333333333332, "5JK": 0.246, "JKQ": 0.22933333333333333, "7JK": 0.6093333333333333, "3JK": 0.263, "4JK": 0.26033333333333336, "JKT": 0.231, "6JK": 0.5966666666666667, "2JK": 0.218, "JKK": 0.2623333333333333, "JJK": 0.25666666666666665, "99K": 0.28, "59K": 0.3433333333333333, "9KQ": 0.267, "79K": 0.6266666666666667, "39K": 0.25966666666666666, "49K": 0.24766666666666667, "9KT": 0.36833333333333335, "69K": 0.603, "29K": 0.263, "9KK": 0.2976666666666667, "5KQ": 0.25233333333333335, "57K": 0.6596666666666666, "55K": 0.27466666666666667, "35K": 0.3333333333333333, "45K": 0.456, "5KT": 0.252, "56K": 0.5343333333333333, "25K": 0.24, "5KK": 0.293, "KQQ": 0.2643333333333333, "7KQ": 0.591, "3KQ": 0.24166666666666667, "4KQ": 0.24033333333333334, "KQT": 0.247, "6KQ": 0.6, "2KQ": 0.21533333333333332, "KKQ": 0.267, "37K": 0.6763333333333333, "47K": 0.655, "7KT": 0.6083333333333333, "67K": 0.836, "27K": 0.6773333333333333, "77K": 0.9226666666666666, "7KK": 0.6823333333333333, "34K": 0.35233333333333333, "3KT": 0.24666666666666667, "36K": 0.655, "23K": 0.20666666666666667, "3KK": 0.2823333333333333, "33K": 0.25633333333333336, "44K": 0.24233333333333335, "4KT": 0.258, "46K": 0.6486666666666666, "24K": 0.231, "4KK": 0.2783333333333333, "6KT": 0.6, "2KT": 0.256, "KKT": 0.272, "KTT": 0.2783333333333333, "26K": 0.654, "66K": 0.921, "6KK": 0.667, "2KK": 0.25933333333333336, "22K": 0.23366666666666666, "KKK": 0.311, "89J": 0.4126666666666667, "58J": 0.453, "8JQ": 0.276, "78J": 0.6003333333333334, "38J": 0.4063333333333333, "48J": 0.379, "88J": 0.311, "8JT": 0.33766666666666667, "68J": 0.6223333333333333, "28J": 0.279, "8JJ": 0.30833333333333335, "899": 0.47833333333333333, "589": 0.925, "89Q": 0.42633333333333334, "789": 0.6263333333333333, "389": 0.46366666666666667, "489": 0.477, "889": 0.47933333333333333, "89T": 0.8323333333333334, "689": 0.6713333333333333, "289": 0.4663333333333333, "58Q": 0.44533333333333336, "578": 0.7033333333333334, "558": 0.45766666666666667, "358": 0.4633333333333333, "458": 0.945, "588": 0.49766666666666665, "58T": 0.4693333333333333, "568": 0.69, "258": 0.4663333333333333, "8QQ": 0.30266666666666664, "78Q": 0.5993333333333334, "38Q": 0.2813333333333333, "48Q": 0.3576666666666667, "88Q": 0.314, "8QT": 0.323, "68Q": 0.6213333333333333, "28Q": 0.233, "378": 0.6846666666666666, "478": 0.676, "788": 0.6696666666666666, "78T": 0.601, "678": 0.7363333333333333, "278": 0.6763333333333333, "778": 0.925, "348": 0.38066666666666665, "388": 0.322, "38T": 0.361, "368": 0.6676666666666666, "238": 0.26266666666666666, "338": 0.287, "448": 0.359, "488": 0.38266666666666665, "48T": 0.455, "468": 0.7056666666666667, "248": 0.359, "88T": 0.396, "888": 0.31666666666666665, "688": 0.6806666666666666, "288": 0.30866666666666664, "68T": 0.6573333333333333, "28T": 0.36833333333333335, "8TT": 0.395, "268": 0.6763333333333333, "668": 0.9403333333333334, "228": 0.257, "99J": 0.30633333333333335, "59J": 0.347, "9JQ": 0.22933333333333333, "79J": 0.585, "39J": 0.2723333333333333, "49J": 0.253, "9JT": 0.31333333333333335, "69J": 0.624, "29J": 0.26033333333333336, "9JJ": 0.29333333333333333, "5JQ": 0.25633333333333336, "57J": 0.6736666666666666, "55J": 0.253, "35J": 0.359, "45J": 0.4613333333333333, "5JT": 0.254, "56J": 0.6446666666666667, "25J": 0.23866666666666667, "5JJ": 0.2936666666666667, "JQQ": 0.274, "7JQ": 0.6023333333333334, "3JQ": 0.254, "4JQ": 0.23633333333333334, "JQT": 0.231, "6JQ": 0.6296666666666667, "2JQ": 0.214, "JJQ": 0.2663333333333333, "37J": 0.6943333333333334, "47J": 0.6506666666666666, "7JT": 0.562, "67J": 0.8593333333333333, "27J": 0.6663333333333333, "77J": 0.9343333333333333, "7JJ": 0.6666666666666666, "34J": 0.37666666666666665, "3JT": 0.271, "36J": 0.666, "23J": 0.25133333333333335, "3JJ": 0.2786666666666667, "33J": 0.25433333333333336, "44J": 0.269, "4JT": 0.266, "46J": 0.6693333333333333, "24J": 0.22166666666666668, "4JJ": 0.2776666666666667, "6JT": 0.613, "2JT": 0.25166666666666665, "JJT": 0.27566666666666667, "JTT": 0.2896666666666667, "26J": 0.683, "66J": 0.936, "6JJ": 0.6846666666666666, "2JJ": 0.261, "22J": 0.22433333333333333, "JJJ": 0.30466666666666664, "599": 0.37966666666666665, "99Q": 0.294, "799": 0.6756666666666666, "399": 0.306, "499": 0.296, "99T": 0.37666666666666665, "699": 0.69, "299": 0.30366666666666664, "999": 0.319, "59Q": 0.36833333333333335, "579": 0.6866666666666666, "559": 0.37433333333333335, "359": 0.4553333333333333, "459": 0.456, "59T": 0.354, "569": 0.6826666666666666, "259": 0.353, "9QQ": 0.304, "79Q": 0.5983333333333334, "39Q": 0.25966666666666666, "49Q": 0.24866666666666667, "9QT": 0.33166666666666667, "69Q": 0.6083333333333333, "29Q": 0.2723333333333333, "379": 0.6803333333333333, "479": 0.6446666666666667, "79T": 0.588, "679": 0.774, "279": 0.6723333333333333, "779": 0.923, "349": 0.342, "39T": 0.359, "369": 0.7, "239": 0.277, "339": 0.27466666666666667, "449": 0.283, "49T": 0.3606666666666667, "469": 0.682, "249": 0.2673333333333333, "69T": 0.6353333333333333, "29T": 0.4583333333333333, "9TT": 0.37366666666666665, "269": 0.665, "669": 0.9296666666666666, "229": 0.26366666666666666, "5QQ": 0.3, "57Q": 0.6596666666666666, "55Q": 0.263, "35Q": 0.3516666666666667, "45Q": 0.443, "5QT": 0.25933333333333336, "56Q": 0.6383333333333333, "25Q": 0.247, "557": 0.6753333333333333, "357": 0.735, "457": 0.7183333333333334, "57T": 0.6586666666666666, "567": 0.733, "257": 0.742, "577": 0.925, "355": 0.35333333333333333, "455": 0.4503333333333333, "55T": 0.27466666666666667, "555": 0.28, "556": 0.6733333333333333, "255": 0.24933333333333332, "345": 0.953, "35T": 0.356, "356": 0.69,