{"3JK": 0.424, "JJK": 0.5003333333333333, "JKQ": 0.692, "JKK": 0.49966666666666665, "JKT": 0.5333333333333333, "4JK": 0.4216666666666667, "5JK": 0.662, "2JK": 0.398, "6JK": 0.411, "9JK": 0.441, "7JK": 0.392, "8JK": 0.40166666666666667, "AJK": 0.5006666666666667, "3KQ": 0.752, "3KK": 0.519, "3KT": 0.5653333333333334, "34K": 0.55, "33K": 0.474, "35K": 0.681, "23K": 0.42533333333333334, "36K": 0.44, "39K": 0.42, "37K": 0.42833333333333334, "38K": 0.415, "3AK": 0.4676666666666667, "KKQ": 0.804, "KQT": 0.6786666666666666, "4KQ": 0.7566666666666667, "5KQ": 0.897, "2KQ": 0.764, "6KQ": 0.7303333333333333, "9KQ": 0.7176666666666667, "7KQ": 0.722, "8KQ": 0.754, "KQQ": 0.927, "AKQ": 0.6916666666666667, "KKT": 0.5196666666666667, "4KK": 0.49633333333333335, "5KK": 0.7263333333333334, "2KK": 0.49866666666666665, "6KK": 0.493, "9KK": 0.503, "7KK": 0.49933333333333335, "8KK": 0.5083333333333333, "KKK": 0.5873333333333334, "AKK": 0.561, "4KT": 0.546, "5KT": 0.657, "2KT": 0.43766666666666665, "6KT": 0.4166666666666667, "9KT": 0.44966666666666666, "7KT": 0.4073333333333333, "8KT": 0.40166666666666667, "KTT": 0.49166666666666664, "AKT": 0.5396666666666666, "44K": 0.48633333333333334, "45K": 0.6673333333333333, "24K": 0.43133333333333335, "46K": 0.43166666666666664, "49K": 0.42633333333333334, "47K": 0.42533333333333334, "48K": 0.419, "4AK": 0.4766666666666667, "25K": 0.6866666666666666, "56K": 0.6066666666666667, "59K": 0.628, "57K": 0.6176666666666667, "58K": 0.6333333333333333, "55K": 0.9586666666666667, "5AK": 0.6606666666666666, "26K": 0.403, "29K": 0.39166666666666666, "27K": 0.37033333333333335, "22K": 0.47333333333333333, "28K": 0.38133333333333336, "2AK": 0.4523333333333333, "66K": 0.467, "69K": 0.393, "67K": 0.385, "68K": 0.39366666666666666, "6AK": 0.462, "79K": 0.383, "89K": 0.38433333333333336, "99K": 0.49766666666666665, "9AK": 0.43866666666666665, "77K": 0.4866666666666667, "78K": 0.38866666666666666, "7AK": 0.45, "88K": 0.487, "8AK": 0.4523333333333333, "AAK": 0.5666666666666667, "3JJ": 0.435, "3JQ": 0.799, "3JT": 0.3863333333333333, "34J": 0.38366666666666666, "33J": 0.38666666666666666, "35J": 0.6706666666666666, "23J": 0.351, "36J": 0.3383333333333333, "39J": 0.358, "37J": 0.3473333333333333, "38J": 0.3486666666666667, "3AJ": 0.389, "JJQ": 0.7526666666666667, "JJT": 0.435, "4JJ": 0.43466666666666665, "5JJ": 0.726, "2JJ": 0.421, "6JJ": 0.392, "9JJ": 0.4103333333333333, "7JJ": 0.392, "8JJ": 0.4103333333333333, "JJJ": 0.5003333333333333, "AJJ": 0.469, "JQT": 0.697, "4JQ": 0.7816666666666666, "5JQ": 0.9076666666666666, "2JQ": 0.7616666666666667, "6JQ": 0.777, "9JQ": 0.7053333333333334, "7JQ": 0.771, "8JQ": 0.7313333333333333, "JQQ": 0.904, "AJQ": 0.71, "4JT": 0.38233333333333336, "5JT": 0.6323333333333333, "2JT": 0.3516666666666667, "6JT": 0.371, "9JT": 0.4646666666666667, "7JT": 0.349, "8JT": 0.4093333333333333, "JTT": 0.42766666666666664, "AJT": 0.456, "44J": 0.39866666666666667, "45J": 0.68, "24J": 0.3403333333333333, "46J": 0.368, "49J": 0.3556666666666667, "47J": 0.3596666666666667, "48J": 0.3473333333333333, "4AJ": 0.398, "25J": 0.6713333333333333, "56J": 0.614, "59J": 0.6016666666666667, "57J": 0.6113333333333333, "58J": 0.6073333333333333, "55J": 0.9483333333333334, "5AJ": 0.6136666666666667, "26J": 0.3556666666666667, "29J": 0.311, "27J": 0.32866666666666666, "22J": 0.3873333333333333, "28J": 0.319, "2AJ": 0.3626666666666667, "66J": 0.43633333333333335, "69J": 0.33566666666666667, "67J": 0.35133333333333333, "68J": 0.33666666666666667, "6AJ": 0.36566666666666664, "79J": 0.3476666666666667, "89J": 0.378, "99J": 0.412, "9AJ": 0.343, "77J": 0.4066666666666667, "78J": 0.31866666666666665, "7AJ": 0.381, "88J": 0.4236666666666667, "8AJ": 0.364, "AAJ": 0.485, "3QT": 0.7966666666666666, "34Q": 0.819, "33Q": 0.7983333333333333, "35Q": 0.922, "23Q": 0.7993333333333333, "36Q": 0.7986666666666666, "39Q": 0.8043333333333333, "37Q": 0.7973333333333333, "38Q": 0.8236666666666667, "3QQ": 0.9533333333333334, "3AQ": 0.773, "34T": 0.529, "33T": 0.43633333333333335, "35T": 0.6743333333333333, "23T": 0.37433333333333335, "36T": 0.38333333333333336, "39T": 0.364, "37T": 0.3556666666666667, "38T": 0.359, "3TT": 0.4533333333333333, "3AT": 0.42733333333333334, "344": 0.4583333333333333, "334": 0.43033333333333335, "345": 0.6623333333333333, "234": 0.4543333333333333, "346": 0.511, "349": 0.37966666666666665, "347": 0.45366666666666666, "348": 0.39166666666666666, "34A": 0.43, "335": 0.69, "233": 0.396, "336": 0.43, "339": 0.384, "337": 0.40166666666666667, "338": 0.399, "333": 0.5076666666666667, "33A": 0.453, "235": 0.6916666666666667, "356": 0.5753333333333334, "359": 0.664, "357": 0.6426666666666667, "358": 0.67, "355": 0.9533333333333334, "35A": 0.6756666666666666, "236": 0.441, "239": 0.3393333333333333, "237": 0.357, "223": 0.41533333333333333, "238": 0.36033333333333334, "23A": 0.38666666666666666, "366": 0.4256666666666667, "369": 0.354, "367": 0.424, "368": 0.36, "36A": 0.42, "379": 0.36433333333333334, "389": 0.3466666666666667, "399": 0.434, "39A": 0.39066666666666666, "377": 0.428, "378": 0.366, "37A": 0.4056666666666667, "388": 0.417, "38A": 0.4, "3AA": 0.5063333333333333, "4QT": 0.8046666666666666, "5QT": 0.8933333333333333, "2QT": 0.8046666666666666, "6QT": 0.7626666666666667, "9QT": 0.7043333333333334, "7QT": 0.773, "8QT": 0.7523333333333333, "QTT": 0.7663333333333333, "QQT": 0.9176666666666666, "AQT": 0.7053333333333334, "44Q": 0.8123333333333334, "45Q": 0.9096666666666666, "24Q": 0.828, "46Q": 0.786, "49Q": 0.801, "47Q": 0.7946666666666666, "48Q": 0.798, "4QQ": 0.9526666666666667, "4AQ": 0.768, "25Q": 0.922, "56Q": 0.8596666666666667, "59Q": 0.9066666666666666, "57Q": 0.881, "58Q": 0.892, "5QQ": 0.9936666666666667, "55Q": 0.988, "5AQ": 0.9016666666666666, "26Q": 0.7793333333333333, "29Q": 0.7863333333333333, "27Q": 0.804, "22Q": 0.802, "28Q": 0.785, "2QQ": 0.9293333333333333, "2AQ": 0.7543333333333333, "66Q": 0.7793333333333333, "69Q": 0.7623333333333333, "67Q": 0.6786666666666666, "68Q": 0.761, "6QQ": 0.9236666666666666, "6AQ": 0.733, "79Q": 0.756, "89Q": 0.7426666666666667, "99Q": 0.768, "9QQ": 0.9193333333333333, "9AQ": 0.7506666666666667, "77Q": 0.7803333333333333, "78Q": 0.7723333333333333, "7QQ": 0.9293333333333333, "7AQ": 0.7526666666666667, "88Q": 0.7896666666666666, "8QQ": 0.9186666666666666, "8AQ": 0.7413333333333333, "AQQ": 0.9216666666666666, "QQQ": 1.0, "AAQ": 0.782, "44T": 0.4196666666666667, "45T": 0.6726666666666666, "24T": 0.38066666666666665, "46T": 0.397, "49T": 0.38, "47T": 0.36766666666666664, "48T": 0.3496666666666667, "4TT": 0.44633333333333336, "4AT": 0.41, "25T": 0.7006666666666667, "56T": 0.603, "59T": 0.6156666666666667, "57T": 0.6033333333333334, "58T": 0.6303333333333333, "5TT": 0.7106666666666667, "55T": 0.9533333333333334, "5AT": 0.6303333333333333, "26T": 0.3496666666666667, "29T": 0.3496666666666667, "27T": 0.32866666666666666, "22T": 0.4083333333333333, "28T": 0.3233333333333333, "2TT": 0.4103333333333333, "2AT": 0.37833333333333335, "66T": 0.423, "69T": 0.3333333333333333, "67T": 0.321, "68T": 0.339, "6TT": 0.411, "6AT": 0.4196666666666667, "79T": 0.31266666666666665, "89T": 0.38766666666666666, "99T": 0.416, "9TT": 0.413, "9AT": 0.38233333333333336, "77T": 0.4046666666666667, "78T": 0.31466666666666665, "7TT": 0.4096666666666667, "7AT": 0.38466666666666666, "88T": 0.4116666666666667, "8TT": 0.421, "8AT": 0.36633333333333334, "TTT": 0.505, "ATT": 0.471, "AAT": 0.48133333333333334, "445": 0.688, "244": 0.39566666666666667, "446": 0.43233333333333335, "449": 0.38966666666666666, "447": 0.41533333333333333, "448": 0.38966666666666666, "444": 0.5186666666666667, "44A": 0.4613333333333333, "245": 0.6896666666666667, "456": 0.5703333333333334, "459": 0.655, "457": 0.6123333333333333, "458": 0.621, "455": 0.943, "45A": 0.6643333333333333, "246": 0.453, "249": 0.351, "247": 0.36966666666666664, "224": 0.419, "248": 0.3546666666666667, "24A": 0.38166666666666665, "466": 0.43933333333333335, "469": 0.37133333333333335,