{"JKT": 0.5306666666666666, "8KT": 0.45666666666666667, "9KT": 0.456, "AKT": 0.8223333333333334, "7KT": 0.49266666666666664, "3KT": 0.4696666666666667, "5KT": 0.503, "2KT": 0.4746666666666667, "KTT": 0.583, "4KT": 0.47533333333333333, "6KT": 0.63, "KQT": 0.5383333333333333, "KKT": 0.5783333333333334, "8JK": 0.4483333333333333, "9JK": 0.4623333333333333, "AJK": 0.8273333333333334, "7JK": 0.498, "3JK": 0.4703333333333333, "5JK": 0.48933333333333334, "2JK": 0.5136666666666667, "4JK": 0.48966666666666664, "6JK": 0.6376666666666667, "JKQ": 0.5216666666666666, "JJK": 0.552, "JKK": 0.5866666666666667, "89K": 0.456, "8AK": 0.8386666666666667, "78K": 0.4713333333333333, "38K": 0.4126666666666667, "58K": 0.48966666666666664, "28K": 0.476, "88K": 0.5543333333333333, "48K": 0.484, "68K": 0.5503333333333333, "8KQ": 0.459, "8KK": 0.5583333333333333, "9AK": 0.8623333333333333, "79K": 0.49766666666666665, "99K": 0.5696666666666667, "39K": 0.4746666666666667, "59K": 0.49066666666666664, "29K": 0.49433333333333335, "49K": 0.47433333333333333, "69K": 0.614, "9KQ": 0.458, "9KK": 0.549, "7AK": 0.8626666666666667, "3AK": 0.838, "5AK": 0.8513333333333334, "2AK": 0.8633333333333333, "4AK": 0.8303333333333334, "6AK": 0.911, "AKQ": 0.8333333333333334, "AAK": 0.926, "AKK": 0.8506666666666667, "37K": 0.483, "57K": 0.5106666666666667, "27K": 0.49333333333333335, "47K": 0.48033333333333333, "77K": 0.546, "67K": 0.634, "7KQ": 0.497, "7KK": 0.5646666666666667, "35K": 0.4693333333333333, "23K": 0.47433333333333333, "34K": 0.477, "36K": 0.611, "3KQ": 0.4786666666666667, "33K": 0.5303333333333333, "3KK": 0.548, "25K": 0.507, "45K": 0.49233333333333335, "56K": 0.6713333333333333, "5KQ": 0.49033333333333334, "55K": 0.5806666666666667, "5KK": 0.5786666666666667, "24K": 0.49166666666666664, "26K": 0.659, "2KQ": 0.4633333333333333, "22K": 0.5646666666666667, "2KK": 0.579, "44K": 0.544, "46K": 0.6736666666666666, "4KQ": 0.5016666666666667, "4KK": 0.588, "6KQ": 0.649, "6KK": 0.731, "66K": 0.9363333333333334, "KKQ": 0.5956666666666667, "KQQ": 0.583, "KKK": 0.6816666666666666, "8JT": 0.42133333333333334, "9JT": 0.42733333333333334, "AJT": 0.796, "7JT": 0.46366666666666667, "3JT": 0.48933333333333334, "5JT": 0.4683333333333333, "2JT": 0.475, "JTT": 0.5803333333333334, "4JT": 0.46, "6JT": 0.6506666666666666, "JQT": 0.5283333333333333, "JJT": 0.5426666666666666, "89T": 0.49133333333333334, "8AT": 0.817, "78T": 0.5013333333333333, "38T": 0.44366666666666665, "58T": 0.487, "28T": 0.4756666666666667, "8TT": 0.5696666666666667, "88T": 0.559, "48T": 0.4736666666666667, "68T": 0.5843333333333334, "8QT": 0.48333333333333334, "9AT": 0.8256666666666667, "79T": 0.5213333333333333, "99T": 0.556, "39T": 0.45866666666666667, "59T": 0.48433333333333334, "29T": 0.4736666666666667, "9TT": 0.5613333333333334, "49T": 0.44866666666666666, "69T": 0.606, "9QT": 0.45666666666666667, "7AT": 0.8376666666666667, "3AT": 0.857, "5AT": 0.8583333333333333, "2AT": 0.8566666666666667, "ATT": 0.8483333333333334, "4AT": 0.8156666666666667, "6AT": 0.9203333333333333, "AQT": 0.8203333333333334, "AAT": 0.957, "37T": 0.48966666666666664, "57T": 0.5033333333333333, "27T": 0.4846666666666667, "7TT": 0.5786666666666667, "47T": 0.486, "77T": 0.5496666666666666, "67T": 0.6193333333333333, "7QT": 0.501, "35T": 0.49666666666666665, "23T": 0.48733333333333334, "3TT": 0.5766666666666667, "34T": 0.5063333333333333, "36T": 0.675, "3QT": 0.49433333333333335, "33T": 0.5426666666666666, "25T": 0.5, "5TT": 0.6023333333333334, "45T": 0.485, "56T": 0.6773333333333333, "5QT": 0.4876666666666667, "55T": 0.5686666666666667, "2TT": 0.5873333333333334, "24T": 0.5116666666666667, "26T": 0.713, "2QT": 0.49933333333333335, "22T": 0.5436666666666666, "4TT": 0.5786666666666667, "6TT": 0.7353333333333333, "QTT": 0.5773333333333334, "TTT": 0.692, "44T": 0.5526666666666666, "46T": 0.6903333333333334, "4QT": 0.5043333333333333, "6QT": 0.6443333333333333, "66T": 0.938, "QQT": 0.5893333333333334, "89J": 0.445, "8AJ": 0.8563333333333333, "78J": 0.479, "38J": 0.44766666666666666, "58J": 0.48433333333333334, "28J": 0.48833333333333334, "88J": 0.569, "48J": 0.49366666666666664, "68J": 0.61, "8JQ": 0.454, "8JJ": 0.5526666666666666, "9AJ": 0.8183333333333334, "79J": 0.581, "99J": 0.55, "39J": 0.4676666666666667, "59J": 0.6123333333333333, "29J": 0.6013333333333334, "49J": 0.4846666666666667, "69J": 0.644, "9JQ": 0.45766666666666667, "9JJ": 0.5716666666666667, "7AJ": 0.8493333333333334, "3AJ": 0.861, "5AJ": 0.8613333333333333, "2AJ": 0.8596666666666667, "4AJ": 0.8356666666666667, "6AJ": 0.9386666666666666, "AJQ": 0.8093333333333333, "AAJ": 0.9516666666666667, "AJJ": 0.8353333333333334, "37J": 0.483, "57J": 0.6136666666666667, "27J": 0.6293333333333333, "47J": 0.5066666666666667, "77J": 0.5763333333333334, "67J": 0.643, "7JQ": 0.484, "7JJ": 0.5743333333333334, "35J": 0.515, "23J": 0.5056666666666667, "34J": 0.496, "36J": 0.687, "3JQ": 0.4886666666666667, "33J": 0.5503333333333333, "3JJ": 0.5613333333333334, "25J": 0.5993333333333334, "45J": 0.51, "56J": 0.673, "5JQ": 0.476, "55J": 0.5856666666666667, "5JJ": 0.5796666666666667, "24J": 0.49066666666666664, "26J": 0.7116666666666667, "2JQ": 0.4806666666666667, "22J": 0.5566666666666666, "2JJ": 0.5843333333333334, "44J": 0.558, "46J": 0.691, "4JQ": 0.4723333333333333, "4JJ": 0.5733333333333334, "6JQ": 0.6583333333333333, "6JJ": 0.7233333333333334, "66J": 0.9613333333333334, "JJQ": 0.5766666666666667, "JQQ": 0.5816666666666667, "JJJ": 0.6883333333333334, "89A": 0.8473333333333334, "789": 0.5746666666666667, "899": 0.5406666666666666, "389": 0.4543333333333333, "589": 0.5523333333333333, "289": 0.49866666666666665, "889": 0.5563333333333333, "489": 0.481, "689": 0.5693333333333334, "89Q": 0.4573333333333333, "78A": 0.8463333333333334, "38A": 0.8456666666666667, "58A": 0.8546666666666667, "28A": 0.867, "88A": 0.8336666666666667, "48A": 0.8516666666666667, "68A": 0.8863333333333333, "8AQ": 0.8526666666666667, "8AA": 0.934, "378": 0.4633333333333333, "578": 0.5963333333333334, "278": 0.5033333333333333, "788": 0.571, "478": 0.5436666666666666, "778": 0.5603333333333333, "678": 0.5546666666666666, "78Q": 0.48533333333333334, "358": 0.4756666666666667, "238": 0.4686666666666667, "388": 0.5496666666666666, "348": 0.48833333333333334, "368": 0.5826666666666667, "38Q": 0.471, "338": 0.534, "258": 0.522, "588": 0.5796666666666667, "458": 0.553, "568": 0.6143333333333333, "58Q": 0.486, "558": 0.5566666666666666, "288": 0.581, "248": 0.48633333333333334, "268": 0.677, "28Q": 0.479, "228": 0.5573333333333333, "488": 0.556, "688": 0.6916666666666667, "88Q": 0.573, "888": 0.6896666666666667, "448": 0.5313333333333333, "468": 0.649, "48Q": 0.47933333333333333, "68Q": 0.608, "668": 0.9016666666666666, "8QQ": 0.5803333333333334, "79A": 0.847, "99A": 0.8333333333333334, "39A": 0.8676666666666667, "59A": 0.8606666666666667, "29A": 0.8593333333333333, "49A": 0.8383333333333334, "69A": 0.92, "9AQ": 0.8526666666666667, "9AA": 0.9566666666666667, "799": 0.5656666666666667, "379": 0.49866666666666665, "579": 0.644, "279": 0.614, "479": 0.5033333333333333, "779": 0.5846666666666667, "679": 0.606, "79Q": 0.476, "399": 0.583, "599": 0.58, "299": 0.5926666666666667, "499": 0.5483333333333333, "699": 0.7396666666666667, "999": 0.6856666666666666, "99Q": 0.5703333333333334, "359": 0.5043333333333333, "239": 0.5006666666666667, "349": 0.48133333333333334, "369": 0.6553333333333333, "39Q": 0.47533333333333333, "339": 0.5556666666666666, "259": 0.6063333333333333, "459": 0.506, "569": 0.6666666666666666, "59Q": 0.48733333333333334, "559": 0.5876666666666667, "249": 0.49566666666666664, "269": 0.6983333333333334, "29Q": 0.493, "229": 0.5683333333333334, "449": 0.5533333333333333, "469": 0.6796666666666666, "49Q": 0.48733333333333334, "69Q": 0.6456666666666667, "669": 0.9406666666666667, "9QQ": 0.5666666666666667, "37A": 0.8646666666666667, "57A": 0.851, "27A": 0.865, "47A": 0.838, "77A": 0.8533333333333334, "67A": 0.9093333333333333, "7AQ": 0.8513333333333334,