{"2JT": 0.49666666666666665, "2AJ": 0.5273333333333333, "26J": 0.509, "24J": 0.5306666666666666, "22J": 0.9296666666666666, "2JK": 0.508, "23J": 0.8646666666666667, "25J": 0.5026666666666667, "29J": 0.519, "28J": 0.5016666666666667, "27J": 0.5563333333333333, "2JQ": 0.5233333333333333, "2JJ": 0.5336666666666666, "AJT": 0.13733333333333334, "6JT": 0.13166666666666665, "JTT": 0.12966666666666668, "4JT": 0.12366666666666666, "JKT": 0.10766666666666666, "3JT": 0.5263333333333333, "5JT": 0.12966666666666668, "9JT": 0.12, "8JT": 0.10166666666666667, "7JT": 0.111, "JQT": 0.12666666666666668, "JJT": 0.12366666666666666, "6AJ": 0.14966666666666667, "4AJ": 0.16133333333333333, "AAJ": 0.16133333333333333, "AJK": 0.13466666666666666, "3AJ": 0.5506666666666666, "5AJ": 0.155, "9AJ": 0.26666666666666666, "8AJ": 0.14033333333333334, "7AJ": 0.141, "AJQ": 0.289, "AJJ": 0.15233333333333332, "46J": 0.239, "66J": 0.18, "6JK": 0.12833333333333333, "36J": 0.5356666666666666, "56J": 0.23733333333333334, "69J": 0.15766666666666668, "68J": 0.12366666666666666, "67J": 0.12766666666666668, "6JQ": 0.148, "6JJ": 0.15133333333333332, "4JK": 0.133, "34J": 0.547, "45J": 0.25333333333333335, "49J": 0.145, "48J": 0.133, "47J": 0.12566666666666668, "44J": 0.157, "4JQ": 0.14933333333333335, "4JJ": 0.13866666666666666, "3JK": 0.5323333333333333, "5JK": 0.12933333333333333, "9JK": 0.14066666666666666, "8JK": 0.11566666666666667, "7JK": 0.11833333333333333, "JKK": 0.14233333333333334, "JKQ": 0.13666666666666666, "JJK": 0.121, "35J": 0.5373333333333333, "39J": 0.53, "38J": 0.533, "37J": 0.5066666666666667, "3JQ": 0.5133333333333333, "3JJ": 0.5676666666666667, "33J": 0.9143333333333333, "59J": 0.15566666666666668, "58J": 0.117, "57J": 0.13, "5JQ": 0.14333333333333334, "5JJ": 0.12933333333333333, "55J": 0.165, "89J": 0.128, "79J": 0.14566666666666667, "9JQ": 0.2783333333333333, "9JJ": 0.15533333333333332, "99J": 0.15533333333333332, "78J": 0.10766666666666666, "8JQ": 0.13633333333333333, "8JJ": 0.13133333333333333, "88J": 0.161, "77J": 0.145, "7JQ": 0.145, "7JJ": 0.13833333333333334, "JQQ": 0.14433333333333334, "JJQ": 0.16033333333333333, "JJJ": 0.16866666666666666, "2AT": 0.5203333333333333, "26T": 0.43633333333333335, "2TT": 0.5543333333333333, "24T": 0.43866666666666665, "22T": 0.9113333333333333, "2KT": 0.425, "23T": 0.85, "25T": 0.441, "29T": 0.494, "28T": 0.413, "27T": 0.5063333333333333, "2QT": 0.5136666666666667, "26A": 0.514, "24A": 0.519, "22A": 0.9363333333333334, "2AA": 0.5593333333333333, "2AK": 0.5243333333333333, "23A": 0.8783333333333333, "25A": 0.5073333333333333, "29A": 0.5423333333333333, "28A": 0.52, "27A": 0.5423333333333333, "2AQ": 0.5426666666666666, "246": 0.44266666666666665, "266": 0.5503333333333333, "226": 0.915, "26K": 0.43233333333333335, "236": 0.795, "256": 0.43233333333333335, "269": 0.49866666666666665, "268": 0.42966666666666664, "267": 0.5206666666666667, "26Q": 0.5246666666666666, "224": 0.902, "24K": 0.43, "234": 0.8026666666666666, "245": 0.44566666666666666, "249": 0.5236666666666666, "248": 0.41933333333333334, "247": 0.5156666666666667, "244": 0.5383333333333333, "24Q": 0.53, "22K": 0.9093333333333333, "223": 0.9783333333333334, "225": 0.902, "229": 0.9306666666666666, "228": 0.906, "227": 0.9243333333333333, "22Q": 0.9306666666666666, "222": 1.0, "23K": 0.8373333333333334, "25K": 0.43633333333333335, "29K": 0.4886666666666667, "28K": 0.4206666666666667, "27K": 0.531, "2KK": 0.5553333333333333, "2KQ": 0.5053333333333333, "235": 0.792, "239": 0.8666666666666667, "238": 0.8466666666666667, "237": 0.8523333333333334, "23Q": 0.8573333333333333, "233": 0.9753333333333334, "259": 0.522, "258": 0.398, "257": 0.5246666666666666, "25Q": 0.52, "255": 0.534, "289": 0.49966666666666665, "279": 0.524, "29Q": 0.5126666666666667, "299": 0.5593333333333333, "278": 0.49433333333333335, "28Q": 0.5093333333333333, "288": 0.5486666666666666, "277": 0.5343333333333333, "27Q": 0.5406666666666666, "2QQ": 0.5693333333333334, "6AT": 0.14033333333333334, "ATT": 0.13266666666666665, "4AT": 0.12666666666666668, "AAT": 0.135, "AKT": 0.11733333333333333, "3AT": 0.5306666666666666, "5AT": 0.11966666666666667, "9AT": 0.13933333333333334, "8AT": 0.10766666666666666, "7AT": 0.13333333333333333, "AQT": 0.144, "6TT": 0.14033333333333334, "46T": 0.20033333333333334, "66T": 0.133, "6KT": 0.09533333333333334, "36T": 0.5123333333333333, "56T": 0.20766666666666667, "69T": 0.13133333333333333, "68T": 0.101, "67T": 0.114, "6QT": 0.12366666666666666, "4TT": 0.15, "KTT": 0.11666666666666667, "3TT": 0.5766666666666667, "5TT": 0.15133333333333332, "9TT": 0.11966666666666667, "8TT": 0.119, "7TT": 0.13266666666666665, "TTT": 0.172, "QTT": 0.12733333333333333, "4KT": 0.10266666666666667, "34T": 0.5046666666666667, "45T": 0.19433333333333333, "49T": 0.12366666666666666, "48T": 0.096, "47T": 0.122, "44T": 0.152, "4QT": 0.13433333333333333, "3KT": 0.516, "5KT": 0.095, "9KT": 0.10333333333333333, "8KT": 0.09333333333333334, "7KT": 0.12033333333333333, "KKT": 0.12533333333333332, "KQT": 0.11533333333333333, "35T": 0.5076666666666667, "39T": 0.508, "38T": 0.511, "37T": 0.5016666666666667, "3QT": 0.5186666666666667, "33T": 0.92, "59T": 0.125, "58T": 0.10266666666666667, "57T": 0.123, "5QT": 0.12933333333333333, "55T": 0.14166666666666666, "89T": 0.104, "79T": 0.107, "9QT": 0.13433333333333333, "99T": 0.138, "78T": 0.1, "8QT": 0.10066666666666667, "88T": 0.12066666666666667, "77T": 0.11833333333333333, "7QT": 0.116, "QQT": 0.133, "46A": 0.247, "66A": 0.16533333333333333, "6AA": 0.14666666666666667, "6AK": 0.138, "36A": 0.5383333333333333, "56A": 0.24266666666666667, "69A": 0.15733333333333333, "68A": 0.128, "67A": 0.125, "6AQ": 0.14866666666666667, "4AA": 0.152, "4AK": 0.12133333333333333, "34A": 0.5466666666666666, "45A": 0.24033333333333334, "49A": 0.16533333333333333, "48A": 0.137, "47A": 0.129, "44A": 0.14133333333333334, "4AQ": 0.16666666666666666, "AAK": 0.133, "3AA": 0.5353333333333333, "5AA": 0.14366666666666666, "9AA": 0.16733333333333333, "8AA": 0.14166666666666666, "7AA": 0.12833333333333333, "AAA": 0.175, "AAQ": 0.14, "3AK": 0.53, "5AK": 0.13233333333333333, "9AK": 0.14333333333333334, "8AK": 0.12266666666666666, "7AK": 0.126, "AKK": 0.142, "AKQ": 0.13666666666666666, "35A": 0.512, "39A": 0.5353333333333333, "38A": 0.545, "37A": 0.5206666666666667, "3AQ": 0.534, "33A": 0.9223333333333333, "59A": 0.15, "58A": 0.118, "57A": 0.12366666666666666, "5AQ": 0.16233333333333333, "55A": 0.17, "89A": 0.132, "79A": 0.14433333333333334, "9AQ": 0.2853333333333333, "99A": 0.158, "78A": 0.12933333333333333, "8AQ": 0.142, "88A": 0.16666666666666666, "77A": 0.131, "7AQ": 0.14433333333333334, "AQQ": 0.154, "466": 0.246, "46K": 0.196, "346": 0.5093333333333333, "456": 0.6806666666666666, "469": 0.247, "468": 0.191, "467": 0.18566666666666667, "446": 0.247, "46Q": 0.238, "66K": 0.14266666666666666, "366": 0.5496666666666666, "566": 0.237, "669": 0.178, "668": 0.13466666666666666, "667": 0.145, "66Q": 0.18, "666": 0.183, "36K": 0.5216666666666666, "56K": 0.197, "69K": 0.11766666666666667, "68K": 0.103, "67K": 0.11933333333333333, "6KK": 0.14433333333333334, "6KQ": 0.12633333333333333, "356": 0.487, "369": 0.5226666666666666, "368": 0.49766666666666665, "367": 0.4683333333333333, "36Q": 0.5433333333333333, "336": 0.9196666666666666, "569": 0.23333333333333334, "568": 0.16833333333333333, "567": 0.177, "56Q": 0.25066666666666665, "556": 0.248, "689": 0.117, "679": 0.12133333333333333, "69Q": 0.15066666666666667, "699": 0.151, "678": 0.09433333333333334, "68Q": 0.13566666666666666, "688": 0.12866666666666668, "677": 0.13766666666666666, "67Q": 0.11333333333333333, "6QQ": 0.15366666666666667, "34K": 0.5156666666666667, "45K": 0.20433333333333334, "49K": 0.11666666666666667, "48K": 0.109, "47K": 0.12933333333333333, "44K": 0.13733333333333334, "4KK": 0.14466666666666667, "4KQ": 0.12566666666666668, "345": 0.509, "349": 0.5286666666666666, "348": 0.5153333333333333, "347": 0.4766666666666667, "344": 0.544,