{"AAQ": 0.414, "4AQ": 0.36533333333333334, "6AQ": 0.5446666666666666, "AQQ": 0.426, "7AQ": 0.335, "3AQ": 0.617, "9AQ": 0.3353333333333333, "AKQ": 0.44666666666666666, "2AQ": 0.34933333333333333, "AQT": 0.6303333333333333, "AJQ": 0.449, "8AQ": 0.36133333333333334, "5AQ": 0.3516666666666667, "46Q": 0.32066666666666666, "4QQ": 0.3406666666666667, "47Q": 0.2643333333333333, "34Q": 0.5506666666666666, "49Q": 0.285, "4KQ": 0.30466666666666664, "24Q": 0.27566666666666667, "4QT": 0.6776666666666666, "44Q": 0.30666666666666664, "4JQ": 0.319, "48Q": 0.2733333333333333, "45Q": 0.28933333333333333, "6QQ": 0.398, "67Q": 0.29533333333333334, "36Q": 0.6073333333333333, "69Q": 0.31233333333333335, "6KQ": 0.35133333333333333, "26Q": 0.312, "66Q": 0.363, "6QT": 0.7006666666666667, "6JQ": 0.35333333333333333, "68Q": 0.30533333333333335, "56Q": 0.322, "7QQ": 0.341, "3QQ": 0.628, "QQQ": 0.43766666666666665, "9QQ": 0.3546666666666667, "KQQ": 0.392, "2QQ": 0.35, "QQT": 0.6993333333333334, "JQQ": 0.4186666666666667, "8QQ": 0.3516666666666667, "5QQ": 0.364, "37Q": 0.5616666666666666, "79Q": 0.23266666666666666, "7KQ": 0.30266666666666664, "27Q": 0.24866666666666667, "77Q": 0.3406666666666667, "7QT": 0.66, "7JQ": 0.271, "78Q": 0.247, "57Q": 0.269, "39Q": 0.5696666666666667, "3KQ": 0.5926666666666667, "23Q": 0.6363333333333333, "3QT": 0.8283333333333334, "3JQ": 0.585, "33Q": 0.9453333333333334, "38Q": 0.567, "35Q": 0.5793333333333334, "9KQ": 0.359, "99Q": 0.37133333333333335, "29Q": 0.282, "9QT": 0.6196666666666667, "9JQ": 0.39466666666666667, "89Q": 0.298, "59Q": 0.2753333333333333, "2KQ": 0.33566666666666667, "KQT": 0.5693333333333334, "JKQ": 0.49266666666666664, "KKQ": 0.3923333333333333, "8KQ": 0.32166666666666666, "5KQ": 0.325, "2QT": 0.6906666666666667, "2JQ": 0.31133333333333335, "22Q": 0.30566666666666664, "28Q": 0.2713333333333333, "25Q": 0.27, "JQT": 0.537, "8QT": 0.637, "5QT": 0.7033333333333334, "QTT": 0.904, "JJQ": 0.3963333333333333, "8JQ": 0.3323333333333333, "5JQ": 0.31133333333333335, "58Q": 0.2643333333333333, "88Q": 0.336, "55Q": 0.31166666666666665, "4AA": 0.38133333333333336, "6AA": 0.5773333333333334, "7AA": 0.3606666666666667, "3AA": 0.6833333333333333, "9AA": 0.358, "AAK": 0.401, "2AA": 0.385, "AAT": 0.7683333333333333, "AAJ": 0.413, "8AA": 0.36, "5AA": 0.37733333333333335, "AAA": 0.43566666666666665, "46A": 0.5353333333333333, "47A": 0.309, "34A": 0.579, "49A": 0.31633333333333336, "4AK": 0.3453333333333333, "24A": 0.30966666666666665, "4AT": 0.703, "44A": 0.32866666666666666, "4AJ": 0.347, "48A": 0.2966666666666667, "45A": 0.32133333333333336, "67A": 0.5236666666666666, "36A": 0.7413333333333333, "69A": 0.5393333333333333, "6AK": 0.5666666666666667, "26A": 0.5356666666666666, "66A": 0.5396666666666666, "6AT": 0.8233333333333334, "6AJ": 0.5416666666666666, "68A": 0.5253333333333333, "56A": 0.544, "37A": 0.61, "79A": 0.31066666666666665, "7AK": 0.3406666666666667, "27A": 0.31766666666666665, "77A": 0.5413333333333333, "7AT": 0.7186666666666667, "7AJ": 0.3486666666666667, "78A": 0.30366666666666664, "57A": 0.301, "39A": 0.6393333333333333, "3AK": 0.5996666666666667, "23A": 0.6643333333333333, "3AT": 0.8583333333333333, "3AJ": 0.613, "33A": 0.9513333333333334, "38A": 0.6313333333333333, "35A": 0.6216666666666667, "9AK": 0.3576666666666667, "99A": 0.5586666666666666, "29A": 0.312, "9AT": 0.711, "9AJ": 0.3536666666666667, "89A": 0.325, "59A": 0.30233333333333334, "2AK": 0.3403333333333333, "AKT": 0.635, "AJK": 0.44866666666666666, "AKK": 0.44266666666666665, "8AK": 0.3626666666666667, "5AK": 0.364, "2AT": 0.7316666666666667, "2AJ": 0.3466666666666667, "22A": 0.3576666666666667, "28A": 0.31233333333333335, "25A": 0.30266666666666664, "AJT": 0.6356666666666667, "8AT": 0.72, "5AT": 0.7463333333333333, "ATT": 0.9216666666666666, "AJJ": 0.42133333333333334, "8AJ": 0.359, "5AJ": 0.3353333333333333, "58A": 0.287, "88A": 0.36433333333333334, "55A": 0.36833333333333335, "467": 0.3433333333333333, "346": 0.5313333333333333, "469": 0.29233333333333333, "46K": 0.31233333333333335, "246": 0.3636666666666667, "466": 0.3383333333333333, "46T": 0.7383333333333333, "446": 0.32033333333333336, "46J": 0.2936666666666667, "468": 0.2743333333333333, "456": 0.404, "347": 0.5216666666666666, "479": 0.243, "47K": 0.2793333333333333, "247": 0.248, "477": 0.31966666666666665, "47T": 0.7203333333333334, "447": 0.2793333333333333, "47J": 0.272, "478": 0.238, "457": 0.30533333333333335, "349": 0.5486666666666666, "34K": 0.4776666666666667, "234": 0.577, "34T": 0.7536666666666667, "344": 0.6023333333333334, "34J": 0.559, "334": 0.905, "348": 0.5646666666666667, "345": 0.5153333333333333, "49K": 0.2776666666666667, "499": 0.30766666666666664, "249": 0.255, "49T": 0.712, "449": 0.272, "49J": 0.278, "489": 0.23766666666666666, "459": 0.25733333333333336, "24K": 0.267, "4KT": 0.599, "44K": 0.301, "4JK": 0.30933333333333335, "4KK": 0.31633333333333336, "48K": 0.25166666666666665, "45K": 0.275, "24T": 0.7493333333333333, "244": 0.2996666666666667, "24J": 0.276, "224": 0.2986666666666667, "248": 0.24666666666666667, "245": 0.30966666666666665, "44T": 0.7206666666666667, "4JT": 0.649, "48T": 0.7133333333333334, "45T": 0.731, "4TT": 0.925, "44J": 0.322, "448": 0.2836666666666667, "445": 0.2936666666666667, "444": 0.36933333333333335, "4JJ": 0.3406666666666667, "48J": 0.283, "45J": 0.2833333333333333, "458": 0.238, "488": 0.26566666666666666, "455": 0.2966666666666667, "367": 0.5563333333333333, "679": 0.3406666666666667, "67K": 0.30733333333333335, "267": 0.2776666666666667, "677": 0.5283333333333333, "667": 0.31866666666666665, "67T": 0.7246666666666667, "67J": 0.2796666666666667, "678": 0.3283333333333333, "567": 0.33166666666666667, "369": 0.5853333333333334, "36K": 0.5926666666666667, "236": 0.6346666666666667, "366": 0.6396666666666667, "36T": 0.861, "36J": 0.59, "336": 0.932, "368": 0.5796666666666667, "356": 0.516, "69K": 0.3253333333333333, "699": 0.5126666666666667, "269": 0.2733333333333333, "669": 0.333, "69T": 0.7193333333333334, "69J": 0.309, "689": 0.3416666666666667, "569": 0.2796666666666667, "26K": 0.30666666666666664, "66K": 0.36966666666666664, "6KT": 0.6896666666666667, "6JK": 0.36466666666666664, "6KK": 0.38533333333333336, "68K": 0.309, "56K": 0.30733333333333335, "266": 0.332, "26T": 0.7716666666666666, "26J": 0.32966666666666666, "226": 0.313, "268": 0.288, "256": 0.34, "66T": 0.7463333333333333, "66J": 0.367, "668": 0.31733333333333336, "566": 0.30866666666666664, "666": 0.3863333333333333, "6JT": 0.7023333333333334, "68T": 0.731, "56T": 0.7693333333333333, "6TT": 0.9376666666666666, "6JJ": 0.38133333333333336, "68J": 0.301, "56J": 0.319, "568": 0.247, "688": 0.3263333333333333, "556": 0.30566666666666664, "379": 0.5533333333333333, "37K": 0.5736666666666667, "237": 0.6303333333333333, "377": 0.656, "37T": 0.867, "37J": 0.576, "337": 0.943, "378": 0.5616666666666666, "357": 0.5346666666666666, "79K": 0.291, "799": 0.343, "279": 0.23533333333333334, "779": 0.31466666666666665, "79T": 0.644, "79J": 0.297, "789": 0.345, "579": 0.23433333333333334, "27K": 0.287, "77K": 0.3536666666666667, "7KT": 0.6766666666666666, "7JK": 0.314, "7KK": 0.3436666666666667, "78K": 0.2723333333333333, "57K": 0.25066666666666665, "277": 0.324, "27T": 0.766, "27J": 0.27066666666666667, "227": 0.2623333333333333, "278": 0.24233333333333335, "257": 0.241, "77T": 0.7273333333333334, "77J": 0.3526666666666667, "777": 0.36966666666666664, "778": 0.3243333333333333, "577": 0.32033333333333336, "7JT": 0.6493333333333333, "78T": 0.6453333333333333, "57T": 0.728, "7TT": 0.928, "7JJ": 0.339, "78J": 0.30033333333333334, "57J": 0.27066666666666667, "578": 0.21333333333333335, "788": 0.2783333333333333, "557": 0.2703333333333333, "39K": 0.577, "399": 0.6503333333333333, "239": 0.6353333333333333, "39T": 0.8553333333333333, "39J": 0.5683333333333334, "339": 0.9466666666666667, "389": 0.5586666666666666, "359": 0.5676666666666667, "23K": 0.6253333333333333, "3KT": 0.7543333333333333,