{"4AJ": 0.8356666666666667, "4AQ": 0.814, "45A": 0.8343333333333334, "49A": 0.8463333333333334, "4AA": 0.949, "34A": 0.838, "44A": 0.82, "46A": 0.8176666666666667, "47A": 0.8373333333333334, "4AK": 0.8273333333333334, "48A": 0.8396666666666667, "24A": 0.896, "4AT": 0.8413333333333334, "AJQ": 0.785, "5AJ": 0.8696666666666667, "9AJ": 0.8133333333333334, "AJJ": 0.8123333333333334, "AAJ": 0.9353333333333333, "3AJ": 0.8416666666666667, "6AJ": 0.8403333333333334, "7AJ": 0.827, "AJK": 0.8406666666666667, "8AJ": 0.8176666666666667, "2AJ": 0.9163333333333333, "AJT": 0.779, "5AQ": 0.8213333333333334, "9AQ": 0.8266666666666667, "AAQ": 0.939, "3AQ": 0.8353333333333334, "6AQ": 0.837, "7AQ": 0.8456666666666667, "AKQ": 0.8, "8AQ": 0.828, "2AQ": 0.901, "AQQ": 0.825, "AQT": 0.7903333333333333, "59A": 0.853, "55A": 0.8316666666666667, "5AA": 0.9446666666666667, "35A": 0.8356666666666667, "56A": 0.8096666666666666, "57A": 0.808, "5AK": 0.879, "58A": 0.819, "25A": 0.933, "5AT": 0.834, "9AA": 0.954, "39A": 0.8353333333333334, "99A": 0.8293333333333334, "69A": 0.8323333333333334, "79A": 0.8266666666666667, "9AK": 0.8223333333333334, "89A": 0.8176666666666667, "29A": 0.926, "9AT": 0.794, "3AA": 0.947, "6AA": 0.9453333333333334, "7AA": 0.9163333333333333, "AAK": 0.9336666666666666, "8AA": 0.9246666666666666, "2AA": 0.988, "AAA": 1.0, "AAT": 0.9316666666666666, "36A": 0.8296666666666667, "37A": 0.8316666666666667, "3AK": 0.8426666666666667, "38A": 0.8446666666666667, "33A": 0.8306666666666667, "23A": 0.9283333333333333, "3AT": 0.852, "67A": 0.8066666666666666, "6AK": 0.8473333333333334, "68A": 0.816, "26A": 0.927, "66A": 0.8343333333333334, "6AT": 0.8326666666666667, "7AK": 0.829, "78A": 0.786, "77A": 0.8243333333333334, "27A": 0.9366666666666666, "7AT": 0.828, "8AK": 0.8396666666666667, "AKK": 0.8093333333333333, "2AK": 0.9233333333333333, "AKT": 0.8016666666666666, "88A": 0.8233333333333334, "28A": 0.9326666666666666, "8AT": 0.8016666666666666, "2AT": 0.9313333333333333, "22A": 0.9806666666666667, "ATT": 0.823, "4JQ": 0.4166666666666667, "45J": 0.45066666666666666, "49J": 0.4186666666666667, "4JJ": 0.52, "34J": 0.43466666666666665, "44J": 0.5423333333333333, "46J": 0.43866666666666665, "47J": 0.418, "4JK": 0.4623333333333333, "48J": 0.402, "24J": 0.579, "4JT": 0.4176666666666667, "45Q": 0.424, "49Q": 0.3983333333333333, "34Q": 0.435, "44Q": 0.502, "46Q": 0.4216666666666667, "47Q": 0.41133333333333333, "4KQ": 0.43766666666666665, "48Q": 0.4146666666666667, "24Q": 0.5103333333333333, "4QQ": 0.51, "4QT": 0.431, "459": 0.4266666666666667, "455": 0.514, "345": 0.4706666666666667, "445": 0.5133333333333333, "456": 0.447, "457": 0.3923333333333333, "45K": 0.44766666666666666, "458": 0.4136666666666667, "245": 0.5416666666666666, "45T": 0.41733333333333333, "349": 0.458, "449": 0.5313333333333333, "499": 0.5256666666666666, "469": 0.44466666666666665, "479": 0.4116666666666667, "49K": 0.42533333333333334, "489": 0.414, "249": 0.5756666666666667, "49T": 0.43266666666666664, "344": 0.5446666666666666, "346": 0.4866666666666667, "347": 0.3993333333333333, "34K": 0.43833333333333335, "348": 0.4523333333333333, "334": 0.5006666666666667, "234": 0.5583333333333333, "34T": 0.454, "446": 0.526, "447": 0.487, "44K": 0.53, "448": 0.5183333333333333, "244": 0.65, "444": 0.6323333333333333, "44T": 0.5376666666666666, "467": 0.369, "46K": 0.42933333333333334, "468": 0.4043333333333333, "246": 0.5433333333333333, "466": 0.5313333333333333, "46T": 0.44266666666666665, "47K": 0.428, "478": 0.379, "477": 0.523, "247": 0.5703333333333334, "47T": 0.41733333333333333, "48K": 0.43833333333333335, "4KK": 0.532, "24K": 0.5666666666666667, "4KT": 0.432, "488": 0.5246666666666666, "248": 0.5703333333333334, "48T": 0.4146666666666667, "24T": 0.575, "224": 0.9233333333333333, "4TT": 0.5453333333333333, "5JQ": 0.453, "9JQ": 0.4086666666666667, "JJQ": 0.5043333333333333, "3JQ": 0.44466666666666665, "6JQ": 0.4236666666666667, "7JQ": 0.42866666666666664, "JKQ": 0.494, "8JQ": 0.434, "2JQ": 0.5693333333333334, "JQQ": 0.5083333333333333, "JQT": 0.45466666666666666, "59J": 0.44466666666666665, "55J": 0.544, "5JJ": 0.5446666666666666, "35J": 0.45766666666666667, "56J": 0.434, "57J": 0.4553333333333333, "5JK": 0.603, "58J": 0.4226666666666667, "25J": 0.6086666666666667, "5JT": 0.45266666666666666, "9JJ": 0.509, "39J": 0.426, "99J": 0.537, "69J": 0.433, "79J": 0.411, "9JK": 0.44233333333333336, "89J": 0.37466666666666665, "29J": 0.587, "9JT": 0.4146666666666667, "JJJ": 0.651, "3JJ": 0.54, "6JJ": 0.5096666666666667, "7JJ": 0.518, "JJK": 0.5456666666666666, "8JJ": 0.5133333333333333, "2JJ": 0.6563333333333333, "JJT": 0.5256666666666666, "36J": 0.464, "37J": 0.41733333333333333, "3JK": 0.447, "38J": 0.42633333333333334, "33J": 0.5256666666666666, "23J": 0.6013333333333334, "3JT": 0.45266666666666666, "67J": 0.4096666666666667, "6JK": 0.4666666666666667, "68J": 0.401, "26J": 0.583, "66J": 0.5476666666666666, "6JT": 0.469, "7JK": 0.4643333333333333, "78J": 0.392, "77J": 0.529, "27J": 0.587, "7JT": 0.402, "8JK": 0.4706666666666667, "JKK": 0.5383333333333333, "2JK": 0.6033333333333334, "JKT": 0.496, "88J": 0.5256666666666666, "28J": 0.589, "8JT": 0.39466666666666667, "2JT": 0.5993333333333334, "22J": 0.9623333333333334, "JTT": 0.5263333333333333, "59Q": 0.4236666666666667, "55Q": 0.5256666666666666, "35Q": 0.43466666666666665, "56Q": 0.43666666666666665, "57Q": 0.42133333333333334, "5KQ": 0.4716666666666667, "58Q": 0.4186666666666667, "25Q": 0.5743333333333334, "5QQ": 0.5313333333333333, "5QT": 0.43733333333333335, "39Q": 0.4533333333333333, "99Q": 0.545, "69Q": 0.437, "79Q": 0.41333333333333333, "9KQ": 0.41, "89Q": 0.4156666666666667, "29Q": 0.5653333333333334, "9QQ": 0.5126666666666667, "9QT": 0.395, "36Q": 0.4543333333333333, "37Q": 0.424, "3KQ": 0.452, "38Q": 0.443, "33Q": 0.519, "23Q": 0.5836666666666667, "3QQ": 0.52, "3QT": 0.44233333333333336, "67Q": 0.41233333333333333, "6KQ": 0.437, "68Q": 0.425, "26Q": 0.568, "66Q": 0.5253333333333333, "6QQ": 0.5226666666666666, "6QT": 0.455, "7KQ": 0.43466666666666665, "78Q": 0.386, "77Q": 0.514, "27Q": 0.5823333333333334, "7QQ": 0.514, "7QT": 0.43433333333333335, "8KQ": 0.431, "KKQ": 0.498, "2KQ": 0.5783333333333334, "KQQ": 0.544, "KQT": 0.4866666666666667, "88Q": 0.5213333333333333, "28Q": 0.5733333333333334, "8QQ": 0.5103333333333333, "8QT": 0.42433333333333334, "2QQ": 0.6613333333333333, "2QT": 0.5566666666666666, "22Q": 0.951, "QQT": 0.5143333333333333, "QQQ": 0.6386666666666667, "QTT": 0.5163333333333333, "559": 0.519, "359": 0.456, "599": 0.526, "569": 0.43033333333333335, "579": 0.39266666666666666, "59K": 0.447, "589": 0.39666666666666667, "259": 0.5633333333333334, "59T": 0.4216666666666667, "355": 0.522, "556": 0.504, "557": 0.4876666666666667, "55K": 0.5253333333333333, "558": 0.5056666666666667, "555": 0.6396666666666667, "255": 0.6763333333333333, "55T": 0.529, "356": 0.48633333333333334, "357": 0.4046666666666667, "35K": 0.45, "358": 0.448, "335": 0.5246666666666666, "235": 0.5923333333333334, "35T": 0.47433333333333333, "567": 0.363, "56K": 0.4623333333333333, "568": 0.397, "256": 0.5596666666666666, "566": 0.5243333333333333, "56T": 0.45, "57K": 0.43633333333333335, "578": 0.376, "577": 0.517, "257": 0.584, "57T": 0.416, "58K": 0.43633333333333335, "5KK": 0.5466666666666666, "25K": 0.603, "5KT": 0.4686666666666667, "588": 0.5136666666666667, "258": 0.5786666666666667, "58T": 0.416, "25T": 0.6, "225": 0.9453333333333334, "5TT": 0.5456666666666666, "399": 0.5463333333333333, "369": 0.6333333333333333, "379": 0.435, "39K": 0.4603333333333333, "389": 0.425, "339": 0.5343333333333333, "239": 0.616, "39T": 0.606, "699": 0.5263333333333333, "799": 0.5196666666666667, "99K": 0.549, "899": 0.5026666666666667, "299": 0.692, "99T": 0.5163333333333333, "999": 0.645, "679": 0.398, "69K": 0.44466666666666665, "689": 0.40166666666666667, "269": 0.5933333333333334, "669": 0.5276666666666666, "69T": 0.589, "79K": 0.4033333333333333, "789": 0.346, "779": 0.51,