{"KQT": 0.325, "6KT": 0.20633333333333334, "JKT": 0.291, "3KT": 0.25333333333333335, "2KT": 0.5506666666666666, "KTT": 0.31366666666666665, "AKT": 0.273, "5KT": 0.24633333333333332, "4KT": 0.247, "KKT": 0.3016666666666667, "8KT": 0.22766666666666666, "9KT": 0.562, "7KT": 0.26566666666666666, "6KQ": 0.25966666666666666, "JKQ": 0.337, "3KQ": 0.2623333333333333, "KQQ": 0.326, "2KQ": 0.5703333333333334, "AKQ": 0.299, "5KQ": 0.258, "4KQ": 0.26033333333333336, "KKQ": 0.344, "8KQ": 0.24866666666666667, "9KQ": 0.617, "7KQ": 0.26866666666666666, "6JK": 0.20566666666666666, "36K": 0.22766666666666666, "26K": 0.5503333333333333, "6AK": 0.24033333333333334, "56K": 0.228, "46K": 0.21, "6KK": 0.278, "68K": 0.19966666666666666, "69K": 0.657, "66K": 0.257, "67K": 0.216, "3JK": 0.23833333333333334, "2JK": 0.5513333333333333, "AJK": 0.281, "5JK": 0.24466666666666667, "4JK": 0.25266666666666665, "JKK": 0.32033333333333336, "8JK": 0.22766666666666666, "9JK": 0.573, "7JK": 0.27366666666666667, "JJK": 0.312, "33K": 0.263, "23K": 0.5803333333333334, "3AK": 0.2733333333333333, "35K": 0.25166666666666665, "34K": 0.24766666666666667, "3KK": 0.29933333333333334, "38K": 0.228, "39K": 0.697, "37K": 0.21933333333333332, "2AK": 0.5736666666666667, "25K": 0.5773333333333334, "24K": 0.5843333333333334, "2KK": 0.6313333333333333, "28K": 0.555, "29K": 0.8826666666666667, "27K": 0.5756666666666667, "22K": 0.9516666666666667, "5AK": 0.257, "4AK": 0.26266666666666666, "AKK": 0.3263333333333333, "8AK": 0.257, "9AK": 0.6393333333333333, "AAK": 0.3333333333333333, "7AK": 0.25466666666666665, "45K": 0.268, "5KK": 0.296, "58K": 0.21366666666666667, "59K": 0.6813333333333333, "55K": 0.262, "57K": 0.226, "4KK": 0.2906666666666667, "48K": 0.21433333333333332, "49K": 0.6926666666666667, "44K": 0.25966666666666666, "47K": 0.212, "8KK": 0.271, "9KK": 0.714, "KKK": 0.365, "7KK": 0.276, "89K": 0.6533333333333333, "78K": 0.231, "88K": 0.2773333333333333, "79K": 0.6756666666666666, "99K": 0.9243333333333333, "77K": 0.25933333333333336, "6QT": 0.25566666666666665, "JQT": 0.3943333333333333, "3QT": 0.2613333333333333, "QQT": 0.319, "2QT": 0.577, "QTT": 0.35, "AQT": 0.30366666666666664, "5QT": 0.264, "4QT": 0.2693333333333333, "8QT": 0.3423333333333333, "9QT": 0.5753333333333334, "7QT": 0.2713333333333333, "6JT": 0.24166666666666667, "36T": 0.22266666666666668, "26T": 0.5406666666666666, "6TT": 0.28633333333333333, "6AT": 0.25233333333333335, "56T": 0.21866666666666668, "46T": 0.21666666666666667, "68T": 0.2783333333333333, "69T": 0.5976666666666667, "66T": 0.263, "67T": 0.303, "3JT": 0.26766666666666666, "2JT": 0.5306666666666666, "JTT": 0.32033333333333336, "AJT": 0.30566666666666664, "5JT": 0.25433333333333336, "4JT": 0.26466666666666666, "8JT": 0.34833333333333333, "9JT": 0.5106666666666667, "7JT": 0.35233333333333333, "JJT": 0.32766666666666666, "33T": 0.263, "23T": 0.5823333333333334, "3TT": 0.2753333333333333, "3AT": 0.24233333333333335, "35T": 0.241, "34T": 0.25633333333333336, "38T": 0.23733333333333334, "39T": 0.677, "37T": 0.23633333333333334, "2TT": 0.6196666666666667, "2AT": 0.569, "25T": 0.5783333333333334, "24T": 0.5733333333333334, "28T": 0.5673333333333334, "29T": 0.8573333333333333, "27T": 0.571, "22T": 0.946, "ATT": 0.32066666666666666, "5TT": 0.28833333333333333, "TTT": 0.369, "4TT": 0.286, "8TT": 0.286, "9TT": 0.6763333333333333, "7TT": 0.303, "5AT": 0.254, "4AT": 0.25033333333333335, "8AT": 0.2633333333333333, "9AT": 0.617, "AAT": 0.32133333333333336, "7AT": 0.26666666666666666, "45T": 0.23166666666666666, "58T": 0.254, "59T": 0.671, "55T": 0.276, "57T": 0.23166666666666666, "48T": 0.236, "49T": 0.6713333333333333, "44T": 0.2743333333333333, "47T": 0.24866666666666667, "89T": 0.5363333333333333, "78T": 0.38, "88T": 0.289, "79T": 0.5866666666666667, "99T": 0.8973333333333333, "77T": 0.286, "6JQ": 0.259, "36Q": 0.21733333333333332, "6QQ": 0.2786666666666667, "26Q": 0.562, "6AQ": 0.27466666666666667, "56Q": 0.23566666666666666, "46Q": 0.226, "68Q": 0.229, "69Q": 0.6823333333333333, "66Q": 0.2713333333333333, "67Q": 0.21833333333333332, "3JQ": 0.279, "JQQ": 0.3413333333333333, "2JQ": 0.57, "AJQ": 0.30633333333333335, "5JQ": 0.259, "4JQ": 0.277, "8JQ": 0.32, "9JQ": 0.5983333333333334, "7JQ": 0.2713333333333333, "JJQ": 0.3396666666666667, "33Q": 0.2693333333333333, "3QQ": 0.28833333333333333, "23Q": 0.5846666666666667, "3AQ": 0.279, "35Q": 0.23433333333333334, "34Q": 0.24066666666666667, "38Q": 0.226, "39Q": 0.6933333333333334, "37Q": 0.22066666666666668, "2QQ": 0.609, "AQQ": 0.3456666666666667, "5QQ": 0.28933333333333333, "4QQ": 0.2796666666666667, "8QQ": 0.30566666666666664, "9QQ": 0.7036666666666667, "QQQ": 0.3596666666666667, "7QQ": 0.2713333333333333, "2AQ": 0.5876666666666667, "25Q": 0.567, "24Q": 0.582, "28Q": 0.572, "29Q": 0.8633333333333333, "27Q": 0.573, "22Q": 0.9443333333333334, "5AQ": 0.2743333333333333, "4AQ": 0.2776666666666667, "8AQ": 0.27, "9AQ": 0.676, "AAQ": 0.3476666666666667, "7AQ": 0.25466666666666665, "45Q": 0.239, "58Q": 0.24066666666666667, "59Q": 0.6806666666666666, "55Q": 0.27066666666666667, "57Q": 0.23, "48Q": 0.22133333333333333, "49Q": 0.6983333333333334, "44Q": 0.2783333333333333, "47Q": 0.20533333333333334, "89Q": 0.629, "78Q": 0.245, "88Q": 0.30933333333333335, "79Q": 0.6693333333333333, "99Q": 0.904, "77Q": 0.2773333333333333, "36J": 0.22, "26J": 0.5403333333333333, "6AJ": 0.24, "56J": 0.22833333333333333, "46J": 0.20966666666666667, "68J": 0.19733333333333333, "69J": 0.651, "66J": 0.274, "67J": 0.22033333333333333, "6JJ": 0.284, "336": 0.24033333333333334, "236": 0.5546666666666666, "36A": 0.223, "356": 0.2816666666666667, "346": 0.2753333333333333, "368": 0.199, "369": 0.7096666666666667, "366": 0.23533333333333334, "367": 0.195, "26A": 0.5653333333333334, "256": 0.5186666666666667, "246": 0.5363333333333333, "268": 0.5266666666666666, "269": 0.875, "266": 0.6086666666666667, "267": 0.5573333333333333, "226": 0.9273333333333333, "56A": 0.21966666666666668, "46A": 0.22233333333333333, "68A": 0.23866666666666667, "69A": 0.679, "6AA": 0.2856666666666667, "66A": 0.2733333333333333, "67A": 0.21766666666666667, "456": 0.2946666666666667, "568": 0.2843333333333333, "569": 0.6786666666666666, "566": 0.24766666666666667, "556": 0.23233333333333334, "567": 0.2793333333333333, "468": 0.20233333333333334, "469": 0.7293333333333333, "466": 0.23533333333333334, "446": 0.223, "467": 0.19633333333333333, "689": 0.617, "668": 0.23566666666666666, "678": 0.36433333333333334, "688": 0.23133333333333334, "669": 0.694, "679": 0.6326666666666667, "699": 0.919, "666": 0.309, "667": 0.23733333333333334, "677": 0.24866666666666667, "33J": 0.27166666666666667, "23J": 0.573, "3AJ": 0.24966666666666668, "35J": 0.24133333333333334, "34J": 0.242, "38J": 0.22766666666666666, "39J": 0.677, "37J": 0.226, "3JJ": 0.27666666666666667, "2AJ": 0.5886666666666667, "25J": 0.5563333333333333, "24J": 0.578, "28J": 0.5436666666666666, "29J": 0.8703333333333333, "27J": 0.571, "2JJ": 0.632, "22J": 0.9456666666666667, "5AJ": 0.23433333333333334, "4AJ": 0.262, "8AJ": 0.248, "9AJ": 0.6443333333333333, "AAJ": 0.32866666666666666, "7AJ": 0.25866666666666666, "AJJ": 0.33066666666666666, "45J": 0.26366666666666666, "58J": 0.219, "59J": 0.6816666666666666, "55J": 0.261, "57J": 0.22266666666666668, "5JJ": 0.2823333333333333, "48J": 0.214, "49J": 0.675, "44J": 0.25666666666666665, "47J": 0.22333333333333333, "4JJ": 0.2886666666666667, "89J": 0.602, "78J": 0.31366666666666665, "8JJ": 0.3006666666666667, "88J": 0.282, "79J": 0.617, "9JJ": 0.7013333333333334, "99J": 0.8976666666666666, "7JJ": 0.27366666666666667, "77J": 0.2773333333333333, "JJJ": 0.3463333333333333, "233": 0.5886666666666667, "33A": 0.2613333333333333, "335": 0.27666666666666667, "334": 0.26, "338": 0.24866666666666667, "339": 0.715, "337": 0.21566666666666667, "333": 0.31466666666666665, "23A": 0.5733333333333334, "235": 0.608, "234": 0.5806666666666667, "238": 0.5813333333333334, "239": 0.8786666666666667, "237": 0.5866666666666667,