{"2KT": 0.15933333333333333, "9KT": 0.13, "5KT": 0.16233333333333333, "KQT": 0.12266666666666666, "7KT": 0.18933333333333333, "KKT": 0.19, "AKT": 0.125, "JKT": 0.14766666666666667, "KTT": 0.183, "3KT": 0.5313333333333333, "8KT": 0.17233333333333334, "6KT": 0.164, "4KT": 0.5346666666666666, "29K": 0.14866666666666667, "25K": 0.2783333333333333, "2KQ": 0.162, "27K": 0.196, "2KK": 0.22133333333333333, "22K": 0.15433333333333332, "2AK": 0.17, "2JK": 0.19266666666666668, "23K": 0.6123333333333333, "28K": 0.18366666666666667, "26K": 0.2826666666666667, "24K": 0.584, "59K": 0.11733333333333333, "9KQ": 0.12733333333333333, "79K": 0.18266666666666667, "9KK": 0.17333333333333334, "9AK": 0.142, "9JK": 0.15566666666666668, "39K": 0.5453333333333333, "99K": 0.147, "89K": 0.18033333333333335, "69K": 0.16466666666666666, "49K": 0.43933333333333335, "55K": 0.21, "5KQ": 0.15666666666666668, "57K": 0.2916666666666667, "5KK": 0.20633333333333334, "5AK": 0.16833333333333333, "5JK": 0.19433333333333333, "35K": 0.541, "58K": 0.20466666666666666, "56K": 0.3873333333333333, "45K": 0.44766666666666666, "7KQ": 0.191, "KKQ": 0.17433333333333334, "AKQ": 0.129, "JKQ": 0.16966666666666666, "3KQ": 0.524, "8KQ": 0.20466666666666666, "KQQ": 0.148, "6KQ": 0.15466666666666667, "4KQ": 0.5363333333333333, "7KK": 0.44066666666666665, "77K": 0.18766666666666668, "7AK": 0.194, "7JK": 0.442, "37K": 0.5826666666666667, "78K": 0.456, "67K": 0.30033333333333334, "47K": 0.5673333333333334, "AKK": 0.18833333333333332, "JKK": 0.434, "3KK": 0.6086666666666667, "8KK": 0.42833333333333334, "6KK": 0.21, "4KK": 0.578, "KKK": 0.21533333333333332, "AJK": 0.17433333333333334, "AAK": 0.151, "3AK": 0.5296666666666666, "8AK": 0.18666666666666668, "6AK": 0.15966666666666668, "4AK": 0.5503333333333333, "3JK": 0.5806666666666667, "8JK": 0.43033333333333335, "6JK": 0.208, "4JK": 0.562, "JJK": 0.191, "38K": 0.5873333333333334, "36K": 0.543, "34K": 0.8333333333333334, "33K": 0.9076666666666666, "68K": 0.19633333333333333, "88K": 0.20966666666666667, "48K": 0.5726666666666667, "46K": 0.5306666666666666, "66K": 0.166, "44K": 0.9103333333333333, "29T": 0.14966666666666667, "25T": 0.2773333333333333, "2QT": 0.139, "27T": 0.196, "22T": 0.14866666666666667, "2AT": 0.15233333333333332, "2JT": 0.19166666666666668, "2TT": 0.222, "23T": 0.5896666666666667, "28T": 0.184, "26T": 0.27, "24T": 0.6086666666666667, "59T": 0.157, "9QT": 0.12666666666666668, "79T": 0.17733333333333334, "9AT": 0.13066666666666665, "9JT": 0.16466666666666666, "9TT": 0.18933333333333333, "39T": 0.5003333333333333, "99T": 0.14, "89T": 0.15633333333333332, "69T": 0.14266666666666666, "49T": 0.5043333333333333, "55T": 0.22466666666666665, "5QT": 0.15966666666666668, "57T": 0.2966666666666667, "5AT": 0.161, "5JT": 0.20366666666666666, "5TT": 0.224, "35T": 0.5356666666666666, "58T": 0.196, "56T": 0.375, "45T": 0.5366666666666666, "7QT": 0.17966666666666667, "AQT": 0.09766666666666667, "JQT": 0.15666666666666668, "QTT": 0.17833333333333334, "3QT": 0.43433333333333335, "8QT": 0.163, "QQT": 0.143, "6QT": 0.124, "4QT": 0.5263333333333333, "77T": 0.19866666666666666, "7AT": 0.184, "7JT": 0.433, "7TT": 0.45066666666666666, "37T": 0.5793333333333334, "78T": 0.43933333333333335, "67T": 0.2866666666666667, "47T": 0.535, "AJT": 0.15466666666666667, "ATT": 0.193, "AAT": 0.14666666666666667, "3AT": 0.4523333333333333, "8AT": 0.17133333333333334, "6AT": 0.119, "4AT": 0.5346666666666666, "JTT": 0.43466666666666665, "3JT": 0.554, "8JT": 0.4196666666666667, "6JT": 0.18366666666666667, "4JT": 0.5536666666666666, "JJT": 0.168, "3TT": 0.585, "8TT": 0.42033333333333334, "6TT": 0.209, "4TT": 0.5853333333333334, "TTT": 0.21266666666666667, "38T": 0.5433333333333333, "36T": 0.44333333333333336, "34T": 0.836, "33T": 0.907, "68T": 0.18, "88T": 0.18766666666666668, "48T": 0.5633333333333334, "46T": 0.542, "66T": 0.17366666666666666, "44T": 0.9343333333333333, "259": 0.25833333333333336, "29Q": 0.152, "279": 0.195, "229": 0.16166666666666665, "29A": 0.156, "29J": 0.191, "239": 0.6213333333333333, "299": 0.191, "289": 0.19333333333333333, "269": 0.2773333333333333, "249": 0.5986666666666667, "255": 0.331, "25Q": 0.2793333333333333, "257": 0.31066666666666665, "225": 0.275, "25A": 0.2743333333333333, "25J": 0.31566666666666665, "235": 0.646, "258": 0.308, "256": 0.913, "245": 0.6193333333333333, "27Q": 0.18566666666666667, "22Q": 0.153, "2AQ": 0.15233333333333332, "2JQ": 0.19466666666666665, "23Q": 0.593, "28Q": 0.20033333333333334, "2QQ": 0.192, "26Q": 0.2806666666666667, "24Q": 0.609, "277": 0.20866666666666667, "227": 0.18966666666666668, "27A": 0.20033333333333334, "27J": 0.4493333333333333, "237": 0.6403333333333333, "278": 0.421, "267": 0.31066666666666665, "247": 0.6336666666666667, "22A": 0.15266666666666667, "22J": 0.18433333333333332, "223": 0.606, "228": 0.19733333333333333, "226": 0.285, "224": 0.6246666666666667, "222": 0.217, "2AJ": 0.196, "2AA": 0.18266666666666667, "23A": 0.5996666666666667, "28A": 0.193, "26A": 0.26066666666666666, "24A": 0.6016666666666667, "23J": 0.6296666666666667, "28J": 0.457, "26J": 0.31033333333333335, "24J": 0.6523333333333333, "2JJ": 0.217, "238": 0.6443333333333333, "236": 0.5986666666666667, "234": 0.8403333333333334, "233": 0.944, "268": 0.28633333333333333, "288": 0.226, "248": 0.6323333333333333, "246": 0.6213333333333333, "266": 0.31033333333333335, "244": 0.919, "559": 0.20033333333333334, "59Q": 0.15833333333333333, "579": 0.26066666666666666, "59A": 0.163, "59J": 0.19033333333333333, "359": 0.5376666666666666, "599": 0.15566666666666668, "589": 0.179, "569": 0.3453333333333333, "459": 0.43333333333333335, "79Q": 0.18433333333333332, "9AQ": 0.13466666666666666, "9JQ": 0.14966666666666667, "39Q": 0.5316666666666666, "99Q": 0.15166666666666667, "89Q": 0.17666666666666667, "9QQ": 0.146, "69Q": 0.14933333333333335, "49Q": 0.5366666666666666, "779": 0.19566666666666666, "79A": 0.197, "79J": 0.432, "379": 0.5633333333333334, "799": 0.194, "789": 0.4106666666666667, "679": 0.27666666666666667, "479": 0.5596666666666666, "9AJ": 0.18933333333333333, "9AA": 0.16, "39A": 0.5413333333333333, "99A": 0.15666666666666668, "89A": 0.183, "69A": 0.154, "49A": 0.542, "39J": 0.568, "99J": 0.18166666666666667, "89J": 0.44466666666666665, "69J": 0.18433333333333332, "49J": 0.5383333333333333, "9JJ": 0.176, "399": 0.5723333333333334, "389": 0.563, "369": 0.5253333333333333, "349": 0.8403333333333334, "339": 0.9126666666666666, "899": 0.18866666666666668, "699": 0.16066666666666668, "499": 0.5733333333333334, "999": 0.19166666666666668, "689": 0.179, "889": 0.18433333333333332, "489": 0.5373333333333333, "469": 0.5366666666666666, "669": 0.16833333333333333, "449": 0.9016666666666666, "55Q": 0.21033333333333334, "557": 0.5186666666666667, "55A": 0.213, "55J": 0.44033333333333335, "355": 0.6036666666666667, "558": 0.431, "556": 0.4256666666666667, "455": 0.5903333333333334, "555": 0.227, "57Q": 0.32766666666666666, "5AQ": 0.15933333333333333, "5JQ": 0.19933333333333333, "35Q": 0.551, "58Q": 0.195, "5QQ": 0.183, "56Q": 0.37366666666666665, "45Q": 0.5456666666666666, "577": 0.30733333333333335, "57A": 0.296, "57J": 0.5186666666666667, "357": 0.5916666666666667, "578": 0.4866666666666667, "567": 0.8336666666666667, "457": 0.554, "5AJ": 0.212, "5AA": 0.17333333333333334, "35A": 0.5503333333333333, "58A": 0.19866666666666666, "56A": 0.382, "45A": 0.5606666666666666, "35J": 0.597, "58J": 0.43666666666666665, "56J": 0.42233333333333334, "45J": 0.5866666666666667, "5JJ": 0.215, "358": 0.5793333333333334, "356": 0.5773333333333334, "345": 0.7516666666666667, "335": 0.9116666666666666, "568": 0.37266666666666665, "588": 0.212, "458": 0.5323333333333333, "456": 0.5483333333333333, "566": 0.389, "445": 0.892, "77Q": 0.20933333333333334, "7AQ": 0.19566666666666666, "7JQ": 0.44066666666666665, "37Q": 0.5746666666666667, "78Q": 0.43166666666666664, "7QQ": 0.20933333333333334, "67Q": 0.2733333333333333, "47Q": 0.569, "AJQ": 0.15666666666666668, "AAQ": 0.14,