{"AKQ": 0.8103333333333333, "5AQ": 0.848, "8AQ": 0.812, "9AQ": 0.83, "3AQ": 0.8366666666666667, "4AQ": 0.8223333333333334, "AQT": 0.7893333333333333, "2AQ": 0.927, "AJQ": 0.7566666666666667, "6AQ": 0.834, "AAQ": 0.937, "7AQ": 0.8536666666666667, "AQQ": 0.8156666666666667, "5KQ": 0.44733333333333336, "8KQ": 0.42333333333333334, "9KQ": 0.4216666666666667, "3KQ": 0.44266666666666665, "4KQ": 0.42133333333333334, "KKQ": 0.545, "KQT": 0.4713333333333333, "2KQ": 0.602, "JKQ": 0.4493333333333333, "6KQ": 0.4573333333333333, "7KQ": 0.44733333333333336, "KQQ": 0.5216666666666666, "58Q": 0.422, "59Q": 0.407, "35Q": 0.434, "45Q": 0.42233333333333334, "5QT": 0.4266666666666667, "25Q": 0.6016666666666667, "5JQ": 0.41333333333333333, "55Q": 0.519, "56Q": 0.442, "57Q": 0.42866666666666664, "5QQ": 0.542, "89Q": 0.39066666666666666, "38Q": 0.41133333333333333, "88Q": 0.5086666666666667, "48Q": 0.4083333333333333, "8QT": 0.4066666666666667, "28Q": 0.595, "8JQ": 0.3953333333333333, "68Q": 0.39266666666666666, "78Q": 0.42, "8QQ": 0.5106666666666667, "39Q": 0.42733333333333334, "49Q": 0.414, "9QT": 0.37733333333333335, "29Q": 0.5833333333333334, "9JQ": 0.37333333333333335, "69Q": 0.4106666666666667, "99Q": 0.5046666666666667, "79Q": 0.4176666666666667, "9QQ": 0.54, "34Q": 0.41433333333333333, "3QT": 0.41433333333333333, "23Q": 0.596, "3JQ": 0.42333333333333334, "36Q": 0.43766666666666665, "33Q": 0.506, "37Q": 0.43533333333333335, "3QQ": 0.5283333333333333, "4QT": 0.424, "24Q": 0.5656666666666667, "44Q": 0.5153333333333333, "4JQ": 0.37766666666666665, "46Q": 0.4023333333333333, "47Q": 0.42966666666666664, "4QQ": 0.519, "2QT": 0.5786666666666667, "QTT": 0.515, "JQT": 0.45266666666666666, "6QT": 0.44133333333333336, "7QT": 0.442, "QQT": 0.5363333333333333, "2JQ": 0.575, "26Q": 0.6153333333333333, "22Q": 0.9633333333333334, "27Q": 0.6013333333333334, "2QQ": 0.694, "6JQ": 0.422, "JJQ": 0.512, "7JQ": 0.4226666666666667, "JQQ": 0.49566666666666664, "66Q": 0.5226666666666666, "67Q": 0.4036666666666667, "6QQ": 0.5523333333333333, "7QQ": 0.5423333333333333, "77Q": 0.5346666666666666, "QQQ": 0.645, "5AK": 0.8413333333333334, "8AK": 0.8216666666666667, "9AK": 0.8336666666666667, "3AK": 0.82, "4AK": 0.8376666666666667, "AKK": 0.825, "AKT": 0.771, "2AK": 0.9333333333333333, "AJK": 0.7943333333333333, "6AK": 0.846, "AAK": 0.9133333333333333, "7AK": 0.8476666666666667, "58A": 0.8323333333333334, "59A": 0.8336666666666667, "35A": 0.8326666666666667, "45A": 0.8386666666666667, "5AT": 0.8523333333333334, "25A": 0.9146666666666666, "5AJ": 0.8423333333333334, "55A": 0.8396666666666667, "56A": 0.832, "5AA": 0.9456666666666667, "57A": 0.815, "89A": 0.799, "38A": 0.832, "88A": 0.8376666666666667, "48A": 0.8393333333333334, "8AT": 0.788, "28A": 0.925, "8AJ": 0.8233333333333334, "68A": 0.8196666666666667, "8AA": 0.9163333333333333, "78A": 0.815, "39A": 0.8556666666666667, "49A": 0.8483333333333334, "9AT": 0.8053333333333333, "29A": 0.929, "9AJ": 0.8233333333333334, "69A": 0.829, "99A": 0.821, "9AA": 0.9446666666666667, "79A": 0.848, "34A": 0.8433333333333334, "3AT": 0.8056666666666666, "23A": 0.9333333333333333, "3AJ": 0.8323333333333334, "36A": 0.833, "33A": 0.8306666666666667, "3AA": 0.928, "37A": 0.841, "4AT": 0.8363333333333334, "24A": 0.932, "44A": 0.8213333333333334, "4AJ": 0.8076666666666666, "46A": 0.829, "4AA": 0.9513333333333334, "47A": 0.8283333333333334, "2AT": 0.928, "ATT": 0.8053333333333333, "AJT": 0.7816666666666666, "6AT": 0.828, "AAT": 0.9043333333333333, "7AT": 0.8196666666666667, "2AJ": 0.927, "26A": 0.9283333333333333, "2AA": 0.9873333333333333, "22A": 0.9833333333333333, "27A": 0.9303333333333333, "6AJ": 0.836, "AJJ": 0.8076666666666666, "AAJ": 0.9356666666666666, "7AJ": 0.8236666666666667, "66A": 0.838, "6AA": 0.943, "67A": 0.807, "7AA": 0.939, "AAA": 1.0, "77A": 0.8303333333333334, "58K": 0.41733333333333333, "59K": 0.43566666666666665, "35K": 0.432, "45K": 0.43833333333333335, "5KK": 0.5296666666666666, "5KT": 0.43533333333333335, "25K": 0.6246666666666667, "5JK": 0.43766666666666665, "55K": 0.512, "56K": 0.452, "57K": 0.41833333333333333, "89K": 0.413, "38K": 0.3943333333333333, "88K": 0.5033333333333333, "48K": 0.43166666666666664, "8KK": 0.5043333333333333, "8KT": 0.37766666666666665, "28K": 0.595, "8JK": 0.42333333333333334, "68K": 0.41233333333333333, "78K": 0.396, "39K": 0.41333333333333333, "49K": 0.43066666666666664, "9KK": 0.5173333333333333, "9KT": 0.39566666666666667, "29K": 0.5983333333333334, "9JK": 0.4023333333333333, "69K": 0.41733333333333333, "99K": 0.5323333333333333, "79K": 0.419, "34K": 0.436, "3KK": 0.5173333333333333, "3KT": 0.3883333333333333, "23K": 0.5536666666666666, "3JK": 0.422, "36K": 0.43466666666666665, "33K": 0.5093333333333333, "37K": 0.42133333333333334, "4KK": 0.532, "4KT": 0.424, "24K": 0.5886666666666667, "44K": 0.528, "4JK": 0.41533333333333333, "46K": 0.43833333333333335, "47K": 0.41633333333333333, "KKT": 0.518, "2KK": 0.6793333333333333, "KKK": 0.635, "JKK": 0.5363333333333333, "6KK": 0.5506666666666666, "7KK": 0.5543333333333333, "2KT": 0.565, "KTT": 0.49933333333333335, "JKT": 0.464, "6KT": 0.43066666666666664, "7KT": 0.43966666666666665, "2JK": 0.6126666666666667, "26K": 0.6173333333333333, "22K": 0.9443333333333334, "27K": 0.6123333333333333, "6JK": 0.446, "JJK": 0.5456666666666666, "7JK": 0.44233333333333336, "66K": 0.5066666666666667, "67K": 0.42766666666666664, "77K": 0.5263333333333333, "589": 0.409, "358": 0.4216666666666667, "588": 0.5146666666666667, "458": 0.4053333333333333, "58T": 0.396, "258": 0.602, "58J": 0.41633333333333333, "558": 0.491, "568": 0.412, "578": 0.376, "359": 0.425, "459": 0.4176666666666667, "59T": 0.41933333333333334, "259": 0.6196666666666667, "59J": 0.413, "559": 0.523, "569": 0.42, "599": 0.53, "579": 0.408, "345": 0.4583333333333333, "35T": 0.42333333333333334, "235": 0.5863333333333334, "35J": 0.4563333333333333, "355": 0.507, "356": 0.468, "335": 0.5306666666666666, "357": 0.4033333333333333, "45T": 0.437, "245": 0.5806666666666667, "445": 0.513, "45J": 0.4083333333333333, "455": 0.5206666666666667, "456": 0.4706666666666667, "457": 0.3993333333333333, "25T": 0.6123333333333333, "5TT": 0.5223333333333333, "5JT": 0.4236666666666667, "55T": 0.5136666666666667, "56T": 0.438, "57T": 0.42633333333333334, "25J": 0.612, "255": 0.6746666666666666, "256": 0.696, "225": 0.9486666666666667, "257": 0.6053333333333333, "55J": 0.5076666666666667, "56J": 0.46366666666666667, "5JJ": 0.534, "57J": 0.4106666666666667, "556": 0.504, "557": 0.5076666666666667, "555": 0.6313333333333333, "566": 0.5323333333333333, "567": 0.403, "577": 0.521, "389": 0.407, "889": 0.49333333333333335, "489": 0.4156666666666667, "89T": 0.3616666666666667, "289": 0.57, "89J": 0.38433333333333336, "689": 0.371, "899": 0.518, "789": 0.38666666666666666, "388": 0.5083333333333333, "348": 0.42333333333333334, "38T": 0.376, "238": 0.563, "38J": 0.416, "368": 0.39466666666666667, "338": 0.5203333333333333, "378": 0.39566666666666667, "488": 0.5023333333333333, "88T": 0.5, "288": 0.664, "88J": 0.49966666666666665, "688": 0.507, "788": 0.5083333333333333, "888": 0.615, "48T": 0.4076666666666667, "248": 0.5866666666666667, "448": 0.5173333333333333, "48J": 0.41333333333333333, "468": 0.405, "478": 0.399, "28T": 0.5556666666666666, "8TT": 0.49, "8JT": 0.38533333333333336, "68T": 0.37766666666666665, "78T": 0.382, "28J": 0.5623333333333334, "268": 0.5786666666666667, "228": 0.9283333333333333, "278": 0.5633333333333334, "68J": 0.412, "8JJ": 0.5006666666666667, "78J": 0.397, "668": 0.5006666666666667, "678": 0.358, "778": 0.47, "349": 0.43, "39T": 0.40166666666666667, "239": 0.5906666666666667, "39J": 0.425, "369": 0.44866666666666666, "339": 0.5343333333333333, "399": 0.5313333333333333, "379": 0.41133333333333333, "49T": 0.41633333333333333, "249": 0.602, "449": 0.533, "49J": 0.389, "469": 0.42533333333333334, "499": 0.5233333333333333, "479": 0.44233333333333336, "29T": 0.5586666666666666, "9TT": 0.5223333333333333, "9JT": 0.371,