{"5JQ": 0.5383333333333333, "5AQ": 0.5796666666666667, "5QQ": 0.631, "55Q": 0.9346666666666666, "59Q": 0.5743333333333334, "35Q": 0.619, "5KQ": 0.5776666666666667, "25Q": 0.6496666666666666, "57Q": 0.5836666666666667, "58Q": 0.5736666666666667, "45Q": 0.861, "56Q": 0.5743333333333334, "5QT": 0.5373333333333333, "AJQ": 0.16733333333333333, "JQQ": 0.17866666666666667, "9JQ": 0.17733333333333334, "3JQ": 0.17466666666666666, "JKQ": 0.156, "2JQ": 0.17233333333333334, "7JQ": 0.191, "8JQ": 0.2, "4JQ": 0.5663333333333334, "JJQ": 0.21066666666666667, "6JQ": 0.199, "JQT": 0.143, "AQQ": 0.17733333333333334, "AAQ": 0.199, "9AQ": 0.18566666666666667, "3AQ": 0.19266666666666668, "AKQ": 0.15433333333333332, "2AQ": 0.157, "7AQ": 0.20433333333333334, "8AQ": 0.208, "4AQ": 0.5766666666666667, "6AQ": 0.20033333333333334, "AQT": 0.165, "9QQ": 0.221, "3QQ": 0.22733333333333333, "KQQ": 0.17666666666666667, "QQQ": 0.22566666666666665, "2QQ": 0.20133333333333334, "7QQ": 0.217, "8QQ": 0.22133333333333333, "4QQ": 0.6176666666666667, "6QQ": 0.24533333333333332, "QQT": 0.187, "39Q": 0.21733333333333332, "9KQ": 0.17766666666666667, "29Q": 0.19766666666666666, "79Q": 0.208, "89Q": 0.3233333333333333, "99Q": 0.21733333333333332, "49Q": 0.568, "69Q": 0.22566666666666665, "9QT": 0.17033333333333334, "3KQ": 0.19166666666666668, "33Q": 0.19366666666666665, "23Q": 0.29933333333333334, "37Q": 0.29633333333333334, "38Q": 0.20533333333333334, "34Q": 0.644, "36Q": 0.4146666666666667, "3QT": 0.19266666666666668, "KKQ": 0.21366666666666667, "2KQ": 0.16766666666666666, "7KQ": 0.188, "8KQ": 0.202, "4KQ": 0.5876666666666667, "6KQ": 0.217, "KQT": 0.16266666666666665, "22Q": 0.197, "27Q": 0.193, "28Q": 0.19933333333333333, "24Q": 0.6283333333333333, "26Q": 0.3253333333333333, "2QT": 0.17366666666666666, "78Q": 0.32133333333333336, "77Q": 0.24133333333333334, "47Q": 0.5953333333333334, "67Q": 0.42333333333333334, "7QT": 0.19, "48Q": 0.5673333333333334, "68Q": 0.31466666666666665, "8QT": 0.20333333333333334, "88Q": 0.21333333333333335, "46Q": 0.5983333333333334, "4QT": 0.5376666666666666, "44Q": 0.9326666666666666, "6QT": 0.19233333333333333, "66Q": 0.22666666666666666, "QTT": 0.213, "5AJ": 0.5596666666666666, "55J": 0.911, "59J": 0.5416666666666666, "35J": 0.5156666666666667, "5JK": 0.5616666666666666, "25J": 0.6346666666666667, "57J": 0.5593333333333333, "58J": 0.5443333333333333, "45J": 0.8346666666666667, "5JJ": 0.6133333333333333, "56J": 0.4623333333333333, "5JT": 0.426, "5AA": 0.6366666666666667, "55A": 0.9183333333333333, "59A": 0.5746666666666667, "35A": 0.6306666666666667, "5AK": 0.5696666666666667, "25A": 0.6196666666666667, "57A": 0.5816666666666667, "58A": 0.588, "45A": 0.8646666666666667, "56A": 0.563, "5AT": 0.5426666666666666, "559": 0.927, "355": 0.919, "55K": 0.916, "255": 0.9196666666666666, "557": 0.9273333333333333, "558": 0.9206666666666666, "455": 0.9833333333333333, "556": 0.8956666666666667, "55T": 0.9096666666666666, "555": 1.0, "359": 0.6243333333333333, "59K": 0.578, "259": 0.6136666666666667, "579": 0.533, "589": 0.5256666666666666, "599": 0.627, "459": 0.8403333333333334, "569": 0.5273333333333333, "59T": 0.532, "35K": 0.6096666666666667, "335": 0.619, "235": 0.6726666666666666, "357": 0.637, "358": 0.6093333333333333, "345": 0.7746666666666666, "356": 0.551, "35T": 0.5216666666666666, "5KK": 0.6273333333333333, "25K": 0.6103333333333333, "57K": 0.5753333333333334, "58K": 0.592, "45K": 0.87, "56K": 0.5526666666666666, "5KT": 0.5443333333333333, "225": 0.6523333333333333, "257": 0.6306666666666667, "258": 0.6256666666666667, "245": 0.8486666666666667, "256": 0.6183333333333333, "25T": 0.6036666666666667, "578": 0.5613333333333334, "577": 0.6193333333333333, "457": 0.78, "567": 0.5603333333333333, "57T": 0.559, "458": 0.8013333333333333, "568": 0.5566666666666666, "58T": 0.546, "588": 0.6173333333333333, "456": 0.704, "45T": 0.8286666666666667, "445": 0.9813333333333333, "56T": 0.46366666666666667, "566": 0.6103333333333333, "5TT": 0.602, "AAJ": 0.18366666666666667, "9AJ": 0.14833333333333334, "3AJ": 0.175, "AJK": 0.15766666666666668, "2AJ": 0.16, "7AJ": 0.20266666666666666, "8AJ": 0.17533333333333334, "4AJ": 0.5843333333333334, "AJJ": 0.18333333333333332, "6AJ": 0.202, "AJT": 0.14733333333333334, "39J": 0.185, "9JK": 0.15166666666666667, "29J": 0.178, "79J": 0.17533333333333334, "89J": 0.18066666666666667, "99J": 0.17966666666666667, "49J": 0.5746666666666667, "9JJ": 0.20533333333333334, "69J": 0.19133333333333333, "9JT": 0.14233333333333334, "3JK": 0.17733333333333334, "33J": 0.18233333333333332, "23J": 0.29, "37J": 0.30666666666666664, "38J": 0.181, "34J": 0.6276666666666667, "3JJ": 0.20266666666666666, "36J": 0.33166666666666667, "3JT": 0.13966666666666666, "JKK": 0.176, "2JK": 0.16166666666666665, "7JK": 0.19866666666666666, "8JK": 0.17866666666666667, "4JK": 0.5723333333333334, "JJK": 0.184, "6JK": 0.19866666666666666, "JKT": 0.148, "22J": 0.17866666666666667, "27J": 0.186, "28J": 0.17733333333333334, "24J": 0.635, "2JJ": 0.20233333333333334, "26J": 0.31033333333333335, "2JT": 0.166, "78J": 0.2823333333333333, "77J": 0.20866666666666667, "47J": 0.583, "7JJ": 0.20766666666666667, "67J": 0.4066666666666667, "7JT": 0.17833333333333334, "48J": 0.5776666666666667, "8JJ": 0.222, "68J": 0.296, "8JT": 0.156, "88J": 0.19733333333333333, "4JJ": 0.6253333333333333, "46J": 0.581, "4JT": 0.5436666666666666, "44J": 0.9316666666666666, "6JJ": 0.20666666666666667, "JJT": 0.171, "JJJ": 0.216, "6JT": 0.15333333333333332, "66J": 0.21833333333333332, "JTT": 0.16233333333333333, "AAA": 0.21766666666666667, "9AA": 0.205, "3AA": 0.221, "AAK": 0.18366666666666667, "2AA": 0.195, "7AA": 0.21333333333333335, "8AA": 0.22266666666666668, "4AA": 0.6316666666666667, "6AA": 0.23, "AAT": 0.18066666666666667, "39A": 0.187, "9AK": 0.167, "29A": 0.16766666666666666, "79A": 0.182, "89A": 0.205, "99A": 0.18166666666666667, "49A": 0.5843333333333334, "69A": 0.191, "9AT": 0.17233333333333334, "3AK": 0.17533333333333334, "33A": 0.18033333333333335, "23A": 0.2926666666666667, "37A": 0.3016666666666667, "38A": 0.18833333333333332, "34A": 0.634, "36A": 0.40166666666666667, "3AT": 0.17666666666666667, "AKK": 0.179, "2AK": 0.13766666666666666, "7AK": 0.187, "8AK": 0.164, "4AK": 0.555, "6AK": 0.20833333333333334, "AKT": 0.15533333333333332, "22A": 0.17466666666666666, "27A": 0.19333333333333333, "28A": 0.183, "24A": 0.6073333333333333, "26A": 0.295, "2AT": 0.16366666666666665, "78A": 0.2916666666666667, "77A": 0.22066666666666668, "47A": 0.5823333333333334, "67A": 0.42733333333333334, "7AT": 0.199, "48A": 0.606, "68A": 0.30766666666666664, "8AT": 0.17666666666666667, "88A": 0.19633333333333333, "46A": 0.602, "4AT": 0.588, "44A": 0.9136666666666666, "6AT": 0.195, "66A": 0.22333333333333333, "ATT": 0.18833333333333332, "39K": 0.188, "339": 0.19366666666666665, "239": 0.297, "379": 0.283, "389": 0.19033333333333333, "399": 0.23133333333333334, "349": 0.6353333333333333, "369": 0.41433333333333333, "39T": 0.18233333333333332, "9KK": 0.20833333333333334, "29K": 0.16666666666666666, "79K": 0.189, "89K": 0.19533333333333333, "99K": 0.18166666666666667, "49K": 0.5823333333333334, "69K": 0.20666666666666667, "9KT": 0.15933333333333333, "229": 0.19233333333333333, "279": 0.18233333333333332, "289": 0.208, "299": 0.20866666666666667, "249": 0.6456666666666667, "269": 0.314, "29T": 0.177, "789": 0.24366666666666667, "779": 0.22866666666666666, "799": 0.22433333333333333, "479": 0.5636666666666666, "679": 0.35133333333333333, "79T": 0.165, "899": 0.209, "489": 0.565, "689": 0.2673333333333333, "89T": 0.15966666666666668, "889": 0.20933333333333334, "499": 0.6253333333333333, "699": 0.208, "99T": 0.17466666666666666, "999": 0.221, "469": 0.5733333333333334, "49T": 0.562, "449": 0.9366666666666666, "69T": 0.17466666666666666, "669": 0.20633333333333334, "9TT": 0.19833333333333333, "33K": 0.19166666666666668, "3KK": 0.21033333333333334, "23K": 0.2916666666666667, "37K": 0.317, "38K": 0.17833333333333334, "34K": 0.646,