{"AKQ": 0.2906666666666667, "KQQ": 0.32866666666666666, "7KQ": 0.2713333333333333, "6KQ": 0.26166666666666666, "JKQ": 0.3636666666666667, "2KQ": 0.287, "3KQ": 0.596, "KKQ": 0.337, "4KQ": 0.2876666666666667, "KQT": 0.37966666666666665, "8KQ": 0.289, "5KQ": 0.29933333333333334, "9KQ": 0.6323333333333333, "7AK": 0.273, "6AK": 0.254, "AAK": 0.31766666666666665, "AJK": 0.29833333333333334, "2AK": 0.261, "3AK": 0.5963333333333334, "AKK": 0.3433333333333333, "4AK": 0.2633333333333333, "AKT": 0.30833333333333335, "8AK": 0.259, "5AK": 0.2723333333333333, "9AK": 0.6663333333333333, "67K": 0.24866666666666667, "7JK": 0.2783333333333333, "27K": 0.23166666666666666, "37K": 0.579, "7KK": 0.279, "47K": 0.23233333333333334, "7KT": 0.2846666666666667, "78K": 0.26066666666666666, "57K": 0.23733333333333334, "79K": 0.6726666666666666, "77K": 0.2823333333333333, "6JK": 0.25766666666666665, "26K": 0.232, "36K": 0.5496666666666666, "6KK": 0.29133333333333333, "66K": 0.277, "46K": 0.224, "6KT": 0.2773333333333333, "68K": 0.24166666666666667, "56K": 0.243, "69K": 0.6653333333333333, "2JK": 0.292, "3JK": 0.5756666666666667, "JKK": 0.3353333333333333, "4JK": 0.298, "JKT": 0.38233333333333336, "8JK": 0.29433333333333334, "5JK": 0.2946666666666667, "JJK": 0.343, "9JK": 0.6053333333333333, "23K": 0.6646666666666666, "2KK": 0.309, "24K": 0.27666666666666667, "2KT": 0.29233333333333333, "28K": 0.248, "25K": 0.26, "22K": 0.2803333333333333, "29K": 0.7133333333333334, "3KK": 0.6303333333333333, "34K": 0.569, "3KT": 0.5906666666666667, "38K": 0.6016666666666667, "35K": 0.5823333333333334, "39K": 0.8783333333333333, "33K": 0.9496666666666667, "4KK": 0.29233333333333333, "KKT": 0.333, "8KK": 0.30466666666666664, "5KK": 0.291, "9KK": 0.7276666666666667, "KKK": 0.35733333333333334, "44K": 0.2693333333333333, "4KT": 0.297, "48K": 0.24933333333333332, "45K": 0.27166666666666667, "49K": 0.702, "8KT": 0.31233333333333335, "5KT": 0.2866666666666667, "9KT": 0.6003333333333334, "KTT": 0.3363333333333333, "58K": 0.25433333333333336, "89K": 0.671, "88K": 0.283, "59K": 0.6913333333333334, "55K": 0.2733333333333333, "99K": 0.9136666666666666, "AQQ": 0.3466666666666667, "7AQ": 0.26866666666666666, "6AQ": 0.268, "AAQ": 0.3576666666666667, "AJQ": 0.315, "2AQ": 0.2866666666666667, "3AQ": 0.5986666666666667, "4AQ": 0.294, "AQT": 0.3273333333333333, "8AQ": 0.294, "5AQ": 0.298, "9AQ": 0.6506666666666666, "7QQ": 0.2936666666666667, "6QQ": 0.298, "JQQ": 0.378, "2QQ": 0.31, "3QQ": 0.646, "4QQ": 0.315, "QQT": 0.37266666666666665, "8QQ": 0.324, "5QQ": 0.31266666666666665, "9QQ": 0.7223333333333334, "QQQ": 0.356, "67Q": 0.24833333333333332, "7JQ": 0.28833333333333333, "27Q": 0.25466666666666665, "37Q": 0.5803333333333334, "47Q": 0.26466666666666666, "7QT": 0.2926666666666667, "78Q": 0.2783333333333333, "57Q": 0.2806666666666667, "79Q": 0.68, "77Q": 0.299, "6JQ": 0.29933333333333334, "26Q": 0.26766666666666666, "36Q": 0.5726666666666667, "66Q": 0.2743333333333333, "46Q": 0.253, "6QT": 0.302, "68Q": 0.269, "56Q": 0.2733333333333333, "69Q": 0.6686666666666666, "2JQ": 0.4206666666666667, "3JQ": 0.5896666666666667, "4JQ": 0.43466666666666665, "JQT": 0.5076666666666667, "8JQ": 0.47933333333333333, "5JQ": 0.43833333333333335, "JJQ": 0.36233333333333334, "9JQ": 0.6476666666666666, "23Q": 0.641, "24Q": 0.38533333333333336, "2QT": 0.42733333333333334, "28Q": 0.392, "25Q": 0.4116666666666667, "22Q": 0.302, "29Q": 0.6993333333333334, "34Q": 0.58, "3QT": 0.5823333333333334, "38Q": 0.6003333333333334, "35Q": 0.5773333333333334, "39Q": 0.8653333333333333, "33Q": 0.948, "44Q": 0.29733333333333334, "4QT": 0.436, "48Q": 0.4026666666666667, "45Q": 0.393, "49Q": 0.7026666666666667, "8QT": 0.4806666666666667, "5QT": 0.43466666666666665, "9QT": 0.6363333333333333, "QTT": 0.3496666666666667, "58Q": 0.3893333333333333, "89Q": 0.6683333333333333, "88Q": 0.28933333333333333, "59Q": 0.7076666666666667, "55Q": 0.2986666666666667, "99Q": 0.913, "67A": 0.23833333333333334, "7AA": 0.3006666666666667, "7AJ": 0.2786666666666667, "27A": 0.23933333333333334, "37A": 0.582, "47A": 0.237, "7AT": 0.2823333333333333, "78A": 0.248, "57A": 0.24366666666666667, "79A": 0.6763333333333333, "77A": 0.29133333333333333, "6AA": 0.29, "6AJ": 0.275, "26A": 0.239, "36A": 0.5856666666666667, "66A": 0.27266666666666667, "46A": 0.239, "6AT": 0.2793333333333333, "68A": 0.24133333333333334, "56A": 0.257, "69A": 0.7146666666666667, "AAJ": 0.3606666666666667, "2AA": 0.304, "3AA": 0.6506666666666666, "4AA": 0.31633333333333336, "AAT": 0.35433333333333333, "8AA": 0.32466666666666666, "5AA": 0.32366666666666666, "AAA": 0.37266666666666665, "9AA": 0.7323333333333333, "2AJ": 0.28833333333333333, "3AJ": 0.5973333333333334, "4AJ": 0.2806666666666667, "AJT": 0.31966666666666665, "8AJ": 0.2976666666666667, "5AJ": 0.274, "AJJ": 0.33466666666666667, "9AJ": 0.637, "23A": 0.6433333333333333, "24A": 0.26066666666666666, "2AT": 0.288, "28A": 0.24766666666666667, "25A": 0.271, "22A": 0.285, "29A": 0.7043333333333334, "34A": 0.5753333333333334, "3AT": 0.5926666666666667, "38A": 0.589, "35A": 0.5756666666666667, "39A": 0.8836666666666667, "33A": 0.94, "44A": 0.29333333333333333, "4AT": 0.2806666666666667, "48A": 0.24533333333333332, "45A": 0.26366666666666666, "49A": 0.702, "8AT": 0.31866666666666665, "5AT": 0.26966666666666667, "9AT": 0.6183333333333333, "ATT": 0.352, "58A": 0.25666666666666665, "89A": 0.675, "88A": 0.29733333333333334, "59A": 0.6956666666666667, "55A": 0.277, "99A": 0.9343333333333333, "67J": 0.24266666666666667, "267": 0.24666666666666667, "367": 0.5313333333333333, "667": 0.25166666666666665, "467": 0.296, "67T": 0.31166666666666665, "678": 0.4076666666666667, "567": 0.36333333333333334, "679": 0.6473333333333333, "677": 0.279, "27J": 0.27166666666666667, "37J": 0.6003333333333334, "47J": 0.25433333333333336, "7JT": 0.38266666666666665, "78J": 0.357, "57J": 0.2663333333333333, "7JJ": 0.29, "79J": 0.6476666666666666, "77J": 0.28833333333333333, "237": 0.6293333333333333, "247": 0.24233333333333335, "27T": 0.275, "278": 0.25333333333333335, "257": 0.247, "227": 0.24433333333333335, "279": 0.7233333333333334, "277": 0.2793333333333333, "347": 0.5546666666666666, "37T": 0.592, "378": 0.59, "357": 0.5443333333333333, "379": 0.8793333333333333, "377": 0.6136666666666667, "337": 0.923, "447": 0.23133333333333334, "47T": 0.26566666666666666, "478": 0.235, "457": 0.31166666666666665, "479": 0.7303333333333333, "477": 0.258, "78T": 0.429, "57T": 0.2703333333333333, "79T": 0.604, "77T": 0.31466666666666665, "7TT": 0.31433333333333335, "578": 0.313, "789": 0.628, "778": 0.299, "788": 0.25266666666666665, "579": 0.709, "577": 0.2793333333333333, "557": 0.24566666666666667, "779": 0.697, "799": 0.8963333333333333, "777": 0.299, "26J": 0.25866666666666666, "36J": 0.564, "66J": 0.2836666666666667, "46J": 0.26866666666666666, "6JT": 0.30533333333333335, "68J": 0.285, "56J": 0.27366666666666667, "6JJ": 0.299, "69J": 0.68, "236": 0.6063333333333333, "266": 0.2703333333333333, "246": 0.33466666666666667, "26T": 0.25966666666666666, "268": 0.25833333333333336, "256": 0.31866666666666665, "226": 0.25, "269": 0.75, "366": 0.616, "346": 0.5023333333333333, "36T": 0.5723333333333334, "368": 0.593, "356": 0.5083333333333333, "369": 0.8636666666666667, "336": 0.9206666666666666, "466": 0.263, "66T": 0.2793333333333333, "668": 0.2643333333333333, "566": 0.25766666666666665, "669": 0.6983333333333334, "666": 0.31566666666666665, "446": 0.25233333333333335, "46T": 0.26966666666666667, "468": 0.23833333333333334, "456": 0.38, "469": 0.742, "68T": 0.3616666666666667, "56T": 0.26566666666666666, "69T": 0.6573333333333333, "6TT": 0.29433333333333334, "568": 0.317, "689": 0.6413333333333333, "688": 0.24133333333333334, "569": 0.6923333333333334, "556": 0.26366666666666666, "699": 0.9203333333333333, "23J": 0.6496666666666666, "24J": 0.3983333333333333, "2JT": 0.42133333333333334, "28J": 0.4063333333333333, "25J": 0.394, "22J": 0.29733333333333334, "2JJ": 0.31, "29J": 0.6996666666666667,