{"7AK": 0.27166666666666667, "5AK": 0.2803333333333333, "2AK": 0.25, "AAK": 0.3263333333333333, "9AK": 0.6523333333333333, "AJK": 0.2956666666666667, "AKT": 0.31233333333333335, "AKK": 0.3453333333333333, "3AK": 0.5946666666666667, "8AK": 0.2876666666666667, "6AK": 0.27166666666666667, "AKQ": 0.309, "4AK": 0.2733333333333333, "57K": 0.23666666666666666, "27K": 0.23466666666666666, "79K": 0.6476666666666666, "77K": 0.291, "7JK": 0.273, "7KT": 0.2853333333333333, "7KK": 0.2843333333333333, "37K": 0.5853333333333334, "78K": 0.258, "67K": 0.23733333333333334, "7KQ": 0.25866666666666666, "47K": 0.21633333333333332, "25K": 0.236, "59K": 0.6736666666666666, "5JK": 0.269, "5KT": 0.2673333333333333, "5KK": 0.2853333333333333, "35K": 0.5716666666666667, "58K": 0.25833333333333336, "56K": 0.24133333333333334, "5KQ": 0.2693333333333333, "55K": 0.282, "45K": 0.276, "29K": 0.6773333333333333, "2JK": 0.25466666666666665, "2KT": 0.25766666666666665, "2KK": 0.29233333333333333, "23K": 0.61, "28K": 0.23566666666666666, "26K": 0.23433333333333334, "2KQ": 0.26666666666666666, "22K": 0.26966666666666667, "24K": 0.233, "99K": 0.9056666666666666, "9JK": 0.5943333333333334, "9KT": 0.599, "9KK": 0.6756666666666666, "39K": 0.8766666666666667, "89K": 0.6726666666666666, "69K": 0.6483333333333333, "9KQ": 0.6053333333333333, "49K": 0.7113333333333334, "JKT": 0.361, "JKK": 0.328, "3JK": 0.602, "8JK": 0.27666666666666667, "6JK": 0.261, "JKQ": 0.357, "4JK": 0.26366666666666666, "JJK": 0.3303333333333333, "KKT": 0.342, "3KT": 0.6073333333333333, "8KT": 0.28933333333333333, "6KT": 0.2813333333333333, "KQT": 0.36666666666666664, "KTT": 0.352, "4KT": 0.277, "3KK": 0.646, "8KK": 0.2976666666666667, "KKK": 0.37033333333333335, "6KK": 0.286, "KKQ": 0.347, "4KK": 0.29633333333333334, "38K": 0.595, "36K": 0.5876666666666667, "3KQ": 0.5976666666666667, "33K": 0.9533333333333334, "34K": 0.5823333333333334, "68K": 0.247, "8KQ": 0.2856666666666667, "88K": 0.29, "48K": 0.24133333333333334, "6KQ": 0.27, "46K": 0.23166666666666666, "66K": 0.27, "KQQ": 0.335, "4KQ": 0.27266666666666667, "44K": 0.2833333333333333, "57A": 0.25566666666666665, "27A": 0.24166666666666667, "7AA": 0.29233333333333333, "79A": 0.6726666666666666, "77A": 0.29733333333333334, "7AJ": 0.2673333333333333, "7AT": 0.287, "37A": 0.5963333333333334, "78A": 0.264, "67A": 0.229, "7AQ": 0.26033333333333336, "47A": 0.238, "25A": 0.26033333333333336, "5AA": 0.31466666666666665, "59A": 0.6893333333333334, "5AJ": 0.29033333333333333, "5AT": 0.278, "35A": 0.5793333333333334, "58A": 0.39066666666666666, "56A": 0.267, "5AQ": 0.3, "55A": 0.29533333333333334, "45A": 0.39866666666666667, "2AA": 0.289, "29A": 0.7083333333333334, "2AJ": 0.2806666666666667, "2AT": 0.27266666666666667, "23A": 0.6543333333333333, "28A": 0.25733333333333336, "26A": 0.24666666666666667, "2AQ": 0.2786666666666667, "22A": 0.287, "24A": 0.259, "9AA": 0.741, "AAJ": 0.3423333333333333, "AAT": 0.32233333333333336, "3AA": 0.6586666666666666, "8AA": 0.31033333333333335, "6AA": 0.30866666666666664, "AAQ": 0.329, "AAA": 0.377, "4AA": 0.31466666666666665, "99A": 0.9433333333333334, "9AJ": 0.6263333333333333, "9AT": 0.6136666666666667, "39A": 0.905, "89A": 0.669, "69A": 0.6726666666666666, "9AQ": 0.6393333333333333, "49A": 0.7123333333333334, "AJT": 0.314, "3AJ": 0.6023333333333334, "8AJ": 0.31, "6AJ": 0.24566666666666667, "AJQ": 0.3243333333333333, "4AJ": 0.30366666666666664, "AJJ": 0.3436666666666667, "3AT": 0.582, "8AT": 0.32, "6AT": 0.2853333333333333, "AQT": 0.323, "ATT": 0.3416666666666667, "4AT": 0.29933333333333334, "38A": 0.5766666666666667, "36A": 0.5736666666666667, "3AQ": 0.607, "33A": 0.9483333333333334, "34A": 0.571, "68A": 0.275, "8AQ": 0.2836666666666667, "88A": 0.30466666666666664, "48A": 0.39266666666666666, "6AQ": 0.267, "46A": 0.2813333333333333, "66A": 0.2693333333333333, "AQQ": 0.3486666666666667, "4AQ": 0.289, "44A": 0.2796666666666667, "257": 0.21833333333333332, "579": 0.672, "577": 0.276, "57J": 0.242, "57T": 0.256, "357": 0.5526666666666666, "578": 0.334, "567": 0.3433333333333333, "57Q": 0.234, "557": 0.268, "457": 0.2786666666666667, "279": 0.693, "277": 0.25133333333333335, "27J": 0.23566666666666666, "27T": 0.25666666666666665, "237": 0.6303333333333333, "278": 0.23033333333333333, "267": 0.223, "27Q": 0.23033333333333333, "227": 0.239, "247": 0.20866666666666667, "779": 0.6806666666666666, "799": 0.898, "79J": 0.519, "79T": 0.5966666666666667, "379": 0.8476666666666667, "789": 0.6076666666666667, "679": 0.544, "79Q": 0.6456666666666667, "479": 0.7113333333333334, "77J": 0.2826666666666667, "77T": 0.32166666666666666, "377": 0.64, "778": 0.262, "677": 0.2733333333333333, "77Q": 0.31066666666666665, "777": 0.31233333333333335, "477": 0.24733333333333332, "7JT": 0.342, "37J": 0.5703333333333334, "78J": 0.31866666666666665, "67J": 0.20733333333333334, "7JQ": 0.25766666666666665, "47J": 0.22766666666666666, "7JJ": 0.29433333333333334, "37T": 0.5953333333333334, "78T": 0.41333333333333333, "67T": 0.33266666666666667, "7QT": 0.30266666666666664, "7TT": 0.3233333333333333, "47T": 0.261, "378": 0.5963333333333334, "367": 0.5343333333333333, "37Q": 0.589, "337": 0.9166666666666666, "347": 0.5483333333333333, "678": 0.3586666666666667, "78Q": 0.25366666666666665, "788": 0.26166666666666666, "478": 0.243, "67Q": 0.23566666666666666, "467": 0.2936666666666667, "667": 0.25933333333333336, "7QQ": 0.29633333333333334, "47Q": 0.216, "447": 0.25766666666666665, "259": 0.747, "25J": 0.249, "25T": 0.23966666666666667, "235": 0.5863333333333334, "258": 0.25366666666666665, "256": 0.31866666666666665, "25Q": 0.24466666666666667, "255": 0.255, "225": 0.2763333333333333, "245": 0.317, "599": 0.9333333333333333, "59J": 0.666, "59T": 0.6696666666666666, "359": 0.8843333333333333, "589": 0.6933333333333334, "569": 0.6616666666666666, "59Q": 0.6856666666666666, "559": 0.718, "459": 0.736, "5JT": 0.29233333333333333, "35J": 0.582, "58J": 0.2733333333333333, "56J": 0.235, "5JQ": 0.27666666666666667, "55J": 0.2753333333333333, "45J": 0.2613333333333333, "5JJ": 0.305, "35T": 0.585, "58T": 0.26166666666666666, "56T": 0.249, "5QT": 0.2956666666666667, "55T": 0.282, "5TT": 0.30666666666666664, "45T": 0.26366666666666666, "358": 0.565, "356": 0.5136666666666667, "35Q": 0.5993333333333334, "355": 0.617, "335": 0.9183333333333333, "345": 0.5116666666666667, "568": 0.31266666666666665, "58Q": 0.258, "558": 0.2683333333333333, "588": 0.2733333333333333, "458": 0.359, "56Q": 0.24566666666666667, "556": 0.2733333333333333, "456": 0.37466666666666665, "566": 0.265, "55Q": 0.2786666666666667, "5QQ": 0.303, "45Q": 0.26766666666666666, "455": 0.2793333333333333, "555": 0.31966666666666665, "445": 0.2663333333333333, "299": 0.926, "29J": 0.6506666666666666, "29T": 0.68, "239": 0.9173333333333333, "289": 0.7226666666666667, "269": 0.7146666666666667, "29Q": 0.7096666666666667, "229": 0.7203333333333334, "249": 0.749, "2JT": 0.281, "23J": 0.6473333333333333, "28J": 0.24933333333333332, "26J": 0.22966666666666666, "2JQ": 0.2843333333333333, "22J": 0.26666666666666666, "24J": 0.23666666666666666, "2JJ": 0.2966666666666667, "23T": 0.6383333333333333, "28T": 0.24533333333333332, "26T": 0.24266666666666667, "2QT": 0.30866666666666664, "22T": 0.272, "2TT": 0.3, "24T": 0.24833333333333332, "238": 0.6593333333333333, "236": 0.5903333333333334, "23Q": 0.6356666666666667, "223": 0.6536666666666666, "233": 0.9523333333333334, "234": 0.5933333333333334, "268": 0.23566666666666666, "28Q": 0.23666666666666666, "228": 0.25133333333333335, "288": 0.24466666666666667, "248": 0.23466666666666666, "26Q": 0.24066666666666667, "226": 0.25233333333333335, "246": 0.2986666666666667, "266": 0.249, "22Q": 0.2823333333333333, "2QQ": 0.30366666666666664, "24Q": 0.24466666666666667, "224": 0.2846666666666667, "222": 0.30733333333333335, "244": 0.27266666666666667, "99J": 0.8866666666666667, "99T": 0.8933333333333333, "399": 0.9856666666666667, "899": 0.8983333333333333, "699": 0.9056666666666666,