{"4JK": 0.44966666666666666, "JKT": 0.5393333333333333, "6JK": 0.6466666666666666, "3JK": 0.492, "JKQ": 0.5293333333333333, "5JK": 0.478, "2JK": 0.464, "7JK": 0.4866666666666667, "JKK": 0.559, "AJK": 0.798, "9JK": 0.4563333333333333, "8JK": 0.45766666666666667, "JJK": 0.577, "4KT": 0.485, "46K": 0.6713333333333333, "34K": 0.501, "4KQ": 0.48, "45K": 0.4796666666666667, "24K": 0.4816666666666667, "47K": 0.479, "44K": 0.5576666666666666, "4KK": 0.5613333333333334, "4AK": 0.8403333333333334, "49K": 0.481, "48K": 0.4856666666666667, "6KT": 0.67, "3KT": 0.5083333333333333, "KQT": 0.5386666666666666, "5KT": 0.4816666666666667, "2KT": 0.489, "7KT": 0.5006666666666667, "KTT": 0.5483333333333333, "KKT": 0.5903333333333334, "AKT": 0.7966666666666666, "9KT": 0.44466666666666665, "8KT": 0.4726666666666667, "66K": 0.932, "36K": 0.6963333333333334, "6KQ": 0.6666666666666666, "56K": 0.6743333333333333, "26K": 0.687, "67K": 0.6516666666666666, "6KK": 0.7296666666666667, "6AK": 0.8973333333333333, "69K": 0.6426666666666667, "68K": 0.6186666666666667, "3KQ": 0.501, "35K": 0.5106666666666667, "23K": 0.4816666666666667, "33K": 0.545, "37K": 0.5046666666666667, "3KK": 0.5773333333333334, "3AK": 0.8336666666666667, "39K": 0.48033333333333333, "38K": 0.4593333333333333, "5KQ": 0.47433333333333333, "2KQ": 0.48733333333333334, "7KQ": 0.5093333333333333, "KQQ": 0.5873333333333334, "KKQ": 0.5896666666666667, "AKQ": 0.795, "9KQ": 0.467, "8KQ": 0.45166666666666666, "25K": 0.5106666666666667, "57K": 0.48633333333333334, "55K": 0.562, "5KK": 0.5846666666666667, "5AK": 0.8293333333333334, "59K": 0.515, "58K": 0.4693333333333333, "27K": 0.4856666666666667, "2KK": 0.558, "22K": 0.5606666666666666, "2AK": 0.847, "29K": 0.46066666666666667, "28K": 0.4736666666666667, "7KK": 0.5806666666666667, "7AK": 0.828, "79K": 0.5056666666666667, "78K": 0.464, "77K": 0.5543333333333333, "AKK": 0.8256666666666667, "9KK": 0.5566666666666666, "8KK": 0.564, "KKK": 0.6896666666666667, "9AK": 0.8173333333333334, "8AK": 0.7353333333333333, "AAK": 0.9346666666666666, "89K": 0.436, "99K": 0.566, "88K": 0.562, "4JT": 0.4553333333333333, "46J": 0.592, "34J": 0.4603333333333333, "4JQ": 0.464, "45J": 0.4856666666666667, "24J": 0.4056666666666667, "47J": 0.4656666666666667, "44J": 0.532, "4AJ": 0.8326666666666667, "49J": 0.448, "48J": 0.45666666666666667, "4JJ": 0.552, "6JT": 0.6253333333333333, "3JT": 0.48833333333333334, "JQT": 0.514, "5JT": 0.4673333333333333, "2JT": 0.4493333333333333, "7JT": 0.47533333333333333, "JTT": 0.58, "AJT": 0.807, "9JT": 0.4126666666666667, "8JT": 0.425, "JJT": 0.564, "66J": 0.9313333333333333, "36J": 0.6823333333333333, "6JQ": 0.6363333333333333, "56J": 0.6483333333333333, "26J": 0.5893333333333334, "67J": 0.6193333333333333, "6AJ": 0.904, "69J": 0.6323333333333333, "68J": 0.6206666666666667, "6JJ": 0.7433333333333333, "3JQ": 0.499, "35J": 0.49533333333333335, "23J": 0.4593333333333333, "33J": 0.564, "37J": 0.5053333333333333, "3AJ": 0.859, "39J": 0.47733333333333333, "38J": 0.4603333333333333, "3JJ": 0.5846666666666667, "5JQ": 0.482, "2JQ": 0.46366666666666667, "7JQ": 0.47633333333333333, "JQQ": 0.5776666666666667, "AJQ": 0.8066666666666666, "9JQ": 0.43733333333333335, "8JQ": 0.45666666666666667, "JJQ": 0.5666666666666667, "25J": 0.473, "57J": 0.4656666666666667, "55J": 0.5693333333333334, "5AJ": 0.8656666666666667, "59J": 0.4653333333333333, "58J": 0.489, "5JJ": 0.5943333333333334, "27J": 0.4543333333333333, "22J": 0.503, "2AJ": 0.8373333333333334, "29J": 0.43733333333333335, "28J": 0.43766666666666665, "2JJ": 0.5636666666666666, "7AJ": 0.8633333333333333, "79J": 0.452, "78J": 0.475, "7JJ": 0.5776666666666667, "77J": 0.5646666666666667, "9AJ": 0.8466666666666667, "8AJ": 0.8106666666666666, "AJJ": 0.8463333333333334, "AAJ": 0.9253333333333333, "89J": 0.436, "99J": 0.5406666666666666, "9JJ": 0.5656666666666667, "8JJ": 0.573, "88J": 0.5483333333333333, "JJJ": 0.6836666666666666, "46T": 0.6623333333333333, "34T": 0.5043333333333333, "4QT": 0.5003333333333333, "45T": 0.49466666666666664, "24T": 0.45766666666666667, "47T": 0.519, "44T": 0.5473333333333333, "4TT": 0.5736666666666667, "4AT": 0.8613333333333333, "49T": 0.469, "48T": 0.48933333333333334, "466": 0.9126666666666666, "346": 0.6663333333333333, "46Q": 0.6793333333333333, "456": 0.6296666666666667, "246": 0.6193333333333333, "467": 0.612, "446": 0.705, "46A": 0.9033333333333333, "469": 0.6526666666666666, "468": 0.637, "34Q": 0.497, "345": 0.6216666666666667, "234": 0.5343333333333333, "334": 0.5706666666666667, "347": 0.5673333333333334, "344": 0.5533333333333333, "34A": 0.864, "349": 0.497, "348": 0.4806666666666667, "45Q": 0.48966666666666664, "24Q": 0.4686666666666667, "47Q": 0.5113333333333333, "44Q": 0.5506666666666666, "4QQ": 0.5966666666666667, "4AQ": 0.867, "49Q": 0.47633333333333333, "48Q": 0.4856666666666667, "245": 0.5336666666666666, "457": 0.6206666666666667, "445": 0.5756666666666667, "455": 0.5576666666666666, "45A": 0.8483333333333334, "459": 0.5223333333333333, "458": 0.5706666666666667, "247": 0.4493333333333333, "244": 0.5406666666666666, "224": 0.5463333333333333, "24A": 0.838, "249": 0.47, "248": 0.46366666666666667, "447": 0.5556666666666666, "47A": 0.8516666666666667, "479": 0.48533333333333334, "478": 0.549, "477": 0.5803333333333334, "444": 0.6673333333333333, "44A": 0.8556666666666667, "449": 0.563, "448": 0.5526666666666666, "49A": 0.8696666666666667, "48A": 0.8433333333333334, "4AA": 0.9403333333333334, "489": 0.479, "499": 0.5843333333333334, "488": 0.5816666666666667, "66T": 0.946, "36T": 0.7013333333333334, "6QT": 0.6583333333333333, "56T": 0.6893333333333334, "26T": 0.6873333333333334, "67T": 0.6313333333333333, "6TT": 0.752, "6AT": 0.9303333333333333, "69T": 0.6143333333333333, "68T": 0.614, "3QT": 0.6583333333333333, "35T": 0.515, "23T": 0.5233333333333333, "33T": 0.5666666666666667, "37T": 0.6536666666666666, "3TT": 0.587, "3AT": 0.8543333333333333, "39T": 0.488, "38T": 0.49433333333333335, "5QT": 0.484, "2QT": 0.49566666666666664, "7QT": 0.646, "QTT": 0.5766666666666667, "QQT": 0.582, "AQT": 0.818, "9QT": 0.46066666666666667, "8QT": 0.4756666666666667, "25T": 0.5006666666666667, "57T": 0.5103333333333333, "5TT": 0.5746666666666667, "55T": 0.5663333333333334, "5AT": 0.865, "59T": 0.472, "58T": 0.48033333333333333, "27T": 0.49333333333333335, "2TT": 0.5603333333333333, "22T": 0.5476666666666666, "2AT": 0.8626666666666667, "29T": 0.464, "28T": 0.484, "7TT": 0.5973333333333334, "7AT": 0.8453333333333334, "79T": 0.52, "78T": 0.5406666666666666, "77T": 0.5723333333333334, "ATT": 0.8126666666666666, "9TT": 0.559, "8TT": 0.5543333333333333, "TTT": 0.679, "9AT": 0.8386666666666667, "8AT": 0.8216666666666667, "AAT": 0.95, "89T": 0.485, "99T": 0.5456666666666666, "88T": 0.5676666666666667, "366": 0.949, "66Q": 0.9546666666666667, "566": 0.9416666666666667, "266": 0.94, "667": 0.925, "66A": 0.9893333333333333, "669": 0.9356666666666666, "668": 0.9003333333333333, "666": 0.9996666666666667, "36Q": 0.7213333333333334, "356": 0.6656666666666666, "236": 0.688, "336": 0.735, "367": 0.667, "36A": 0.9283333333333333, "369": 0.684, "368": 0.697, "56Q": 0.6773333333333333, "26Q": 0.692, "67Q": 0.6536666666666666, "6QQ": 0.7636666666666667, "6AQ": 0.9343333333333333, "69Q": 0.6303333333333333, "68Q": 0.6386666666666667, "256": 0.69, "567": 0.6083333333333333, "556": 0.7093333333333334, "56A": 0.9116666666666666, "569": 0.6616666666666666, "568": 0.632, "267": 0.6756666666666666, "226": 0.689, "26A": 0.9213333333333333, "269": 0.6816666666666666, "268": 0.6556666666666666, "67A": 0.9086666666666666, "679": 0.593, "678": 0.556, "677": 0.718, "69A": 0.9236666666666666, "68A": 0.8903333333333333, "6AA": 0.992, "689": 0.5816666666666667, "699": 0.7456666666666667, "688": 0.7403333333333333, "35Q": 0.5163333333333333, "23Q": 0.5146666666666667, "33Q": 0.5876666666666667, "37Q": 0.654, "3QQ": 0.577, "3AQ": 0.8476666666666667, "39Q": 0.48733333333333334, "38Q": 0.5086666666666667, "235": 0.5516666666666666,