{"6KT": 0.21633333333333332, "69K": 0.22633333333333333, "67K": 0.6443333333333333, "56K": 0.32766666666666666, "36K": 0.5736666666666667, "46K": 0.33366666666666667, "6AK": 0.19866666666666666, "26K": 0.20466666666666666, "6KQ": 0.21, "6KK": 0.22233333333333333, "68K": 0.21933333333333332, "6JK": 0.19966666666666666, "66K": 0.207, "9KT": 0.22233333333333333, "7KT": 0.5926666666666667, "5KT": 0.20366666666666666, "3KT": 0.5606666666666666, "KTT": 0.23466666666666666, "4KT": 0.20566666666666666, "AKT": 0.20066666666666666, "2KT": 0.18433333333333332, "KQT": 0.20833333333333334, "KKT": 0.24866666666666667, "8KT": 0.21733333333333332, "JKT": 0.19, "79K": 0.5783333333333334, "59K": 0.20666666666666667, "39K": 0.5583333333333333, "49K": 0.20066666666666666, "9AK": 0.20266666666666666, "29K": 0.19133333333333333, "9KQ": 0.20866666666666667, "9KK": 0.24033333333333334, "89K": 0.23533333333333334, "9JK": 0.20566666666666666, "99K": 0.22366666666666668, "57K": 0.6336666666666667, "37K": 0.8523333333333334, "47K": 0.6616666666666666, "7AK": 0.606, "27K": 0.668, "77K": 0.9013333333333333, "7KQ": 0.5916666666666667, "7KK": 0.6766666666666666, "78K": 0.5596666666666666, "7JK": 0.572, "35K": 0.5333333333333333, "45K": 0.31133333333333335, "55K": 0.22233333333333333, "5AK": 0.19333333333333333, "25K": 0.18033333333333335, "5KQ": 0.19633333333333333, "5KK": 0.22933333333333333, "58K": 0.18533333333333332, "5JK": 0.19333333333333333, "34K": 0.5806666666666667, "3AK": 0.5623333333333334, "33K": 0.947, "23K": 0.6296666666666667, "3KQ": 0.5546666666666666, "3KK": 0.6166666666666667, "38K": 0.5576666666666666, "3JK": 0.5373333333333333, "4AK": 0.19866666666666666, "24K": 0.203, "4KQ": 0.201, "44K": 0.22433333333333333, "4KK": 0.23, "48K": 0.184, "4JK": 0.19833333333333333, "AAK": 0.23, "2AK": 0.19866666666666666, "AKQ": 0.195, "AKK": 0.227, "8AK": 0.162, "AJK": 0.17066666666666666, "2KQ": 0.206, "2KK": 0.21333333333333335, "28K": 0.183, "22K": 0.21166666666666667, "2JK": 0.19633333333333333, "KKQ": 0.235, "8KQ": 0.20633333333333334, "KQQ": 0.22533333333333333, "JKQ": 0.20266666666666666, "8KK": 0.23166666666666666, "KKK": 0.25533333333333336, "JKK": 0.24033333333333334, "88K": 0.219, "8JK": 0.17633333333333334, "JJK": 0.228, "69T": 0.28933333333333333, "67T": 0.613, "56T": 0.316, "36T": 0.568, "6TT": 0.25833333333333336, "46T": 0.33666666666666667, "6AT": 0.21433333333333332, "26T": 0.21033333333333334, "6QT": 0.213, "68T": 0.29933333333333334, "6JT": 0.224, "66T": 0.22466666666666665, "679": 0.5493333333333333, "569": 0.39566666666666667, "369": 0.5623333333333334, "469": 0.324, "69A": 0.22133333333333333, "269": 0.22166666666666668, "69Q": 0.20733333333333334, "689": 0.381, "69J": 0.22833333333333333, "699": 0.23566666666666666, "669": 0.23333333333333334, "567": 0.617, "367": 0.797, "467": 0.6483333333333333, "67A": 0.643, "267": 0.6996666666666667, "677": 0.9103333333333333, "67Q": 0.635, "678": 0.523, "67J": 0.6456666666666667, "667": 0.6646666666666666, "356": 0.5666666666666667, "456": 0.869, "556": 0.31366666666666665, "56A": 0.33, "256": 0.30133333333333334, "56Q": 0.29933333333333334, "568": 0.36133333333333334, "56J": 0.31733333333333336, "566": 0.331, "346": 0.5753333333333334, "36A": 0.5576666666666666, "336": 0.916, "236": 0.5793333333333334, "36Q": 0.5496666666666666, "368": 0.5726666666666667, "36J": 0.585, "366": 0.6103333333333333, "46A": 0.307, "246": 0.4086666666666667, "46Q": 0.32966666666666666, "446": 0.3283333333333333, "468": 0.31166666666666665, "46J": 0.32033333333333336, "466": 0.34933333333333333, "6AA": 0.235, "26A": 0.20333333333333334, "6AQ": 0.20066666666666666, "68A": 0.20966666666666667, "6AJ": 0.2, "66A": 0.221, "26Q": 0.21766666666666667, "268": 0.20933333333333334, "226": 0.21533333333333332, "26J": 0.196, "266": 0.216, "68Q": 0.20833333333333334, "6QQ": 0.24033333333333334, "6JQ": 0.199, "66Q": 0.22033333333333333, "688": 0.24966666666666668, "68J": 0.19566666666666666, "668": 0.21733333333333332, "6JJ": 0.25633333333333336, "66J": 0.21033333333333334, "666": 0.248, "79T": 0.492, "59T": 0.20633333333333334, "39T": 0.5433333333333333, "9TT": 0.251, "49T": 0.23866666666666667, "9AT": 0.22633333333333333, "29T": 0.20333333333333334, "9QT": 0.2, "89T": 0.36966666666666664, "9JT": 0.284, "99T": 0.232, "57T": 0.6286666666666667, "37T": 0.818, "7TT": 0.656, "47T": 0.6443333333333333, "7AT": 0.605, "27T": 0.648, "77T": 0.9036666666666666, "7QT": 0.5633333333333334, "78T": 0.518, "7JT": 0.5716666666666667, "35T": 0.55, "5TT": 0.23433333333333334, "45T": 0.31366666666666665, "55T": 0.21233333333333335, "5AT": 0.212, "25T": 0.187, "5QT": 0.19666666666666666, "58T": 0.21366666666666667, "5JT": 0.20466666666666666, "3TT": 0.6243333333333333, "34T": 0.5653333333333334, "3AT": 0.5703333333333334, "33T": 0.9366666666666666, "23T": 0.6306666666666667, "3QT": 0.5496666666666666, "38T": 0.5686666666666667, "3JT": 0.5626666666666666, "TTT": 0.26966666666666667, "4TT": 0.25466666666666665, "ATT": 0.24666666666666667, "2TT": 0.25066666666666665, "QTT": 0.24, "8TT": 0.24233333333333335, "JTT": 0.24, "4AT": 0.20266666666666666, "24T": 0.19833333333333333, "4QT": 0.207, "44T": 0.223, "48T": 0.21766666666666667, "4JT": 0.19066666666666668, "AAT": 0.25266666666666665, "2AT": 0.19966666666666666, "AQT": 0.23133333333333334, "8AT": 0.20933333333333334, "AJT": 0.202, "2QT": 0.18833333333333332, "28T": 0.19933333333333333, "22T": 0.20866666666666667, "2JT": 0.19233333333333333, "8QT": 0.20833333333333334, "QQT": 0.24366666666666667, "JQT": 0.20366666666666666, "88T": 0.26033333333333336, "8JT": 0.265, "JJT": 0.259, "579": 0.48933333333333334, "379": 0.709, "479": 0.619, "79A": 0.5806666666666667, "279": 0.6436666666666667, "779": 0.89, "79Q": 0.47733333333333333, "789": 0.4766666666666667, "79J": 0.5493333333333333, "799": 0.62, "359": 0.459, "459": 0.2843333333333333, "559": 0.22066666666666668, "59A": 0.21233333333333335, "259": 0.18866666666666668, "59Q": 0.172, "589": 0.278, "59J": 0.216, "599": 0.23166666666666666, "349": 0.542, "39A": 0.577, "339": 0.923, "239": 0.6076666666666667, "39Q": 0.45566666666666666, "389": 0.554, "39J": 0.5543333333333333, "399": 0.604, "49A": 0.217, "249": 0.199, "49Q": 0.187, "449": 0.22233333333333333, "489": 0.22733333333333333, "49J": 0.211, "499": 0.23433333333333334, "9AA": 0.239, "29A": 0.19366666666666665, "9AQ": 0.20833333333333334, "89A": 0.22666666666666666, "9AJ": 0.21933333333333332, "99A": 0.235, "29Q": 0.18366666666666667, "289": 0.22266666666666668, "229": 0.188, "29J": 0.18066666666666667, "299": 0.22133333333333333, "89Q": 0.221, "9QQ": 0.22, "9JQ": 0.192, "99Q": 0.223, "889": 0.2806666666666667, "89J": 0.27, "899": 0.25033333333333335, "9JJ": 0.22633333333333333, "99J": 0.22233333333333333, "999": 0.267, "357": 0.6973333333333334, "457": 0.656, "557": 0.623, "57A": 0.6506666666666666, "257": 0.6936666666666667, "577": 0.897, "57Q": 0.5426666666666666, "578": 0.5466666666666666, "57J": 0.6413333333333333, "347": 0.8276666666666667, "37A": 0.865, "337": 0.9833333333333333, "237": 0.8716666666666667, "377": 0.9886666666666667, "37Q": 0.7223333333333334, "378": 0.8396666666666667, "37J": 0.8403333333333334, "47A": 0.668, "247": 0.7143333333333334, "477": 0.9296666666666666, "47Q": 0.64, "447": 0.648, "478": 0.6063333333333333, "47J": 0.6656666666666666, "7AA": 0.6856666666666666, "27A": 0.6766666666666666, "77A": 0.915, "7AQ": 0.5863333333333334, "78A": 0.5693333333333334, "7AJ": 0.573, "277": 0.936, "27Q": 0.6483333333333333, "278": 0.6256666666666667, "227": 0.6586666666666666, "27J": 0.677, "77Q": 0.9066666666666666, "778": 0.8696666666666667, "77J": 0.8993333333333333, "777": 0.9996666666666667, "78Q": 0.5583333333333333, "7QQ": 0.6583333333333333, "7JQ": 0.578, "788": 0.644, "78J": 0.5303333333333333, "7JJ": 0.6676666666666666, "345": 0.5633333333333334, "355": 0.5763333333333334, "35A": 0.5463333333333333, "335": 0.9006666666666666, "235": 0.5866666666666667, "35Q": 0.4716666666666667,