{"9AK": 0.6623333333333333, "AJK": 0.2866666666666667, "AAK": 0.3626666666666667, "5AK": 0.31533333333333335, "8AK": 0.5343333333333333, "AKK": 0.37, "2AK": 0.302, "4AK": 0.2936666666666667, "6AK": 0.32966666666666666, "7AK": 0.33666666666666667, "3AK": 0.2856666666666667, "AKT": 0.352, "AKQ": 0.3343333333333333, "9JK": 0.6356666666666667, "59K": 0.726, "89K": 0.8443333333333334, "9KK": 0.751, "29K": 0.7296666666666667, "49K": 0.727, "69K": 0.7166666666666667, "79K": 0.719, "39K": 0.705, "99K": 0.941, "9KT": 0.621, "9KQ": 0.652, "5JK": 0.32566666666666666, "8JK": 0.5576666666666666, "JKK": 0.38566666666666666, "2JK": 0.31466666666666665, "4JK": 0.30333333333333334, "6JK": 0.343, "7JK": 0.4036666666666667, "3JK": 0.31333333333333335, "JJK": 0.378, "JKT": 0.47533333333333333, "JKQ": 0.376, "58K": 0.706, "5KK": 0.357, "25K": 0.2876666666666667, "45K": 0.284, "56K": 0.4073333333333333, "57K": 0.417, "35K": 0.2843333333333333, "55K": 0.35, "5KT": 0.3423333333333333, "5KQ": 0.36533333333333334, "8KK": 0.72, "28K": 0.711, "48K": 0.7073333333333334, "68K": 0.698, "78K": 0.697, "38K": 0.703, "88K": 0.9336666666666666, "8KT": 0.6383333333333333, "8KQ": 0.6623333333333333, "2KK": 0.37366666666666665, "4KK": 0.371, "6KK": 0.36833333333333335, "7KK": 0.39066666666666666, "3KK": 0.35, "KKK": 0.42966666666666664, "KKT": 0.4076666666666667, "KKQ": 0.37866666666666665, "24K": 0.299, "26K": 0.29833333333333334, "27K": 0.31366666666666665, "23K": 0.2793333333333333, "22K": 0.323, "2KT": 0.3433333333333333, "2KQ": 0.311, "46K": 0.297, "47K": 0.30333333333333334, "34K": 0.281, "44K": 0.30833333333333335, "4KT": 0.3463333333333333, "4KQ": 0.33666666666666667, "67K": 0.5146666666666667, "36K": 0.30733333333333335, "66K": 0.339, "6KT": 0.454, "6KQ": 0.3496666666666667, "37K": 0.30333333333333334, "77K": 0.3486666666666667, "7KT": 0.5043333333333333, "7KQ": 0.37133333333333335, "33K": 0.31833333333333336, "3KT": 0.32666666666666666, "3KQ": 0.33066666666666666, "KQT": 0.3963333333333333, "KTT": 0.3923333333333333, "KQQ": 0.37466666666666665, "9AJ": 0.6676666666666666, "9AA": 0.7276666666666667, "59A": 0.741, "89A": 0.8426666666666667, "29A": 0.732, "49A": 0.7496666666666667, "69A": 0.7256666666666667, "79A": 0.7163333333333334, "39A": 0.697, "99A": 0.956, "9AT": 0.6533333333333333, "9AQ": 0.686, "AAJ": 0.37266666666666665, "5AJ": 0.32166666666666666, "8AJ": 0.552, "2AJ": 0.31933333333333336, "4AJ": 0.3313333333333333, "6AJ": 0.32466666666666666, "7AJ": 0.417, "3AJ": 0.328, "AJJ": 0.38366666666666666, "AJT": 0.5023333333333333, "AJQ": 0.3983333333333333, "5AA": 0.356, "8AA": 0.737, "2AA": 0.3466666666666667, "4AA": 0.3526666666666667, "6AA": 0.35733333333333334, "7AA": 0.38966666666666666, "3AA": 0.3453333333333333, "AAA": 0.43, "AAT": 0.392, "AAQ": 0.418, "58A": 0.696, "25A": 0.29333333333333333, "45A": 0.2836666666666667, "56A": 0.417, "57A": 0.44133333333333336, "35A": 0.29133333333333333, "55A": 0.3453333333333333, "5AT": 0.3516666666666667, "5AQ": 0.372, "28A": 0.7016666666666667, "48A": 0.7096666666666667, "68A": 0.6913333333333334, "78A": 0.7156666666666667, "38A": 0.714, "88A": 0.918, "8AT": 0.6303333333333333, "8AQ": 0.651, "24A": 0.30833333333333335, "26A": 0.307, "27A": 0.3293333333333333, "23A": 0.2853333333333333, "22A": 0.345, "2AT": 0.3416666666666667, "2AQ": 0.3343333333333333, "46A": 0.30366666666666664, "47A": 0.31266666666666665, "34A": 0.291, "44A": 0.32, "4AT": 0.3433333333333333, "4AQ": 0.3453333333333333, "67A": 0.5216666666666666, "36A": 0.30266666666666664, "66A": 0.3283333333333333, "6AT": 0.44966666666666666, "6AQ": 0.349, "37A": 0.30933333333333335, "77A": 0.3873333333333333, "7AT": 0.5173333333333333, "7AQ": 0.36666666666666664, "33A": 0.332, "3AT": 0.327, "3AQ": 0.3283333333333333, "AQT": 0.4256666666666667, "ATT": 0.38666666666666666, "AQQ": 0.373, "59J": 0.7103333333333334, "89J": 0.7766666666666666, "29J": 0.7273333333333334, "49J": 0.724, "69J": 0.7163333333333334, "79J": 0.741, "39J": 0.7073333333333334, "99J": 0.94, "9JJ": 0.75, "9JT": 0.6383333333333333, "9JQ": 0.658, "589": 0.8463333333333334, "259": 0.7846666666666666, "459": 0.7533333333333333, "569": 0.743, "579": 0.7563333333333333, "359": 0.73, "599": 0.9626666666666667, "559": 0.7216666666666667, "59T": 0.6993333333333334, "59Q": 0.7226666666666667, "289": 0.8916666666666667, "489": 0.8886666666666667, "689": 0.8096666666666666, "789": 0.7786666666666666, "389": 0.8646666666666667, "899": 0.989, "889": 0.9903333333333333, "89T": 0.733, "89Q": 0.8413333333333334, "249": 0.763, "269": 0.768, "279": 0.7893333333333333, "239": 0.748, "299": 0.944, "229": 0.7336666666666667, "29T": 0.697, "29Q": 0.731, "469": 0.766, "479": 0.7613333333333333, "349": 0.7323333333333333, "499": 0.9476666666666667, "449": 0.7676666666666667, "49T": 0.7026666666666667, "49Q": 0.728, "679": 0.7613333333333333, "369": 0.746, "699": 0.96, "669": 0.7453333333333333, "69T": 0.6926666666666667, "69Q": 0.7226666666666667, "379": 0.748, "799": 0.953, "779": 0.7173333333333334, "79T": 0.7113333333333334, "79Q": 0.708, "399": 0.9373333333333334, "339": 0.724, "39T": 0.5836666666666667, "39Q": 0.7063333333333334, "99T": 0.9063333333333333, "99Q": 0.9386666666666666, "999": 0.9996666666666667, "9QT": 0.6346666666666667, "9TT": 0.7246666666666667, "9QQ": 0.7546666666666667, "58J": 0.703, "25J": 0.318, "45J": 0.30866666666666664, "56J": 0.434, "57J": 0.5136666666666667, "35J": 0.31233333333333335, "55J": 0.3473333333333333, "5JJ": 0.388, "5JT": 0.5173333333333333, "5JQ": 0.43033333333333335, "28J": 0.7253333333333334, "48J": 0.7016666666666667, "68J": 0.6843333333333333, "78J": 0.712, "38J": 0.6973333333333334, "8JJ": 0.737, "88J": 0.924, "8JT": 0.6916666666666667, "8JQ": 0.676, "24J": 0.314, "26J": 0.308, "27J": 0.397, "23J": 0.30433333333333334, "2JJ": 0.382, "22J": 0.336, "2JT": 0.503, "2JQ": 0.3983333333333333, "46J": 0.306, "47J": 0.4093333333333333, "34J": 0.28633333333333333, "4JJ": 0.4003333333333333, "44J": 0.325, "4JT": 0.505, "4JQ": 0.4026666666666667, "67J": 0.526, "36J": 0.318, "6JJ": 0.38033333333333336, "66J": 0.342, "6JT": 0.5093333333333333, "6JQ": 0.43633333333333335, "37J": 0.4063333333333333, "7JJ": 0.47933333333333333, "77J": 0.443, "7JT": 0.9346666666666666, "7JQ": 0.444, "33J": 0.335, "3JJ": 0.376, "3JT": 0.509, "3JQ": 0.397, "JJT": 0.5526666666666666, "JJQ": 0.4683333333333333, "JJJ": 0.43333333333333335, "JQT": 0.8566666666666667, "JTT": 0.5223333333333333, "JQQ": 0.44866666666666666, "258": 0.7553333333333333, "458": 0.709, "568": 0.737, "578": 0.7303333333333333, "358": 0.7716666666666666, "558": 0.7476666666666667, "588": 0.9283333333333333, "58T": 0.7243333333333334, "58Q": 0.713, "245": 0.282, "256": 0.4, "257": 0.417, "235": 0.25, "255": 0.30466666666666664, "225": 0.306, "25T": 0.30833333333333335, "25Q": 0.3233333333333333, "456": 0.341, "457": 0.38166666666666665, "345": 0.24366666666666667, "455": 0.283, "445": 0.294, "45T": 0.29833333333333334, "45Q": 0.30733333333333335, "567": 0.8723333333333333, "356": 0.37133333333333335, "556": 0.44533333333333336, "566": 0.4176666666666667, "56T": 0.43266666666666664, "56Q": 0.509, "357": 0.4023333333333333, "557": 0.417, "577": 0.429, "57T": 0.5193333333333333, "57Q": 0.514, "355": 0.277, "335": 0.3283333333333333, "35T": 0.298, "35Q": 0.3313333333333333, "555": 0.368, "55T": 0.345, "55Q": 0.36433333333333334, "5QT": 0.443, "5TT": 0.3983333333333333, "5QQ": 0.37933333333333336, "248": 0.7513333333333333, "268": 0.7576666666666667, "278": 0.7676666666666667, "238": 0.782, "228": 0.7536666666666667, "288": 0.9633333333333334, "28T": 0.7096666666666667, "28Q": 0.7373333333333333, "468": 0.706, "478": 0.741, "348": 0.7613333333333333, "488": 0.948, "448": 0.7356666666666667, "48T": 0.721, "48Q": 0.7366666666666667, "678": 0.7523333333333333, "368": 0.7586666666666667, "688": 0.9363333333333334, "668": 0.7126666666666667, "68T": 0.7276666666666667, "68Q": 0.7043333333333334, "378": 0.7743333333333333, "788": 0.923, "778": 0.7313333333333333,