{"AKT": 0.245, "KQT": 0.223, "9KT": 0.24466666666666667, "4KT": 0.24733333333333332, "8KT": 0.2713333333333333, "KKT": 0.25333333333333335, "6KT": 0.246, "5KT": 0.5966666666666667, "KTT": 0.27166666666666667, "2KT": 0.23, "7KT": 0.581, "3KT": 0.21833333333333332, "JKT": 0.22433333333333333, "AKQ": 0.257, "9AK": 0.4026666666666667, "4AK": 0.2703333333333333, "8AK": 0.4083333333333333, "AKK": 0.27266666666666667, "6AK": 0.25833333333333336, "AAK": 0.277, "5AK": 0.616, "2AK": 0.38166666666666665, "7AK": 0.6243333333333333, "3AK": 0.264, "AJK": 0.265, "9KQ": 0.2673333333333333, "4KQ": 0.24366666666666667, "8KQ": 0.29, "KKQ": 0.26, "6KQ": 0.24066666666666667, "KQQ": 0.256, "5KQ": 0.6023333333333334, "2KQ": 0.22133333333333333, "7KQ": 0.623, "3KQ": 0.225, "JKQ": 0.233, "49K": 0.254, "89K": 0.467, "9KK": 0.2946666666666667, "69K": 0.3456666666666667, "59K": 0.606, "29K": 0.37766666666666665, "79K": 0.611, "39K": 0.2613333333333333, "99K": 0.2833333333333333, "9JK": 0.2776666666666667, "48K": 0.352, "4KK": 0.2773333333333333, "46K": 0.44666666666666666, "45K": 0.665, "24K": 0.23966666666666667, "44K": 0.255, "47K": 0.684, "34K": 0.31833333333333336, "4JK": 0.23833333333333334, "8KK": 0.301, "68K": 0.4593333333333333, "58K": 0.6223333333333333, "28K": 0.38966666666666666, "78K": 0.6156666666666667, "38K": 0.26866666666666666, "8JK": 0.295, "88K": 0.29733333333333334, "6KK": 0.2773333333333333, "5KK": 0.657, "2KK": 0.27166666666666667, "KKK": 0.30966666666666665, "7KK": 0.6793333333333333, "3KK": 0.26266666666666666, "JKK": 0.263, "56K": 0.582, "26K": 0.253, "67K": 0.6713333333333333, "36K": 0.3253333333333333, "66K": 0.252, "6JK": 0.24566666666666667, "55K": 0.9486666666666667, "25K": 0.672, "57K": 0.8763333333333333, "35K": 0.6396666666666667, "5JK": 0.596, "22K": 0.25533333333333336, "27K": 0.6776666666666666, "23K": 0.241, "2JK": 0.241, "37K": 0.682, "7JK": 0.593, "77K": 0.933, "3JK": 0.232, "33K": 0.238, "JJK": 0.27166666666666667, "AQT": 0.235, "9AT": 0.264, "4AT": 0.241, "8AT": 0.2926666666666667, "6AT": 0.247, "AAT": 0.24966666666666668, "5AT": 0.6166666666666667, "ATT": 0.27466666666666667, "2AT": 0.239, "7AT": 0.59, "3AT": 0.23033333333333333, "AJT": 0.23066666666666666, "9QT": 0.23033333333333333, "4QT": 0.24133333333333334, "8QT": 0.24233333333333335, "6QT": 0.22266666666666668, "QQT": 0.243, "5QT": 0.5726666666666667, "QTT": 0.248, "2QT": 0.22166666666666668, "7QT": 0.5683333333333334, "3QT": 0.229, "JQT": 0.221, "49T": 0.237, "89T": 0.37633333333333335, "69T": 0.326, "59T": 0.602, "9TT": 0.281, "29T": 0.24633333333333332, "79T": 0.5233333333333333, "39T": 0.23466666666666666, "99T": 0.25466666666666665, "9JT": 0.2796666666666667, "48T": 0.3566666666666667, "46T": 0.44366666666666665, "45T": 0.6463333333333333, "4TT": 0.2753333333333333, "24T": 0.218, "44T": 0.237, "47T": 0.6336666666666667, "34T": 0.32566666666666666, "4JT": 0.247, "68T": 0.43133333333333335, "58T": 0.6093333333333333, "8TT": 0.29533333333333334, "28T": 0.257, "78T": 0.51, "38T": 0.252, "8JT": 0.29433333333333334, "88T": 0.26666666666666666, "56T": 0.595, "6TT": 0.26966666666666667, "26T": 0.21933333333333332, "67T": 0.611, "36T": 0.33466666666666667, "66T": 0.244, "6JT": 0.24066666666666667, "5TT": 0.669, "55T": 0.917, "25T": 0.6576666666666666, "57T": 0.827, "35T": 0.6446666666666667, "5JT": 0.5666666666666667, "2TT": 0.2753333333333333, "7TT": 0.6453333333333333, "TTT": 0.2803333333333333, "3TT": 0.26033333333333336, "JTT": 0.25, "22T": 0.22366666666666668, "27T": 0.6426666666666667, "23T": 0.18866666666666668, "2JT": 0.20433333333333334, "37T": 0.639, "7JT": 0.4593333333333333, "77T": 0.894, "3JT": 0.223, "33T": 0.22566666666666665, "JJT": 0.24733333333333332, "9AQ": 0.265, "4AQ": 0.24566666666666667, "8AQ": 0.2753333333333333, "6AQ": 0.25466666666666665, "AAQ": 0.261, "AQQ": 0.27066666666666667, "5AQ": 0.5893333333333334, "2AQ": 0.23133333333333334, "7AQ": 0.6266666666666667, "3AQ": 0.21966666666666668, "AJQ": 0.23033333333333333, "49A": 0.2743333333333333, "89A": 0.46066666666666667, "69A": 0.375, "9AA": 0.296, "59A": 0.62, "29A": 0.37566666666666665, "79A": 0.599, "39A": 0.248, "99A": 0.2826666666666667, "9AJ": 0.2836666666666667, "48A": 0.357, "46A": 0.45366666666666666, "4AA": 0.2703333333333333, "45A": 0.6436666666666667, "24A": 0.24633333333333332, "44A": 0.24333333333333335, "47A": 0.6896666666666667, "34A": 0.3446666666666667, "4AJ": 0.23433333333333334, "68A": 0.465, "8AA": 0.323, "58A": 0.6253333333333333, "28A": 0.38433333333333336, "78A": 0.596, "38A": 0.2683333333333333, "8AJ": 0.29233333333333333, "88A": 0.301, "6AA": 0.2703333333333333, "56A": 0.591, "26A": 0.25466666666666665, "67A": 0.6693333333333333, "36A": 0.3323333333333333, "66A": 0.27466666666666667, "6AJ": 0.24866666666666667, "5AA": 0.661, "2AA": 0.2683333333333333, "7AA": 0.6903333333333334, "3AA": 0.2683333333333333, "AAA": 0.30966666666666665, "AAJ": 0.265, "55A": 0.949, "25A": 0.652, "57A": 0.875, "35A": 0.6453333333333333, "5AJ": 0.6036666666666667, "22A": 0.23666666666666666, "27A": 0.6876666666666666, "23A": 0.21566666666666667, "2AJ": 0.23633333333333334, "37A": 0.676, "7AJ": 0.595, "77A": 0.9453333333333334, "3AJ": 0.225, "33A": 0.23033333333333333, "AJJ": 0.25966666666666666, "49Q": 0.237, "89Q": 0.3616666666666667, "69Q": 0.325, "9QQ": 0.2653333333333333, "59Q": 0.5803333333333334, "29Q": 0.23633333333333334, "79Q": 0.6036666666666667, "39Q": 0.227, "99Q": 0.2743333333333333, "9JQ": 0.22833333333333333, "48Q": 0.357, "46Q": 0.436, "4QQ": 0.289, "45Q": 0.6413333333333333, "24Q": 0.22366666666666668, "44Q": 0.23266666666666666, "47Q": 0.683, "34Q": 0.32666666666666666, "4JQ": 0.24366666666666667, "68Q": 0.43433333333333335, "8QQ": 0.2826666666666667, "58Q": 0.5886666666666667, "28Q": 0.24533333333333332, "78Q": 0.6343333333333333, "38Q": 0.23766666666666666, "8JQ": 0.24466666666666667, "88Q": 0.2816666666666667, "6QQ": 0.27166666666666667, "56Q": 0.49266666666666664, "26Q": 0.213, "67Q": 0.6413333333333333, "36Q": 0.2723333333333333, "66Q": 0.261, "6JQ": 0.244, "5QQ": 0.6466666666666666, "2QQ": 0.24933333333333332, "QQQ": 0.2956666666666667, "7QQ": 0.6923333333333334, "3QQ": 0.25366666666666665, "JQQ": 0.258, "55Q": 0.924, "25Q": 0.6283333333333333, "57Q": 0.838, "35Q": 0.521, "5JQ": 0.5713333333333334, "22Q": 0.20266666666666666, "27Q": 0.6843333333333333, "23Q": 0.19666666666666666, "2JQ": 0.21166666666666667, "37Q": 0.6643333333333333, "7JQ": 0.5933333333333334, "77Q": 0.9093333333333333, "3JQ": 0.22133333333333333, "33Q": 0.23, "JJQ": 0.25833333333333336, "489": 0.35333333333333333, "469": 0.44333333333333336, "459": 0.6773333333333333, "249": 0.24266666666666667, "449": 0.254, "479": 0.6513333333333333, "349": 0.32266666666666666, "499": 0.2926666666666667, "49J": 0.25633333333333336, "689": 0.87, "589": 0.6293333333333333, "289": 0.45866666666666667, "789": 0.5623333333333334, "389": 0.36633333333333334, "899": 0.3863333333333333, "89J": 0.43433333333333335, "889": 0.388, "569": 0.602, "269": 0.3486666666666667, "679": 0.6266666666666667, "369": 0.437, "669": 0.3616666666666667, "699": 0.37133333333333335, "69J": 0.3446666666666667, "559": 0.9353333333333333, "259": 0.647, "579": 0.819, "359": 0.63, "599": 0.6593333333333333, "59J": 0.6063333333333333, "229": 0.245, "279": 0.6436666666666667, "239": 0.24533333333333332, "299": 0.3, "29J": 0.24, "379": 0.6686666666666666, "799": 0.6346666666666667, "79J": 0.5633333333333334, "779": 0.915, "399": 0.27666666666666667, "39J": 0.24133333333333334, "339": 0.23766666666666666, "99J": 0.24766666666666667, "999": 0.309, "9JJ": 0.2796666666666667, "468": 0.9413333333333334, "458": 0.6826666666666666, "248": 0.33866666666666667, "448": 0.3323333333333333, "478": 0.6683333333333333, "348": 0.3443333333333333, "48J": 0.3526666666666667, "488": 0.366, "456": 0.6476666666666666, "246": 0.43033333333333335, "446": 0.4483333333333333, "467": 0.7136666666666667, "346": 0.9126666666666666, "466": 0.448, "46J": 0.4563333333333333, "455": 0.942,