{"9KT": 0.5183333333333333, "KTT": 0.4493333333333333, "6KT": 0.368, "3KT": 0.37366666666666665, "KKT": 0.47833333333333333, "5KT": 0.38966666666666666, "JKT": 0.6643333333333333, "2KT": 0.38666666666666666, "8KT": 0.578, "7KT": 0.441, "4KT": 0.3873333333333333, "AKT": 0.4746666666666667, "KQT": 0.5556666666666666, "9TT": 0.5543333333333333, "69T": 0.5356666666666666, "39T": 0.5173333333333333, "59T": 0.556, "9JT": 0.7896666666666666, "99T": 0.559, "29T": 0.5356666666666666, "89T": 0.6763333333333333, "79T": 0.9526666666666667, "49T": 0.5466666666666666, "9AT": 0.542, "9QT": 0.9236666666666666, "6TT": 0.44, "3TT": 0.427, "5TT": 0.44433333333333336, "JTT": 0.777, "2TT": 0.42966666666666664, "8TT": 0.7383333333333333, "TTT": 0.494, "7TT": 0.5033333333333333, "4TT": 0.43933333333333335, "ATT": 0.4663333333333333, "QTT": 0.5466666666666666, "36T": 0.3453333333333333, "56T": 0.364, "6JT": 0.8003333333333333, "26T": 0.3426666666666667, "68T": 0.6706666666666666, "66T": 0.3903333333333333, "67T": 0.4583333333333333, "46T": 0.36, "6AT": 0.413, "6QT": 0.47633333333333333, "35T": 0.341, "33T": 0.3973333333333333, "3JT": 0.8003333333333333, "23T": 0.3403333333333333, "38T": 0.705, "37T": 0.43866666666666665, "34T": 0.3446666666666667, "3AT": 0.3933333333333333, "3QT": 0.4673333333333333, "5JT": 0.798, "55T": 0.4023333333333333, "25T": 0.341, "58T": 0.7046666666666667, "57T": 0.48533333333333334, "45T": 0.37333333333333335, "5AT": 0.393, "5QT": 0.49433333333333335, "2JT": 0.812, "8JT": 0.784, "JJT": 0.9433333333333334, "7JT": 0.797, "4JT": 0.807, "AJT": 0.7323333333333333, "JQT": 0.7013333333333334, "28T": 0.7063333333333334, "22T": 0.38166666666666665, "27T": 0.44166666666666665, "24T": 0.35533333333333333, "2AT": 0.41433333333333333, "2QT": 0.47933333333333333, "88T": 0.9156666666666666, "78T": 0.7206666666666667, "48T": 0.7046666666666667, "8AT": 0.675, "8QT": 0.688, "47T": 0.4706666666666667, "7AT": 0.48433333333333334, "77T": 0.4673333333333333, "7QT": 0.48, "44T": 0.399, "4AT": 0.407, "4QT": 0.4826666666666667, "AQT": 0.59, "AAT": 0.4666666666666667, "QQT": 0.546, "69K": 0.37266666666666665, "39K": 0.37166666666666665, "9KK": 0.48033333333333333, "59K": 0.4063333333333333, "9JK": 0.7376666666666667, "99K": 0.44866666666666666, "29K": 0.37833333333333335, "89K": 0.6623333333333333, "79K": 0.497, "49K": 0.39566666666666667, "9AK": 0.42933333333333334, "9KQ": 0.49933333333333335, "36K": 0.35833333333333334, "6KK": 0.5, "56K": 0.37133333333333335, "6JK": 0.765, "26K": 0.361, "68K": 0.6943333333333334, "66K": 0.4023333333333333, "67K": 0.4076666666666667, "46K": 0.3993333333333333, "6AK": 0.4246666666666667, "6KQ": 0.42633333333333334, "3KK": 0.4653333333333333, "35K": 0.36466666666666664, "33K": 0.4246666666666667, "3JK": 0.7663333333333333, "23K": 0.35333333333333333, "38K": 0.7143333333333334, "37K": 0.378, "34K": 0.371, "3AK": 0.432, "3KQ": 0.43466666666666665, "5KK": 0.464, "KKK": 0.5466666666666666, "JKK": 0.804, "2KK": 0.44866666666666666, "8KK": 0.7623333333333333, "7KK": 0.4713333333333333, "4KK": 0.4513333333333333, "AKK": 0.511, "KKQ": 0.5286666666666666, "5JK": 0.749, "55K": 0.43166666666666664, "25K": 0.37466666666666665, "58K": 0.7063333333333334, "57K": 0.39966666666666667, "45K": 0.38533333333333336, "5AK": 0.416, "5KQ": 0.44166666666666665, "2JK": 0.757, "8JK": 0.8626666666666667, "JJK": 0.9363333333333334, "7JK": 0.7563333333333333, "4JK": 0.747, "AJK": 0.6936666666666667, "JKQ": 0.632, "28K": 0.709, "22K": 0.3973333333333333, "27K": 0.36766666666666664, "24K": 0.36233333333333334, "2AK": 0.436, "2KQ": 0.43466666666666665, "88K": 0.9373333333333334, "78K": 0.7006666666666667, "48K": 0.71, "8AK": 0.683, "8KQ": 0.6763333333333333, "47K": 0.4073333333333333, "7AK": 0.431, "77K": 0.4216666666666667, "7KQ": 0.42833333333333334, "44K": 0.4226666666666667, "4AK": 0.442, "4KQ": 0.44433333333333336, "AKQ": 0.5596666666666666, "AAK": 0.508, "KQQ": 0.5236666666666666, "369": 0.327, "569": 0.44066666666666665, "69J": 0.786, "699": 0.427, "269": 0.33366666666666667, "689": 0.6446666666666667, "669": 0.4026666666666667, "679": 0.5193333333333333, "469": 0.36033333333333334, "69A": 0.4106666666666667, "69Q": 0.4806666666666667, "359": 0.3453333333333333, "339": 0.387, "39J": 0.7823333333333333, "399": 0.4086666666666667, "239": 0.2996666666666667, "389": 0.7106666666666667, "379": 0.43033333333333335, "349": 0.3253333333333333, "39A": 0.377, "39Q": 0.45966666666666667, "59J": 0.7973333333333333, "559": 0.4056666666666667, "599": 0.423, "259": 0.359, "589": 0.693, "579": 0.5353333333333333, "459": 0.379, "59A": 0.39366666666666666, "59Q": 0.49133333333333334, "99J": 0.7743333333333333, "29J": 0.7926666666666666, "89J": 0.817, "9JJ": 0.928, "79J": 0.7946666666666666, "49J": 0.8146666666666667, "9AJ": 0.7726666666666666, "9JQ": 0.7256666666666667, "299": 0.3973333333333333, "899": 0.7446666666666667, "799": 0.5036666666666667, "999": 0.4786666666666667, "499": 0.43166666666666664, "99A": 0.48833333333333334, "99Q": 0.552, "289": 0.711, "229": 0.38533333333333336, "279": 0.4493333333333333, "249": 0.3323333333333333, "29A": 0.38533333333333336, "29Q": 0.4563333333333333, "889": 0.9343333333333333, "789": 0.6743333333333333, "489": 0.7313333333333333, "89A": 0.6686666666666666, "89Q": 0.711, "479": 0.4533333333333333, "79A": 0.49, "779": 0.48733333333333334, "79Q": 0.4693333333333333, "449": 0.39566666666666667, "49A": 0.3893333333333333, "49Q": 0.48133333333333334, "9AQ": 0.529, "9AA": 0.486, "9QQ": 0.5446666666666666, "356": 0.317, "336": 0.36433333333333334, "36J": 0.792, "236": 0.30433333333333334, "368": 0.7543333333333333, "366": 0.389, "367": 0.3596666666666667, "346": 0.317, "36A": 0.36333333333333334, "36Q": 0.37766666666666665, "56J": 0.7903333333333333, "556": 0.405, "256": 0.3456666666666667, "568": 0.6903333333333334, "566": 0.4106666666666667, "567": 0.6, "456": 0.5323333333333333, "56A": 0.38766666666666666, "56Q": 0.412, "26J": 0.8093333333333333, "68J": 0.8946666666666667, "6JJ": 0.962, "66J": 0.806, "67J": 0.785, "46J": 0.7893333333333333, "6AJ": 0.7543333333333333, "6JQ": 0.7503333333333333, "268": 0.7476666666666667, "226": 0.37666666666666665, "266": 0.39, "267": 0.3486666666666667, "246": 0.3353333333333333, "26A": 0.364, "26Q": 0.39466666666666667, "688": 0.9243333333333333, "668": 0.73, "678": 0.662, "468": 0.6983333333333334, "68A": 0.7026666666666667, "68Q": 0.7156666666666667, "667": 0.4176666666666667, "466": 0.394, "66A": 0.43066666666666664, "66Q": 0.4483333333333333, "666": 0.4573333333333333, "467": 0.539, "67A": 0.42033333333333334, "677": 0.41733333333333333, "67Q": 0.4056666666666667, "446": 0.389, "46A": 0.38766666666666666, "46Q": 0.4013333333333333, "6AQ": 0.4603333333333333, "6AA": 0.4646666666666667, "6QQ": 0.47, "335": 0.389, "35J": 0.797, "355": 0.371, "235": 0.311, "358": 0.7496666666666667, "357": 0.35633333333333334, "345": 0.32866666666666666, "35A": 0.3576666666666667, "35Q": 0.36866666666666664, "33J": 0.7996666666666666, "233": 0.37, "333": 0.457, "338": 0.736, "337": 0.378, "334": 0.371, "33A": 0.435, "33Q": 0.43133333333333335, "23J": 0.7956666666666666, "38J": 0.9226666666666666, "3JJ": 0.9286666666666666, "37J": 0.7983333333333333, "34J": 0.8066666666666666, "3AJ": 0.7776666666666666, "3JQ": 0.7456666666666667, "238": 0.7453333333333333, "223": 0.386, "237": 0.327, "234": 0.278, "23A": 0.34833333333333333, "23Q": 0.35333333333333333, "388": 0.964, "378": 0.781, "348": 0.7786666666666666, "38A": 0.76, "38Q": 0.7616666666666667, "347": 0.33866666666666667, "37A": 0.372, "377": 0.4, "37Q": 0.37933333333333336, "344": 0.37633333333333335, "34A": 0.372, "34Q": 0.37333333333333335, "3AQ": 0.45166666666666666, "3AA": 0.43033333333333335, "3QQ": 0.4723333333333333, "55J": 0.792, "25J": 0.8146666666666667, "58J": 0.9086666666666666, "5JJ": 0.9606666666666667, "57J": 0.797, "45J": 0.795, "5AJ": 0.7833333333333333, "5JQ": 0.743, "255": 0.38466666666666666, "558": 0.7463333333333333, "555": 0.4713333333333333,