{"JTT": 0.48633333333333334, "8JT": 0.375, "7JT": 0.403, "2JT": 0.4053333333333333, "4JT": 0.4, "5JT": 0.6353333333333333, "JJT": 0.49566666666666664, "9JT": 0.42833333333333334, "AJT": 0.494, "6JT": 0.38433333333333336, "JKT": 0.733, "JQT": 0.5323333333333333, "3JT": 0.395, "8TT": 0.469, "7TT": 0.462, "2TT": 0.5003333333333333, "4TT": 0.48233333333333334, "5TT": 0.73, "9TT": 0.45766666666666667, "ATT": 0.5376666666666666, "6TT": 0.459, "KTT": 0.8113333333333334, "TTT": 0.5826666666666667, "QTT": 0.509, "3TT": 0.469, "78T": 0.38766666666666666, "28T": 0.41533333333333333, "48T": 0.402, "58T": 0.6203333333333333, "89T": 0.31733333333333336, "8AT": 0.42433333333333334, "68T": 0.362, "88T": 0.4646666666666667, "8KT": 0.8136666666666666, "8QT": 0.4096666666666667, "38T": 0.36633333333333334, "27T": 0.406, "47T": 0.4043333333333333, "57T": 0.6166666666666667, "79T": 0.339, "7AT": 0.4266666666666667, "67T": 0.38533333333333336, "7KT": 0.8053333333333333, "7QT": 0.424, "37T": 0.38, "77T": 0.45466666666666666, "24T": 0.4266666666666667, "25T": 0.709, "29T": 0.38766666666666666, "2AT": 0.443, "26T": 0.4003333333333333, "2KT": 0.8063333333333333, "2QT": 0.4493333333333333, "23T": 0.388, "22T": 0.44433333333333336, "45T": 0.6856666666666666, "49T": 0.38466666666666666, "4AT": 0.45866666666666667, "46T": 0.4076666666666667, "44T": 0.459, "4KT": 0.803, "4QT": 0.41333333333333333, "34T": 0.398, "59T": 0.62, "5AT": 0.6253333333333333, "56T": 0.5866666666666667, "5KT": 0.9143333333333333, "5QT": 0.658, "35T": 0.6656666666666666, "55T": 0.9583333333333334, "9AT": 0.3923333333333333, "99T": 0.46266666666666667, "69T": 0.3333333333333333, "9KT": 0.757, "9QT": 0.44633333333333336, "39T": 0.338, "6AT": 0.393, "AKT": 0.7176666666666667, "AQT": 0.48433333333333334, "3AT": 0.383, "AAT": 0.5546666666666666, "6KT": 0.798, "6QT": 0.39066666666666666, "36T": 0.3536666666666667, "66T": 0.45366666666666666, "KQT": 0.7626666666666667, "3KT": 0.786, "KKT": 0.915, "3QT": 0.40166666666666667, "QQT": 0.5063333333333333, "33T": 0.44033333333333335, "78J": 0.395, "28J": 0.421, "48J": 0.411, "58J": 0.638, "8JJ": 0.481, "89J": 0.36966666666666664, "8AJ": 0.4563333333333333, "68J": 0.407, "88J": 0.49166666666666664, "8JK": 0.8093333333333333, "8JQ": 0.426, "38J": 0.403, "27J": 0.422, "47J": 0.417, "57J": 0.6223333333333333, "7JJ": 0.4786666666666667, "79J": 0.38566666666666666, "7AJ": 0.45766666666666667, "67J": 0.4166666666666667, "7JK": 0.817, "7JQ": 0.439, "37J": 0.414, "77J": 0.4746666666666667, "24J": 0.403, "25J": 0.6846666666666666, "2JJ": 0.505, "29J": 0.3943333333333333, "2AJ": 0.4656666666666667, "26J": 0.421, "2JK": 0.8183333333333334, "2JQ": 0.44233333333333336, "23J": 0.419, "22J": 0.4623333333333333, "45J": 0.6943333333333334, "4JJ": 0.4806666666666667, "49J": 0.3993333333333333, "4AJ": 0.4623333333333333, "46J": 0.41333333333333333, "44J": 0.48033333333333333, "4JK": 0.7993333333333333, "4JQ": 0.4116666666666667, "34J": 0.4246666666666667, "5JJ": 0.7173333333333334, "59J": 0.6446666666666667, "5AJ": 0.6273333333333333, "56J": 0.6176666666666667, "5JK": 0.9143333333333333, "5JQ": 0.6473333333333333, "35J": 0.68, "55J": 0.961, "9JJ": 0.479, "AJJ": 0.5813333333333334, "6JJ": 0.49433333333333335, "JJJ": 0.58, "JJK": 0.7913333333333333, "JJQ": 0.505, "3JJ": 0.49, "9AJ": 0.42833333333333334, "99J": 0.49, "69J": 0.409, "9JK": 0.7886666666666666, "9JQ": 0.472, "39J": 0.37033333333333335, "6AJ": 0.45466666666666666, "AJK": 0.7363333333333333, "AJQ": 0.5476666666666666, "3AJ": 0.4623333333333333, "AAJ": 0.5803333333333334, "6JK": 0.8213333333333334, "6JQ": 0.4083333333333333, "36J": 0.397, "66J": 0.4786666666666667, "JKQ": 0.757, "3JK": 0.828, "JKK": 0.9376666666666666, "3JQ": 0.4033333333333333, "JQQ": 0.5066666666666667, "33J": 0.48233333333333334, "278": 0.5903333333333334, "478": 0.47933333333333333, "578": 0.6843333333333333, "789": 0.43466666666666665, "78A": 0.4673333333333333, "678": 0.525, "788": 0.5036666666666667, "78K": 0.82, "78Q": 0.5906666666666667, "378": 0.4266666666666667, "778": 0.5013333333333333, "248": 0.45966666666666667, "258": 0.7716666666666666, "289": 0.417, "28A": 0.487, "268": 0.43, "288": 0.49866666666666665, "28K": 0.8443333333333334, "28Q": 0.598, "238": 0.437, "228": 0.493, "458": 0.6556666666666666, "489": 0.38766666666666666, "48A": 0.4666666666666667, "468": 0.479, "448": 0.5166666666666667, "488": 0.4856666666666667, "48K": 0.804, "48Q": 0.433, "348": 0.4256666666666667, "589": 0.6113333333333333, "58A": 0.6453333333333333, "568": 0.587, "588": 0.7126666666666667, "58K": 0.9126666666666666, "58Q": 0.742, "358": 0.6763333333333333, "558": 0.925, "89A": 0.44166666666666665, "899": 0.4723333333333333, "689": 0.44333333333333336, "889": 0.4633333333333333, "89K": 0.8113333333333334, "89Q": 0.37833333333333335, "389": 0.37433333333333335, "68A": 0.445, "88A": 0.572, "8AK": 0.775, "8AQ": 0.472, "38A": 0.44866666666666666, "8AA": 0.5696666666666667, "688": 0.48433333333333334, "68K": 0.8206666666666667, "68Q": 0.417, "368": 0.41, "668": 0.48433333333333334, "88K": 0.8203333333333334, "88Q": 0.5106666666666667, "388": 0.49666666666666665, "888": 0.5723333333333334, "8KQ": 0.821, "38K": 0.838, "8KK": 0.9543333333333334, "38Q": 0.42533333333333334, "8QQ": 0.5126666666666667, "338": 0.5153333333333333, "247": 0.43866666666666665, "257": 0.7756666666666666, "279": 0.412, "27A": 0.48, "267": 0.44433333333333336, "27K": 0.8453333333333334, "27Q": 0.593, "237": 0.45366666666666666, "227": 0.508, "277": 0.514, "457": 0.6186666666666667, "479": 0.4053333333333333, "47A": 0.4736666666666667, "467": 0.5656666666666667, "447": 0.49366666666666664, "47K": 0.812, "47Q": 0.43166666666666664, "347": 0.4766666666666667, "477": 0.503, "579": 0.6003333333333334, "57A": 0.633, "567": 0.5456666666666666, "57K": 0.905, "57Q": 0.7293333333333333, "357": 0.657, "577": 0.6976666666666667, "557": 0.9326666666666666, "79A": 0.4533333333333333, "799": 0.475, "679": 0.424, "79K": 0.8093333333333333, "79Q": 0.417, "379": 0.37366666666666665, "779": 0.4676666666666667, "67A": 0.456, "7AK": 0.788, "7AQ": 0.49166666666666664, "37A": 0.433, "7AA": 0.5676666666666667, "77A": 0.534, "67K": 0.821, "67Q": 0.434, "367": 0.4673333333333333, "667": 0.4766666666666667, "677": 0.49133333333333334, "7KQ": 0.826, "37K": 0.8336666666666667, "7KK": 0.9446666666666667, "77K": 0.827, "37Q": 0.43133333333333335, "7QQ": 0.517, "77Q": 0.5133333333333333, "337": 0.5046666666666667, "377": 0.475, "777": 0.6036666666666667, "245": 0.7083333333333334, "249": 0.43266666666666664, "24A": 0.488, "246": 0.4856666666666667, "244": 0.511, "24K": 0.8163333333333334, "24Q": 0.44033333333333335, "234": 0.48533333333333334, "224": 0.486, "259": 0.6936666666666667, "25A": 0.7026666666666667, "256": 0.6293333333333333, "25K": 0.9316666666666666, "25Q": 0.758, "235": 0.7073333333333334, "225": 0.737, "255": 0.946, "29A": 0.45466666666666666, "299": 0.49833333333333335, "269": 0.3903333333333333, "29K": 0.838, "29Q": 0.436, "239": 0.386, "229": 0.4553333333333333, "26A": 0.4583333333333333, "2AK": 0.7786666666666666, "2AQ": 0.49533333333333335, "23A": 0.43833333333333335, "22A": 0.5133333333333333, "2AA": 0.5633333333333334, "26K": 0.8386666666666667, "26Q": 0.43733333333333335, "236": 0.4836666666666667, "226": 0.45966666666666667, "266": 0.483, "2KQ": 0.827, "23K": 0.8403333333333334, "22K": 0.8213333333333334, "2KK": 0.9606666666666667, "23Q": 0.43866666666666665, "2QQ": 0.5156666666666667, "22Q": 0.48966666666666664, "223": 0.4673333333333333, "233": 0.504, "222": 0.595, "459": 0.6803333333333333, "45A": 0.6623333333333333, "456": 0.573, "445": 0.7076666666666667, "45K": 0.8833333333333333, "45Q": 0.6803333333333333, "345": 0.6556666666666666, "455": 0.918, "49A": 0.43966666666666665, "499": 0.4723333333333333, "469": 0.39, "449": 0.47633333333333333, "49K": 0.8053333333333333, "49Q": 0.3943333333333333, "349": 0.39766666666666667, "46A": 0.4656666666666667, "44A": 0.5376666666666666, "4AK": 0.748,