{"5KQ": 0.4196666666666667, "35Q": 0.36966666666666664, "45Q": 0.37066666666666664, "57Q": 0.36333333333333334, "5AQ": 0.38433333333333336, "5QT": 0.37233333333333335, "25Q": 0.35033333333333333, "55Q": 0.406, "59Q": 0.37233333333333335, "5QQ": 0.43666666666666665, "5JQ": 0.7003333333333334, "56Q": 0.673, "58Q": 0.37233333333333335, "3KQ": 0.3983333333333333, "4KQ": 0.4106666666666667, "7KQ": 0.3893333333333333, "AKQ": 0.5113333333333333, "KQT": 0.561, "2KQ": 0.4, "9KQ": 0.473, "KQQ": 0.5013333333333333, "JKQ": 0.6043333333333333, "6KQ": 0.6703333333333333, "8KQ": 0.4136666666666667, "KKQ": 0.47633333333333333, "34Q": 0.36533333333333334, "37Q": 0.35133333333333333, "3AQ": 0.382, "3QT": 0.365, "23Q": 0.3526666666666667, "39Q": 0.36133333333333334, "3QQ": 0.42, "3JQ": 0.7116666666666667, "36Q": 0.68, "38Q": 0.3416666666666667, "33Q": 0.4033333333333333, "47Q": 0.347, "4AQ": 0.3863333333333333, "4QT": 0.367, "24Q": 0.3536666666666667, "49Q": 0.352, "4QQ": 0.4593333333333333, "4JQ": 0.7286666666666667, "46Q": 0.6756666666666666, "44Q": 0.417, "48Q": 0.36433333333333334, "7AQ": 0.341, "7QT": 0.36466666666666664, "27Q": 0.28733333333333333, "77Q": 0.42, "79Q": 0.35533333333333333, "7QQ": 0.4156666666666667, "7JQ": 0.6126666666666667, "67Q": 0.601, "78Q": 0.35933333333333334, "AQT": 0.46166666666666667, "2AQ": 0.348, "9AQ": 0.4036666666666667, "AQQ": 0.481, "AJQ": 0.5466666666666666, "AAQ": 0.47933333333333333, "6AQ": 0.6403333333333333, "8AQ": 0.38966666666666666, "2QT": 0.352, "9QT": 0.49533333333333335, "QQT": 0.4573333333333333, "JQT": 0.6173333333333333, "QTT": 0.44766666666666666, "6QT": 0.6613333333333333, "8QT": 0.44433333333333336, "29Q": 0.35333333333333333, "2QQ": 0.433, "2JQ": 0.6086666666666667, "26Q": 0.6766666666666666, "28Q": 0.3526666666666667, "22Q": 0.3993333333333333, "9QQ": 0.4603333333333333, "9JQ": 0.636, "69Q": 0.6423333333333333, "89Q": 0.442, "99Q": 0.4103333333333333, "JQQ": 0.7556666666666667, "QQQ": 0.5123333333333333, "6QQ": 0.73, "8QQ": 0.44366666666666665, "6JQ": 0.864, "8JQ": 0.6743333333333333, "JJQ": 0.8963333333333333, "68Q": 0.6363333333333333, "66Q": 0.949, "88Q": 0.41733333333333333, "35K": 0.38233333333333336, "45K": 0.384, "57K": 0.36466666666666664, "5AK": 0.4146666666666667, "5KT": 0.5066666666666667, "25K": 0.366, "55K": 0.44033333333333335, "59K": 0.38066666666666665, "5JK": 0.741, "56K": 0.6686666666666666, "58K": 0.396, "5KK": 0.4653333333333333, "345": 0.47733333333333333, "357": 0.43333333333333335, "35A": 0.36133333333333334, "35T": 0.36033333333333334, "235": 0.42433333333333334, "355": 0.36866666666666664, "359": 0.341, "35J": 0.8116666666666666, "356": 0.6236666666666667, "358": 0.30833333333333335, "335": 0.37733333333333335, "457": 0.47933333333333333, "45A": 0.36566666666666664, "45T": 0.3433333333333333, "245": 0.416, "455": 0.369, "459": 0.3303333333333333, "45J": 0.7826666666666666, "456": 0.607, "445": 0.4036666666666667, "458": 0.3893333333333333, "57A": 0.3616666666666667, "57T": 0.3496666666666667, "257": 0.3393333333333333, "557": 0.377, "577": 0.395, "579": 0.4, "57J": 0.771, "567": 0.555, "578": 0.4826666666666667, "5AT": 0.38033333333333336, "25A": 0.345, "55A": 0.41433333333333333, "59A": 0.354, "5AJ": 0.727, "5AA": 0.449, "56A": 0.683, "58A": 0.37966666666666665, "25T": 0.3476666666666667, "55T": 0.39766666666666667, "59T": 0.3526666666666667, "5JT": 0.7703333333333333, "5TT": 0.39966666666666667, "56T": 0.661, "58T": 0.35333333333333333, "255": 0.37466666666666665, "259": 0.341, "25J": 0.782, "256": 0.6923333333333334, "258": 0.3243333333333333, "225": 0.3883333333333333, "559": 0.38033333333333336, "55J": 0.793, "556": 0.6993333333333334, "558": 0.36, "555": 0.43733333333333335, "59J": 0.7686666666666667, "569": 0.629, "589": 0.402, "599": 0.38433333333333336, "56J": 0.8886666666666667, "58J": 0.7633333333333333, "5JJ": 0.9413333333333334, "568": 0.608, "566": 0.9253333333333333, "588": 0.4033333333333333, "34K": 0.345, "37K": 0.3546666666666667, "3AK": 0.42433333333333334, "3KT": 0.394, "23K": 0.3423333333333333, "39K": 0.3616666666666667, "3JK": 0.7393333333333333, "36K": 0.7113333333333334, "38K": 0.3363333333333333, "33K": 0.4023333333333333, "3KK": 0.42733333333333334, "47K": 0.351, "4AK": 0.4023333333333333, "4KT": 0.38166666666666665, "24K": 0.37166666666666665, "49K": 0.35333333333333333, "4JK": 0.7486666666666667, "46K": 0.6593333333333333, "44K": 0.4083333333333333, "48K": 0.339, "4KK": 0.43866666666666665, "7AK": 0.393, "7KT": 0.382, "27K": 0.357, "77K": 0.42233333333333334, "79K": 0.37366666666666665, "7JK": 0.722, "67K": 0.6336666666666667, "78K": 0.363, "7KK": 0.4066666666666667, "AKT": 0.4686666666666667, "2AK": 0.39866666666666667, "9AK": 0.39966666666666667, "AJK": 0.6486666666666666, "AAK": 0.49333333333333335, "6AK": 0.6746666666666666, "8AK": 0.4073333333333333, "AKK": 0.469, "2KT": 0.37866666666666665, "9KT": 0.44333333333333336, "JKT": 0.6706666666666666, "KTT": 0.45166666666666666, "6KT": 0.6563333333333333, "8KT": 0.3873333333333333, "KKT": 0.46066666666666667, "29K": 0.369, "2JK": 0.7223333333333334, "26K": 0.716, "28K": 0.36766666666666664, "22K": 0.4083333333333333, "2KK": 0.42333333333333334, "9JK": 0.706, "69K": 0.6376666666666667, "89K": 0.368, "99K": 0.423, "9KK": 0.43333333333333335, "6JK": 0.8746666666666667, "8JK": 0.7436666666666667, "JJK": 0.9133333333333333, "JKK": 0.768, "68K": 0.626, "66K": 0.9486666666666667, "6KK": 0.7353333333333333, "88K": 0.44733333333333336, "8KK": 0.4186666666666667, "KKK": 0.5286666666666666, "347": 0.381, "34A": 0.339, "34T": 0.2986666666666667, "234": 0.4026666666666667, "349": 0.30966666666666665, "34J": 0.7783333333333333, "346": 0.6256666666666667, "344": 0.3873333333333333, "348": 0.27, "334": 0.36333333333333334, "37A": 0.3463333333333333, "37T": 0.3263333333333333, "237": 0.31433333333333335, "377": 0.37966666666666665, "379": 0.3303333333333333, "37J": 0.7766666666666666, "367": 0.651, "378": 0.3343333333333333, "337": 0.35533333333333333, "3AT": 0.34933333333333333, "23A": 0.353, "39A": 0.36633333333333334, "3AJ": 0.744, "3AA": 0.429, "36A": 0.704, "38A": 0.3423333333333333, "33A": 0.3993333333333333, "23T": 0.3313333333333333, "39T": 0.35033333333333333, "3JT": 0.7583333333333333, "3TT": 0.378, "36T": 0.6723333333333333, "38T": 0.316, "33T": 0.376, "239": 0.334, "23J": 0.7893333333333333, "236": 0.693, "238": 0.31133333333333335, "233": 0.3636666666666667, "223": 0.35933333333333334, "39J": 0.7823333333333333, "369": 0.6863333333333334, "389": 0.32, "339": 0.35133333333333333, "399": 0.371, "36J": 0.913, "38J": 0.779, "33J": 0.7493333333333333, "3JJ": 0.9583333333333334, "368": 0.6476666666666666, "336": 0.714, "366": 0.928, "338": 0.35533333333333333, "388": 0.3443333333333333, "333": 0.4723333333333333, "47A": 0.3463333333333333, "47T": 0.33666666666666667, "247": 0.314, "477": 0.37733333333333335, "479": 0.333, "47J": 0.7626666666666667, "467": 0.6003333333333334, "447": 0.36966666666666664, "478": 0.408, "4AT": 0.362, "24A": 0.35, "49A": 0.36666666666666664, "4AJ": 0.7193333333333334, "4AA": 0.41833333333333333, "46A": 0.676, "44A": 0.4073333333333333, "48A": 0.353, "24T": 0.335, "49T": 0.32766666666666666, "4JT": 0.761, "4TT": 0.38666666666666666, "46T": 0.6663333333333333, "44T": 0.3883333333333333, "48T": 0.31866666666666665, "249": 0.33366666666666667, "24J": 0.782, "246": 0.7016666666666667, "244": 0.37966666666666665, "248": 0.3293333333333333, "224": 0.36333333333333334, "49J": 0.7826666666666666, "469": 0.6753333333333333, "449": 0.37833333333333335, "489": 0.316, "499": 0.383, "46J": 0.9093333333333333, "44J": 0.7903333333333333, "48J": 0.772, "4JJ": 0.9566666666666667, "446": 0.7026666666666667, "468": 0.617, "466": 0.9166666666666666, "444": 0.445, "448": 0.356, "488": 0.37466666666666665, "7AT": 0.33666666666666667, "27A": 0.29133333333333333, "77A": 0.3883333333333333, "79A": 0.341, "7AJ": 0.618, "7AA": 0.4196666666666667, "67A": 0.5973333333333334, "78A": 0.36666666666666664, "27T": 0.3,