{"8AK": 0.25, "8KQ": 0.20866666666666667, "8JK": 0.244, "68K": 0.43633333333333335, "8KT": 0.21366666666666667, "78K": 0.5936666666666667, "88K": 0.2633333333333333, "89K": 0.2886666666666667, "28K": 0.18766666666666668, "38K": 0.218, "48K": 0.3353333333333333, "8KK": 0.272, "58K": 0.6013333333333334, "AKQ": 0.22666666666666666, "AJK": 0.23666666666666666, "6AK": 0.248, "AKT": 0.21633333333333332, "AAK": 0.26966666666666667, "7AK": 0.636, "9AK": 0.24533333333333332, "2AK": 0.20733333333333334, "3AK": 0.224, "4AK": 0.248, "AKK": 0.24533333333333332, "5AK": 0.594, "JKQ": 0.22733333333333333, "6KQ": 0.24133333333333334, "KQT": 0.17966666666666667, "7KQ": 0.5893333333333334, "9KQ": 0.186, "2KQ": 0.17533333333333334, "3KQ": 0.21466666666666667, "4KQ": 0.23433333333333334, "KKQ": 0.25766666666666665, "KQQ": 0.24166666666666667, "5KQ": 0.6033333333333334, "6JK": 0.285, "JKT": 0.21, "7JK": 0.6076666666666667, "9JK": 0.23333333333333334, "2JK": 0.20166666666666666, "3JK": 0.22966666666666666, "JJK": 0.24966666666666668, "4JK": 0.24833333333333332, "JKK": 0.26266666666666666, "5JK": 0.6003333333333334, "6KT": 0.24266666666666667, "67K": 0.664, "69K": 0.31633333333333336, "26K": 0.22333333333333333, "36K": 0.353, "46K": 0.44033333333333335, "6KK": 0.285, "66K": 0.254, "56K": 0.6053333333333333, "7KT": 0.58, "9KT": 0.18433333333333332, "2KT": 0.17666666666666667, "3KT": 0.21033333333333334, "4KT": 0.21933333333333332, "KKT": 0.246, "KTT": 0.24533333333333332, "5KT": 0.5776666666666667, "79K": 0.602, "27K": 0.6576666666666666, "37K": 0.6763333333333333, "47K": 0.681, "7KK": 0.6933333333333334, "77K": 0.9213333333333333, "57K": 0.8586666666666667, "29K": 0.16733333333333333, "39K": 0.24666666666666667, "49K": 0.21066666666666667, "9KK": 0.26066666666666666, "99K": 0.24833333333333332, "59K": 0.6083333333333333, "23K": 0.20666666666666667, "24K": 0.21033333333333334, "2KK": 0.24333333333333335, "22K": 0.20933333333333334, "25K": 0.644, "34K": 0.3453333333333333, "3KK": 0.25666666666666665, "33K": 0.23333333333333334, "35K": 0.6583333333333333, "4KK": 0.2843333333333333, "44K": 0.24433333333333335, "45K": 0.662, "KKK": 0.2976666666666667, "5KK": 0.6633333333333333, "55K": 0.9163333333333333, "8AQ": 0.246, "8AJ": 0.269, "68A": 0.469, "8AT": 0.24266666666666667, "8AA": 0.283, "78A": 0.6116666666666667, "88A": 0.27566666666666667, "89A": 0.352, "28A": 0.237, "38A": 0.246, "48A": 0.35033333333333333, "58A": 0.61, "8JQ": 0.23866666666666667, "68Q": 0.442, "8QT": 0.205, "78Q": 0.6, "88Q": 0.27566666666666667, "89Q": 0.29333333333333333, "28Q": 0.19633333333333333, "38Q": 0.22366666666666668, "48Q": 0.328, "8QQ": 0.27066666666666667, "58Q": 0.5903333333333334, "68J": 0.4633333333333333, "8JT": 0.3016666666666667, "78J": 0.597, "88J": 0.279, "89J": 0.3913333333333333, "28J": 0.23766666666666666, "38J": 0.24233333333333335, "8JJ": 0.285, "48J": 0.369, "58J": 0.609, "68T": 0.4106666666666667, "678": 0.664, "688": 0.4523333333333333, "689": 0.8743333333333333, "268": 0.41733333333333333, "368": 0.4543333333333333, "468": 0.9176666666666666, "668": 0.433, "568": 0.6586666666666666, "78T": 0.52, "88T": 0.277, "89T": 0.31666666666666665, "28T": 0.192, "38T": 0.23266666666666666, "48T": 0.32033333333333336, "8TT": 0.2806666666666667, "58T": 0.583, "788": 0.6696666666666666, "789": 0.5386666666666666, "278": 0.6393333333333333, "378": 0.6646666666666666, "478": 0.6673333333333333, "778": 0.8933333333333333, "578": 0.783, "889": 0.37666666666666665, "288": 0.25233333333333335, "388": 0.2813333333333333, "488": 0.3863333333333333, "888": 0.30133333333333334, "588": 0.6416666666666667, "289": 0.2813333333333333, "389": 0.344, "489": 0.336, "899": 0.374, "589": 0.6043333333333333, "238": 0.217, "248": 0.32133333333333336, "228": 0.235, "258": 0.644, "348": 0.3373333333333333, "338": 0.23966666666666667, "358": 0.653, "448": 0.36433333333333334, "458": 0.6896666666666667, "558": 0.9043333333333333, "AJQ": 0.24066666666666667, "6AQ": 0.23266666666666666, "AQT": 0.20866666666666667, "AAQ": 0.25266666666666665, "7AQ": 0.6243333333333333, "9AQ": 0.23633333333333334, "2AQ": 0.19466666666666665, "3AQ": 0.23733333333333334, "4AQ": 0.25, "AQQ": 0.26166666666666666, "5AQ": 0.5963333333333334, "6AJ": 0.2816666666666667, "AJT": 0.244, "AAJ": 0.2773333333333333, "7AJ": 0.6213333333333333, "9AJ": 0.25666666666666665, "2AJ": 0.21033333333333334, "3AJ": 0.22533333333333333, "AJJ": 0.25933333333333336, "4AJ": 0.2743333333333333, "5AJ": 0.5816666666666667, "6AT": 0.245, "6AA": 0.28933333333333333, "67A": 0.6906666666666667, "69A": 0.361, "26A": 0.23666666666666666, "36A": 0.3416666666666667, "46A": 0.4603333333333333, "66A": 0.247, "56A": 0.5666666666666667, "AAT": 0.257, "7AT": 0.6013333333333334, "9AT": 0.23166666666666666, "2AT": 0.207, "3AT": 0.23433333333333334, "4AT": 0.23133333333333334, "ATT": 0.25666666666666665, "5AT": 0.5893333333333334, "7AA": 0.689, "9AA": 0.278, "2AA": 0.248, "3AA": 0.263, "AAA": 0.2826666666666667, "4AA": 0.29333333333333333, "5AA": 0.6563333333333333, "79A": 0.612, "27A": 0.6856666666666666, "37A": 0.6893333333333334, "47A": 0.6773333333333333, "77A": 0.9386666666666666, "57A": 0.8526666666666667, "29A": 0.21166666666666667, "39A": 0.24066666666666667, "49A": 0.23533333333333334, "99A": 0.26033333333333336, "59A": 0.6096666666666667, "23A": 0.20866666666666667, "24A": 0.22, "22A": 0.21, "25A": 0.634, "34A": 0.33166666666666667, "33A": 0.22033333333333333, "35A": 0.6416666666666667, "44A": 0.251, "45A": 0.6276666666666667, "55A": 0.9196666666666666, "6JQ": 0.263, "JQT": 0.204, "7JQ": 0.6123333333333333, "9JQ": 0.23333333333333334, "2JQ": 0.20033333333333334, "3JQ": 0.23166666666666666, "JJQ": 0.237, "4JQ": 0.24066666666666667, "JQQ": 0.242, "5JQ": 0.5833333333333334, "6QT": 0.23266666666666666, "67Q": 0.6913333333333334, "69Q": 0.321, "26Q": 0.224, "36Q": 0.3496666666666667, "46Q": 0.453, "66Q": 0.257, "6QQ": 0.2786666666666667, "56Q": 0.6053333333333333, "7QT": 0.573, "9QT": 0.18133333333333335, "2QT": 0.171, "3QT": 0.22733333333333333, "4QT": 0.23166666666666666, "QTT": 0.243, "QQT": 0.24366666666666667, "5QT": 0.5646666666666667, "79Q": 0.6, "27Q": 0.6686666666666666, "37Q": 0.6843333333333333, "47Q": 0.684, "7QQ": 0.7056666666666667, "77Q": 0.926, "57Q": 0.855, "29Q": 0.18166666666666667, "39Q": 0.22433333333333333, "49Q": 0.21833333333333332, "99Q": 0.25733333333333336, "9QQ": 0.252, "59Q": 0.5916666666666667, "23Q": 0.20466666666666666, "24Q": 0.20533333333333334, "2QQ": 0.248, "22Q": 0.20366666666666666, "25Q": 0.638, "34Q": 0.32966666666666666, "3QQ": 0.26566666666666666, "33Q": 0.23566666666666666, "35Q": 0.659, "4QQ": 0.2836666666666667, "44Q": 0.239, "45Q": 0.6576666666666666, "QQQ": 0.28833333333333333, "5QQ": 0.6546666666666666, "55Q": 0.9283333333333333, "6JT": 0.2653333333333333, "67J": 0.6826666666666666, "69J": 0.36, "26J": 0.24933333333333332, "36J": 0.36966666666666664, "6JJ": 0.297, "46J": 0.5233333333333333, "66J": 0.2773333333333333, "56J": 0.6026666666666667, "7JT": 0.5886666666666667, "9JT": 0.2823333333333333, "2JT": 0.205, "3JT": 0.241, "JJT": 0.26, "4JT": 0.2816666666666667, "JTT": 0.257, "5JT": 0.595, "79J": 0.578, "27J": 0.678, "37J": 0.665, "7JJ": 0.68, "47J": 0.665, "77J": 0.9253333333333333, "57J": 0.856, "29J": 0.21766666666666667, "39J": 0.25, "9JJ": 0.25766666666666665, "49J": 0.25166666666666665, "99J": 0.293, "59J": 0.607, "23J": 0.212, "2JJ": 0.22733333333333333, "24J": 0.23333333333333334, "22J": 0.25066666666666665, "25J": 0.6783333333333333, "3JJ": 0.25066666666666665, "34J": 0.348, "33J": 0.237, "35J": 0.6596666666666666, "4JJ": 0.281, "JJJ": 0.29933333333333334, "5JJ": 0.6683333333333333, "44J": 0.267, "45J": 0.6363333333333333, "55J": 0.9413333333333334, "67T": 0.638, "69T": 0.31733333333333336, "26T": 0.22933333333333333, "36T": 0.332, "46T": 0.44733333333333336, "66T": 0.254, "6TT": 0.28, "56T": 0.608, "679": 0.6606666666666666, "267": 0.7243333333333334, "367": 0.71, "467": 0.732, "667": 0.6813333333333333,