{"9AQ": 0.30366666666666664, "9JQ": 0.37066666666666664, "69Q": 0.386, "9KQ": 0.304, "9QQ": 0.32266666666666666, "9QT": 0.349, "39Q": 0.292, "29Q": 0.28833333333333333, "89Q": 0.612, "79Q": 0.391, "49Q": 0.25766666666666665, "99Q": 0.31266666666666665, "59Q": 0.623, "AJQ": 0.29233333333333333, "6AQ": 0.299, "AKQ": 0.296, "AQQ": 0.31866666666666665, "AQT": 0.304, "3AQ": 0.261, "2AQ": 0.27, "8AQ": 0.6456666666666667, "AAQ": 0.328, "7AQ": 0.28733333333333333, "4AQ": 0.2753333333333333, "5AQ": 0.6153333333333333, "6JQ": 0.31566666666666665, "JKQ": 0.28733333333333333, "JQQ": 0.3006666666666667, "JQT": 0.3383333333333333, "3JQ": 0.2826666666666667, "2JQ": 0.2733333333333333, "8JQ": 0.6136666666666667, "JJQ": 0.32233333333333336, "7JQ": 0.269, "4JQ": 0.26166666666666666, "5JQ": 0.616, "6KQ": 0.29033333333333333, "6QQ": 0.2896666666666667, "6QT": 0.288, "36Q": 0.26166666666666666, "26Q": 0.293, "68Q": 0.6726666666666666, "67Q": 0.46, "46Q": 0.36666666666666664, "56Q": 0.6056666666666667, "66Q": 0.2776666666666667, "KQQ": 0.2976666666666667, "KQT": 0.283, "3KQ": 0.2813333333333333, "2KQ": 0.258, "8KQ": 0.6393333333333333, "7KQ": 0.282, "4KQ": 0.25133333333333335, "5KQ": 0.6233333333333333, "KKQ": 0.2946666666666667, "QQT": 0.29633333333333334, "3QQ": 0.2856666666666667, "2QQ": 0.2763333333333333, "8QQ": 0.703, "7QQ": 0.28733333333333333, "4QQ": 0.2783333333333333, "5QQ": 0.6823333333333333, "QQQ": 0.3273333333333333, "3QT": 0.25966666666666666, "2QT": 0.267, "8QT": 0.5903333333333334, "7QT": 0.28, "4QT": 0.24666666666666667, "QTT": 0.31066666666666665, "5QT": 0.6016666666666667, "23Q": 0.25733333333333336, "38Q": 0.6936666666666667, "37Q": 0.241, "34Q": 0.24533333333333332, "33Q": 0.27366666666666667, "35Q": 0.6516666666666666, "28Q": 0.6903333333333334, "27Q": 0.24633333333333332, "24Q": 0.243, "25Q": 0.6783333333333333, "22Q": 0.24466666666666667, "78Q": 0.672, "48Q": 0.6783333333333333, "58Q": 0.858, "88Q": 0.9233333333333333, "47Q": 0.345, "77Q": 0.276, "57Q": 0.608, "44Q": 0.2806666666666667, "45Q": 0.6586666666666666, "55Q": 0.945, "9AJ": 0.31566666666666665, "69A": 0.381, "9AK": 0.31966666666666665, "9AT": 0.299, "39A": 0.27666666666666667, "29A": 0.2836666666666667, "89A": 0.6283333333333333, "9AA": 0.3373333333333333, "79A": 0.38233333333333336, "49A": 0.25666666666666665, "99A": 0.318, "59A": 0.634, "69J": 0.484, "9JK": 0.44133333333333336, "9JT": 0.5246666666666666, "39J": 0.42933333333333334, "29J": 0.406, "89J": 0.567, "9JJ": 0.333, "79J": 0.4643333333333333, "49J": 0.30933333333333335, "99J": 0.3293333333333333, "59J": 0.6273333333333333, "69K": 0.45066666666666666, "69T": 0.478, "369": 0.4756666666666667, "269": 0.473, "689": 0.654, "679": 0.887, "469": 0.344, "699": 0.39466666666666667, "569": 0.6643333333333333, "669": 0.37766666666666665, "9KT": 0.438, "39K": 0.4093333333333333, "29K": 0.40166666666666667, "89K": 0.6263333333333333, "79K": 0.408, "49K": 0.27, "99K": 0.33466666666666667, "59K": 0.6633333333333333, "9KK": 0.3263333333333333, "39T": 0.4216666666666667, "29T": 0.41933333333333334, "89T": 0.525, "79T": 0.436, "49T": 0.2876666666666667, "99T": 0.3416666666666667, "9TT": 0.33466666666666667, "59T": 0.6526666666666666, "239": 0.39, "389": 0.677, "379": 0.37333333333333335, "349": 0.25066666666666665, "399": 0.30866666666666664, "339": 0.28633333333333333, "359": 0.6756666666666666, "289": 0.6656666666666666, "279": 0.36866666666666664, "249": 0.2663333333333333, "299": 0.3233333333333333, "259": 0.6673333333333333, "229": 0.2776666666666667, "789": 0.6306666666666667, "489": 0.6773333333333333, "899": 0.6873333333333334, "589": 0.8043333333333333, "889": 0.9056666666666666, "479": 0.344, "799": 0.39866666666666667, "779": 0.389, "579": 0.6393333333333333, "449": 0.263, "499": 0.28933333333333333, "459": 0.6523333333333333, "599": 0.6793333333333333, "999": 0.3353333333333333, "559": 0.93, "6AJ": 0.28733333333333333, "AJK": 0.29133333333333333, "AJT": 0.29533333333333334, "3AJ": 0.268, "2AJ": 0.28, "8AJ": 0.6193333333333333, "AJJ": 0.32566666666666666, "AAJ": 0.31933333333333336, "7AJ": 0.266, "4AJ": 0.267, "5AJ": 0.6126666666666667, "6AK": 0.31, "6AT": 0.2816666666666667, "36A": 0.2693333333333333, "26A": 0.2866666666666667, "68A": 0.697, "6AA": 0.29933333333333334, "67A": 0.4806666666666667, "46A": 0.361, "56A": 0.6213333333333333, "66A": 0.2906666666666667, "AKT": 0.291, "3AK": 0.25666666666666665, "2AK": 0.25966666666666666, "8AK": 0.6746666666666666, "AAK": 0.334, "7AK": 0.27366666666666667, "4AK": 0.26033333333333336, "5AK": 0.6263333333333333, "AKK": 0.297, "3AT": 0.27, "2AT": 0.258, "8AT": 0.6183333333333333, "AAT": 0.316, "7AT": 0.27066666666666667, "4AT": 0.2643333333333333, "ATT": 0.30233333333333334, "5AT": 0.6253333333333333, "23A": 0.2623333333333333, "38A": 0.706, "3AA": 0.2956666666666667, "37A": 0.244, "34A": 0.24866666666666667, "33A": 0.28, "35A": 0.659, "28A": 0.703, "2AA": 0.30766666666666664, "27A": 0.24266666666666667, "24A": 0.242, "25A": 0.6723333333333333, "22A": 0.2776666666666667, "8AA": 0.714, "78A": 0.694, "48A": 0.6883333333333334, "58A": 0.8666666666666667, "88A": 0.9343333333333333, "7AA": 0.30433333333333334, "4AA": 0.297, "AAA": 0.3373333333333333, "5AA": 0.685, "47A": 0.339, "77A": 0.284, "57A": 0.6143333333333333, "44A": 0.2803333333333333, "45A": 0.6446666666666667, "55A": 0.946, "6JK": 0.414, "6JT": 0.41333333333333333, "36J": 0.39766666666666667, "26J": 0.4063333333333333, "68J": 0.683, "6JJ": 0.32066666666666666, "67J": 0.4786666666666667, "46J": 0.38133333333333336, "56J": 0.6286666666666667, "66J": 0.2843333333333333, "JKT": 0.4246666666666667, "3JK": 0.4136666666666667, "2JK": 0.4003333333333333, "8JK": 0.639, "JJK": 0.32, "7JK": 0.30966666666666665, "4JK": 0.2673333333333333, "5JK": 0.638, "JKK": 0.32066666666666666, "3JT": 0.4196666666666667, "2JT": 0.4116666666666667, "8JT": 0.5503333333333333, "JJT": 0.312, "7JT": 0.356, "4JT": 0.2916666666666667, "JTT": 0.32033333333333336, "5JT": 0.6363333333333333, "23J": 0.39066666666666666, "38J": 0.6776666666666666, "3JJ": 0.301, "37J": 0.2763333333333333, "34J": 0.255, "33J": 0.2886666666666667, "35J": 0.6593333333333333, "28J": 0.685, "2JJ": 0.304, "27J": 0.282, "24J": 0.25633333333333336, "25J": 0.6866666666666666, "22J": 0.272, "8JJ": 0.6686666666666666, "78J": 0.6556666666666666, "48J": 0.6686666666666666, "58J": 0.847, "88J": 0.914, "7JJ": 0.312, "4JJ": 0.30466666666666664, "5JJ": 0.6736666666666666, "JJJ": 0.325, "47J": 0.35333333333333333, "77J": 0.3253333333333333, "57J": 0.6103333333333333, "44J": 0.25233333333333335, "45J": 0.6606666666666666, "55J": 0.921, "6KT": 0.4063333333333333, "36K": 0.417, "26K": 0.39666666666666667, "68K": 0.685, "67K": 0.4623333333333333, "46K": 0.364, "56K": 0.6273333333333333, "66K": 0.301, "6KK": 0.31866666666666665, "36T": 0.386, "26T": 0.4003333333333333, "68T": 0.6426666666666667, "67T": 0.45066666666666666, "46T": 0.37033333333333335, "6TT": 0.307, "56T": 0.631, "66T": 0.293, "236": 0.4543333333333333, "368": 0.735, "367": 0.4553333333333333, "346": 0.42, "336": 0.28633333333333333, "356": 0.616, "366": 0.273, "268": 0.7263333333333334, "267": 0.4693333333333333, "246": 0.42633333333333334, "256": 0.6316666666666667, "266": 0.292, "226": 0.2936666666666667, "678": 0.7046666666666667, "468": 0.7396666666666667, "568": 0.788, "668": 0.6953333333333334, "688": 0.933, "467": 0.9083333333333333, "677": 0.45666666666666667, "567": 0.658, "667": 0.44533333333333336, "446": 0.36033333333333334, "456": 0.6263333333333333, "466": 0.3606666666666667, "566": 0.6446666666666667, "556": 0.9093333333333333, "666": 0.30366666666666664, "3KT": 0.427, "2KT": 0.39566666666666667, "8KT": 0.6146666666666667, "7KT": 0.291, "4KT": 0.26666666666666666, "KTT": 0.309, "5KT": 0.6466666666666666, "KKT": 0.306, "23K": 0.3923333333333333, "38K": 0.6886666666666666, "37K": 0.2713333333333333, "34K": 0.263, "33K": 0.28, "35K": 0.656, "3KK": 0.3006666666666667, "28K": 0.6973333333333334, "27K": 0.2743333333333333,