{"5AQ": 0.174, "8AQ": 0.12133333333333333, "3AQ": 0.13866666666666666, "AJQ": 0.13766666666666666, "AQQ": 0.15733333333333333, "AKQ": 0.12866666666666668, "AAQ": 0.141, "2AQ": 0.5523333333333333, "6AQ": 0.13433333333333333, "7AQ": 0.14566666666666667, "9AQ": 0.13433333333333333, "4AQ": 0.549, "AQT": 0.128, "58A": 0.17433333333333334, "35A": 0.277, "5AJ": 0.16766666666666666, "5AK": 0.17066666666666666, "5AA": 0.17933333333333334, "25A": 0.549, "55A": 0.18, "56A": 0.279, "57A": 0.17466666666666666, "59A": 0.16166666666666665, "45A": 0.5466666666666666, "5AT": 0.16666666666666666, "38A": 0.14933333333333335, "8AJ": 0.13733333333333334, "8AK": 0.12333333333333334, "8AA": 0.13633333333333333, "28A": 0.5576666666666666, "68A": 0.15233333333333332, "78A": 0.13933333333333334, "88A": 0.162, "89A": 0.13666666666666666, "48A": 0.5653333333333334, "8AT": 0.12433333333333334, "3AJ": 0.136, "3AK": 0.16633333333333333, "3AA": 0.16366666666666665, "33A": 0.168, "23A": 0.547, "36A": 0.2866666666666667, "37A": 0.16266666666666665, "39A": 0.154, "34A": 0.6016666666666667, "3AT": 0.14266666666666666, "AJK": 0.12233333333333334, "AAJ": 0.13733333333333334, "2AJ": 0.5286666666666666, "6AJ": 0.13166666666666665, "7AJ": 0.11966666666666667, "9AJ": 0.123, "4AJ": 0.5233333333333333, "AJJ": 0.14333333333333334, "AJT": 0.12533333333333332, "AAK": 0.14866666666666667, "AKK": 0.16733333333333333, "2AK": 0.5383333333333333, "6AK": 0.142, "7AK": 0.15166666666666667, "9AK": 0.13433333333333333, "4AK": 0.5536666666666666, "AKT": 0.12833333333333333, "2AA": 0.5493333333333333, "6AA": 0.147, "AAA": 0.18566666666666667, "7AA": 0.14633333333333334, "9AA": 0.13766666666666666, "4AA": 0.5636666666666666, "AAT": 0.15166666666666667, "26A": 0.5463333333333333, "27A": 0.544, "29A": 0.5456666666666666, "24A": 0.8523333333333334, "22A": 0.9373333333333334, "2AT": 0.551, "67A": 0.14466666666666667, "69A": 0.145, "46A": 0.51, "66A": 0.161, "6AT": 0.134, "79A": 0.12466666666666666, "77A": 0.16466666666666666, "47A": 0.5516666666666666, "7AT": 0.13266666666666665, "49A": 0.56, "99A": 0.146, "9AT": 0.12333333333333334, "44A": 0.919, "4AT": 0.5523333333333333, "ATT": 0.14, "58Q": 0.133, "35Q": 0.263, "5JQ": 0.13433333333333333, "5QQ": 0.15133333333333332, "5KQ": 0.14166666666666666, "25Q": 0.5493333333333333, "55Q": 0.166, "56Q": 0.2663333333333333, "57Q": 0.14066666666666666, "59Q": 0.149, "45Q": 0.5613333333333334, "5QT": 0.12933333333333333, "38Q": 0.13966666666666666, "8JQ": 0.11633333333333333, "8QQ": 0.13733333333333334, "8KQ": 0.123, "28Q": 0.52, "68Q": 0.138, "78Q": 0.131, "88Q": 0.139, "89Q": 0.09066666666666667, "48Q": 0.5096666666666667, "8QT": 0.09833333333333333, "3JQ": 0.14366666666666666, "3QQ": 0.15033333333333335, "3KQ": 0.16966666666666666, "33Q": 0.148, "23Q": 0.548, "36Q": 0.27066666666666667, "37Q": 0.152, "39Q": 0.12833333333333333, "34Q": 0.6096666666666667, "3QT": 0.13066666666666665, "JQQ": 0.12633333333333333, "JKQ": 0.109, "2JQ": 0.519, "6JQ": 0.14033333333333334, "7JQ": 0.128, "9JQ": 0.106, "4JQ": 0.525, "JJQ": 0.12933333333333333, "JQT": 0.10266666666666667, "KQQ": 0.153, "2QQ": 0.5593333333333333, "6QQ": 0.14733333333333334, "7QQ": 0.14833333333333334, "9QQ": 0.14166666666666666, "4QQ": 0.5606666666666666, "QQQ": 0.192, "QQT": 0.125, "KKQ": 0.146, "2KQ": 0.5303333333333333, "6KQ": 0.141, "7KQ": 0.15133333333333332, "9KQ": 0.12166666666666667, "4KQ": 0.5506666666666666, "KQT": 0.09733333333333333, "26Q": 0.515, "27Q": 0.5456666666666666, "29Q": 0.5143333333333333, "24Q": 0.839, "22Q": 0.911, "2QT": 0.49666666666666665, "67Q": 0.13633333333333333, "69Q": 0.136, "46Q": 0.5206666666666667, "66Q": 0.15766666666666668, "6QT": 0.137, "79Q": 0.12, "77Q": 0.145, "47Q": 0.5486666666666666, "7QT": 0.12633333333333333, "49Q": 0.5483333333333333, "99Q": 0.13666666666666666, "9QT": 0.089, "44Q": 0.9263333333333333, "4QT": 0.5173333333333333, "QTT": 0.13233333333333333, "358": 0.263, "58J": 0.149, "58K": 0.14533333333333334, "258": 0.5566666666666666, "558": 0.167, "568": 0.31833333333333336, "578": 0.199, "588": 0.17033333333333334, "589": 0.11833333333333333, "458": 0.5143333333333333, "58T": 0.13766666666666666, "35J": 0.287, "35K": 0.28833333333333333, "335": 0.281, "235": 0.5833333333333334, "355": 0.2806666666666667, "356": 0.8646666666666667, "357": 0.24433333333333335, "359": 0.2806666666666667, "345": 0.5693333333333334, "35T": 0.271, "5JK": 0.14533333333333334, "25J": 0.5356666666666666, "55J": 0.15433333333333332, "56J": 0.2793333333333333, "57J": 0.13866666666666666, "59J": 0.14933333333333335, "45J": 0.5196666666666667, "5JJ": 0.17266666666666666, "5JT": 0.145, "5KK": 0.191, "25K": 0.5593333333333333, "55K": 0.15, "56K": 0.2793333333333333, "57K": 0.17066666666666666, "59K": 0.14166666666666666, "45K": 0.55, "5KT": 0.14633333333333334, "255": 0.545, "256": 0.554, "257": 0.543, "259": 0.5426666666666666, "245": 0.7843333333333333, "225": 0.9306666666666666, "25T": 0.5633333333333334, "556": 0.27266666666666667, "557": 0.16, "559": 0.15933333333333333, "455": 0.5576666666666666, "555": 0.18533333333333332, "55T": 0.163, "567": 0.30033333333333334, "569": 0.266, "456": 0.4643333333333333, "566": 0.263, "56T": 0.2776666666666667, "579": 0.125, "577": 0.186, "457": 0.4726666666666667, "57T": 0.154, "459": 0.543, "599": 0.16833333333333333, "59T": 0.13933333333333334, "445": 0.8826666666666667, "45T": 0.5433333333333333, "5TT": 0.15266666666666667, "38J": 0.147, "38K": 0.16666666666666666, "338": 0.14766666666666667, "238": 0.5456666666666666, "368": 0.26066666666666666, "378": 0.15066666666666667, "388": 0.18233333333333332, "389": 0.129, "348": 0.594, "38T": 0.13666666666666666, "8JK": 0.13666666666666666, "28J": 0.5036666666666667, "68J": 0.14166666666666666, "78J": 0.11766666666666667, "88J": 0.132, "89J": 0.11066666666666666, "48J": 0.5163333333333333, "8JJ": 0.135, "8JT": 0.11066666666666666, "8KK": 0.13833333333333334, "28K": 0.5426666666666666, "68K": 0.15166666666666667, "78K": 0.16066666666666668, "88K": 0.135, "89K": 0.13733333333333334, "48K": 0.5583333333333333, "8KT": 0.12633333333333333, "268": 0.5046666666666667, "278": 0.512, "288": 0.5763333333333334, "289": 0.496, "248": 0.829, "228": 0.9123333333333333, "28T": 0.49, "678": 0.20133333333333334, "688": 0.17533333333333334, "689": 0.11766666666666667, "468": 0.48433333333333334, "668": 0.15266666666666667, "68T": 0.137, "788": 0.15933333333333333, "789": 0.11, "778": 0.155, "478": 0.5033333333333333, "78T": 0.133, "889": 0.13633333333333333, "488": 0.5766666666666667, "88T": 0.13133333333333333, "888": 0.18666666666666668, "489": 0.5006666666666667, "899": 0.14166666666666666, "89T": 0.093, "448": 0.9146666666666666, "48T": 0.5033333333333333, "8TT": 0.13866666666666666, "3JK": 0.175, "33J": 0.153, "23J": 0.52, "36J": 0.265, "37J": 0.17666666666666667, "39J": 0.15433333333333332, "34J": 0.591, "3JJ": 0.172, "3JT": 0.14933333333333335, "3KK": 0.19766666666666666, "33K": 0.17033333333333334, "23K": 0.575, "36K": 0.2876666666666667, "37K": 0.32166666666666666, "39K": 0.16566666666666666, "34K": 0.6043333333333333, "3KT": 0.17433333333333334, "233": 0.5666666666666667, "336": 0.259, "337": 0.18266666666666667, "339": 0.14466666666666667, "334": 0.6096666666666667, "333": 0.18066666666666667, "33T": 0.15333333333333332, "236": 0.5603333333333333, "237": 0.5453333333333333, "239": 0.541, "234": 0.8106666666666666, "223": 0.935, "23T": 0.5526666666666666, "367": 0.24833333333333332, "369": 0.257, "346": 0.5586666666666666, "366": 0.2783333333333333, "36T": 0.279, "379": 0.159, "377": 0.192, "347": 0.5683333333333334, "37T": 0.16233333333333333, "349": 0.5913333333333334, "399": 0.17166666666666666, "39T": 0.12566666666666668, "344": 0.9303333333333333, "34T": 0.6123333333333333, "3TT": 0.16866666666666666, "JKK": 0.15233333333333332, "2JK": 0.495, "6JK": 0.141, "7JK": 0.158, "9JK": 0.12266666666666666, "4JK": 0.5433333333333333, "JJK": 0.144, "JKT": 0.12066666666666667, "26J": 0.44133333333333336,