{"5JQ": 0.8626666666666667, "AJQ": 0.9056666666666666, "JKQ": 0.8333333333333334, "2JQ": 0.8063333333333333, "8JQ": 0.7636666666666667, "JQT": 0.7673333333333333, "7JQ": 0.8553333333333333, "6JQ": 0.805, "4JQ": 0.8473333333333334, "3JQ": 0.8, "JJQ": 0.9376666666666666, "9JQ": 0.7356666666666667, "JQQ": 0.846, "5AQ": 0.8796666666666667, "5KQ": 0.7333333333333333, "25Q": 0.5576666666666666, "58Q": 0.5446666666666666, "5QT": 0.625, "57Q": 0.6846666666666666, "56Q": 0.5166666666666667, "45Q": 0.686, "35Q": 0.5433333333333333, "55Q": 0.6186666666666667, "59Q": 0.5266666666666666, "5QQ": 0.645, "AKQ": 0.8986666666666666, "2AQ": 0.9043333333333333, "8AQ": 0.9, "AQT": 0.8863333333333333, "AAQ": 0.9716666666666667, "7AQ": 0.8916666666666667, "6AQ": 0.8976666666666666, "4AQ": 0.8906666666666667, "3AQ": 0.866, "9AQ": 0.894, "AQQ": 0.862, "2KQ": 0.6346666666666667, "8KQ": 0.6203333333333333, "KQT": 0.973, "7KQ": 0.742, "6KQ": 0.6266666666666667, "4KQ": 0.7256666666666667, "KKQ": 0.6943333333333334, "3KQ": 0.6353333333333333, "9KQ": 0.6126666666666667, "KQQ": 0.7056666666666667, "28Q": 0.5153333333333333, "2QT": 0.6063333333333333, "22Q": 0.6283333333333333, "27Q": 0.5416666666666666, "26Q": 0.509, "24Q": 0.5453333333333333, "23Q": 0.5363333333333333, "29Q": 0.5243333333333333, "2QQ": 0.6456666666666667, "8QT": 0.6643333333333333, "78Q": 0.5503333333333333, "68Q": 0.5056666666666667, "48Q": 0.5523333333333333, "38Q": 0.5496666666666666, "89Q": 0.563, "8QQ": 0.644, "88Q": 0.6426666666666667, "7QT": 0.618, "6QT": 0.5993333333333334, "4QT": 0.626, "3QT": 0.6046666666666667, "QTT": 0.677, "9QT": 0.666, "QQT": 0.672, "67Q": 0.5353333333333333, "47Q": 0.6736666666666666, "77Q": 0.6406666666666667, "37Q": 0.555, "79Q": 0.524, "7QQ": 0.6386666666666667, "66Q": 0.6173333333333333, "46Q": 0.5326666666666666, "36Q": 0.5323333333333333, "69Q": 0.5336666666666666, "6QQ": 0.642, "34Q": 0.5413333333333333, "44Q": 0.6366666666666667, "49Q": 0.5623333333333334, "4QQ": 0.6386666666666667, "39Q": 0.5493333333333333, "3QQ": 0.6073333333333333, "33Q": 0.615, "9QQ": 0.6423333333333333, "99Q": 0.6296666666666667, "QQQ": 0.741, "5AJ": 0.937, "5JK": 0.866, "25J": 0.8456666666666667, "58J": 0.818, "5JT": 0.8403333333333334, "57J": 0.8663333333333333, "56J": 0.8196666666666667, "45J": 0.8816666666666667, "35J": 0.855, "55J": 0.8316666666666667, "5JJ": 0.9673333333333334, "59J": 0.8293333333333334, "AJK": 0.9033333333333333, "2AJ": 0.9456666666666667, "8AJ": 0.9283333333333333, "AJT": 0.885, "AAJ": 0.9973333333333333, "7AJ": 0.9296666666666666, "6AJ": 0.952, "4AJ": 0.9406666666666667, "3AJ": 0.921, "AJJ": 0.9973333333333333, "9AJ": 0.9246666666666666, "2JK": 0.8213333333333334, "8JK": 0.7926666666666666, "JKT": 0.8133333333333334, "7JK": 0.8686666666666667, "6JK": 0.807, "4JK": 0.858, "JKK": 0.8483333333333334, "3JK": 0.8063333333333333, "JJK": 0.9543333333333334, "9JK": 0.7543333333333333, "28J": 0.8183333333333334, "2JT": 0.8293333333333334, "22J": 0.847, "27J": 0.856, "26J": 0.8566666666666667, "24J": 0.8616666666666667, "23J": 0.8636666666666667, "2JJ": 0.9576666666666667, "29J": 0.8213333333333334, "8JT": 0.77, "78J": 0.787, "68J": 0.8203333333333334, "48J": 0.8283333333333334, "38J": 0.845, "8JJ": 0.9403333333333334, "89J": 0.7513333333333333, "88J": 0.8303333333333334, "7JT": 0.8063333333333333, "6JT": 0.835, "4JT": 0.8236666666666667, "3JT": 0.8346666666666667, "JTT": 0.844, "JJT": 0.9493333333333334, "9JT": 0.728, "67J": 0.8243333333333334, "47J": 0.883, "77J": 0.8446666666666667, "37J": 0.849, "7JJ": 0.958, "79J": 0.7906666666666666, "66J": 0.8413333333333334, "46J": 0.8323333333333334, "36J": 0.8426666666666667, "6JJ": 0.9756666666666667, "69J": 0.823, "34J": 0.8353333333333334, "4JJ": 0.9666666666666667, "44J": 0.86, "49J": 0.8293333333333334, "3JJ": 0.9746666666666667, "39J": 0.8353333333333334, "33J": 0.853, "9JJ": 0.9456666666666667, "JJJ": 1.0, "99J": 0.8213333333333334, "5AK": 0.891, "25A": 0.884, "58A": 0.8716666666666667, "5AT": 0.883, "5AA": 0.9723333333333334, "57A": 0.848, "56A": 0.8513333333333334, "45A": 0.8546666666666667, "35A": 0.8536666666666667, "55A": 0.8803333333333333, "59A": 0.885, "25K": 0.546, "58K": 0.54, "5KT": 0.6233333333333333, "57K": 0.6783333333333333, "56K": 0.5226666666666666, "45K": 0.6856666666666666, "5KK": 0.6433333333333333, "35K": 0.5416666666666666, "55K": 0.633, "59K": 0.541, "258": 0.487, "25T": 0.5236666666666666, "225": 0.6196666666666667, "257": 0.5396666666666666, "256": 0.491, "245": 0.49966666666666665, "235": 0.5113333333333333, "255": 0.607, "259": 0.511, "58T": 0.5396666666666666, "578": 0.49533333333333335, "568": 0.466, "458": 0.49733333333333335, "358": 0.5293333333333333, "558": 0.6173333333333333, "589": 0.49833333333333335, "588": 0.604, "57T": 0.5293333333333333, "56T": 0.5126666666666667, "45T": 0.5403333333333333, "35T": 0.5253333333333333, "5TT": 0.627, "55T": 0.621, "59T": 0.546, "567": 0.4653333333333333, "457": 0.6516666666666666, "577": 0.6123333333333333, "357": 0.5083333333333333, "557": 0.595, "579": 0.5116666666666667, "566": 0.596, "456": 0.454, "356": 0.4646666666666667, "556": 0.584, "569": 0.5006666666666667, "345": 0.5003333333333333, "455": 0.63, "445": 0.5936666666666667, "459": 0.5353333333333333, "355": 0.607, "359": 0.5086666666666667, "335": 0.6096666666666667, "555": 0.72, "559": 0.606, "599": 0.627, "2AK": 0.908, "8AK": 0.8953333333333333, "AKT": 0.8953333333333333, "AAK": 0.9746666666666667, "7AK": 0.8996666666666666, "6AK": 0.895, "4AK": 0.8896666666666667, "AKK": 0.899, "3AK": 0.8756666666666667, "9AK": 0.9066666666666666, "28A": 0.8493333333333334, "2AT": 0.8913333333333333, "22A": 0.879, "2AA": 0.9723333333333334, "27A": 0.8956666666666667, "26A": 0.8776666666666667, "24A": 0.8793333333333333, "23A": 0.862, "29A": 0.8903333333333333, "8AT": 0.872, "8AA": 0.9743333333333334, "78A": 0.8586666666666667, "68A": 0.858, "48A": 0.8773333333333333, "38A": 0.862, "89A": 0.865, "88A": 0.891, "AAT": 0.9733333333333334, "7AT": 0.876, "6AT": 0.8763333333333333, "4AT": 0.89, "3AT": 0.863, "ATT": 0.8546666666666667, "9AT": 0.8743333333333333, "7AA": 0.9696666666666667, "6AA": 0.9616666666666667, "4AA": 0.969, "3AA": 0.9456666666666667, "AAA": 1.0, "9AA": 0.969, "67A": 0.8533333333333334, "47A": 0.8693333333333333, "77A": 0.8446666666666667, "37A": 0.8546666666666667, "79A": 0.861, "66A": 0.8746666666666667, "46A": 0.875, "36A": 0.853, "69A": 0.8776666666666667, "34A": 0.8463333333333334, "44A": 0.894, "49A": 0.891, "39A": 0.8556666666666667, "33A": 0.8533333333333334, "99A": 0.8676666666666667, "28K": 0.5136666666666667, "2KT": 0.6103333333333333, "22K": 0.6093333333333333, "27K": 0.563, "26K": 0.5256666666666666, "24K": 0.5376666666666666, "2KK": 0.6293333333333333, "23K": 0.545, "29K": 0.5293333333333333, "8KT": 0.6163333333333333, "78K": 0.5263333333333333, "68K": 0.5136666666666667, "48K": 0.558, "8KK": 0.6526666666666666, "38K": 0.5413333333333333, "89K": 0.5116666666666667, "88K": 0.6323333333333333, "7KT": 0.6376666666666667, "6KT": 0.613, "4KT": 0.6406666666666667, "KKT": 0.69, "3KT": 0.611, "KTT": 0.676, "9KT": 0.584, "67K": 0.5353333333333333, "47K": 0.696, "77K": 0.6483333333333333, "7KK": 0.6413333333333333, "37K": 0.5476666666666666, "79K": 0.5433333333333333, "66K": 0.632, "46K": 0.533, "6KK": 0.6433333333333333, "36K": 0.5303333333333333, "69K": 0.5393333333333333, "4KK": 0.6343333333333333, "34K": 0.5546666666666666, "44K": 0.6316666666666667, "49K": 0.5466666666666666, "3KK": 0.6506666666666666, "KKK": 0.748, "9KK": 0.649, "39K": 0.5463333333333333, "33K": 0.6336666666666667, "99K": 0.6293333333333333, "28T": 0.5193333333333333, "228": 0.5783333333333334, "278": 0.48933333333333334, "268": 0.476, "248": 0.501, "238": 0.5213333333333333, "289": 0.5043333333333333, "288": 0.6003333333333334, "22T": 0.623, "27T": 0.526, "26T": 0.5333333333333333, "24T": 0.5436666666666666, "23T": 0.5253333333333333, "2TT": 0.6283333333333333, "29T": 0.5633333333333334, "227": 0.6036666666666667,