{"9AA": 0.45166666666666666, "9AJ": 0.38433333333333336, "9AT": 0.33266666666666667, "9AK": 0.371, "9AQ": 0.7176666666666667, "89A": 0.35033333333333333, "49A": 0.364, "59A": 0.31366666666666665, "69A": 0.31466666666666665, "39A": 0.5046666666666667, "29A": 0.37366666666666665, "79A": 0.3406666666666667, "99A": 0.4483333333333333, "AAJ": 0.488, "AAA": 0.5726666666666667, "AAT": 0.44966666666666666, "AAK": 0.5273333333333333, "AAQ": 0.8053333333333333, "8AA": 0.47333333333333333, "4AA": 0.489, "5AA": 0.45, "6AA": 0.46066666666666667, "3AA": 0.6643333333333333, "2AA": 0.48733333333333334, "7AA": 0.47433333333333333, "AJT": 0.4236666666666667, "AJK": 0.4886666666666667, "AJQ": 0.6986666666666667, "AJJ": 0.4533333333333333, "8AJ": 0.37766666666666665, "4AJ": 0.4033333333333333, "5AJ": 0.3596666666666667, "6AJ": 0.372, "3AJ": 0.605, "2AJ": 0.408, "7AJ": 0.385, "AKT": 0.4146666666666667, "AQT": 0.6956666666666667, "ATT": 0.44266666666666665, "8AT": 0.363, "4AT": 0.38066666666666665, "5AT": 0.33066666666666666, "6AT": 0.31366666666666665, "3AT": 0.515, "2AT": 0.37833333333333335, "7AT": 0.344, "AKQ": 0.643, "AKK": 0.5093333333333333, "8AK": 0.41933333333333334, "4AK": 0.433, "5AK": 0.37466666666666665, "6AK": 0.351, "3AK": 0.5126666666666667, "2AK": 0.42866666666666664, "7AK": 0.43066666666666664, "8AQ": 0.735, "4AQ": 0.7603333333333333, "5AQ": 0.722, "6AQ": 0.7353333333333333, "3AQ": 0.885, "2AQ": 0.7576666666666667, "7AQ": 0.7483333333333333, "AQQ": 0.9266666666666666, "48A": 0.365, "58A": 0.35733333333333334, "88A": 0.46, "68A": 0.346, "38A": 0.6076666666666667, "28A": 0.372, "78A": 0.344, "45A": 0.37033333333333335, "46A": 0.372, "34A": 0.579, "44A": 0.45, "24A": 0.408, "47A": 0.3993333333333333, "56A": 0.311, "35A": 0.511, "25A": 0.37266666666666665, "57A": 0.348, "55A": 0.442, "36A": 0.5166666666666667, "66A": 0.439, "26A": 0.364, "67A": 0.358, "33A": 0.9366666666666666, "23A": 0.6386666666666667, "37A": 0.586, "27A": 0.37666666666666665, "22A": 0.43466666666666665, "77A": 0.429, "9JT": 0.45, "9JK": 0.43966666666666665, "9JQ": 0.728, "9JJ": 0.38966666666666666, "89J": 0.394, "49J": 0.36, "59J": 0.32166666666666666, "69J": 0.32033333333333336, "39J": 0.5726666666666667, "29J": 0.354, "79J": 0.326, "99J": 0.43433333333333335, "9KT": 0.3606666666666667, "9QT": 0.68, "9TT": 0.3923333333333333, "89T": 0.37633333333333335, "49T": 0.3273333333333333, "59T": 0.2753333333333333, "69T": 0.2793333333333333, "39T": 0.49733333333333335, "29T": 0.31866666666666665, "79T": 0.293, "99T": 0.38166666666666665, "9KQ": 0.6983333333333334, "9KK": 0.4693333333333333, "89K": 0.3476666666666667, "49K": 0.37433333333333335, "59K": 0.326, "69K": 0.31733333333333336, "39K": 0.513, "29K": 0.361, "79K": 0.362, "99K": 0.438, "89Q": 0.7206666666666667, "49Q": 0.8083333333333333, "59Q": 0.7626666666666667, "69Q": 0.7486666666666667, "39Q": 0.884, "29Q": 0.8003333333333333, "79Q": 0.7833333333333333, "9QQ": 0.9323333333333333, "99Q": 0.7706666666666667, "489": 0.30533333333333335, "589": 0.295, "889": 0.3963333333333333, "689": 0.27566666666666667, "389": 0.5543333333333333, "289": 0.32466666666666666, "789": 0.2803333333333333, "899": 0.38066666666666665, "459": 0.31966666666666665, "469": 0.31966666666666665, "349": 0.5703333333333334, "449": 0.407, "249": 0.3636666666666667, "479": 0.31866666666666665, "499": 0.43133333333333335, "569": 0.2703333333333333, "359": 0.489, "259": 0.33166666666666667, "579": 0.2936666666666667, "559": 0.38033333333333336, "599": 0.37766666666666665, "369": 0.492, "669": 0.36433333333333334, "269": 0.30433333333333334, "679": 0.27666666666666667, "699": 0.38266666666666665, "339": 0.922, "239": 0.6296666666666667, "379": 0.5553333333333333, "399": 0.645, "279": 0.31766666666666665, "299": 0.4073333333333333, "229": 0.368, "779": 0.361, "799": 0.37366666666666665, "999": 0.484, "JKT": 0.513, "JQT": 0.6743333333333333, "JJT": 0.40066666666666667, "JTT": 0.443, "8JT": 0.398, "4JT": 0.357, "5JT": 0.339, "6JT": 0.342, "3JT": 0.5843333333333334, "2JT": 0.37033333333333335, "7JT": 0.32866666666666666, "JKQ": 0.6903333333333334, "JJK": 0.473, "JKK": 0.511, "8JK": 0.3923333333333333, "4JK": 0.408, "5JK": 0.36, "6JK": 0.37, "3JK": 0.6003333333333334, "2JK": 0.41533333333333333, "7JK": 0.379, "JJQ": 0.762, "8JQ": 0.7196666666666667, "4JQ": 0.7913333333333333, "5JQ": 0.7903333333333333, "6JQ": 0.7973333333333333, "3JQ": 0.8986666666666666, "2JQ": 0.8053333333333333, "7JQ": 0.7863333333333333, "JQQ": 0.9126666666666666, "8JJ": 0.398, "JJJ": 0.48833333333333334, "4JJ": 0.416, "5JJ": 0.3903333333333333, "6JJ": 0.395, "3JJ": 0.6383333333333333, "2JJ": 0.4186666666666667, "7JJ": 0.4026666666666667, "48J": 0.348, "58J": 0.31966666666666665, "88J": 0.4023333333333333, "68J": 0.32966666666666666, "38J": 0.614, "28J": 0.37033333333333335, "78J": 0.2906666666666667, "45J": 0.3413333333333333, "46J": 0.35133333333333333, "34J": 0.6036666666666667, "44J": 0.405, "24J": 0.498, "47J": 0.354, "56J": 0.3253333333333333, "35J": 0.5676666666666667, "25J": 0.363, "57J": 0.31266666666666665, "55J": 0.4266666666666667, "36J": 0.5773333333333334, "66J": 0.4226666666666667, "26J": 0.3476666666666667, "67J": 0.31933333333333336, "33J": 0.95, "23J": 0.6586666666666666, "37J": 0.593, "27J": 0.3333333333333333, "22J": 0.399, "77J": 0.37466666666666665, "KQT": 0.657, "KKT": 0.45966666666666667, "KTT": 0.46366666666666667, "8KT": 0.3536666666666667, "4KT": 0.389, "5KT": 0.3253333333333333, "6KT": 0.33, "3KT": 0.5016666666666667, "2KT": 0.3883333333333333, "7KT": 0.36533333333333334, "QTT": 0.7606666666666667, "8QT": 0.7193333333333334, "4QT": 0.7853333333333333, "5QT": 0.7786666666666666, "6QT": 0.7603333333333333, "3QT": 0.86, "2QT": 0.7893333333333333, "7QT": 0.7756666666666666, "QQT": 0.9203333333333333, "8TT": 0.409, "4TT": 0.401, "5TT": 0.37733333333333335, "6TT": 0.38233333333333336, "3TT": 0.6576666666666666, "2TT": 0.406, "7TT": 0.3983333333333333, "TTT": 0.5016666666666667, "48T": 0.3313333333333333, "58T": 0.30366666666666664, "88T": 0.39166666666666666, "68T": 0.2876666666666667, "38T": 0.5773333333333334, "28T": 0.3293333333333333, "78T": 0.294, "45T": 0.33766666666666667, "46T": 0.3273333333333333, "34T": 0.581, "44T": 0.4026666666666667, "24T": 0.3406666666666667, "47T": 0.32166666666666666, "56T": 0.2793333333333333, "35T": 0.5126666666666667, "25T": 0.3303333333333333, "57T": 0.324, "55T": 0.37766666666666665, "36T": 0.48133333333333334, "66T": 0.37933333333333336, "26T": 0.3323333333333333, "67T": 0.29533333333333334, "33T": 0.9283333333333333, "23T": 0.6263333333333333, "37T": 0.561, "27T": 0.326, "22T": 0.36133333333333334, "77T": 0.38133333333333336, "KKQ": 0.8013333333333333, "8KQ": 0.7136666666666667, "4KQ": 0.752, "5KQ": 0.73, "6KQ": 0.7233333333333334, "3KQ": 0.8716666666666667, "2KQ": 0.761, "7KQ": 0.7526666666666667, "KQQ": 0.9083333333333333, "8KK": 0.499, "4KK": 0.47533333333333333, "5KK": 0.43, "6KK": 0.4563333333333333, "3KK": 0.655, "KKK": 0.5666666666666667, "2KK": 0.49666666666666665, "7KK": 0.4746666666666667, "48K": 0.36866666666666664, "58K": 0.3253333333333333, "88K": 0.4533333333333333, "68K": 0.35, "38K": 0.6006666666666667, "28K": 0.379, "78K": 0.3473333333333333, "45K": 0.3596666666666667, "46K": 0.36866666666666664, "34K": 0.5876666666666667, "44K": 0.45266666666666666, "24K": 0.401, "47K": 0.36666666666666664, "56K": 0.32766666666666666, "35K": 0.5206666666666667, "25K": 0.37466666666666665, "57K": 0.35633333333333334, "55K": 0.43733333333333335, "36K": 0.49466666666666664, "66K": 0.44466666666666665, "26K": 0.38166666666666665, "67K": 0.359, "33K": 0.9406666666666667, "23K": 0.6323333333333333, "37K": 0.5826666666666667, "27K": 0.37366666666666665, "22K": 0.423, "77K": 0.42966666666666664, "48Q": 0.7826666666666666, "58Q": 0.7656666666666667, "88Q": 0.759, "68Q": 0.7516666666666667, "38Q": 0.8993333333333333, "28Q": 0.77, "78Q": 0.7443333333333333, "8QQ": 0.913, "45Q": 0.8003333333333333, "46Q": 0.7853333333333333, "34Q": 0.9083333333333333,