{"AKK": 0.263, "5AK": 0.2683333333333333, "AAK": 0.30033333333333334, "AKT": 0.25, "AJK": 0.24466666666666667, "AKQ": 0.23166666666666666, "2AK": 0.218, "6AK": 0.6333333333333333, "9AK": 0.29333333333333333, "3AK": 0.231, "4AK": 0.24533333333333332, "7AK": 0.6293333333333333, "8AK": 0.2793333333333333, "5KK": 0.287, "KKT": 0.26566666666666666, "JKK": 0.24866666666666667, "KKQ": 0.2633333333333333, "KKK": 0.30566666666666664, "2KK": 0.258, "6KK": 0.684, "9KK": 0.30433333333333334, "3KK": 0.26166666666666666, "4KK": 0.254, "7KK": 0.6543333333333333, "8KK": 0.292, "5KT": 0.256, "5JK": 0.2733333333333333, "5KQ": 0.27666666666666667, "25K": 0.226, "56K": 0.6443333333333333, "59K": 0.37466666666666665, "35K": 0.356, "45K": 0.461, "57K": 0.6886666666666666, "58K": 0.4673333333333333, "55K": 0.262, "JKT": 0.22033333333333333, "KQT": 0.248, "2KT": 0.23133333333333334, "6KT": 0.637, "KTT": 0.29933333333333334, "9KT": 0.37133333333333335, "3KT": 0.25766666666666665, "4KT": 0.257, "7KT": 0.5916666666666667, "8KT": 0.37133333333333335, "JKQ": 0.221, "2JK": 0.22766666666666666, "6JK": 0.628, "9JK": 0.2856666666666667, "3JK": 0.223, "4JK": 0.237, "7JK": 0.5853333333333334, "JJK": 0.253, "8JK": 0.276, "2KQ": 0.207, "6KQ": 0.624, "KQQ": 0.3, "9KQ": 0.27166666666666667, "3KQ": 0.23033333333333333, "4KQ": 0.23866666666666667, "7KQ": 0.6156666666666667, "8KQ": 0.2783333333333333, "26K": 0.644, "29K": 0.2643333333333333, "23K": 0.20533333333333334, "24K": 0.22266666666666668, "27K": 0.689, "22K": 0.25233333333333335, "28K": 0.254, "69K": 0.6306666666666667, "36K": 0.6686666666666666, "46K": 0.6863333333333334, "67K": 0.855, "68K": 0.6043333333333333, "66K": 0.9383333333333334, "39K": 0.286, "49K": 0.2996666666666667, "79K": 0.62, "99K": 0.30533333333333335, "89K": 0.48433333333333334, "34K": 0.316, "37K": 0.6586666666666666, "38K": 0.259, "33K": 0.259, "47K": 0.667, "44K": 0.273, "48K": 0.37566666666666665, "77K": 0.9453333333333334, "78K": 0.6346666666666667, "88K": 0.30933333333333335, "5AA": 0.3016666666666667, "5AT": 0.257, "5AJ": 0.25833333333333336, "5AQ": 0.2643333333333333, "25A": 0.24166666666666667, "56A": 0.6473333333333333, "59A": 0.36966666666666664, "35A": 0.36233333333333334, "45A": 0.459, "57A": 0.69, "58A": 0.4786666666666667, "55A": 0.2906666666666667, "AAT": 0.293, "AAJ": 0.2783333333333333, "AAQ": 0.264, "2AA": 0.265, "6AA": 0.6956666666666667, "9AA": 0.30766666666666664, "3AA": 0.2633333333333333, "4AA": 0.29633333333333334, "7AA": 0.6913333333333334, "AAA": 0.31266666666666665, "8AA": 0.307, "AJT": 0.23333333333333334, "AQT": 0.231, "2AT": 0.242, "6AT": 0.63, "ATT": 0.275, "9AT": 0.366, "3AT": 0.249, "4AT": 0.26166666666666666, "7AT": 0.6066666666666667, "8AT": 0.37533333333333335, "AJQ": 0.23, "2AJ": 0.22133333333333333, "6AJ": 0.6313333333333333, "9AJ": 0.263, "3AJ": 0.235, "4AJ": 0.22333333333333333, "7AJ": 0.588, "AJJ": 0.2673333333333333, "8AJ": 0.276, "2AQ": 0.216, "6AQ": 0.6356666666666667, "AQQ": 0.2813333333333333, "9AQ": 0.2856666666666667, "3AQ": 0.233, "4AQ": 0.22733333333333333, "7AQ": 0.6063333333333333, "8AQ": 0.26866666666666666, "26A": 0.667, "29A": 0.25066666666666665, "23A": 0.201, "24A": 0.243, "27A": 0.6856666666666666, "22A": 0.225, "28A": 0.24966666666666668, "69A": 0.6413333333333333, "36A": 0.68, "46A": 0.6853333333333333, "67A": 0.8556666666666667, "68A": 0.6146666666666667, "66A": 0.938, "39A": 0.257, "49A": 0.2633333333333333, "79A": 0.619, "99A": 0.28933333333333333, "89A": 0.4706666666666667, "34A": 0.3406666666666667, "37A": 0.6686666666666666, "38A": 0.25966666666666666, "33A": 0.24266666666666667, "47A": 0.6633333333333333, "44A": 0.25366666666666665, "48A": 0.37866666666666665, "77A": 0.9486666666666667, "78A": 0.6353333333333333, "88A": 0.31066666666666665, "5JT": 0.22733333333333333, "5QT": 0.23766666666666666, "25T": 0.23966666666666667, "56T": 0.6583333333333333, "5TT": 0.309, "59T": 0.348, "35T": 0.3383333333333333, "45T": 0.438, "57T": 0.6413333333333333, "58T": 0.4623333333333333, "55T": 0.26466666666666666, "5JQ": 0.241, "25J": 0.247, "56J": 0.652, "59J": 0.3496666666666667, "35J": 0.3363333333333333, "45J": 0.4623333333333333, "57J": 0.652, "5JJ": 0.2866666666666667, "58J": 0.44333333333333336, "55J": 0.25633333333333336, "25Q": 0.23166666666666666, "56Q": 0.6306666666666667, "5QQ": 0.299, "59Q": 0.35, "35Q": 0.33266666666666667, "45Q": 0.45366666666666666, "57Q": 0.649, "58Q": 0.44766666666666666, "55Q": 0.267, "256": 0.5486666666666666, "259": 0.3456666666666667, "235": 0.32666666666666666, "245": 0.43966666666666665, "257": 0.7033333333333334, "225": 0.24766666666666667, "258": 0.369, "255": 0.24666666666666667, "569": 0.655, "356": 0.675, "456": 0.686, "567": 0.7403333333333333, "568": 0.584, "556": 0.6703333333333333, "566": 0.9186666666666666, "359": 0.4603333333333333, "459": 0.47, "579": 0.694, "599": 0.4013333333333333, "589": 0.909, "559": 0.382, "345": 0.9153333333333333, "357": 0.709, "358": 0.44366666666666665, "355": 0.352, "335": 0.3456666666666667, "457": 0.7036666666666667, "445": 0.45, "458": 0.9243333333333333, "455": 0.46366666666666667, "577": 0.9283333333333333, "578": 0.6833333333333333, "557": 0.6813333333333333, "588": 0.47, "558": 0.454, "555": 0.2886666666666667, "JQT": 0.18066666666666667, "2JT": 0.22666666666666666, "6JT": 0.5903333333333334, "JTT": 0.25333333333333335, "9JT": 0.2843333333333333, "3JT": 0.19033333333333333, "4JT": 0.18833333333333332, "7JT": 0.47433333333333333, "JJT": 0.254, "8JT": 0.2976666666666667, "2QT": 0.23766666666666666, "6QT": 0.5896666666666667, "QQT": 0.2623333333333333, "QTT": 0.24966666666666668, "9QT": 0.313, "3QT": 0.193, "4QT": 0.20933333333333334, "7QT": 0.497, "8QT": 0.335, "26T": 0.659, "2TT": 0.2833333333333333, "29T": 0.33, "23T": 0.21066666666666667, "24T": 0.241, "27T": 0.678, "22T": 0.23966666666666667, "28T": 0.3406666666666667, "6TT": 0.703, "69T": 0.6503333333333333, "36T": 0.6463333333333333, "46T": 0.6506666666666666, "67T": 0.7986666666666666, "68T": 0.6266666666666667, "66T": 0.921, "9TT": 0.36333333333333334, "3TT": 0.2776666666666667, "4TT": 0.291, "7TT": 0.6706666666666666, "8TT": 0.381, "TTT": 0.30533333333333335, "39T": 0.3283333333333333, "49T": 0.35033333333333333, "79T": 0.5896666666666667, "99T": 0.3556666666666667, "89T": 0.838, "34T": 0.279, "37T": 0.5583333333333333, "38T": 0.337, "33T": 0.24566666666666667, "47T": 0.5523333333333333, "44T": 0.25533333333333336, "48T": 0.44266666666666665, "77T": 0.9046666666666666, "78T": 0.595, "88T": 0.36866666666666664, "2JQ": 0.21666666666666667, "6JQ": 0.5976666666666667, "JQQ": 0.26566666666666666, "9JQ": 0.23333333333333334, "3JQ": 0.19933333333333333, "4JQ": 0.20333333333333334, "7JQ": 0.5173333333333333, "JJQ": 0.26166666666666666, "8JQ": 0.24933333333333332, "26J": 0.667, "29J": 0.24333333333333335, "23J": 0.19866666666666666, "24J": 0.22466666666666665, "27J": 0.654, "22J": 0.22266666666666668, "2JJ": 0.24833333333333332, "28J": 0.23866666666666667, "69J": 0.6243333333333333, "36J": 0.6573333333333333, "46J": 0.6583333333333333, "67J": 0.8323333333333334, "6JJ": 0.6676666666666666, "68J": 0.6, "66J": 0.9086666666666666, "39J": 0.25033333333333335, "49J": 0.25733333333333336, "79J": 0.5696666666666667, "99J": 0.27, "9JJ": 0.286, "89J": 0.41233333333333333, "34J": 0.2986666666666667, "37J": 0.5316666666666666, "3JJ": 0.2643333333333333, "38J": 0.24366666666666667, "33J": 0.228, "47J": 0.5586666666666666, "44J": 0.26166666666666666, "4JJ": 0.2836666666666667, "48J": 0.348, "77J": 0.9173333333333333, "7JJ": 0.6586666666666666, "78J": 0.5596666666666666, "8JJ": 0.2826666666666667, "JJJ": 0.324, "88J": 0.2773333333333333, "26Q": 0.6533333333333333, "2QQ": 0.26566666666666666, "29Q": 0.24633333333333332, "23Q": 0.221, "24Q": 0.22066666666666668, "27Q": 0.68, "22Q": 0.236, "28Q": 0.24433333333333335, "6QQ": 0.702, "69Q": 0.632, "36Q": 0.659, "46Q": 0.658, "67Q": 0.82, "68Q": 0.623, "66Q": 0.9183333333333333, "9QQ": 0.31566666666666665, "3QQ": 0.2623333333333333,