{"2KT": 0.8373333333333334, "3KT": 0.817, "KKT": 0.9426666666666667, "5KT": 0.8206666666666667, "6KT": 0.813, "8KT": 0.8816666666666667, "4KT": 0.8163333333333334, "KTT": 0.8386666666666667, "7KT": 0.8066666666666666, "AKT": 0.7343333333333333, "JKT": 0.747, "9KT": 0.8056666666666666, "KQT": 0.771, "23T": 0.42766666666666664, "25T": 0.416, "26T": 0.43466666666666665, "28T": 0.7243333333333334, "22T": 0.49233333333333335, "24T": 0.4093333333333333, "2TT": 0.5563333333333333, "27T": 0.41533333333333333, "2AT": 0.482, "2JT": 0.45066666666666666, "29T": 0.478, "2QT": 0.434, "35T": 0.4146666666666667, "36T": 0.411, "38T": 0.7026666666666667, "34T": 0.4033333333333333, "3TT": 0.5486666666666666, "37T": 0.42433333333333334, "33T": 0.5173333333333333, "3AT": 0.48433333333333334, "3JT": 0.437, "39T": 0.472, "3QT": 0.45866666666666667, "55T": 0.502, "56T": 0.4033333333333333, "58T": 0.7046666666666667, "45T": 0.367, "5TT": 0.5386666666666666, "57T": 0.386, "5AT": 0.41, "5JT": 0.43666666666666665, "59T": 0.45566666666666666, "5QT": 0.43166666666666664, "68T": 0.6663333333333333, "46T": 0.4093333333333333, "6TT": 0.54, "66T": 0.5143333333333333, "67T": 0.496, "6AT": 0.4846666666666667, "6JT": 0.4256666666666667, "69T": 0.521, "6QT": 0.44533333333333336, "88T": 0.9316666666666666, "48T": 0.6913333333333334, "8TT": 0.77, "78T": 0.6446666666666667, "8AT": 0.6573333333333333, "8JT": 0.6123333333333333, "89T": 0.623, "8QT": 0.6733333333333333, "4TT": 0.515, "47T": 0.383, "4AT": 0.42966666666666664, "4JT": 0.43366666666666664, "49T": 0.45466666666666666, "44T": 0.5026666666666667, "4QT": 0.4206666666666667, "7TT": 0.527, "ATT": 0.593, "JTT": 0.5356666666666666, "9TT": 0.6606666666666666, "QTT": 0.551, "TTT": 0.6243333333333333, "7AT": 0.4256666666666667, "7JT": 0.5133333333333333, "79T": 0.582, "7QT": 0.41633333333333333, "77T": 0.497, "AJT": 0.5506666666666666, "9AT": 0.5093333333333333, "AQT": 0.536, "AAT": 0.5833333333333334, "9JT": 0.599, "JQT": 0.566, "JJT": 0.501, "9QT": 0.518, "99T": 0.5413333333333333, "QQT": 0.5426666666666666, "23K": 0.823, "2KK": 0.9326666666666666, "25K": 0.858, "26K": 0.8313333333333334, "28K": 0.9223333333333333, "22K": 0.8453333333333334, "24K": 0.8473333333333334, "27K": 0.8616666666666667, "2AK": 0.794, "2JK": 0.8203333333333334, "29K": 0.854, "2KQ": 0.81, "3KK": 0.933, "35K": 0.7963333333333333, "36K": 0.7066666666666667, "38K": 0.826, "34K": 0.815, "37K": 0.815, "33K": 0.8166666666666667, "3AK": 0.7796666666666666, "3JK": 0.7023333333333334, "39K": 0.8186666666666667, "3KQ": 0.809, "5KK": 0.9623333333333334, "6KK": 0.9403333333333334, "8KK": 0.9966666666666667, "4KK": 0.9616666666666667, "7KK": 0.964, "AKK": 0.942, "JKK": 0.924, "9KK": 0.9523333333333334, "KKQ": 0.9283333333333333, "KKK": 1.0, "55K": 0.8586666666666667, "56K": 0.807, "58K": 0.9043333333333333, "45K": 0.8096666666666666, "57K": 0.8046666666666666, "5AK": 0.774, "5JK": 0.8083333333333333, "59K": 0.8556666666666667, "5KQ": 0.8393333333333334, "68K": 0.79, "46K": 0.8003333333333333, "66K": 0.8093333333333333, "67K": 0.8033333333333333, "6AK": 0.769, "6JK": 0.7136666666666667, "69K": 0.818, "6KQ": 0.8163333333333334, "88K": 0.9923333333333333, "48K": 0.905, "78K": 0.8846666666666667, "8AK": 0.8903333333333333, "8JK": 0.789, "89K": 0.882, "8KQ": 0.8856666666666667, "47K": 0.815, "4AK": 0.7696666666666667, "4JK": 0.8076666666666666, "49K": 0.8566666666666667, "44K": 0.814, "4KQ": 0.8343333333333334, "7AK": 0.773, "7JK": 0.8063333333333333, "79K": 0.8483333333333334, "7KQ": 0.84, "77K": 0.826, "AJK": 0.7423333333333333, "9AK": 0.816, "AKQ": 0.7766666666666666, "AAK": 0.8646666666666667, "9JK": 0.7873333333333333, "JKQ": 0.7573333333333333, "JJK": 0.8033333333333333, "9KQ": 0.84, "99K": 0.8573333333333333, "KQQ": 0.839, "235": 0.42033333333333334, "236": 0.4103333333333333, "238": 0.763, "223": 0.5133333333333333, "234": 0.41, "237": 0.435, "233": 0.48966666666666664, "23A": 0.49166666666666664, "23J": 0.43366666666666664, "239": 0.4653333333333333, "23Q": 0.412, "255": 0.532, "256": 0.42833333333333334, "258": 0.7626666666666667, "225": 0.4583333333333333, "245": 0.4033333333333333, "257": 0.4246666666666667, "25A": 0.4693333333333333, "25J": 0.43133333333333335, "259": 0.4643333333333333, "25Q": 0.4156666666666667, "268": 0.7383333333333333, "226": 0.48433333333333334, "246": 0.4063333333333333, "266": 0.4826666666666667, "267": 0.44766666666666666, "26A": 0.49466666666666664, "26J": 0.4083333333333333, "269": 0.47733333333333333, "26Q": 0.424, "288": 0.9446666666666667, "228": 0.7646666666666667, "248": 0.778, "278": 0.763, "28A": 0.755, "28J": 0.727, "289": 0.7293333333333333, "28Q": 0.7313333333333333, "224": 0.459, "227": 0.494, "222": 0.625, "22A": 0.548, "22J": 0.48433333333333334, "229": 0.529, "22Q": 0.488, "247": 0.418, "24A": 0.45766666666666667, "24J": 0.43233333333333335, "249": 0.4643333333333333, "244": 0.504, "24Q": 0.42633333333333334, "27A": 0.4613333333333333, "27J": 0.435, "279": 0.4693333333333333, "27Q": 0.42633333333333334, "277": 0.503, "2AJ": 0.489, "29A": 0.534, "2AQ": 0.48633333333333334, "2AA": 0.5793333333333334, "29J": 0.486, "2JQ": 0.43, "2JJ": 0.5016666666666667, "29Q": 0.46066666666666667, "299": 0.5343333333333333, "2QQ": 0.527, "355": 0.509, "356": 0.37933333333333336, "358": 0.7633333333333333, "345": 0.36766666666666664, "357": 0.39166666666666666, "335": 0.47933333333333333, "35A": 0.4643333333333333, "35J": 0.414, "359": 0.4573333333333333, "35Q": 0.4206666666666667, "368": 0.649, "346": 0.36833333333333335, "366": 0.47733333333333333, "367": 0.3973333333333333, "336": 0.4723333333333333, "36A": 0.4686666666666667, "36J": 0.36566666666666664, "369": 0.436, "36Q": 0.408, "388": 0.9493333333333334, "348": 0.7516666666666667, "378": 0.741, "338": 0.7586666666666667, "38A": 0.744, "38J": 0.6256666666666667, "389": 0.723, "38Q": 0.7293333333333333, "347": 0.4043333333333333, "334": 0.4856666666666667, "34A": 0.455, "34J": 0.4066666666666667, "349": 0.45466666666666666, "344": 0.4746666666666667, "34Q": 0.4236666666666667, "337": 0.5133333333333333, "37A": 0.471, "37J": 0.43133333333333335, "379": 0.48433333333333334, "37Q": 0.421, "377": 0.4703333333333333, "33A": 0.5663333333333334, "33J": 0.4856666666666667, "339": 0.527, "33Q": 0.47533333333333333, "333": 0.6176666666666667, "3AJ": 0.49033333333333334, "39A": 0.5086666666666667, "3AQ": 0.49766666666666665, "3AA": 0.6, "39J": 0.434, "3JQ": 0.43233333333333335, "3JJ": 0.5113333333333333, "39Q": 0.4713333333333333, "399": 0.5463333333333333, "3QQ": 0.5456666666666666, "556": 0.5213333333333333, "558": 0.7733333333333333, "555": 0.6013333333333334, "455": 0.5083333333333333, "557": 0.5283333333333333, "55A": 0.58, "55J": 0.5343333333333333, "559": 0.6886666666666666, "55Q": 0.529, "568": 0.685, "456": 0.4663333333333333, "566": 0.49333333333333335, "567": 0.5366666666666666, "56A": 0.469, "56J": 0.4156666666666667, "569": 0.522, "56Q": 0.43866666666666665, "588": 0.9556666666666667, "458": 0.7293333333333333, "578": 0.677, "58A": 0.709, "58J": 0.68, "589": 0.6923333333333334, "58Q": 0.7223333333333334, "457": 0.4043333333333333, "45A": 0.4056666666666667, "45J": 0.415, "459": 0.44066666666666665, "445": 0.471, "45Q": 0.4, "57A": 0.4083333333333333, "57J": 0.44266666666666665, "579": 0.5036666666666667, "57Q": 0.4186666666666667, "577": 0.515, "5AJ": 0.48, "59A": 0.49466666666666664, "5AQ": 0.4726666666666667, "5AA": 0.5833333333333334, "59J": 0.455, "5JQ": 0.43833333333333335, "5JJ": 0.49933333333333335, "59Q": 0.479, "599": 0.555, "5QQ": 0.5643333333333334, "688": 0.9273333333333333, "468": 0.7166666666666667, "668": 0.723, "678": 0.6296666666666667, "68A": 0.699, "68J": 0.612, "689": 0.6576666666666666, "68Q": 0.688, "466": 0.48933333333333334, "467": 0.4716666666666667, "46A": 0.4683333333333333, "46J": 0.4136666666666667, "469": 0.45666666666666667, "446": 0.475, "46Q": 0.4106666666666667, "667": 0.5156666666666667, "66A": 0.566, "66J": 0.49933333333333335, "669": 0.5266666666666666,