{"6AK": 0.20833333333333334, "2AK": 0.5673333333333334, "5AK": 0.21533333333333332, "AKK": 0.2693333333333333, "AJK": 0.25566666666666665, "7AK": 0.21133333333333335, "AKQ": 0.23466666666666666, "8AK": 0.6293333333333333, "9AK": 0.23733333333333334, "4AK": 0.234, "AAK": 0.30133333333333334, "3AK": 0.23733333333333334, "AKT": 0.275, "26A": 0.5443333333333333, "56A": 0.21066666666666667, "6AJ": 0.20266666666666666, "67A": 0.218, "66A": 0.233, "6AQ": 0.205, "68A": 0.637, "69A": 0.22733333333333333, "46A": 0.23233333333333334, "6AA": 0.247, "36A": 0.22033333333333333, "6AT": 0.19966666666666666, "22A": 0.9486666666666667, "25A": 0.558, "2AJ": 0.5343333333333333, "27A": 0.5723333333333334, "2AQ": 0.5563333333333333, "28A": 0.8703333333333333, "29A": 0.5423333333333333, "24A": 0.5506666666666666, "2AA": 0.6086666666666667, "23A": 0.5493333333333333, "2AT": 0.5653333333333334, "55A": 0.241, "5AJ": 0.20433333333333334, "57A": 0.22966666666666666, "5AQ": 0.222, "58A": 0.6466666666666666, "59A": 0.21133333333333335, "45A": 0.21433333333333332, "5AA": 0.258, "35A": 0.204, "5AT": 0.22666666666666666, "7AJ": 0.21966666666666668, "AJQ": 0.24233333333333335, "8AJ": 0.59, "9AJ": 0.23566666666666666, "4AJ": 0.22066666666666668, "AAJ": 0.265, "AJJ": 0.267, "3AJ": 0.241, "AJT": 0.25733333333333336, "7AQ": 0.20033333333333334, "78A": 0.6596666666666666, "79A": 0.24733333333333332, "47A": 0.21966666666666668, "7AA": 0.24633333333333332, "37A": 0.21166666666666667, "7AT": 0.243, "77A": 0.229, "AQQ": 0.26033333333333336, "8AQ": 0.6066666666666667, "9AQ": 0.23866666666666667, "4AQ": 0.239, "AAQ": 0.282, "3AQ": 0.222, "AQT": 0.25266666666666665, "89A": 0.5736666666666667, "48A": 0.6783333333333333, "88A": 0.91, "8AA": 0.698, "38A": 0.6613333333333333, "8AT": 0.612, "49A": 0.22633333333333333, "99A": 0.29933333333333334, "9AA": 0.26466666666666666, "39A": 0.24566666666666667, "9AT": 0.2653333333333333, "4AA": 0.26266666666666666, "34A": 0.3403333333333333, "4AT": 0.21566666666666667, "44A": 0.244, "3AA": 0.2693333333333333, "AAT": 0.2823333333333333, "AAA": 0.31633333333333336, "33A": 0.24666666666666667, "3AT": 0.23333333333333334, "ATT": 0.2813333333333333, "26K": 0.542, "56K": 0.20233333333333334, "6KK": 0.239, "6JK": 0.19933333333333333, "67K": 0.22033333333333333, "66K": 0.267, "6KQ": 0.21133333333333335, "68K": 0.6316666666666667, "69K": 0.21533333333333332, "46K": 0.21533333333333332, "36K": 0.18366666666666667, "6KT": 0.23833333333333334, "22K": 0.9503333333333334, "25K": 0.5443333333333333, "2KK": 0.6136666666666667, "2JK": 0.5406666666666666, "27K": 0.5726666666666667, "2KQ": 0.5773333333333334, "28K": 0.8686666666666667, "29K": 0.5443333333333333, "24K": 0.539, "23K": 0.5713333333333334, "2KT": 0.5556666666666666, "55K": 0.225, "5KK": 0.24166666666666667, "5JK": 0.20533333333333334, "57K": 0.21233333333333335, "5KQ": 0.211, "58K": 0.646, "59K": 0.212, "45K": 0.20066666666666666, "35K": 0.192, "5KT": 0.236, "JKK": 0.2836666666666667, "7KK": 0.232, "KKQ": 0.25866666666666666, "8KK": 0.6843333333333333, "9KK": 0.26366666666666666, "4KK": 0.24233333333333335, "3KK": 0.25566666666666665, "KKK": 0.304, "KKT": 0.304, "7JK": 0.21666666666666667, "JKQ": 0.24033333333333334, "8JK": 0.5903333333333334, "9JK": 0.22466666666666665, "4JK": 0.21166666666666667, "JJK": 0.274, "3JK": 0.20566666666666666, "JKT": 0.265, "7KQ": 0.21933333333333332, "78K": 0.653, "79K": 0.24266666666666667, "47K": 0.207, "37K": 0.195, "7KT": 0.25033333333333335, "77K": 0.247, "KQQ": 0.302, "8KQ": 0.6176666666666667, "9KQ": 0.24333333333333335, "4KQ": 0.21733333333333332, "3KQ": 0.205, "KQT": 0.267, "89K": 0.578, "48K": 0.6883333333333334, "88K": 0.9266666666666666, "38K": 0.6803333333333333, "8KT": 0.6056666666666667, "49K": 0.21266666666666667, "99K": 0.2653333333333333, "39K": 0.22133333333333333, "9KT": 0.285, "34K": 0.21966666666666668, "4KT": 0.25566666666666665, "44K": 0.23033333333333333, "33K": 0.224, "3KT": 0.23966666666666667, "KTT": 0.292, "226": 0.91, "256": 0.42966666666666664, "26J": 0.45166666666666666, "267": 0.5456666666666666, "266": 0.5746666666666667, "26Q": 0.557, "268": 0.726, "269": 0.4656666666666667, "246": 0.5056666666666667, "236": 0.509, "26T": 0.538, "556": 0.215, "56J": 0.15966666666666668, "567": 0.3436666666666667, "566": 0.219, "56Q": 0.20533333333333334, "568": 0.5206666666666667, "569": 0.245, "456": 0.3253333333333333, "356": 0.25433333333333336, "56T": 0.201, "67J": 0.21133333333333335, "66J": 0.21866666666666668, "6JQ": 0.216, "68J": 0.527, "69J": 0.187, "46J": 0.19533333333333333, "6JJ": 0.22433333333333333, "36J": 0.18633333333333332, "6JT": 0.21866666666666668, "667": 0.22633333333333333, "67Q": 0.195, "678": 0.5663333333333334, "679": 0.368, "467": 0.28633333333333333, "367": 0.18233333333333332, "67T": 0.2906666666666667, "677": 0.218, "66Q": 0.231, "668": 0.6493333333333333, "669": 0.22533333333333333, "466": 0.21966666666666668, "366": 0.19533333333333333, "666": 0.263, "66T": 0.25633333333333336, "6QQ": 0.244, "68Q": 0.629, "69Q": 0.229, "46Q": 0.204, "36Q": 0.19166666666666668, "6QT": 0.22366666666666668, "689": 0.47633333333333333, "468": 0.648, "688": 0.891, "368": 0.6806666666666666, "68T": 0.6063333333333333, "469": 0.21666666666666667, "699": 0.23533333333333334, "369": 0.20866666666666667, "69T": 0.31433333333333335, "346": 0.27, "46T": 0.21166666666666667, "446": 0.20433333333333334, "336": 0.18433333333333332, "36T": 0.197, "6TT": 0.247, "225": 0.914, "22J": 0.9273333333333333, "227": 0.914, "22Q": 0.931, "228": 0.9826666666666667, "229": 0.9226666666666666, "224": 0.937, "223": 0.936, "22T": 0.9366666666666666, "222": 1.0, "255": 0.571, "25J": 0.4646666666666667, "257": 0.5516666666666666, "25Q": 0.5173333333333333, "258": 0.7136666666666667, "259": 0.45666666666666667, "245": 0.509, "235": 0.49933333333333335, "25T": 0.5516666666666666, "27J": 0.5453333333333333, "2JQ": 0.5486666666666666, "28J": 0.7113333333333334, "29J": 0.4686666666666667, "24J": 0.5513333333333333, "2JJ": 0.5736666666666667, "23J": 0.5376666666666666, "2JT": 0.5466666666666666, "27Q": 0.5473333333333333, "278": 0.8316666666666667, "279": 0.558, "247": 0.5583333333333333, "237": 0.5586666666666666, "27T": 0.5533333333333333, "277": 0.5743333333333334, "2QQ": 0.6283333333333333, "28Q": 0.8533333333333334, "29Q": 0.5466666666666666, "24Q": 0.5493333333333333, "23Q": 0.5506666666666666, "2QT": 0.561, "289": 0.7126666666666667, "248": 0.8536666666666667, "288": 0.984, "238": 0.8673333333333333, "28T": 0.842, "249": 0.558, "299": 0.5956666666666667, "239": 0.5266666666666666, "29T": 0.5453333333333333, "234": 0.5206666666666667, "24T": 0.5576666666666666, "244": 0.5766666666666667, "233": 0.569, "23T": 0.57, "2TT": 0.583, "55J": 0.21433333333333332, "557": 0.19966666666666666, "55Q": 0.194, "558": 0.6496666666666666, "559": 0.225, "455": 0.217, "555": 0.261, "355": 0.2, "55T": 0.23166666666666666, "57J": 0.20533333333333334, "5JQ": 0.211, "58J": 0.5263333333333333, "59J": 0.20066666666666666, "45J": 0.17533333333333334, "5JJ": 0.22733333333333333, "35J": 0.181, "5JT": 0.22966666666666666, "57Q": 0.19433333333333333, "578": 0.6143333333333333, "579": 0.2876666666666667, "457": 0.26766666666666666, "357": 0.20066666666666666, "57T": 0.22266666666666668, "577": 0.21366666666666667, "5QQ": 0.22666666666666666, "58Q": 0.6493333333333333, "59Q": 0.213, "45Q": 0.19066666666666668, "35Q": 0.18666666666666668, "5QT": 0.223, "589": 0.5143333333333333, "458": 0.659, "588": 0.903, "358": 0.6893333333333334, "58T": 0.6223333333333333, "459": 0.194, "599": 0.243, "359": 0.18933333333333333, "59T": 0.22333333333333333, "345": 0.2613333333333333, "45T": 0.193, "445": 0.21466666666666667, "335": 0.21133333333333335, "35T": 0.20066666666666666, "5TT": 0.23733333333333334, "7JQ": 0.21166666666666667, "78J": 0.5973333333333334, "79J": 0.282, "47J": 0.19833333333333333, "7JJ": 0.25, "37J": 0.19166666666666668, "7JT": 0.30333333333333334, "77J": 0.23033333333333333, "JQQ": 0.29633333333333334,