{"AJK": 0.9676666666666667, "7AJ": 0.5446666666666666, "3AJ": 0.552, "6AJ": 0.546, "8AJ": 0.6116666666666667, "AJQ": 0.7933333333333333, "9AJ": 0.6083333333333333, "2AJ": 0.5513333333333333, "5AJ": 0.5313333333333333, "4AJ": 0.5443333333333333, "AAJ": 0.6196666666666667, "AJJ": 0.6096666666666667, "AJT": 0.758, "7AK": 0.5903333333333334, "3AK": 0.596, "AKK": 0.6686666666666666, "6AK": 0.5786666666666667, "8AK": 0.5713333333333334, "AKQ": 0.7453333333333333, "9AK": 0.571, "2AK": 0.584, "5AK": 0.5613333333333334, "4AK": 0.5996666666666667, "AAK": 0.6916666666666667, "AKT": 0.7633333333333333, "37A": 0.43666666666666665, "67A": 0.42866666666666664, "78A": 0.44733333333333336, "7AQ": 0.7846666666666666, "79A": 0.47533333333333333, "27A": 0.462, "57A": 0.416, "47A": 0.462, "7AA": 0.5516666666666666, "7AT": 0.775, "77A": 0.5246666666666666, "36A": 0.46266666666666667, "38A": 0.4716666666666667, "3AQ": 0.7723333333333333, "39A": 0.4653333333333333, "23A": 0.45366666666666666, "35A": 0.42133333333333334, "34A": 0.42866666666666664, "3AA": 0.5693333333333334, "3AT": 0.797, "33A": 0.51, "68A": 0.4653333333333333, "6AQ": 0.7623333333333333, "69A": 0.483, "26A": 0.4623333333333333, "56A": 0.398, "46A": 0.43666666666666665, "6AA": 0.5666666666666667, "6AT": 0.769, "66A": 0.5323333333333333, "8AQ": 0.773, "89A": 0.536, "28A": 0.44533333333333336, "58A": 0.44366666666666665, "48A": 0.4696666666666667, "8AA": 0.559, "8AT": 0.748, "88A": 0.534, "9AQ": 0.775, "2AQ": 0.7903333333333333, "5AQ": 0.6663333333333333, "4AQ": 0.777, "AAQ": 0.8206666666666667, "AQQ": 0.9336666666666666, "AQT": 0.8286666666666667, "29A": 0.45466666666666666, "59A": 0.43466666666666665, "99A": 0.5386666666666666, "49A": 0.478, "9AA": 0.568, "9AT": 0.779, "25A": 0.44266666666666665, "24A": 0.4493333333333333, "2AA": 0.5496666666666666, "22A": 0.5166666666666667, "2AT": 0.7593333333333333, "45A": 0.41933333333333334, "5AA": 0.539, "55A": 0.5093333333333333, "5AT": 0.758, "44A": 0.5193333333333333, "4AA": 0.5463333333333333, "4AT": 0.7823333333333333, "AAT": 0.8313333333333334, "AAA": 0.64, "ATT": 0.9326666666666666, "7JK": 0.637, "3JK": 0.6186666666666667, "JKK": 0.6833333333333333, "6JK": 0.628, "8JK": 0.6086666666666667, "JKQ": 0.832, "9JK": 0.952, "2JK": 0.6303333333333333, "5JK": 0.6146666666666667, "4JK": 0.6206666666666667, "JJK": 0.6653333333333333, "JKT": 0.782, "37J": 0.429, "67J": 0.42433333333333334, "78J": 0.5073333333333333, "7JQ": 0.853, "79J": 0.5746666666666667, "27J": 0.419, "57J": 0.39166666666666666, "47J": 0.43866666666666665, "7JJ": 0.527, "7JT": 0.7296666666666667, "77J": 0.49466666666666664, "36J": 0.567, "38J": 0.5143333333333333, "3JQ": 0.8426666666666667, "39J": 0.6126666666666667, "23J": 0.431, "35J": 0.432, "34J": 0.43133333333333335, "3JJ": 0.526, "3JT": 0.7786666666666666, "33J": 0.504, "68J": 0.521, "6JQ": 0.839, "69J": 0.6, "26J": 0.4523333333333333, "56J": 0.43566666666666665, "46J": 0.421, "6JJ": 0.5076666666666667, "6JT": 0.753, "66J": 0.505, "8JQ": 0.838, "89J": 0.966, "28J": 0.5043333333333333, "58J": 0.5003333333333333, "48J": 0.5086666666666667, "8JJ": 0.5483333333333333, "8JT": 0.733, "88J": 0.56, "9JQ": 0.8453333333333334, "2JQ": 0.8446666666666667, "5JQ": 0.8083333333333333, "4JQ": 0.8396666666666667, "JJQ": 0.8383333333333334, "JQQ": 0.9526666666666667, "JQT": 0.8146666666666667, "29J": 0.585, "59J": 0.6023333333333334, "99J": 0.6303333333333333, "49J": 0.597, "9JJ": 0.626, "9JT": 0.777, "25J": 0.43366666666666664, "24J": 0.44266666666666665, "2JJ": 0.49566666666666664, "22J": 0.49733333333333335, "2JT": 0.7473333333333333, "45J": 0.408, "5JJ": 0.49633333333333335, "55J": 0.4836666666666667, "5JT": 0.781, "44J": 0.5043333333333333, "4JJ": 0.503, "4JT": 0.7646666666666667, "JJT": 0.7846666666666666, "JJJ": 0.563, "JTT": 0.9463333333333334, "37K": 0.482, "7KK": 0.562, "67K": 0.4723333333333333, "78K": 0.4796666666666667, "7KQ": 0.8063333333333333, "79K": 0.6636666666666666, "27K": 0.47833333333333333, "57K": 0.471, "47K": 0.6083333333333333, "7KT": 0.771, "77K": 0.56, "3KK": 0.5713333333333334, "36K": 0.4683333333333333, "38K": 0.4746666666666667, "3KQ": 0.7973333333333333, "39K": 0.567, "23K": 0.47533333333333333, "35K": 0.456, "34K": 0.459, "3KT": 0.7943333333333333, "33K": 0.5373333333333333, "6KK": 0.561, "8KK": 0.5356666666666666, "KKQ": 0.854, "9KK": 0.6293333333333333, "2KK": 0.5456666666666666, "KKK": 0.655, "5KK": 0.56, "4KK": 0.5753333333333334, "KKT": 0.8113333333333334, "68K": 0.45866666666666667, "6KQ": 0.7813333333333333, "69K": 0.5766666666666667, "26K": 0.45366666666666666, "56K": 0.4256666666666667, "46K": 0.4676666666666667, "6KT": 0.769, "66K": 0.542, "8KQ": 0.797, "89K": 0.56, "28K": 0.456, "58K": 0.4653333333333333, "48K": 0.484, "8KT": 0.7536666666666667, "88K": 0.5286666666666666, "9KQ": 0.807, "2KQ": 0.804, "5KQ": 0.7613333333333333, "4KQ": 0.8, "KQQ": 0.9526666666666667, "KQT": 0.836, "29K": 0.554, "59K": 0.5433333333333333, "99K": 0.6036666666666667, "49K": 0.649, "9KT": 0.7843333333333333, "25K": 0.4786666666666667, "24K": 0.4643333333333333, "22K": 0.5536666666666666, "2KT": 0.762, "45K": 0.458, "55K": 0.517, "5KT": 0.7766666666666666, "44K": 0.55, "4KT": 0.783, "KTT": 0.957, "367": 0.4013333333333333, "378": 0.4086666666666667, "37Q": 0.8346666666666667, "379": 0.44533333333333336, "237": 0.397, "357": 0.36233333333333334, "347": 0.38133333333333336, "37T": 0.795, "377": 0.45866666666666667, "337": 0.446, "678": 0.46066666666666667, "67Q": 0.814, "679": 0.4816666666666667, "267": 0.3893333333333333, "567": 0.34, "467": 0.36733333333333335, "67T": 0.754, "667": 0.45966666666666667, "677": 0.451, "78Q": 0.815, "789": 0.5643333333333334, "278": 0.39166666666666666, "578": 0.34833333333333333, "478": 0.4036666666666667, "78T": 0.7096666666666667, "778": 0.436, "788": 0.469, "79Q": 0.826, "27Q": 0.8446666666666667, "57Q": 0.7883333333333333, "47Q": 0.8306666666666667, "7QQ": 0.9703333333333334, "7QT": 0.9016666666666666, "77Q": 0.836, "279": 0.43733333333333335, "579": 0.423, "799": 0.504, "479": 0.5866666666666667, "79T": 0.751, "779": 0.494, "257": 0.39, "247": 0.4103333333333333, "227": 0.4683333333333333, "27T": 0.7863333333333333, "277": 0.4483333333333333, "457": 0.36533333333333334, "557": 0.439, "57T": 0.7993333333333333, "577": 0.45366666666666666, "447": 0.4613333333333333, "47T": 0.7893333333333333, "477": 0.46366666666666667, "7TT": 0.9466666666666667, "77T": 0.7716666666666666, "777": 0.545, "368": 0.43233333333333335, "36Q": 0.8236666666666667, "369": 0.43666666666666665, "236": 0.4013333333333333, "356": 0.3566666666666667, "346": 0.365, "36T": 0.791, "366": 0.4683333333333333, "336": 0.47, "38Q": 0.843, "389": 0.5083333333333333, "238": 0.4156666666666667, "358": 0.39066666666666666, "348": 0.4, "38T": 0.7773333333333333, "388": 0.49466666666666664, "338": 0.4876666666666667, "39Q": 0.8536666666666667, "23Q": 0.8443333333333334, "35Q": 0.8066666666666666, "34Q": 0.842, "3QQ": 0.957, "3QT": 0.913, "33Q": 0.8063333333333333, "239": 0.4256666666666667, "359": 0.4003333333333333, "399": 0.5126666666666667, "349": 0.4186666666666667, "39T": 0.8036666666666666, "339": 0.49833333333333335, "235": 0.376, "234": 0.377, "223": 0.447, "23T": 0.8026666666666666, "233": 0.4593333333333333, "345": 0.3636666666666667, "355": 0.451, "35T": 0.8136666666666666, "335": 0.43566666666666665, "344": 0.4553333333333333, "34T": 0.8176666666666667, "334": 0.45166666666666666, "3TT": 0.9673333333333334, "33T": 0.8036666666666666, "333": 0.579, "68Q": 0.8123333333333334, "689": 0.5486666666666666, "268": 0.37466666666666665, "568": 0.379, "468": 0.38566666666666666, "68T": 0.7256666666666667, "668": 0.47433333333333333, "688": 0.49, "69Q": 0.8436666666666667, "26Q": 0.8263333333333334, "56Q": 0.778, "46Q": 0.8206666666666667, "6QQ": 0.9546666666666667, "6QT": 0.8986666666666666, "66Q": 0.8353333333333334, "269": 0.414, "569": 0.38333333333333336, "699": 0.49966666666666665, "469": 0.43833333333333335, "69T": 0.7726666666666666,