{"5KT": 0.3596666666666667, "57K": 0.5, "5JK": 0.7333333333333333, "5KQ": 0.4013333333333333, "45K": 0.3626666666666667, "5AK": 0.392, "55K": 0.4093333333333333, "56K": 0.3453333333333333, "5KK": 0.43033333333333335, "58K": 0.33166666666666667, "25K": 0.35033333333333333, "59K": 0.347, "35K": 0.6016666666666667, "7KT": 0.362, "KTT": 0.426, "JKT": 0.6556666666666666, "KQT": 0.5176666666666667, "4KT": 0.33366666666666667, "AKT": 0.453, "6KT": 0.318, "KKT": 0.428, "8KT": 0.3303333333333333, "2KT": 0.3323333333333333, "9KT": 0.4126666666666667, "3KT": 0.6036666666666667, "7JK": 0.7233333333333334, "7KQ": 0.382, "47K": 0.3396666666666667, "7AK": 0.394, "67K": 0.33766666666666667, "77K": 0.4186666666666667, "7KK": 0.427, "78K": 0.33766666666666667, "27K": 0.35633333333333334, "79K": 0.339, "37K": 0.6133333333333333, "JKQ": 0.6133333333333333, "4JK": 0.7233333333333334, "AJK": 0.6443333333333333, "6JK": 0.7366666666666667, "JKK": 0.7533333333333333, "8JK": 0.7216666666666667, "2JK": 0.7266666666666667, "9JK": 0.698, "JJK": 0.9233333333333333, "3JK": 0.8886666666666667, "4KQ": 0.396, "KQQ": 0.5066666666666667, "AKQ": 0.49466666666666664, "6KQ": 0.375, "KKQ": 0.49433333333333335, "8KQ": 0.4063333333333333, "2KQ": 0.37833333333333335, "9KQ": 0.45, "3KQ": 0.6143333333333333, "4AK": 0.3526666666666667, "46K": 0.312, "4KK": 0.3933333333333333, "48K": 0.30233333333333334, "24K": 0.33266666666666667, "49K": 0.3273333333333333, "44K": 0.3953333333333333, "34K": 0.6003333333333334, "6AK": 0.35433333333333333, "AKK": 0.4696666666666667, "AAK": 0.4703333333333333, "8AK": 0.363, "2AK": 0.37766666666666665, "9AK": 0.369, "3AK": 0.615, "6KK": 0.41333333333333333, "68K": 0.29533333333333334, "26K": 0.33766666666666667, "69K": 0.33666666666666667, "66K": 0.39166666666666666, "36K": 0.5813333333333334, "8KK": 0.3913333333333333, "2KK": 0.4083333333333333, "9KK": 0.41933333333333334, "KKK": 0.503, "3KK": 0.6656666666666666, "28K": 0.313, "89K": 0.33566666666666667, "38K": 0.6046666666666667, "88K": 0.38566666666666666, "29K": 0.309, "23K": 0.6273333333333333, "22K": 0.38, "99K": 0.404, "39K": 0.587, "33K": 0.9443333333333334, "57T": 0.307, "5TT": 0.3616666666666667, "5JT": 0.7643333333333333, "5QT": 0.368, "45T": 0.302, "5AT": 0.32966666666666666, "55T": 0.359, "56T": 0.288, "58T": 0.295, "25T": 0.3, "59T": 0.28733333333333333, "35T": 0.5866666666666667, "57J": 0.7596666666666667, "57Q": 0.3476666666666667, "457": 0.37566666666666665, "57A": 0.3333333333333333, "557": 0.36033333333333334, "567": 0.3423333333333333, "577": 0.3546666666666667, "578": 0.284, "257": 0.314, "579": 0.2946666666666667, "357": 0.5486666666666666, "5JQ": 0.7243333333333334, "45J": 0.7886666666666666, "5AJ": 0.7323333333333333, "55J": 0.764, "56J": 0.7526666666666667, "58J": 0.7566666666666667, "25J": 0.8013333333333333, "59J": 0.7613333333333333, "5JJ": 0.946, "35J": 0.9056666666666666, "45Q": 0.31, "5QQ": 0.423, "5AQ": 0.38333333333333336, "55Q": 0.4166666666666667, "56Q": 0.31, "58Q": 0.318, "25Q": 0.342, "59Q": 0.3373333333333333, "35Q": 0.5826666666666667, "45A": 0.32166666666666666, "455": 0.34833333333333333, "456": 0.39266666666666666, "458": 0.2673333333333333, "245": 0.358, "459": 0.29333333333333333, "445": 0.342, "345": 0.519, "55A": 0.4026666666666667, "56A": 0.30333333333333334, "5AA": 0.417, "58A": 0.30333333333333334, "25A": 0.3323333333333333, "59A": 0.31566666666666665, "35A": 0.5866666666666667, "556": 0.33466666666666667, "555": 0.42933333333333334, "558": 0.324, "255": 0.355, "559": 0.3273333333333333, "355": 0.6446666666666667, "568": 0.239, "256": 0.362, "569": 0.271, "566": 0.33166666666666667, "356": 0.496, "258": 0.293, "589": 0.2823333333333333, "358": 0.5653333333333334, "588": 0.3416666666666667, "259": 0.30333333333333334, "235": 0.583, "225": 0.344, "599": 0.3446666666666667, "359": 0.554, "335": 0.9143333333333333, "7TT": 0.37066666666666664, "7JT": 0.7276666666666667, "7QT": 0.36433333333333334, "47T": 0.2906666666666667, "7AT": 0.32566666666666666, "67T": 0.2803333333333333, "77T": 0.3383333333333333, "78T": 0.3576666666666667, "27T": 0.2986666666666667, "79T": 0.364, "37T": 0.5916666666666667, "JTT": 0.736, "QTT": 0.42133333333333334, "4TT": 0.3566666666666667, "ATT": 0.395, "6TT": 0.3413333333333333, "8TT": 0.3636666666666667, "2TT": 0.3506666666666667, "9TT": 0.36033333333333334, "TTT": 0.42633333333333334, "3TT": 0.651, "JQT": 0.6776666666666666, "4JT": 0.754, "AJT": 0.6903333333333334, "6JT": 0.7603333333333333, "8JT": 0.7036666666666667, "2JT": 0.7603333333333333, "9JT": 0.6526666666666666, "JJT": 0.9003333333333333, "3JT": 0.865, "4QT": 0.37733333333333335, "QQT": 0.44266666666666665, "AQT": 0.45466666666666666, "6QT": 0.3453333333333333, "8QT": 0.41633333333333333, "2QT": 0.37433333333333335, "9QT": 0.49533333333333335, "3QT": 0.6096666666666667, "4AT": 0.32866666666666666, "46T": 0.26566666666666666, "48T": 0.2853333333333333, "24T": 0.28733333333333333, "49T": 0.30666666666666664, "44T": 0.3313333333333333, "34T": 0.593, "6AT": 0.30433333333333334, "AAT": 0.44733333333333336, "8AT": 0.33166666666666667, "2AT": 0.345, "9AT": 0.3283333333333333, "3AT": 0.6006666666666667, "68T": 0.25133333333333335, "26T": 0.278, "69T": 0.2866666666666667, "66T": 0.33366666666666667, "36T": 0.5703333333333334, "28T": 0.29833333333333334, "89T": 0.44033333333333335, "38T": 0.5846666666666667, "88T": 0.33466666666666667, "29T": 0.2926666666666667, "23T": 0.6136666666666667, "22T": 0.32566666666666666, "99T": 0.37333333333333335, "39T": 0.5733333333333334, "33T": 0.9446666666666667, "7JQ": 0.727, "47J": 0.7756666666666666, "7AJ": 0.713, "67J": 0.7653333333333333, "77J": 0.76, "78J": 0.7203333333333334, "27J": 0.783, "79J": 0.7333333333333333, "7JJ": 0.939, "37J": 0.8953333333333333, "47Q": 0.31366666666666665, "7QQ": 0.4226666666666667, "7AQ": 0.377, "67Q": 0.306, "77Q": 0.394, "78Q": 0.311, "27Q": 0.3353333333333333, "79Q": 0.32066666666666666, "37Q": 0.5993333333333334, "47A": 0.30933333333333335, "467": 0.31633333333333336, "477": 0.33066666666666666, "478": 0.2613333333333333, "247": 0.2786666666666667, "479": 0.3, "447": 0.3313333333333333, "347": 0.552, "67A": 0.2896666666666667, "77A": 0.38666666666666666, "7AA": 0.4056666666666667, "78A": 0.30333333333333334, "27A": 0.33566666666666667, "79A": 0.329, "37A": 0.5973333333333334, "677": 0.3416666666666667, "678": 0.21866666666666668, "267": 0.29233333333333333, "679": 0.25166666666666665, "667": 0.331, "367": 0.5523333333333333, "777": 0.42, "778": 0.3343333333333333, "277": 0.3263333333333333, "779": 0.328, "377": 0.633, "278": 0.27166666666666667, "789": 0.32566666666666666, "378": 0.5793333333333334, "788": 0.30766666666666664, "279": 0.26766666666666666, "237": 0.631, "227": 0.35, "799": 0.3393333333333333, "379": 0.556, "337": 0.931, "4JQ": 0.721, "JQQ": 0.7496666666666667, "AJQ": 0.6506666666666666, "6JQ": 0.7206666666666667, "8JQ": 0.675, "2JQ": 0.7246666666666667, "9JQ": 0.6696666666666666, "JJQ": 0.893, "3JQ": 0.8733333333333333, "4AJ": 0.7186666666666667, "46J": 0.766, "48J": 0.7416666666666667, "24J": 0.806, "49J": 0.775, "4JJ": 0.9216666666666666, "44J": 0.7693333333333333, "34J": 0.8943333333333333, "6AJ": 0.7286666666666667, "AAJ": 0.7726666666666666, "8AJ": 0.7046666666666667, "2AJ": 0.74, "9AJ": 0.7186666666666667, "AJJ": 0.903, "3AJ": 0.8893333333333333, "68J": 0.738, "26J": 0.795, "69J": 0.7566666666666667, "66J": 0.781, "6JJ": 0.921, "36J": 0.8923333333333333, "28J": 0.8016666666666666, "89J": 0.6953333333333334, "8JJ": 0.9063333333333333, "38J": 0.903, "88J": 0.7523333333333333, "29J": 0.7376666666666667, "2JJ": 0.9333333333333333, "23J": 0.8976666666666666, "22J": 0.7696666666666667, "9JJ": 0.9176666666666666, "99J": 0.7503333333333333, "39J": 0.8573333333333333, "3JJ": 0.9813333333333333, "JJJ": 1.0, "33J": 0.988, "4QQ": 0.4086666666666667, "4AQ": 0.3486666666666667, "46Q": 0.30266666666666664, "48Q": 0.30866666666666664, "24Q": 0.3313333333333333, "49Q": 0.3273333333333333, "44Q": 0.407, "34Q": 0.58,