{"9QT": 0.463, "QTT": 0.47533333333333333, "KQT": 0.7263333333333334, "6QT": 0.42633333333333334, "JQT": 0.563, "4QT": 0.391, "AQT": 0.5516666666666666, "QQT": 0.462, "5QT": 0.6136666666666667, "3QT": 0.44433333333333336, "8QT": 0.3433333333333333, "7QT": 0.39166666666666666, "2QT": 0.4136666666666667, "9TT": 0.477, "9KT": 0.748, "69T": 0.42866666666666664, "9JT": 0.46166666666666667, "99T": 0.46266666666666667, "49T": 0.37566666666666665, "9AT": 0.459, "59T": 0.608, "39T": 0.43333333333333335, "89T": 0.31633333333333336, "79T": 0.3606666666666667, "29T": 0.37333333333333335, "KTT": 0.7743333333333333, "6TT": 0.47333333333333333, "JTT": 0.5063333333333333, "4TT": 0.487, "TTT": 0.569, "ATT": 0.5866666666666667, "5TT": 0.7043333333333334, "3TT": 0.523, "8TT": 0.444, "7TT": 0.454, "2TT": 0.5003333333333333, "6KT": 0.8323333333333334, "JKT": 0.7596666666666667, "4KT": 0.799, "AKT": 0.769, "5KT": 0.899, "3KT": 0.8416666666666667, "8KT": 0.7723333333333333, "KKT": 0.932, "7KT": 0.775, "2KT": 0.831, "6JT": 0.6313333333333333, "46T": 0.435, "6AT": 0.648, "56T": 0.6163333333333333, "66T": 0.5013333333333333, "36T": 0.6293333333333333, "68T": 0.39, "67T": 0.4266666666666667, "26T": 0.43066666666666664, "4JT": 0.438, "AJT": 0.678, "JJT": 0.5373333333333333, "5JT": 0.6186666666666667, "3JT": 0.6186666666666667, "8JT": 0.373, "7JT": 0.422, "2JT": 0.43766666666666665, "4AT": 0.49233333333333335, "44T": 0.47833333333333333, "45T": 0.658, "34T": 0.4583333333333333, "48T": 0.38433333333333336, "47T": 0.38466666666666666, "24T": 0.41933333333333334, "AAT": 0.594, "5AT": 0.6336666666666667, "3AT": 0.6473333333333333, "8AT": 0.44866666666666666, "7AT": 0.4856666666666667, "2AT": 0.5023333333333333, "35T": 0.6763333333333333, "58T": 0.5036666666666667, "55T": 0.9293333333333333, "57T": 0.599, "25T": 0.667, "38T": 0.407, "33T": 0.473, "37T": 0.43766666666666665, "23T": 0.447, "88T": 0.4736666666666667, "78T": 0.3423333333333333, "28T": 0.37366666666666665, "77T": 0.5, "27T": 0.38233333333333336, "22T": 0.4513333333333333, "9KQ": 0.76, "69Q": 0.439, "9JQ": 0.49633333333333335, "99Q": 0.493, "49Q": 0.384, "9AQ": 0.49266666666666664, "9QQ": 0.48633333333333334, "59Q": 0.6256666666666667, "39Q": 0.42766666666666664, "89Q": 0.3903333333333333, "79Q": 0.39666666666666667, "29Q": 0.39066666666666666, "6KQ": 0.8183333333333334, "JKQ": 0.7416666666666667, "4KQ": 0.7133333333333334, "AKQ": 0.74, "KQQ": 0.7763333333333333, "5KQ": 0.887, "3KQ": 0.8073333333333333, "8KQ": 0.808, "KKQ": 0.91, "7KQ": 0.708, "2KQ": 0.7996666666666666, "6JQ": 0.6173333333333333, "46Q": 0.426, "6AQ": 0.675, "6QQ": 0.5246666666666666, "56Q": 0.64, "66Q": 0.487, "36Q": 0.624, "68Q": 0.43333333333333335, "67Q": 0.43866666666666665, "26Q": 0.43733333333333335, "4JQ": 0.43733333333333335, "AJQ": 0.6993333333333334, "JQQ": 0.49733333333333335, "JJQ": 0.509, "5JQ": 0.6733333333333333, "3JQ": 0.6366666666666667, "8JQ": 0.4186666666666667, "7JQ": 0.43033333333333335, "2JQ": 0.43733333333333335, "4AQ": 0.465, "4QQ": 0.49533333333333335, "44Q": 0.48133333333333334, "45Q": 0.6626666666666666, "34Q": 0.41933333333333334, "48Q": 0.4023333333333333, "47Q": 0.36933333333333335, "24Q": 0.40166666666666667, "AQQ": 0.5753333333333334, "AAQ": 0.602, "5AQ": 0.6726666666666666, "3AQ": 0.6656666666666666, "8AQ": 0.485, "7AQ": 0.47, "2AQ": 0.51, "5QQ": 0.701, "QQQ": 0.6176666666666667, "3QQ": 0.523, "8QQ": 0.5033333333333333, "7QQ": 0.465, "2QQ": 0.5073333333333333, "35Q": 0.6943333333333334, "58Q": 0.5996666666666667, "55Q": 0.954, "57Q": 0.6003333333333334, "25Q": 0.7143333333333334, "38Q": 0.432, "33Q": 0.49566666666666664, "37Q": 0.43766666666666665, "23Q": 0.44966666666666666, "88Q": 0.49666666666666665, "78Q": 0.3863333333333333, "28Q": 0.413, "77Q": 0.4736666666666667, "27Q": 0.38033333333333336, "22Q": 0.48233333333333334, "69K": 0.8373333333333334, "9JK": 0.791, "99K": 0.8123333333333334, "49K": 0.8116666666666666, "9AK": 0.795, "59K": 0.9163333333333333, "39K": 0.839, "89K": 0.8173333333333334, "9KK": 0.919, "79K": 0.7836666666666666, "29K": 0.8116666666666666, "69J": 0.6273333333333333, "699": 0.499, "469": 0.44733333333333336, "69A": 0.65, "569": 0.619, "669": 0.5043333333333333, "369": 0.618, "689": 0.437, "679": 0.494, "269": 0.409, "99J": 0.513, "49J": 0.423, "9AJ": 0.657, "9JJ": 0.49266666666666664, "59J": 0.651, "39J": 0.6306666666666667, "89J": 0.4026666666666667, "79J": 0.42933333333333334, "29J": 0.416, "499": 0.49166666666666664, "99A": 0.5746666666666667, "999": 0.5753333333333334, "599": 0.6903333333333334, "399": 0.5226666666666666, "899": 0.4593333333333333, "799": 0.4706666666666667, "299": 0.4663333333333333, "49A": 0.484, "449": 0.47933333333333333, "459": 0.6913333333333334, "349": 0.43533333333333335, "489": 0.398, "479": 0.393, "249": 0.399, "9AA": 0.567, "59A": 0.6733333333333333, "39A": 0.668, "89A": 0.46166666666666667, "79A": 0.47433333333333333, "29A": 0.49033333333333334, "359": 0.6886666666666666, "589": 0.588, "559": 0.9123333333333333, "579": 0.609, "259": 0.6566666666666666, "389": 0.4226666666666667, "339": 0.498, "379": 0.433, "239": 0.42, "889": 0.48833333333333334, "789": 0.4156666666666667, "289": 0.386, "779": 0.49633333333333335, "279": 0.39366666666666666, "229": 0.4513333333333333, "6JK": 0.8856666666666667, "46K": 0.8023333333333333, "6AK": 0.8706666666666667, "56K": 0.899, "66K": 0.7993333333333333, "36K": 0.888, "68K": 0.849, "6KK": 0.9626666666666667, "67K": 0.8073333333333333, "26K": 0.8423333333333334, "4JK": 0.809, "AJK": 0.8523333333333334, "JJK": 0.8196666666666667, "5JK": 0.9223333333333333, "3JK": 0.897, "8JK": 0.824, "JKK": 0.9413333333333334, "7JK": 0.7943333333333333, "2JK": 0.83, "4AK": 0.7813333333333333, "44K": 0.809, "45K": 0.8906666666666667, "34K": 0.816, "48K": 0.825, "4KK": 0.9283333333333333, "47K": 0.6956666666666667, "24K": 0.798, "AAK": 0.8543333333333333, "5AK": 0.9013333333333333, "3AK": 0.866, "8AK": 0.8006666666666666, "AKK": 0.9386666666666666, "7AK": 0.7756666666666666, "2AK": 0.8106666666666666, "35K": 0.9246666666666666, "58K": 0.898, "5KK": 0.9936666666666667, "55K": 0.9873333333333333, "57K": 0.8716666666666667, "25K": 0.936, "38K": 0.8556666666666667, "3KK": 0.9606666666666667, "33K": 0.843, "37K": 0.809, "23K": 0.847, "88K": 0.8526666666666667, "8KK": 0.956, "78K": 0.793, "28K": 0.8473333333333334, "7KK": 0.9393333333333334, "2KK": 0.9293333333333333, "KKK": 0.9996666666666667, "77K": 0.8083333333333333, "27K": 0.816, "22K": 0.8433333333333334, "46J": 0.6393333333333333, "6AJ": 0.9666666666666667, "6JJ": 0.6556666666666666, "56J": 0.7673333333333333, "66J": 0.66, "36J": 0.968, "68J": 0.6266666666666667, "67J": 0.61, "26J": 0.6313333333333333, "46A": 0.6693333333333333, "446": 0.66, "456": 0.599, "466": 0.5056666666666667, "346": 0.706, "468": 0.5003333333333333, "467": 0.544, "246": 0.52, "6AA": 0.6993333333333334, "56A": 0.7586666666666667, "66A": 0.7036666666666667, "36A": 0.9673333333333334, "68A": 0.6596666666666666, "67A": 0.6593333333333333, "26A": 0.6763333333333333, "566": 0.7153333333333334, "356": 0.749, "568": 0.5756666666666667, "556": 0.9183333333333333, "567": 0.5483333333333333, "256": 0.6433333333333333, "366": 0.658, "668": 0.504, "667": 0.48966666666666664, "266": 0.5046666666666667, "666": 0.5893333333333334, "368": 0.6253333333333333, "336": 0.655, "367": 0.6603333333333333, "236": 0.6606666666666666, "688": 0.6543333333333333, "678": 0.534, "268": 0.44066666666666665, "677": 0.6543333333333333, "267": 0.43966666666666665, "226": 0.5056666666666667, "4AJ": 0.6703333333333333, "44J": 0.656, "4JJ": 0.513, "45J": 0.6923333333333334, "34J": 0.6366666666666667, "48J": 0.41533333333333333, "47J": 0.43166666666666664, "24J": 0.44066666666666665, "AAJ": 0.7233333333333334, "AJJ": 0.7086666666666667, "5AJ": 0.784, "3AJ": 0.9636666666666667, "8AJ": 0.647, "7AJ": 0.6396666666666667, "2AJ": 0.6656666666666666, "5JJ": 0.746, "3JJ": 0.6616666666666666, "8JJ": 0.5076666666666667, "JJJ": 0.6, "7JJ": 0.5256666666666666, "2JJ": 0.49,