{"7KQ": 0.6426666666666667, "3KQ": 0.7356666666666667, "AKQ": 0.6633333333333333, "5KQ": 0.7376666666666667, "JKQ": 0.684, "6KQ": 0.727, "KQT": 0.6836666666666666, "2KQ": 0.7303333333333333, "KKQ": 0.7946666666666666, "9KQ": 0.7236666666666667, "4KQ": 0.6406666666666667, "KQQ": 0.9103333333333333, "8KQ": 0.8766666666666667, "37Q": 0.7933333333333333, "7AQ": 0.7616666666666667, "57Q": 0.797, "7JQ": 0.787, "67Q": 0.79, "7QT": 0.781, "77Q": 0.802, "27Q": 0.8076666666666666, "79Q": 0.7913333333333333, "47Q": 0.6896666666666667, "7QQ": 0.9366666666666666, "78Q": 0.8946666666666667, "3AQ": 0.7696666666666667, "35Q": 0.8103333333333333, "3JQ": 0.8243333333333334, "36Q": 0.8223333333333334, "3QT": 0.81, "23Q": 0.8343333333333334, "39Q": 0.8273333333333334, "34Q": 0.7906666666666666, "33Q": 0.8213333333333334, "3QQ": 0.9593333333333334, "38Q": 0.9266666666666666, "5AQ": 0.781, "AAQ": 0.839, "AJQ": 0.7323333333333333, "6AQ": 0.763, "AQT": 0.75, "2AQ": 0.7833333333333333, "9AQ": 0.792, "4AQ": 0.7703333333333333, "AQQ": 0.944, "8AQ": 0.8913333333333333, "5JQ": 0.8166666666666667, "56Q": 0.8043333333333333, "5QT": 0.817, "25Q": 0.8276666666666667, "59Q": 0.8243333333333334, "45Q": 0.7856666666666666, "5QQ": 0.9593333333333334, "58Q": 0.9153333333333333, "55Q": 0.801, "6JQ": 0.8226666666666667, "JQT": 0.757, "2JQ": 0.812, "JJQ": 0.8063333333333333, "9JQ": 0.7876666666666666, "4JQ": 0.795, "JQQ": 0.9303333333333333, "8JQ": 0.8693333333333333, "6QT": 0.8086666666666666, "26Q": 0.8233333333333334, "69Q": 0.8193333333333334, "66Q": 0.8126666666666666, "46Q": 0.7936666666666666, "6QQ": 0.9616666666666667, "68Q": 0.8926666666666667, "2QT": 0.807, "9QT": 0.792, "4QT": 0.7953333333333333, "QQT": 0.9383333333333334, "8QT": 0.861, "QTT": 0.8036666666666666, "29Q": 0.8083333333333333, "24Q": 0.7953333333333333, "2QQ": 0.9566666666666667, "28Q": 0.9346666666666666, "22Q": 0.799, "49Q": 0.7976666666666666, "99Q": 0.814, "9QQ": 0.9446666666666667, "89Q": 0.8603333333333333, "4QQ": 0.9403333333333334, "48Q": 0.9023333333333333, "44Q": 0.804, "8QQ": 0.9933333333333333, "QQQ": 0.9996666666666667, "88Q": 0.988, "37K": 0.384, "7AK": 0.4876666666666667, "57K": 0.41733333333333333, "7JK": 0.44566666666666666, "67K": 0.4166666666666667, "7KT": 0.43133333333333335, "77K": 0.48333333333333334, "27K": 0.409, "7KK": 0.5116666666666667, "79K": 0.41, "47K": 0.37566666666666665, "78K": 0.6963333333333334, "3AK": 0.4796666666666667, "35K": 0.41933333333333334, "3JK": 0.444, "36K": 0.406, "3KT": 0.4676666666666667, "23K": 0.43666666666666665, "3KK": 0.5346666666666666, "39K": 0.42966666666666664, "34K": 0.40166666666666667, "33K": 0.4876666666666667, "38K": 0.7506666666666667, "5AK": 0.496, "AAK": 0.5986666666666667, "AJK": 0.56, "6AK": 0.465, "AKT": 0.5536666666666666, "2AK": 0.48233333333333334, "AKK": 0.584, "9AK": 0.498, "4AK": 0.4643333333333333, "8AK": 0.693, "5JK": 0.4503333333333333, "56K": 0.425, "5KT": 0.441, "25K": 0.41533333333333333, "5KK": 0.526, "59K": 0.44866666666666666, "45K": 0.39366666666666666, "58K": 0.756, "55K": 0.456, "6JK": 0.453, "JKT": 0.575, "2JK": 0.4713333333333333, "JJK": 0.5363333333333333, "JKK": 0.5406666666666666, "9JK": 0.5146666666666667, "4JK": 0.431, "8JK": 0.6993333333333334, "6KT": 0.41733333333333333, "26K": 0.421, "6KK": 0.5086666666666667, "69K": 0.44466666666666665, "66K": 0.5, "46K": 0.383, "68K": 0.7176666666666667, "2KT": 0.44633333333333336, "KKT": 0.5313333333333333, "9KT": 0.505, "4KT": 0.4083333333333333, "8KT": 0.6733333333333333, "KTT": 0.5173333333333333, "2KK": 0.49566666666666664, "29K": 0.45, "24K": 0.4196666666666667, "28K": 0.741, "22K": 0.47733333333333333, "9KK": 0.515, "4KK": 0.5126666666666667, "KKK": 0.633, "8KK": 0.795, "49K": 0.42933333333333334, "99K": 0.519, "89K": 0.682, "48K": 0.724, "44K": 0.47333333333333333, "88K": 0.93, "37A": 0.44333333333333336, "357": 0.39, "37J": 0.37933333333333336, "367": 0.37166666666666665, "37T": 0.41233333333333333, "377": 0.43, "237": 0.385, "379": 0.3873333333333333, "347": 0.349, "337": 0.434, "378": 0.7596666666666667, "57A": 0.439, "7AA": 0.507, "7AJ": 0.43066666666666664, "67A": 0.4256666666666667, "7AT": 0.43933333333333335, "77A": 0.5123333333333333, "27A": 0.44633333333333336, "79A": 0.451, "47A": 0.39666666666666667, "78A": 0.7093333333333334, "57J": 0.392, "567": 0.5053333333333333, "57T": 0.42333333333333334, "577": 0.4573333333333333, "257": 0.3953333333333333, "579": 0.45466666666666666, "457": 0.42966666666666664, "578": 0.694, "557": 0.439, "67J": 0.4036666666666667, "7JT": 0.467, "77J": 0.4553333333333333, "27J": 0.3923333333333333, "7JJ": 0.4483333333333333, "79J": 0.47833333333333333, "47J": 0.384, "78J": 0.6933333333333334, "67T": 0.468, "677": 0.444, "267": 0.38266666666666665, "679": 0.542, "667": 0.4593333333333333, "467": 0.42933333333333334, "678": 0.6526666666666666, "77T": 0.4513333333333333, "27T": 0.402, "79T": 0.5456666666666666, "47T": 0.3626666666666667, "78T": 0.6653333333333333, "7TT": 0.48033333333333333, "777": 0.5216666666666666, "277": 0.4766666666666667, "779": 0.4706666666666667, "477": 0.43333333333333335, "778": 0.7446666666666667, "279": 0.42333333333333334, "247": 0.36633333333333334, "278": 0.76, "227": 0.41833333333333333, "479": 0.37533333333333335, "799": 0.47, "789": 0.637, "478": 0.6996666666666667, "447": 0.42833333333333334, "788": 0.9103333333333333, "35A": 0.4266666666666667, "3AA": 0.538, "3AJ": 0.446, "36A": 0.38866666666666666, "3AT": 0.453, "23A": 0.425, "39A": 0.442, "34A": 0.41433333333333333, "33A": 0.49266666666666664, "38A": 0.7606666666666667, "35J": 0.4053333333333333, "356": 0.35833333333333334, "35T": 0.558, "235": 0.37, "359": 0.401, "345": 0.36, "335": 0.4643333333333333, "358": 0.813, "355": 0.43766666666666665, "36J": 0.38766666666666666, "3JT": 0.49966666666666665, "23J": 0.40066666666666667, "3JJ": 0.4713333333333333, "39J": 0.491, "34J": 0.39366666666666666, "33J": 0.475, "38J": 0.7333333333333333, "36T": 0.421, "236": 0.3596666666666667, "369": 0.39366666666666666, "366": 0.4633333333333333, "346": 0.3413333333333333, "336": 0.422, "368": 0.7523333333333333, "23T": 0.42633333333333334, "39T": 0.5283333333333333, "34T": 0.383, "33T": 0.478, "38T": 0.7776666666666666, "3TT": 0.48133333333333334, "239": 0.404, "234": 0.354, "233": 0.44966666666666666, "238": 0.7926666666666666, "223": 0.4493333333333333, "349": 0.38333333333333336, "339": 0.4553333333333333, "399": 0.4716666666666667, "389": 0.7293333333333333, "334": 0.43466666666666665, "348": 0.7863333333333333, "344": 0.45166666666666666, "338": 0.7793333333333333, "333": 0.5306666666666666, "388": 0.96, "5AA": 0.5576666666666666, "5AJ": 0.444, "56A": 0.378, "5AT": 0.46, "25A": 0.42, "59A": 0.4563333333333333, "45A": 0.42033333333333334, "58A": 0.7383333333333333, "55A": 0.4886666666666667, "AAJ": 0.549, "6AA": 0.505, "AAT": 0.559, "2AA": 0.5123333333333333, "9AA": 0.5553333333333333, "4AA": 0.518, "AAA": 0.6086666666666667, "8AA": 0.8, "6AJ": 0.43666666666666665, "AJT": 0.587, "2AJ": 0.4656666666666667, "AJJ": 0.5023333333333333, "9AJ": 0.5443333333333333, "4AJ": 0.4483333333333333, "8AJ": 0.707, "6AT": 0.43033333333333335, "26A": 0.3913333333333333, "69A": 0.439, "66A": 0.48233333333333334, "46A": 0.402, "68A": 0.6943333333333334, "2AT": 0.46366666666666667, "9AT": 0.5206666666666667, "4AT": 0.43333333333333335, "8AT": 0.6846666666666666, "ATT": 0.51, "29A": 0.44433333333333336, "24A": 0.42, "28A": 0.7693333333333333, "22A": 0.507, "49A": 0.46066666666666667, "99A": 0.5173333333333333, "89A": 0.6796666666666666, "48A": 0.7523333333333333, "44A": 0.503, "88A": 0.9583333333333334, "56J": 0.383, "5JT": 0.53, "25J": 0.41133333333333333, "5JJ": 0.47833333333333333, "59J": 0.48033333333333333, "45J": 0.395, "58J": 0.7223333333333334, "55J": 0.4533333333333333, "56T": 0.4146666666666667, "256": 0.38033333333333336, "569": 0.463, "566": 0.44766666666666666, "456": 0.435, "568": 0.6893333333333334, "556": 0.4256666666666667, "25T": 0.39466666666666667,