{"AKT": 0.709, "4AK": 0.7826666666666666, "9AK": 0.7736666666666666, "2AK": 0.894, "AKQ": 0.6906666666666667, "8AK": 0.7746666666666666, "6AK": 0.75, "7AK": 0.741, "AJK": 0.7396666666666667, "AKK": 0.9446666666666667, "AAK": 0.8256666666666667, "5AK": 0.777, "3AK": 0.787, "4KT": 0.8016666666666666, "9KT": 0.7556666666666667, "2KT": 0.886, "KQT": 0.708, "KTT": 0.7906666666666666, "8KT": 0.7883333333333333, "6KT": 0.7833333333333333, "7KT": 0.7676666666666667, "JKT": 0.738, "KKT": 0.9266666666666666, "5KT": 0.81, "3KT": 0.811, "49K": 0.8256666666666667, "24K": 0.916, "4KQ": 0.8143333333333334, "48K": 0.8236666666666667, "46K": 0.7936666666666666, "47K": 0.8113333333333334, "4JK": 0.795, "4KK": 0.948, "45K": 0.798, "44K": 0.801, "34K": 0.8113333333333334, "29K": 0.9146666666666666, "9KQ": 0.769, "89K": 0.821, "69K": 0.7943333333333333, "79K": 0.7843333333333333, "9JK": 0.769, "9KK": 0.9213333333333333, "59K": 0.8286666666666667, "99K": 0.789, "39K": 0.822, "2KQ": 0.8906666666666667, "28K": 0.924, "26K": 0.9016666666666666, "27K": 0.912, "2JK": 0.9203333333333333, "2KK": 0.9886666666666667, "22K": 0.9846666666666667, "25K": 0.9083333333333333, "23K": 0.9353333333333333, "8KQ": 0.8033333333333333, "6KQ": 0.7903333333333333, "7KQ": 0.774, "JKQ": 0.741, "KKQ": 0.9386666666666666, "KQQ": 0.8036666666666666, "5KQ": 0.8036666666666666, "3KQ": 0.812, "68K": 0.8003333333333333, "78K": 0.7823333333333333, "8JK": 0.7986666666666666, "8KK": 0.9393333333333334, "58K": 0.8363333333333334, "88K": 0.785, "38K": 0.8266666666666667, "67K": 0.7736666666666666, "6JK": 0.7986666666666666, "6KK": 0.942, "66K": 0.7963333333333333, "56K": 0.8006666666666666, "36K": 0.8216666666666667, "7JK": 0.793, "7KK": 0.938, "77K": 0.798, "57K": 0.8056666666666666, "37K": 0.8213333333333334, "JKK": 0.9073333333333333, "5JK": 0.8133333333333334, "3JK": 0.8143333333333334, "JJK": 0.7826666666666666, "5KK": 0.934, "KKK": 1.0, "3KK": 0.947, "35K": 0.8153333333333334, "55K": 0.7973333333333333, "33K": 0.8053333333333333, "4AT": 0.435, "9AT": 0.39366666666666666, "2AT": 0.5143333333333333, "AQT": 0.43333333333333335, "ATT": 0.5073333333333333, "8AT": 0.413, "6AT": 0.357, "7AT": 0.361, "AJT": 0.471, "AAT": 0.5256666666666666, "5AT": 0.41833333333333333, "3AT": 0.42633333333333334, "49A": 0.44066666666666665, "24A": 0.5723333333333334, "4AQ": 0.40066666666666667, "48A": 0.432, "46A": 0.419, "47A": 0.398, "4AJ": 0.439, "4AA": 0.5346666666666666, "45A": 0.43233333333333335, "44A": 0.524, "34A": 0.4613333333333333, "29A": 0.5833333333333334, "9AQ": 0.4093333333333333, "89A": 0.4186666666666667, "69A": 0.3963333333333333, "79A": 0.4023333333333333, "9AJ": 0.429, "9AA": 0.5453333333333333, "59A": 0.45, "99A": 0.49366666666666664, "39A": 0.435, "2AQ": 0.5103333333333333, "28A": 0.578, "26A": 0.49833333333333335, "27A": 0.506, "2AJ": 0.583, "22A": 0.944, "2AA": 0.6436666666666667, "25A": 0.557, "23A": 0.58, "8AQ": 0.408, "6AQ": 0.38033333333333336, "7AQ": 0.37866666666666665, "AJQ": 0.4746666666666667, "AQQ": 0.5166666666666667, "AAQ": 0.537, "5AQ": 0.43333333333333335, "3AQ": 0.41933333333333334, "68A": 0.3893333333333333, "78A": 0.4036666666666667, "8AJ": 0.4116666666666667, "8AA": 0.549, "58A": 0.43233333333333335, "88A": 0.5193333333333333, "38A": 0.422, "67A": 0.33066666666666666, "6AJ": 0.423, "66A": 0.5043333333333333, "6AA": 0.5196666666666667, "56A": 0.405, "36A": 0.41633333333333333, "7AJ": 0.417, "7AA": 0.5063333333333333, "77A": 0.49933333333333335, "57A": 0.399, "37A": 0.4036666666666667, "AAJ": 0.5266666666666666, "5AJ": 0.43933333333333335, "3AJ": 0.4543333333333333, "AJJ": 0.534, "5AA": 0.5346666666666666, "AAA": 0.6346666666666667, "3AA": 0.528, "35A": 0.422, "55A": 0.528, "33A": 0.493, "49T": 0.37366666666666665, "24T": 0.5573333333333333, "4QT": 0.35233333333333333, "4TT": 0.45366666666666666, "48T": 0.3636666666666667, "46T": 0.3436666666666667, "47T": 0.3473333333333333, "4JT": 0.37433333333333335, "45T": 0.36033333333333334, "44T": 0.44566666666666666, "34T": 0.39666666666666667, "29T": 0.5613333333333334, "9QT": 0.4103333333333333, "9TT": 0.45966666666666667, "89T": 0.31833333333333336, "69T": 0.3403333333333333, "79T": 0.3406666666666667, "9JT": 0.3943333333333333, "59T": 0.382, "99T": 0.43033333333333335, "39T": 0.36133333333333334, "2QT": 0.5233333333333333, "2TT": 0.6226666666666667, "28T": 0.5473333333333333, "26T": 0.5093333333333333, "27T": 0.49366666666666664, "2JT": 0.5516666666666666, "22T": 0.938, "25T": 0.571, "23T": 0.5723333333333334, "QTT": 0.44033333333333335, "8QT": 0.338, "6QT": 0.3243333333333333, "7QT": 0.32766666666666666, "JQT": 0.4696666666666667, "QQT": 0.44666666666666666, "5QT": 0.37266666666666665, "3QT": 0.37466666666666665, "8TT": 0.467, "6TT": 0.424, "7TT": 0.43433333333333335, "JTT": 0.44533333333333336, "TTT": 0.563, "5TT": 0.469, "3TT": 0.463, "68T": 0.32233333333333336, "78T": 0.308, "8JT": 0.331, "58T": 0.361, "88T": 0.4226666666666667, "38T": 0.361, "67T": 0.2853333333333333, "6JT": 0.36133333333333334, "66T": 0.435, "56T": 0.347, "36T": 0.3463333333333333, "7JT": 0.3433333333333333, "77T": 0.4236666666666667, "57T": 0.3556666666666667, "37T": 0.346, "5JT": 0.37233333333333335, "3JT": 0.37566666666666665, "JJT": 0.4623333333333333, "35T": 0.36333333333333334, "55T": 0.44533333333333336, "33T": 0.4246666666666667, "249": 0.583, "49Q": 0.38266666666666665, "489": 0.37966666666666665, "469": 0.358, "479": 0.354, "49J": 0.37533333333333335, "459": 0.402, "449": 0.4523333333333333, "499": 0.461, "349": 0.39966666666666667, "24Q": 0.5756666666666667, "248": 0.5713333333333334, "246": 0.5383333333333333, "247": 0.5533333333333333, "24J": 0.5656666666666667, "224": 0.9403333333333334, "245": 0.5676666666666667, "244": 0.644, "234": 0.5693333333333334, "48Q": 0.373, "46Q": 0.354, "47Q": 0.342, "4JQ": 0.37233333333333335, "4QQ": 0.4723333333333333, "45Q": 0.375, "44Q": 0.45566666666666666, "34Q": 0.4103333333333333, "468": 0.3576666666666667, "478": 0.3403333333333333, "48J": 0.352, "458": 0.37, "488": 0.469, "448": 0.43266666666666664, "348": 0.388, "467": 0.299, "46J": 0.36633333333333334, "466": 0.461, "456": 0.38766666666666666, "446": 0.44733333333333336, "346": 0.43633333333333335, "47J": 0.3616666666666667, "477": 0.4533333333333333, "457": 0.32966666666666666, "447": 0.43, "347": 0.382, "45J": 0.37133333333333335, "44J": 0.42933333333333334, "34J": 0.39766666666666667, "4JJ": 0.4686666666666667, "445": 0.42533333333333334, "345": 0.45, "455": 0.4686666666666667, "344": 0.4776666666666667, "444": 0.546, "334": 0.4513333333333333, "29Q": 0.5823333333333334, "289": 0.5723333333333334, "269": 0.5533333333333333, "279": 0.554, "29J": 0.5823333333333334, "229": 0.9563333333333334, "259": 0.5893333333333334, "299": 0.6466666666666666, "239": 0.5903333333333334, "89Q": 0.37733333333333335, "69Q": 0.35533333333333333, "79Q": 0.36033333333333334, "9JQ": 0.447, "9QQ": 0.477, "59Q": 0.37766666666666665, "99Q": 0.44, "39Q": 0.385, "689": 0.34933333333333333, "789": 0.329, "89J": 0.35133333333333333, "589": 0.503, "889": 0.44533333333333336, "899": 0.44466666666666665, "389": 0.36633333333333334, "679": 0.30033333333333334, "69J": 0.375, "669": 0.45366666666666666, "569": 0.36933333333333335, "699": 0.41833333333333333, "369": 0.3473333333333333, "79J": 0.34, "779": 0.43066666666666664, "579": 0.348, "799": 0.4226666666666667, "379": 0.36666666666666664, "59J": 0.39, "99J": 0.44866666666666666, "39J": 0.37166666666666665, "9JJ": 0.4713333333333333, "599": 0.467, "359": 0.3903333333333333, "559": 0.45766666666666667, "399": 0.44533333333333336, "999": 0.5606666666666666, "339": 0.4646666666666667, "28Q": 0.5653333333333334, "26Q": 0.49366666666666664, "27Q": 0.514, "2JQ": 0.5686666666666667, "22Q": 0.9396666666666667, "2QQ": 0.6436666666666667, "25Q": 0.573, "23Q": 0.567, "268": 0.5546666666666666, "278": 0.5553333333333333, "28J": 0.582, "228": 0.9556666666666667, "258": 0.577, "288": 0.661, "238": 0.5856666666666667, "267": 0.464, "26J": 0.577,