{"8AT": 0.7893333333333333, "8AK": 0.8433333333333334, "58A": 0.8256666666666667, "8AJ": 0.816, "8AQ": 0.8303333333333334, "48A": 0.806, "88A": 0.8253333333333334, "89A": 0.8013333333333333, "68A": 0.8203333333333334, "78A": 0.7983333333333333, "28A": 0.922, "38A": 0.851, "8AA": 0.9393333333333334, "AKT": 0.7936666666666666, "ATT": 0.8106666666666666, "5AT": 0.8416666666666667, "AJT": 0.7883333333333333, "AQT": 0.775, "4AT": 0.8123333333333334, "9AT": 0.801, "6AT": 0.8176666666666667, "7AT": 0.81, "2AT": 0.9163333333333333, "3AT": 0.836, "AAT": 0.937, "AKK": 0.7886666666666666, "5AK": 0.833, "AJK": 0.799, "AKQ": 0.8073333333333333, "4AK": 0.8226666666666667, "9AK": 0.832, "6AK": 0.8323333333333334, "7AK": 0.833, "2AK": 0.929, "3AK": 0.852, "AAK": 0.916, "5AJ": 0.8416666666666667, "5AQ": 0.8373333333333334, "45A": 0.7963333333333333, "59A": 0.8356666666666667, "56A": 0.8163333333333334, "57A": 0.82, "55A": 0.8263333333333334, "25A": 0.9273333333333333, "35A": 0.8416666666666667, "5AA": 0.94, "AJQ": 0.8013333333333333, "4AJ": 0.805, "9AJ": 0.823, "AJJ": 0.8116666666666666, "6AJ": 0.8353333333333334, "7AJ": 0.8263333333333334, "2AJ": 0.9193333333333333, "3AJ": 0.8286666666666667, "AAJ": 0.9376666666666666, "AQQ": 0.8113333333333334, "4AQ": 0.8163333333333334, "9AQ": 0.8273333333333334, "6AQ": 0.8316666666666667, "7AQ": 0.844, "2AQ": 0.9226666666666666, "3AQ": 0.839, "AAQ": 0.927, "49A": 0.814, "46A": 0.797, "47A": 0.793, "24A": 0.9076666666666666, "44A": 0.802, "34A": 0.818, "4AA": 0.9276666666666666, "69A": 0.8306666666666667, "99A": 0.7933333333333333, "79A": 0.8133333333333334, "29A": 0.9376666666666666, "39A": 0.837, "9AA": 0.946, "67A": 0.804, "26A": 0.9226666666666666, "36A": 0.8336666666666667, "6AA": 0.943, "66A": 0.8003333333333333, "77A": 0.8276666666666667, "27A": 0.9256666666666666, "37A": 0.8393333333333334, "7AA": 0.9453333333333334, "23A": 0.934, "2AA": 0.9883333333333333, "22A": 0.9853333333333333, "33A": 0.824, "3AA": 0.947, "AAA": 1.0, "8KT": 0.455, "8TT": 0.5216666666666666, "58T": 0.6083333333333333, "8JT": 0.42766666666666664, "8QT": 0.428, "48T": 0.437, "88T": 0.534, "89T": 0.387, "68T": 0.5973333333333334, "78T": 0.5943333333333334, "28T": 0.7336666666666667, "38T": 0.43066666666666664, "8KK": 0.5486666666666666, "58K": 0.4533333333333333, "8JK": 0.43366666666666664, "8KQ": 0.44866666666666666, "48K": 0.444, "88K": 0.5326666666666666, "89K": 0.43033333333333335, "68K": 0.443, "78K": 0.43466666666666665, "28K": 0.618, "38K": 0.438, "58J": 0.442, "58Q": 0.4483333333333333, "458": 0.42766666666666664, "588": 0.5443333333333333, "589": 0.4206666666666667, "568": 0.5873333333333334, "578": 0.5806666666666667, "558": 0.5206666666666667, "258": 0.701, "358": 0.457, "8JQ": 0.43733333333333335, "48J": 0.442, "88J": 0.5316666666666666, "89J": 0.3883333333333333, "8JJ": 0.512, "68J": 0.43666666666666665, "78J": 0.42233333333333334, "28J": 0.5966666666666667, "38J": 0.43566666666666665, "8QQ": 0.521, "48Q": 0.4166666666666667, "88Q": 0.5336666666666666, "89Q": 0.41733333333333333, "68Q": 0.445, "78Q": 0.452, "28Q": 0.6073333333333333, "38Q": 0.47, "488": 0.533, "489": 0.42333333333333334, "468": 0.4226666666666667, "478": 0.421, "248": 0.596, "448": 0.524, "348": 0.43066666666666664, "889": 0.507, "688": 0.515, "788": 0.5233333333333333, "888": 0.6333333333333333, "288": 0.6823333333333333, "388": 0.5273333333333333, "689": 0.4093333333333333, "899": 0.48966666666666664, "789": 0.38466666666666666, "289": 0.5896666666666667, "389": 0.43933333333333335, "678": 0.5653333333333334, "268": 0.7266666666666667, "368": 0.44966666666666666, "668": 0.5313333333333333, "778": 0.525, "278": 0.7353333333333333, "378": 0.449, "238": 0.6186666666666667, "228": 0.9513333333333334, "338": 0.531, "KTT": 0.5093333333333333, "KKT": 0.5323333333333333, "5KT": 0.46266666666666667, "JKT": 0.4886666666666667, "KQT": 0.497, "4KT": 0.43233333333333335, "9KT": 0.39266666666666666, "6KT": 0.45866666666666667, "7KT": 0.463, "2KT": 0.608, "3KT": 0.447, "5TT": 0.561, "JTT": 0.5286666666666666, "QTT": 0.5236666666666666, "4TT": 0.538, "9TT": 0.506, "6TT": 0.5293333333333333, "7TT": 0.5546666666666666, "2TT": 0.6813333333333333, "3TT": 0.5456666666666666, "TTT": 0.6316666666666667, "5JT": 0.4533333333333333, "5QT": 0.461, "45T": 0.44633333333333336, "59T": 0.42966666666666664, "56T": 0.6383333333333333, "57T": 0.6046666666666667, "55T": 0.5456666666666666, "25T": 0.748, "35T": 0.47633333333333333, "JQT": 0.476, "4JT": 0.42333333333333334, "9JT": 0.38666666666666666, "JJT": 0.521, "6JT": 0.435, "7JT": 0.42733333333333334, "2JT": 0.5903333333333334, "3JT": 0.439, "QQT": 0.53, "4QT": 0.43766666666666665, "9QT": 0.401, "6QT": 0.457, "7QT": 0.44733333333333336, "2QT": 0.5996666666666667, "3QT": 0.44266666666666665, "49T": 0.4063333333333333, "46T": 0.4513333333333333, "47T": 0.42833333333333334, "24T": 0.6133333333333333, "44T": 0.5206666666666667, "34T": 0.42766666666666664, "69T": 0.424, "99T": 0.508, "79T": 0.4003333333333333, "29T": 0.5836666666666667, "39T": 0.42, "67T": 0.5993333333333334, "26T": 0.7286666666666667, "36T": 0.44766666666666666, "66T": 0.547, "77T": 0.516, "27T": 0.7386666666666667, "37T": 0.45, "23T": 0.6046666666666667, "22T": 0.9523333333333334, "33T": 0.5473333333333333, "5KK": 0.537, "JKK": 0.5416666666666666, "KKQ": 0.533, "4KK": 0.522, "9KK": 0.542, "6KK": 0.5446666666666666, "7KK": 0.531, "2KK": 0.6766666666666666, "3KK": 0.556, "KKK": 0.6406666666666667, "5JK": 0.4573333333333333, "5KQ": 0.436, "45K": 0.41533333333333333, "59K": 0.437, "56K": 0.44033333333333335, "57K": 0.43933333333333335, "55K": 0.52, "25K": 0.616, "35K": 0.4656666666666667, "JKQ": 0.48833333333333334, "4JK": 0.444, "9JK": 0.4266666666666667, "JJK": 0.49533333333333335, "6JK": 0.44333333333333336, "7JK": 0.43733333333333335, "2JK": 0.593, "3JK": 0.4573333333333333, "KQQ": 0.5323333333333333, "4KQ": 0.4673333333333333, "9KQ": 0.436, "6KQ": 0.445, "7KQ": 0.42633333333333334, "2KQ": 0.59, "3KQ": 0.4563333333333333, "49K": 0.438, "46K": 0.43633333333333335, "47K": 0.437, "24K": 0.604, "44K": 0.5136666666666667, "34K": 0.45766666666666667, "69K": 0.42633333333333334, "99K": 0.5266666666666666, "79K": 0.3923333333333333, "29K": 0.6093333333333333, "39K": 0.44666666666666666, "67K": 0.44866666666666666, "26K": 0.6126666666666667, "36K": 0.4553333333333333, "66K": 0.5186666666666667, "77K": 0.5306666666666666, "27K": 0.6016666666666667, "37K": 0.44866666666666666, "23K": 0.5906666666666667, "22K": 0.9406666666666667, "33K": 0.49066666666666664, "5JQ": 0.45666666666666667, "45J": 0.4256666666666667, "59J": 0.43366666666666664, "5JJ": 0.5313333333333333, "56J": 0.445, "57J": 0.439, "55J": 0.5533333333333333, "25J": 0.6096666666666667, "35J": 0.449, "5QQ": 0.5263333333333333, "45Q": 0.428, "59Q": 0.4236666666666667, "56Q": 0.442, "57Q": 0.43666666666666665, "55Q": 0.5326666666666666, "25Q": 0.6076666666666667, "35Q": 0.454, "459": 0.43433333333333335, "456": 0.472, "457": 0.4166666666666667, "455": 0.5176666666666667, "245": 0.593, "445": 0.495, "345": 0.484, "569": 0.42433333333333334, "599": 0.534, "579": 0.4186666666666667, "559": 0.5216666666666666, "259": 0.6003333333333334, "359": 0.454, "567": 0.5783333333333334, "556": 0.5076666666666667, "256": 0.7133333333333334, "356": 0.491, "566": 0.5196666666666667, "557": 0.5053333333333333, "577": 0.5356666666666666, "257": 0.7276666666666667, "357": 0.423, "255": 0.689, "555": 0.6253333333333333, "355": 0.5463333333333333, "235": 0.581, "225": 0.9423333333333334, "335": 0.5353333333333333, "JQQ": 0.542, "4JQ": 0.45566666666666666, "9JQ": 0.562, "JJQ": 0.546, "6JQ": 0.46, "7JQ": 0.46366666666666667, "2JQ": 0.614, "3JQ": 0.6073333333333333, "49J": 0.4503333333333333, "4JJ": 0.5243333333333333, "46J": 0.44166666666666665, "47J": 0.4186666666666667, "24J": 0.5893333333333334, "44J": 0.522, "34J": 0.46, "9JJ": 0.5406666666666666, "69J": 0.409, "99J": 0.512, "79J": 0.41733333333333333, "29J": 0.5846666666666667, "39J": 0.5523333333333333,