{"KQT": 0.8206666666666667, "KQQ": 0.9666666666666667, "9KQ": 0.792, "4KQ": 0.8403333333333334, "7KQ": 0.8906666666666667, "3KQ": 0.827, "KKQ": 0.8873333333333333, "8KQ": 0.8283333333333334, "JKQ": 0.8773333333333333, "2KQ": 0.8196666666666667, "6KQ": 0.885, "5KQ": 0.806, "AKQ": 0.917, "9KT": 0.6086666666666667, "4KT": 0.648, "7KT": 0.7673333333333333, "3KT": 0.6443333333333333, "KKT": 0.69, "8KT": 0.6146666666666667, "JKT": 0.9826666666666667, "2KT": 0.655, "6KT": 0.7613333333333333, "KTT": 0.6953333333333334, "5KT": 0.642, "AKT": 0.8933333333333333, "49K": 0.5446666666666666, "79K": 0.7103333333333334, "39K": 0.547, "9KK": 0.667, "89K": 0.5563333333333333, "9JK": 0.7416666666666667, "29K": 0.567, "99K": 0.7673333333333333, "69K": 0.7096666666666667, "59K": 0.5646666666666667, "9AK": 0.8723333333333333, "47K": 0.7163333333333334, "34K": 0.558, "4KK": 0.6683333333333333, "48K": 0.58, "4JK": 0.757, "24K": 0.5906666666666667, "44K": 0.7613333333333333, "46K": 0.714, "45K": 0.555, "4AK": 0.8773333333333333, "37K": 0.7163333333333334, "7KK": 0.7666666666666667, "78K": 0.7066666666666667, "7JK": 0.9856666666666667, "27K": 0.731, "77K": 0.757, "67K": 0.9843333333333333, "57K": 0.7216666666666667, "7AK": 0.9346666666666666, "3KK": 0.6713333333333333, "38K": 0.5603333333333333, "3JK": 0.7573333333333333, "33K": 0.7623333333333333, "23K": 0.5446666666666666, "36K": 0.727, "35K": 0.5436666666666666, "3AK": 0.9103333333333333, "8KK": 0.6533333333333333, "JKK": 0.8033333333333333, "2KK": 0.6643333333333333, "6KK": 0.7606666666666667, "5KK": 0.661, "AKK": 0.9113333333333333, "KKK": 0.768, "8JK": 0.766, "28K": 0.5806666666666667, "68K": 0.6963333333333334, "58K": 0.5713333333333334, "8AK": 0.9133333333333333, "88K": 0.6506666666666666, "2JK": 0.7676666666666667, "JJK": 0.7936666666666666, "6JK": 0.986, "5JK": 0.7613333333333333, "AJK": 0.9293333333333333, "26K": 0.7176666666666667, "22K": 0.6466666666666666, "25K": 0.56, "2AK": 0.9093333333333333, "56K": 0.6913333333333334, "6AK": 0.9346666666666666, "66K": 0.7523333333333333, "5AK": 0.901, "55K": 0.623, "AAK": 0.981, "QQT": 0.9616666666666667, "9QT": 0.7663333333333333, "4QT": 0.8663333333333333, "7QT": 0.8503333333333334, "3QT": 0.8353333333333334, "8QT": 0.786, "JQT": 0.8106666666666666, "2QT": 0.8393333333333334, "6QT": 0.87, "QTT": 0.834, "5QT": 0.8256666666666667, "AQT": 0.8943333333333333, "9QQ": 0.9333333333333333, "4QQ": 0.9496666666666667, "7QQ": 0.9756666666666667, "3QQ": 0.9533333333333334, "8QQ": 0.9613333333333334, "JQQ": 0.959, "2QQ": 0.955, "6QQ": 0.968, "QQQ": 1.0, "5QQ": 0.9543333333333334, "AQQ": 0.9976666666666667, "49Q": 0.8203333333333334, "79Q": 0.8563333333333333, "39Q": 0.8343333333333334, "89Q": 0.8003333333333333, "9JQ": 0.7966666666666666, "29Q": 0.8416666666666667, "99Q": 0.862, "69Q": 0.8543333333333333, "59Q": 0.825, "9AQ": 0.9183333333333333, "47Q": 0.8796666666666667, "34Q": 0.84, "48Q": 0.8616666666666667, "4JQ": 0.857, "24Q": 0.8383333333333334, "44Q": 0.877, "46Q": 0.856, "45Q": 0.83, "4AQ": 0.9213333333333333, "37Q": 0.851, "78Q": 0.8516666666666667, "7JQ": 0.9083333333333333, "27Q": 0.8463333333333334, "77Q": 0.8496666666666667, "67Q": 0.895, "57Q": 0.838, "7AQ": 0.9426666666666667, "38Q": 0.85, "3JQ": 0.8486666666666667, "33Q": 0.8466666666666667, "23Q": 0.7496666666666667, "36Q": 0.8333333333333334, "35Q": 0.728, "3AQ": 0.9293333333333333, "8JQ": 0.8416666666666667, "28Q": 0.8496666666666667, "68Q": 0.857, "58Q": 0.8186666666666667, "8AQ": 0.947, "88Q": 0.866, "2JQ": 0.8386666666666667, "JJQ": 0.8633333333333333, "6JQ": 0.9136666666666666, "5JQ": 0.836, "AJQ": 0.9103333333333333, "26Q": 0.851, "22Q": 0.8446666666666667, "25Q": 0.743, "2AQ": 0.925, "56Q": 0.8133333333333334, "6AQ": 0.9483333333333334, "66Q": 0.8503333333333334, "5AQ": 0.9156666666666666, "55Q": 0.8423333333333334, "AAQ": 0.9986666666666667, "49T": 0.527, "79T": 0.512, "39T": 0.5353333333333333, "89T": 0.521, "9JT": 0.6496666666666666, "29T": 0.5343333333333333, "99T": 0.64, "69T": 0.524, "9TT": 0.6086666666666667, "59T": 0.537, "9AT": 0.8403333333333334, "47T": 0.5376666666666666, "34T": 0.5133333333333333, "48T": 0.5083333333333333, "4JT": 0.644, "24T": 0.53, "44T": 0.648, "46T": 0.5403333333333333, "4TT": 0.6386666666666667, "45T": 0.5173333333333333, "4AT": 0.862, "37T": 0.553, "78T": 0.5133333333333333, "7JT": 0.751, "27T": 0.5803333333333334, "77T": 0.6503333333333333, "67T": 0.6976666666666667, "7TT": 0.648, "57T": 0.5526666666666666, "7AT": 0.887, "38T": 0.5213333333333333, "3JT": 0.629, "33T": 0.6386666666666667, "23T": 0.5346666666666666, "36T": 0.5486666666666666, "3TT": 0.6196666666666667, "35T": 0.503, "3AT": 0.8926666666666667, "8JT": 0.643, "28T": 0.5266666666666666, "68T": 0.5226666666666666, "8TT": 0.5976666666666667, "58T": 0.5136666666666667, "8AT": 0.8443333333333334, "88T": 0.6033333333333334, "2JT": 0.6493333333333333, "JJT": 0.699, "6JT": 0.755, "JTT": 0.7053333333333334, "5JT": 0.657, "AJT": 0.8783333333333333, "26T": 0.558, "22T": 0.6196666666666667, "2TT": 0.606, "25T": 0.54, "2AT": 0.8796666666666667, "6TT": 0.6383333333333333, "56T": 0.542, "6AT": 0.892, "66T": 0.6493333333333333, "5TT": 0.6126666666666667, "TTT": 0.7386666666666667, "ATT": 0.8923333333333333, "5AT": 0.883, "55T": 0.6103333333333333, "AAT": 0.945, "479": 0.51, "349": 0.5233333333333333, "489": 0.5016666666666667, "49J": 0.542, "249": 0.508, "499": 0.628, "449": 0.6213333333333333, "469": 0.52, "459": 0.506, "49A": 0.7676666666666667, "379": 0.5413333333333333, "789": 0.481, "79J": 0.7046666666666667, "279": 0.5483333333333333, "799": 0.748, "779": 0.6206666666666667, "679": 0.6626666666666666, "579": 0.5193333333333333, "79A": 0.8373333333333334, "389": 0.5216666666666666, "39J": 0.578, "339": 0.6256666666666667, "239": 0.511, "399": 0.6446666666666667, "369": 0.519, "359": 0.5006666666666667, "39A": 0.8656666666666667, "89J": 0.5796666666666667, "289": 0.525, "899": 0.6386666666666667, "689": 0.5076666666666667, "589": 0.49566666666666664, "89A": 0.8353333333333334, "889": 0.5703333333333334, "29J": 0.561, "99J": 0.7453333333333333, "9JJ": 0.6323333333333333, "69J": 0.7176666666666667, "59J": 0.5456666666666666, "9AJ": 0.8533333333333334, "299": 0.642, "269": 0.5406666666666666, "229": 0.597, "259": 0.5063333333333333, "29A": 0.8803333333333333, "699": 0.74, "599": 0.6253333333333333, "999": 0.7316666666666667, "99A": 0.877, "569": 0.5266666666666666, "69A": 0.856, "669": 0.634, "59A": 0.8636666666666667, "559": 0.622, "9AA": 0.9586666666666667, "347": 0.541, "478": 0.529, "47J": 0.717, "247": 0.5606666666666666, "477": 0.632, "447": 0.7296666666666667, "467": 0.675, "457": 0.5156666666666667, "47A": 0.8516666666666667, "348": 0.5263333333333333, "34J": 0.5496666666666666, "334": 0.6276666666666667, "234": 0.499, "344": 0.6263333333333333, "346": 0.5103333333333333, "345": 0.48333333333333334, "34A": 0.8643333333333333, "48J": 0.549, "248": 0.534, "448": 0.625, "468": 0.526, "458": 0.49366666666666664, "48A": 0.858, "488": 0.619, "24J": 0.5746666666666667, "4JJ": 0.627, "44J": 0.7513333333333333, "46J": 0.7163333333333334, "45J": 0.549, "4AJ": 0.879, "244": 0.6483333333333333, "246": 0.5303333333333333, "224": 0.5856666666666667, "245": 0.488, "24A": 0.8626666666666667, "446": 0.7256666666666667, "444": 0.7433333333333333, "445": 0.612, "44A": 0.865, "456": 0.49333333333333335, "46A": 0.85, "466": 0.62, "45A": 0.834, "455": 0.6066666666666667, "4AA": 0.9566666666666667, "378": 0.5463333333333333, "37J": 0.722, "337": 0.737, "237": 0.5433333333333333, "377": 0.6126666666666667, "367": 0.6756666666666666, "357": 0.5093333333333333, "37A": 0.89, "78J": 0.696, "278": 0.542, "778": 0.6066666666666667, "678": 0.655, "578": 0.5043333333333333, "78A": 0.853, "788": 0.6273333333333333, "27J": 0.718, "7JJ": 0.7573333333333333, "77J": 0.7496666666666667, "67J": 0.9796666666666667, "57J": 0.709, "7AJ": 0.926, "277": 0.634, "267": 0.678, "227": 0.628, "257": 0.5316666666666666, "27A": 0.9123333333333333,