{"2AQ": 0.8683333333333333, "3AQ": 0.8516666666666667, "7AQ": 0.857, "AKQ": 0.8323333333333334, "6AQ": 0.935, "AAQ": 0.952, "4AQ": 0.8603333333333333, "5AQ": 0.867, "AJQ": 0.8173333333333334, "9AQ": 0.856, "AQT": 0.8103333333333333, "AQQ": 0.852, "8AQ": 0.851, "23Q": 0.5203333333333333, "27Q": 0.507, "2KQ": 0.65, "26Q": 0.7103333333333334, "24Q": 0.6553333333333333, "25Q": 0.495, "22Q": 0.5843333333333334, "2JQ": 0.501, "29Q": 0.49766666666666665, "2QT": 0.506, "2QQ": 0.591, "28Q": 0.49933333333333335, "37Q": 0.48633333333333334, "3KQ": 0.5006666666666667, "36Q": 0.6943333333333334, "34Q": 0.52, "35Q": 0.49166666666666664, "3JQ": 0.468, "39Q": 0.4706666666666667, "33Q": 0.5626666666666666, "3QT": 0.4513333333333333, "3QQ": 0.5763333333333334, "38Q": 0.474, "7KQ": 0.5106666666666667, "67Q": 0.5996666666666667, "47Q": 0.5256666666666666, "57Q": 0.49133333333333334, "7JQ": 0.4766666666666667, "79Q": 0.45666666666666667, "77Q": 0.5676666666666667, "7QT": 0.4816666666666667, "7QQ": 0.5686666666666667, "78Q": 0.4836666666666667, "6KQ": 0.6646666666666666, "4KQ": 0.6546666666666666, "5KQ": 0.5053333333333333, "JKQ": 0.5486666666666666, "9KQ": 0.492, "KKQ": 0.5923333333333334, "KQT": 0.546, "KQQ": 0.582, "8KQ": 0.5, "46Q": 0.7, "56Q": 0.6886666666666666, "6JQ": 0.645, "69Q": 0.6046666666666667, "6QT": 0.656, "6QQ": 0.751, "68Q": 0.6423333333333333, "66Q": 0.957, "45Q": 0.531, "4JQ": 0.492, "49Q": 0.494, "4QT": 0.48733333333333334, "4QQ": 0.5923333333333334, "48Q": 0.5103333333333333, "44Q": 0.574, "5JQ": 0.49366666666666664, "59Q": 0.475, "5QT": 0.49233333333333335, "55Q": 0.5883333333333334, "5QQ": 0.5736666666666667, "58Q": 0.49633333333333335, "9JQ": 0.417, "JJQ": 0.5593333333333333, "JQT": 0.5086666666666667, "JQQ": 0.5726666666666667, "8JQ": 0.455, "9QT": 0.43133333333333335, "99Q": 0.5736666666666667, "9QQ": 0.5713333333333334, "89Q": 0.4513333333333333, "QQT": 0.5726666666666667, "8QT": 0.45366666666666666, "QTT": 0.5646666666666667, "8QQ": 0.5733333333333334, "QQQ": 0.6733333333333333, "88Q": 0.58, "23A": 0.8653333333333333, "27A": 0.8646666666666667, "2AK": 0.861, "26A": 0.9396666666666667, "2AA": 0.9556666666666667, "24A": 0.8673333333333333, "25A": 0.8603333333333333, "22A": 0.8553333333333333, "2AJ": 0.856, "29A": 0.8596666666666667, "2AT": 0.863, "28A": 0.8673333333333333, "37A": 0.8683333333333333, "3AK": 0.8636666666666667, "36A": 0.9333333333333333, "3AA": 0.9343333333333333, "34A": 0.851, "35A": 0.858, "3AJ": 0.866, "39A": 0.8773333333333333, "33A": 0.869, "3AT": 0.8253333333333334, "38A": 0.86, "7AK": 0.857, "67A": 0.8803333333333333, "7AA": 0.9593333333333334, "47A": 0.8636666666666667, "57A": 0.845, "7AJ": 0.8533333333333334, "79A": 0.829, "77A": 0.854, "7AT": 0.853, "78A": 0.8406666666666667, "6AK": 0.9326666666666666, "AAK": 0.9486666666666667, "4AK": 0.8656666666666667, "5AK": 0.8633333333333333, "AJK": 0.816, "9AK": 0.867, "AKK": 0.8473333333333334, "AKT": 0.816, "8AK": 0.8626666666666667, "6AA": 0.995, "46A": 0.9206666666666666, "56A": 0.9056666666666666, "6AJ": 0.9193333333333333, "69A": 0.91, "6AT": 0.9186666666666666, "68A": 0.9063333333333333, "66A": 0.9903333333333333, "4AA": 0.9566666666666667, "5AA": 0.958, "AAJ": 0.9466666666666667, "9AA": 0.9576666666666667, "AAT": 0.9216666666666666, "8AA": 0.9513333333333334, "AAA": 1.0, "45A": 0.847, "4AJ": 0.8676666666666667, "49A": 0.8726666666666667, "4AT": 0.8473333333333334, "48A": 0.861, "44A": 0.862, "5AJ": 0.876, "59A": 0.8653333333333333, "5AT": 0.8546666666666667, "55A": 0.851, "58A": 0.886, "9AJ": 0.8363333333333334, "AJJ": 0.8336666666666667, "AJT": 0.8103333333333333, "8AJ": 0.888, "9AT": 0.8396666666666667, "99A": 0.8493333333333334, "89A": 0.8436666666666667, "8AT": 0.841, "ATT": 0.8443333333333334, "88A": 0.8473333333333334, "237": 0.492, "23K": 0.5163333333333333, "236": 0.7276666666666667, "234": 0.5593333333333333, "235": 0.5373333333333333, "223": 0.5693333333333334, "23J": 0.5043333333333333, "239": 0.5013333333333333, "233": 0.5523333333333333, "23T": 0.4856666666666667, "238": 0.488, "27K": 0.5066666666666667, "267": 0.6686666666666666, "247": 0.5116666666666667, "257": 0.5, "227": 0.568, "27J": 0.487, "279": 0.4613333333333333, "277": 0.5933333333333334, "27T": 0.47533333333333333, "278": 0.48033333333333333, "26K": 0.731, "24K": 0.658, "25K": 0.5093333333333333, "22K": 0.5743333333333334, "2JK": 0.48333333333333334, "29K": 0.4886666666666667, "2KK": 0.596, "2KT": 0.507, "28K": 0.5113333333333333, "246": 0.7226666666666667, "256": 0.7106666666666667, "226": 0.7376666666666667, "26J": 0.7003333333333334, "269": 0.6733333333333333, "26T": 0.7116666666666667, "268": 0.706, "266": 0.96, "245": 0.5746666666666667, "224": 0.5573333333333333, "24J": 0.48333333333333334, "249": 0.493, "24T": 0.5083333333333333, "248": 0.5263333333333333, "244": 0.5843333333333334, "225": 0.558, "25J": 0.505, "259": 0.482, "25T": 0.47333333333333333, "255": 0.58, "258": 0.5166666666666667, "22J": 0.5683333333333334, "229": 0.5683333333333334, "22T": 0.549, "228": 0.5736666666666667, "222": 0.6706666666666666, "29J": 0.461, "2JJ": 0.5613333333333334, "2JT": 0.4646666666666667, "28J": 0.47533333333333333, "29T": 0.47333333333333333, "299": 0.584, "289": 0.4716666666666667, "28T": 0.4746666666666667, "2TT": 0.5843333333333334, "288": 0.5773333333333334, "37K": 0.5113333333333333, "367": 0.6263333333333333, "347": 0.555, "357": 0.562, "37J": 0.465, "379": 0.4593333333333333, "377": 0.5833333333333334, "337": 0.5683333333333334, "37T": 0.469, "378": 0.48433333333333334, "36K": 0.6976666666666667, "34K": 0.52, "35K": 0.48433333333333334, "3JK": 0.4846666666666667, "39K": 0.482, "33K": 0.573, "3KK": 0.5513333333333333, "3KT": 0.455, "38K": 0.474, "346": 0.6773333333333333, "356": 0.6686666666666666, "36J": 0.7013333333333334, "369": 0.65, "336": 0.7353333333333333, "36T": 0.6576666666666666, "368": 0.6683333333333333, "366": 0.9336666666666666, "345": 0.6193333333333333, "34J": 0.5163333333333333, "349": 0.507, "334": 0.5673333333333334, "34T": 0.4826666666666667, "348": 0.49766666666666665, "344": 0.5606666666666666, "35J": 0.508, "359": 0.48833333333333334, "335": 0.558, "35T": 0.4746666666666667, "355": 0.5836666666666667, "358": 0.5023333333333333, "39J": 0.4716666666666667, "3JJ": 0.5523333333333333, "33J": 0.583, "3JT": 0.44633333333333336, "38J": 0.459, "339": 0.559, "39T": 0.4523333333333333, "399": 0.5576666666666666, "389": 0.48033333333333333, "33T": 0.542, "338": 0.5616666666666666, "333": 0.6773333333333333, "38T": 0.4663333333333333, "3TT": 0.5563333333333333, "388": 0.559, "67K": 0.6083333333333333, "47K": 0.5213333333333333, "57K": 0.5046666666666667, "7JK": 0.48333333333333334, "79K": 0.46166666666666667, "77K": 0.5663333333333334, "7KK": 0.5863333333333334, "7KT": 0.4766666666666667, "78K": 0.483, "467": 0.6013333333333334, "567": 0.589, "67J": 0.6086666666666667, "679": 0.509, "677": 0.691, "67T": 0.5896666666666667, "678": 0.553, "667": 0.9043333333333333, "457": 0.6136666666666667, "47J": 0.492, "479": 0.4736666666666667, "477": 0.5836666666666667, "47T": 0.476, "478": 0.5593333333333333, "447": 0.5716666666666667, "57J": 0.508, "579": 0.532, "577": 0.5963333333333334, "57T": 0.477, "557": 0.559, "578": 0.6023333333333334, "79J": 0.4226666666666667, "7JJ": 0.567, "77J": 0.5683333333333334, "7JT": 0.46, "78J": 0.481, "779": 0.551, "79T": 0.473, "799": 0.5523333333333333, "789": 0.56, "777": 0.672, "77T": 0.555, "778": 0.568, "78T": 0.514, "7TT": 0.5453333333333333, "788": 0.5756666666666667, "46K": 0.6983333333333334, "56K": 0.7003333333333334, "6JK": 0.665, "69K": 0.6343333333333333, "6KK": 0.7633333333333333, "6KT": 0.6533333333333333, "68K": 0.6553333333333333, "66K": 0.9606666666666667, "45K": 0.49266666666666664, "4JK": 0.48333333333333334, "49K": 0.5013333333333333, "4KK": 0.6073333333333333, "4KT": 0.491, "48K": 0.5096666666666667, "44K": 0.5663333333333334, "5JK": 0.5036666666666667, "59K": 0.484, "5KK": 0.5776666666666667, "5KT": 0.4836666666666667, "55K": 0.573,