{"7AQ": 0.743, "AKQ": 0.8126666666666666, "AQQ": 0.687, "AJQ": 0.9776666666666667, "9AQ": 0.6386666666666667, "3AQ": 0.6166666666666667, "5AQ": 0.5823333333333334, "2AQ": 0.742, "6AQ": 0.6266666666666667, "AQT": 0.783, "4AQ": 0.6126666666666667, "8AQ": 0.6223333333333333, "AAQ": 0.6923333333333334, "7AK": 0.8906666666666667, "77A": 0.7216666666666667, "7AJ": 0.9763333333333334, "79A": 0.6923333333333334, "37A": 0.6986666666666667, "57A": 0.6856666666666666, "27A": 0.97, "67A": 0.6843333333333333, "7AT": 0.86, "47A": 0.686, "78A": 0.6916666666666667, "7AA": 0.758, "AJK": 0.8923333333333333, "9AK": 0.822, "3AK": 0.8473333333333334, "AKK": 0.9656666666666667, "5AK": 0.809, "2AK": 0.867, "6AK": 0.8323333333333334, "AKT": 0.894, "4AK": 0.8353333333333334, "8AK": 0.8246666666666667, "AAK": 0.887, "9AJ": 0.7613333333333333, "3AJ": 0.7433333333333333, "5AJ": 0.7433333333333333, "2AJ": 0.975, "6AJ": 0.7506666666666667, "AJT": 0.8396666666666667, "4AJ": 0.736, "8AJ": 0.768, "AJJ": 0.77, "AAJ": 0.8036666666666666, "39A": 0.5593333333333333, "99A": 0.6326666666666667, "59A": 0.5353333333333333, "29A": 0.706, "69A": 0.513, "9AT": 0.754, "49A": 0.5283333333333333, "89A": 0.5463333333333333, "9AA": 0.6573333333333333, "35A": 0.532, "23A": 0.69, "36A": 0.5213333333333333, "3AT": 0.805, "34A": 0.527, "38A": 0.5376666666666666, "33A": 0.603, "3AA": 0.625, "55A": 0.619, "25A": 0.6896666666666667, "56A": 0.51, "5AT": 0.8003333333333333, "45A": 0.5323333333333333, "58A": 0.5416666666666666, "5AA": 0.6533333333333333, "26A": 0.7016666666666667, "2AT": 0.8683333333333333, "24A": 0.6983333333333334, "22A": 0.724, "28A": 0.6906666666666667, "2AA": 0.7603333333333333, "6AT": 0.7923333333333333, "46A": 0.5043333333333333, "68A": 0.549, "66A": 0.608, "6AA": 0.65, "4AT": 0.7813333333333333, "ATT": 0.9673333333333334, "8AT": 0.7843333333333333, "AAT": 0.8476666666666667, "48A": 0.5416666666666666, "44A": 0.627, "4AA": 0.6783333333333333, "88A": 0.6203333333333333, "8AA": 0.6166666666666667, "AAA": 0.722, "7KQ": 0.8526666666666667, "7QQ": 0.5746666666666667, "77Q": 0.5753333333333334, "7JQ": 0.7396666666666667, "79Q": 0.5956666666666667, "37Q": 0.49966666666666665, "57Q": 0.4726666666666667, "27Q": 0.6676666666666666, "67Q": 0.475, "7QT": 0.7793333333333333, "47Q": 0.49833333333333335, "78Q": 0.48033333333333333, "KQQ": 0.8333333333333334, "JKQ": 0.8606666666666667, "9KQ": 0.8263333333333334, "3KQ": 0.8423333333333334, "KKQ": 0.95, "5KQ": 0.7233333333333334, "2KQ": 0.8433333333333334, "6KQ": 0.8386666666666667, "KQT": 0.8363333333333334, "4KQ": 0.839, "8KQ": 0.833, "JQQ": 0.6976666666666667, "9QQ": 0.6213333333333333, "3QQ": 0.549, "5QQ": 0.5483333333333333, "2QQ": 0.5803333333333334, "QQQ": 0.6563333333333333, "6QQ": 0.5603333333333333, "QQT": 0.82, "4QQ": 0.5546666666666666, "8QQ": 0.541, "9JQ": 0.9766666666666667, "3JQ": 0.6383333333333333, "5JQ": 0.619, "2JQ": 0.7576666666666667, "6JQ": 0.642, "JQT": 0.761, "4JQ": 0.644, "8JQ": 0.632, "JJQ": 0.6576666666666666, "39Q": 0.5526666666666666, "99Q": 0.589, "59Q": 0.5336666666666666, "29Q": 0.584, "69Q": 0.5473333333333333, "9QT": 0.7386666666666667, "49Q": 0.5333333333333333, "89Q": 0.5436666666666666, "35Q": 0.44333333333333336, "23Q": 0.5076666666666667, "36Q": 0.467, "3QT": 0.7763333333333333, "34Q": 0.4723333333333333, "38Q": 0.46066666666666667, "33Q": 0.5253333333333333, "55Q": 0.5176666666666667, "25Q": 0.4673333333333333, "56Q": 0.42433333333333334, "5QT": 0.7526666666666667, "45Q": 0.4563333333333333, "58Q": 0.455, "26Q": 0.5023333333333333, "2QT": 0.794, "24Q": 0.503, "22Q": 0.5523333333333333, "28Q": 0.5156666666666667, "6QT": 0.7506666666666667, "46Q": 0.45166666666666666, "68Q": 0.4673333333333333, "66Q": 0.5323333333333333, "4QT": 0.7616666666666667, "QTT": 0.9246666666666666, "8QT": 0.7546666666666667, "48Q": 0.44566666666666666, "44Q": 0.5566666666666666, "88Q": 0.529, "77K": 0.864, "7JK": 0.9103333333333333, "79K": 0.8563333333333333, "37K": 0.8626666666666667, "7KK": 0.9643333333333334, "57K": 0.8296666666666667, "27K": 0.9153333333333333, "67K": 0.8366666666666667, "7KT": 0.9206666666666666, "47K": 0.8603333333333333, "78K": 0.8516666666666667, "77J": 0.705, "779": 0.5633333333333334, "377": 0.5326666666666666, "577": 0.5303333333333333, "277": 0.6816666666666666, "677": 0.536, "77T": 0.8196666666666667, "477": 0.5446666666666666, "777": 0.6403333333333333, "778": 0.5303333333333333, "79J": 0.7496666666666667, "37J": 0.6546666666666666, "57J": 0.6786666666666666, "27J": 0.959, "67J": 0.665, "7JT": 0.825, "47J": 0.681, "78J": 0.683, "7JJ": 0.6993333333333334, "379": 0.5066666666666667, "799": 0.5736666666666667, "579": 0.4683333333333333, "279": 0.6706666666666666, "679": 0.5253333333333333, "79T": 0.7313333333333333, "479": 0.47633333333333333, "789": 0.5993333333333334, "357": 0.446, "237": 0.6536666666666666, "367": 0.443, "37T": 0.8146666666666667, "347": 0.459, "378": 0.466, "337": 0.5586666666666666, "557": 0.531, "257": 0.665, "567": 0.409, "57T": 0.8166666666666667, "457": 0.43233333333333335, "578": 0.44, "267": 0.6646666666666666, "27T": 0.8813333333333333, "247": 0.6526666666666666, "227": 0.69, "278": 0.6393333333333333, "67T": 0.7483333333333333, "467": 0.41833333333333333, "678": 0.5083333333333333, "667": 0.5223333333333333, "47T": 0.7873333333333333, "7TT": 0.949, "78T": 0.7593333333333333, "478": 0.4633333333333333, "447": 0.531, "788": 0.5393333333333333, "9JK": 0.866, "3JK": 0.879, "JKK": 0.9713333333333334, "5JK": 0.8476666666666667, "2JK": 0.9133333333333333, "6JK": 0.8813333333333333, "JKT": 0.855, "4JK": 0.866, "8JK": 0.8476666666666667, "JJK": 0.8423333333333334, "39K": 0.8696666666666667, "99K": 0.8223333333333334, "9KK": 0.97, "59K": 0.845, "29K": 0.8763333333333333, "69K": 0.8246666666666667, "9KT": 0.843, "49K": 0.84, "89K": 0.8486666666666667, "3KK": 0.941, "35K": 0.8203333333333334, "23K": 0.8833333333333333, "36K": 0.845, "3KT": 0.927, "34K": 0.8606666666666667, "38K": 0.839, "33K": 0.8276666666666667, "5KK": 0.938, "2KK": 0.9713333333333334, "6KK": 0.964, "KKT": 0.9963333333333333, "4KK": 0.9696666666666667, "8KK": 0.9456666666666667, "KKK": 1.0, "55K": 0.84, "25K": 0.8276666666666667, "56K": 0.7933333333333333, "5KT": 0.905, "45K": 0.8223333333333334, "58K": 0.8293333333333334, "26K": 0.8646666666666667, "2KT": 0.937, "24K": 0.87, "22K": 0.8556666666666667, "28K": 0.876, "6KT": 0.9, "46K": 0.8013333333333333, "68K": 0.8476666666666667, "66K": 0.8556666666666667, "4KT": 0.9016666666666666, "KTT": 0.993, "8KT": 0.9036666666666666, "48K": 0.8593333333333333, "44K": 0.861, "88K": 0.8316666666666667, "39J": 0.5913333333333334, "99J": 0.632, "59J": 0.583, "29J": 0.7096666666666667, "69J": 0.5566666666666666, "9JT": 0.7453333333333333, "49J": 0.559, "89J": 0.618, "9JJ": 0.6316666666666667, "35J": 0.49133333333333334, "23J": 0.6693333333333333, "36J": 0.4706666666666667, "3JT": 0.7853333333333333, "34J": 0.499, "38J": 0.4716666666666667, "3JJ": 0.598, "33J": 0.5603333333333333, "55J": 0.5816666666666667, "25J": 0.6596666666666666, "56J": 0.49333333333333335, "5JT": 0.77, "45J": 0.5046666666666667, "58J": 0.5016666666666667, "5JJ": 0.5676666666666667, "26J": 0.6723333333333333, "2JT": 0.8546666666666667, "24J": 0.6586666666666666, "22J": 0.6946666666666667, "28J": 0.6513333333333333, "2JJ": 0.7046666666666667, "6JT": 0.757, "46J": 0.4726666666666667, "68J": 0.49466666666666664, "66J": 0.5666666666666667, "6JJ": 0.5936666666666667, "4JT": 0.7643333333333333, "JTT": 0.9413333333333334, "8JT": 0.725, "JJT": 0.8276666666666667, "48J": 0.505, "44J": 0.5606666666666666, "4JJ": 0.589, "8JJ": 0.5813333333333334, "88J": 0.552, "JJJ": 0.659, "399": 0.5373333333333333, "359": 0.43133333333333335, "239": 0.49433333333333335, "369": 0.44233333333333336, "39T": 0.776, "349": 0.44733333333333336, "389": 0.44033333333333335, "339": 0.5323333333333333, "599": 0.5173333333333333, "299": 0.5543333333333333, "699": 0.508, "99T": 0.778, "499": 0.5146666666666667, "899": 0.5326666666666666,