{"7KT": 0.245, "KKT": 0.28633333333333333, "4KT": 0.223, "5KT": 0.214, "9KT": 0.2786666666666667, "JKT": 0.238, "KTT": 0.2906666666666667, "2KT": 0.5526666666666666, "AKT": 0.265, "KQT": 0.24733333333333332, "8KT": 0.5793333333333334, "3KT": 0.225, "6KT": 0.248, "47T": 0.21566666666666667, "57T": 0.21166666666666667, "79T": 0.4066666666666667, "7JT": 0.30233333333333334, "7TT": 0.2843333333333333, "27T": 0.56, "7AT": 0.252, "7QT": 0.22533333333333333, "77T": 0.25, "78T": 0.5793333333333334, "37T": 0.21233333333333335, "67T": 0.305, "44T": 0.23133333333333334, "45T": 0.22433333333333333, "49T": 0.24233333333333335, "4JT": 0.22066666666666668, "4TT": 0.24166666666666667, "24T": 0.572, "4AT": 0.22266666666666668, "4QT": 0.21033333333333334, "48T": 0.6226666666666667, "34T": 0.206, "46T": 0.21166666666666667, "55T": 0.22433333333333333, "59T": 0.24333333333333335, "5JT": 0.222, "5TT": 0.2633333333333333, "25T": 0.5623333333333334, "5AT": 0.21633333333333332, "5QT": 0.22066666666666668, "58T": 0.617, "35T": 0.21933333333333332, "56T": 0.20633333333333334, "9JT": 0.355, "99T": 0.29233333333333333, "9TT": 0.30833333333333335, "29T": 0.563, "9AT": 0.2783333333333333, "9QT": 0.31666666666666665, "89T": 0.48, "39T": 0.24133333333333334, "69T": 0.3403333333333333, "JJT": 0.2703333333333333, "JTT": 0.2703333333333333, "2JT": 0.5436666666666666, "AJT": 0.244, "JQT": 0.2896666666666667, "8JT": 0.43666666666666665, "3JT": 0.22433333333333333, "6JT": 0.222, "2TT": 0.611, "TTT": 0.32133333333333336, "ATT": 0.2836666666666667, "QTT": 0.26466666666666666, "8TT": 0.638, "3TT": 0.24966666666666668, "6TT": 0.25933333333333336, "2AT": 0.5556666666666666, "2QT": 0.5363333333333333, "28T": 0.8383333333333334, "22T": 0.927, "23T": 0.5676666666666667, "26T": 0.5486666666666666, "AQT": 0.249, "8AT": 0.593, "3AT": 0.218, "AAT": 0.2926666666666667, "6AT": 0.246, "QQT": 0.2713333333333333, "8QT": 0.549, "3QT": 0.21, "6QT": 0.22333333333333333, "38T": 0.6446666666666667, "68T": 0.5903333333333334, "88T": 0.8836666666666667, "36T": 0.193, "33T": 0.213, "66T": 0.23366666666666666, "7KK": 0.26066666666666666, "47K": 0.21333333333333335, "57K": 0.23566666666666666, "79K": 0.3963333333333333, "7JK": 0.23133333333333334, "27K": 0.571, "7AK": 0.371, "7KQ": 0.24, "77K": 0.25133333333333335, "78K": 0.6763333333333333, "37K": 0.20266666666666666, "67K": 0.373, "4KK": 0.26466666666666666, "5KK": 0.276, "9KK": 0.27666666666666667, "JKK": 0.2753333333333333, "2KK": 0.617, "KKK": 0.30633333333333335, "AKK": 0.28833333333333333, "KKQ": 0.273, "8KK": 0.686, "3KK": 0.264, "6KK": 0.264, "44K": 0.22766666666666666, "45K": 0.22933333333333333, "49K": 0.222, "4JK": 0.215, "24K": 0.558, "4AK": 0.248, "4KQ": 0.19866666666666666, "48K": 0.6813333333333333, "34K": 0.217, "46K": 0.216, "55K": 0.26033333333333336, "59K": 0.24733333333333332, "5JK": 0.207, "25K": 0.5603333333333333, "5AK": 0.23333333333333334, "5KQ": 0.21966666666666668, "58K": 0.6593333333333333, "35K": 0.20533333333333334, "56K": 0.22333333333333333, "9JK": 0.27266666666666667, "99K": 0.28933333333333333, "29K": 0.5873333333333334, "9AK": 0.39866666666666667, "9KQ": 0.27366666666666667, "89K": 0.5863333333333334, "39K": 0.24333333333333335, "69K": 0.4046666666666667, "JJK": 0.2623333333333333, "2JK": 0.5686666666666667, "AJK": 0.262, "JKQ": 0.23166666666666666, "8JK": 0.5986666666666667, "3JK": 0.2, "6JK": 0.22933333333333333, "2AK": 0.5553333333333333, "2KQ": 0.539, "28K": 0.8906666666666667, "22K": 0.9496666666666667, "23K": 0.5633333333333334, "26K": 0.5573333333333333, "AKQ": 0.26, "8AK": 0.64, "3AK": 0.249, "AAK": 0.303, "6AK": 0.37866666666666665, "KQQ": 0.272, "8KQ": 0.6203333333333333, "3KQ": 0.21733333333333332, "6KQ": 0.24433333333333335, "38K": 0.6816666666666666, "68K": 0.675, "88K": 0.923, "36K": 0.21266666666666667, "33K": 0.23, "66K": 0.23933333333333334, "447": 0.20766666666666667, "457": 0.30533333333333335, "479": 0.23866666666666667, "47J": 0.196, "247": 0.5683333333333334, "47A": 0.22766666666666666, "47Q": 0.19266666666666668, "477": 0.23333333333333334, "478": 0.672, "347": 0.203, "467": 0.295, "557": 0.24633333333333332, "579": 0.30566666666666664, "57J": 0.21533333333333332, "257": 0.5486666666666666, "57A": 0.231, "57Q": 0.198, "577": 0.24166666666666667, "578": 0.618, "357": 0.20533333333333334, "567": 0.37933333333333336, "79J": 0.333, "799": 0.2826666666666667, "279": 0.563, "79A": 0.37933333333333336, "79Q": 0.2613333333333333, "779": 0.26366666666666666, "789": 0.5506666666666666, "379": 0.24566666666666667, "679": 0.462, "7JJ": 0.2613333333333333, "27J": 0.557, "7AJ": 0.24233333333333335, "7JQ": 0.222, "77J": 0.23933333333333334, "78J": 0.591, "37J": 0.18933333333333333, "67J": 0.23733333333333334, "27A": 0.5766666666666667, "27Q": 0.5586666666666666, "277": 0.6033333333333334, "278": 0.876, "227": 0.9423333333333334, "237": 0.5573333333333333, "267": 0.559, "7AQ": 0.22566666666666665, "77A": 0.24, "78A": 0.6543333333333333, "37A": 0.21633333333333332, "7AA": 0.25666666666666665, "67A": 0.35933333333333334, "77Q": 0.23166666666666666, "7QQ": 0.24266666666666667, "78Q": 0.6503333333333333, "37Q": 0.18033333333333335, "67Q": 0.23066666666666666, "778": 0.6636666666666666, "377": 0.219, "777": 0.25766666666666665, "677": 0.24833333333333332, "378": 0.7096666666666667, "678": 0.5853333333333334, "788": 0.906, "367": 0.207, "337": 0.21033333333333334, "667": 0.23733333333333334, "445": 0.23333333333333334, "449": 0.22266666666666668, "44J": 0.214, "244": 0.5686666666666667, "44A": 0.21466666666666667, "44Q": 0.20833333333333334, "448": 0.6833333333333333, "444": 0.25933333333333336, "344": 0.23266666666666666, "446": 0.222, "455": 0.22066666666666668, "459": 0.233, "45J": 0.20933333333333334, "245": 0.525, "45A": 0.219, "45Q": 0.21433333333333332, "458": 0.6783333333333333, "345": 0.39966666666666667, "456": 0.356, "49J": 0.222, "499": 0.2683333333333333, "249": 0.555, "49A": 0.23266666666666666, "49Q": 0.21466666666666667, "489": 0.6436666666666667, "349": 0.21433333333333332, "469": 0.23633333333333334, "4JJ": 0.2753333333333333, "24J": 0.5553333333333333, "4AJ": 0.21566666666666667, "4JQ": 0.22266666666666668, "48J": 0.6363333333333333, "34J": 0.21366666666666667, "46J": 0.19433333333333333, "24A": 0.567, "24Q": 0.547, "248": 0.876, "224": 0.9303333333333333, "234": 0.5243333333333333, "246": 0.5236666666666666, "4AQ": 0.21066666666666667, "48A": 0.6843333333333333, "34A": 0.21766666666666667, "4AA": 0.25866666666666666, "46A": 0.222, "4QQ": 0.261, "48Q": 0.6766666666666666, "34Q": 0.21033333333333334, "46Q": 0.205, "348": 0.723, "468": 0.6693333333333333, "488": 0.937, "346": 0.26566666666666666, "334": 0.22833333333333333, "466": 0.20966666666666667, "559": 0.249, "55J": 0.229, "555": 0.2663333333333333, "255": 0.594, "55A": 0.24733333333333332, "55Q": 0.227, "558": 0.6813333333333333, "355": 0.221, "556": 0.23733333333333334, "59J": 0.24366666666666667, "599": 0.2763333333333333, "259": 0.571, "59A": 0.246, "59Q": 0.22833333333333333, "589": 0.6126666666666667, "359": 0.21933333333333332, "569": 0.30533333333333335, "5JJ": 0.269, "25J": 0.563, "5AJ": 0.215, "5JQ": 0.22433333333333333, "58J": 0.63, "35J": 0.222, "56J": 0.20966666666666667, "25A": 0.549, "25Q": 0.548, "258": 0.867, "225": 0.9403333333333334, "235": 0.5186666666666667, "256": 0.522, "5AQ": 0.20266666666666666, "58A": 0.6603333333333333, "35A": 0.21, "5AA": 0.2783333333333333, "56A": 0.235, "5QQ": 0.26, "58Q": 0.6606666666666666, "35Q": 0.22433333333333333, "56Q": 0.21566666666666667, "358": 0.726, "568": 0.6286666666666667, "588": 0.9256666666666666, "356": 0.269, "335": 0.21, "566": 0.242, "99J": 0.2786666666666667, "9JJ": 0.2856666666666667, "29J": 0.569, "9AJ": 0.2703333333333333, "9JQ": 0.2896666666666667, "89J": 0.5246666666666666, "39J": 0.23866666666666667, "69J": 0.258, "299": 0.6073333333333333, "99A": 0.2956666666666667, "99Q": 0.2786666666666667, "899": 0.656, "399": 0.26366666666666666, "699": 0.2796666666666667, "999": 0.304,