{"AKQ": 0.42333333333333334, "4KQ": 0.45866666666666667, "JKQ": 0.395, "9KQ": 0.4103333333333333, "KQT": 0.37133333333333335, "3KQ": 0.44566666666666666, "5KQ": 0.44266666666666665, "6KQ": 0.454, "KKQ": 0.4646666666666667, "7KQ": 0.4676666666666667, "2KQ": 0.9503333333333334, "8KQ": 0.46066666666666667, "KQQ": 0.44233333333333336, "4AK": 0.45766666666666667, "AJK": 0.4126666666666667, "9AK": 0.4643333333333333, "AKT": 0.391, "3AK": 0.434, "5AK": 0.46366666666666667, "6AK": 0.43733333333333335, "AKK": 0.464, "7AK": 0.45966666666666667, "2AK": 0.9493333333333334, "8AK": 0.46, "AAK": 0.467, "4JK": 0.44633333333333336, "49K": 0.465, "4KT": 0.42533333333333334, "34K": 0.43066666666666664, "45K": 0.46366666666666667, "46K": 0.424, "4KK": 0.455, "47K": 0.4646666666666667, "24K": 0.9346666666666666, "44K": 0.45866666666666667, "48K": 0.466, "9JK": 0.431, "JKT": 0.38533333333333336, "JJK": 0.448, "3JK": 0.452, "5JK": 0.45166666666666666, "6JK": 0.44766666666666666, "JKK": 0.45366666666666666, "7JK": 0.45166666666666666, "2JK": 0.9463333333333334, "8JK": 0.43333333333333335, "9KT": 0.4116666666666667, "39K": 0.46166666666666667, "59K": 0.44466666666666665, "69K": 0.435, "9KK": 0.454, "79K": 0.441, "99K": 0.4646666666666667, "29K": 0.9613333333333334, "89K": 0.45266666666666666, "3KT": 0.443, "5KT": 0.44633333333333336, "6KT": 0.412, "KKT": 0.4236666666666667, "7KT": 0.42866666666666664, "2KT": 0.9263333333333333, "KTT": 0.44433333333333336, "8KT": 0.43666666666666665, "35K": 0.475, "36K": 0.444, "3KK": 0.455, "37K": 0.47333333333333333, "23K": 0.9363333333333334, "38K": 0.47, "33K": 0.485, "56K": 0.44133333333333336, "5KK": 0.4573333333333333, "57K": 0.4503333333333333, "25K": 0.9526666666666667, "55K": 0.4666666666666667, "58K": 0.4653333333333333, "66K": 0.4826666666666667, "6KK": 0.443, "67K": 0.43566666666666665, "26K": 0.9343333333333333, "68K": 0.46066666666666667, "7KK": 0.45666666666666667, "2KK": 0.9496666666666667, "8KK": 0.46366666666666667, "KKK": 0.5933333333333334, "27K": 0.9556666666666667, "77K": 0.466, "78K": 0.4866666666666667, "28K": 0.9496666666666667, "22K": 0.9996666666666667, "88K": 0.4716666666666667, "4AQ": 0.444, "AJQ": 0.423, "9AQ": 0.45, "AQT": 0.40166666666666667, "3AQ": 0.45066666666666666, "5AQ": 0.4266666666666667, "6AQ": 0.455, "7AQ": 0.44633333333333336, "2AQ": 0.936, "8AQ": 0.44233333333333336, "AQQ": 0.453, "AAQ": 0.444, "4JQ": 0.4513333333333333, "49Q": 0.42966666666666664, "4QT": 0.41833333333333333, "34Q": 0.4493333333333333, "45Q": 0.43866666666666665, "46Q": 0.4236666666666667, "47Q": 0.45066666666666666, "24Q": 0.944, "44Q": 0.45766666666666667, "48Q": 0.446, "4QQ": 0.458, "9JQ": 0.369, "JQT": 0.359, "JJQ": 0.452, "3JQ": 0.4483333333333333, "5JQ": 0.41333333333333333, "6JQ": 0.44166666666666665, "7JQ": 0.43466666666666665, "2JQ": 0.935, "8JQ": 0.4246666666666667, "JQQ": 0.436, "9QT": 0.36466666666666664, "39Q": 0.42833333333333334, "59Q": 0.3526666666666667, "69Q": 0.416, "79Q": 0.42433333333333334, "99Q": 0.437, "29Q": 0.924, "89Q": 0.4043333333333333, "9QQ": 0.4206666666666667, "3QT": 0.42233333333333334, "5QT": 0.439, "6QT": 0.4056666666666667, "7QT": 0.43933333333333335, "2QT": 0.9153333333333333, "QTT": 0.41833333333333333, "8QT": 0.41, "QQT": 0.45766666666666667, "35Q": 0.4643333333333333, "36Q": 0.41733333333333333, "37Q": 0.45966666666666667, "23Q": 0.9346666666666666, "38Q": 0.4756666666666667, "3QQ": 0.44733333333333336, "33Q": 0.4726666666666667, "56Q": 0.43766666666666665, "57Q": 0.43166666666666664, "25Q": 0.9333333333333333, "55Q": 0.441, "58Q": 0.41533333333333333, "5QQ": 0.44733333333333336, "66Q": 0.4643333333333333, "67Q": 0.4246666666666667, "26Q": 0.9306666666666666, "68Q": 0.421, "6QQ": 0.4686666666666667, "27Q": 0.964, "77Q": 0.4563333333333333, "78Q": 0.439, "7QQ": 0.4653333333333333, "28Q": 0.9596666666666667, "2QQ": 0.9433333333333334, "22Q": 0.9993333333333333, "88Q": 0.47333333333333333, "8QQ": 0.4663333333333333, "QQQ": 0.5786666666666667, "4AJ": 0.434, "49A": 0.45, "4AT": 0.35933333333333334, "34A": 0.349, "45A": 0.4503333333333333, "46A": 0.35433333333333333, "47A": 0.433, "24A": 0.822, "44A": 0.459, "48A": 0.44066666666666665, "4AA": 0.448, "9AJ": 0.45966666666666667, "AJT": 0.37733333333333335, "AJJ": 0.42766666666666664, "3AJ": 0.44066666666666665, "5AJ": 0.45766666666666667, "6AJ": 0.446, "7AJ": 0.466, "2AJ": 0.9366666666666666, "8AJ": 0.43966666666666665, "AAJ": 0.444, "9AT": 0.4156666666666667, "39A": 0.44233333333333336, "59A": 0.456, "69A": 0.44033333333333335, "79A": 0.44666666666666666, "99A": 0.4716666666666667, "29A": 0.9436666666666667, "89A": 0.43366666666666664, "9AA": 0.44066666666666665, "3AT": 0.3616666666666667, "5AT": 0.451, "6AT": 0.3396666666666667, "7AT": 0.4196666666666667, "2AT": 0.825, "ATT": 0.435, "8AT": 0.41, "AAT": 0.42633333333333334, "35A": 0.45166666666666666, "36A": 0.36766666666666664, "37A": 0.446, "23A": 0.829, "38A": 0.4543333333333333, "33A": 0.438, "3AA": 0.4656666666666667, "56A": 0.4186666666666667, "57A": 0.4523333333333333, "25A": 0.936, "55A": 0.45066666666666666, "58A": 0.435, "5AA": 0.458, "66A": 0.44, "67A": 0.4056666666666667, "26A": 0.8246666666666667, "68A": 0.423, "6AA": 0.427, "27A": 0.9416666666666667, "77A": 0.4553333333333333, "78A": 0.45366666666666666, "7AA": 0.454, "28A": 0.9496666666666667, "2AA": 0.9456666666666667, "22A": 1.0, "88A": 0.467, "8AA": 0.45666666666666667, "AAA": 0.578, "49J": 0.44666666666666666, "4JT": 0.4126666666666667, "4JJ": 0.454, "34J": 0.43433333333333335, "45J": 0.4643333333333333, "46J": 0.44266666666666665, "47J": 0.44966666666666666, "24J": 0.9423333333333334, "44J": 0.4776666666666667, "48J": 0.44466666666666665, "49T": 0.4206666666666667, "349": 0.45866666666666667, "459": 0.434, "469": 0.42233333333333334, "479": 0.43066666666666664, "499": 0.4683333333333333, "249": 0.9296666666666666, "449": 0.475, "489": 0.4216666666666667, "34T": 0.3556666666666667, "45T": 0.43533333333333335, "46T": 0.341, "47T": 0.41233333333333333, "24T": 0.8183333333333334, "44T": 0.43733333333333335, "4TT": 0.43633333333333335, "48T": 0.4026666666666667, "345": 0.446, "346": 0.37766666666666665, "347": 0.41233333333333333, "234": 0.765, "344": 0.435, "348": 0.43866666666666665, "334": 0.4483333333333333, "456": 0.41, "457": 0.38366666666666666, "245": 0.8823333333333333, "445": 0.4583333333333333, "455": 0.473, "458": 0.433, "466": 0.43533333333333335, "467": 0.37566666666666665, "246": 0.7653333333333333, "446": 0.42766666666666664, "468": 0.386, "247": 0.9306666666666666, "447": 0.44566666666666666, "477": 0.445, "478": 0.412, "244": 0.9446666666666667, "248": 0.9303333333333333, "224": 0.9996666666666667, "448": 0.44766666666666666, "444": 0.5976666666666667, "488": 0.462, "9JT": 0.36533333333333334, "9JJ": 0.436, "39J": 0.44966666666666666, "59J": 0.416, "69J": 0.44433333333333336, "79J": 0.4, "99J": 0.44066666666666665, "29J": 0.9356666666666666, "89J": 0.37766666666666665, "JJT": 0.4086666666666667, "3JT": 0.43966666666666665, "5JT": 0.42833333333333334, "6JT": 0.4266666666666667, "7JT": 0.4166666666666667, "2JT": 0.9143333333333333, "JTT": 0.423, "8JT": 0.383, "3JJ": 0.4483333333333333, "5JJ": 0.45466666666666666, "6JJ": 0.44366666666666665, "7JJ": 0.449, "2JJ": 0.949, "8JJ": 0.443, "JJJ": 0.585, "35J": 0.45666666666666667, "36J": 0.433, "37J": 0.45166666666666666, "23J": 0.9343333333333333, "38J": 0.453, "33J": 0.4786666666666667, "56J": 0.434, "57J": 0.44033333333333335, "25J": 0.9566666666666667, "55J": 0.466, "58J": 0.431, "66J": 0.45266666666666666, "67J": 0.43933333333333335, "26J": 0.9336666666666666, "68J": 0.44566666666666666, "27J": 0.962, "77J": 0.45366666666666666, "78J": 0.423, "28J": 0.9556666666666667, "22J": 0.9993333333333333, "88J": 0.4573333333333333, "39T": 0.4186666666666667, "59T": 0.4046666666666667, "69T": 0.38533333333333336, "79T": 0.37866666666666665, "99T": 0.43566666666666665, "29T": 0.913, "9TT": 0.42433333333333334, "89T": 0.346, "359": 0.44866666666666666, "369": 0.42866666666666664,