{"4QT": 0.24633333333333332, "JQT": 0.24166666666666667, "QQT": 0.24933333333333332, "8QT": 0.239, "KQT": 0.25033333333333335, "6QT": 0.23166666666666666, "AQT": 0.22166666666666668, "7QT": 0.6016666666666667, "9QT": 0.22966666666666666, "2QT": 0.22966666666666666, "QTT": 0.27266666666666667, "5QT": 0.6036666666666667, "3QT": 0.254, "4JT": 0.24166666666666667, "48T": 0.33666666666666667, "4KT": 0.242, "46T": 0.431, "4AT": 0.23233333333333334, "47T": 0.6296666666666667, "44T": 0.235, "49T": 0.23433333333333334, "24T": 0.217, "4TT": 0.26766666666666666, "45T": 0.6446666666666667, "34T": 0.3253333333333333, "8JT": 0.29, "JKT": 0.2613333333333333, "6JT": 0.25333333333333335, "AJT": 0.225, "7JT": 0.5513333333333333, "JJT": 0.245, "9JT": 0.2833333333333333, "2JT": 0.244, "JTT": 0.25833333333333336, "5JT": 0.592, "3JT": 0.244, "8KT": 0.23033333333333333, "68T": 0.4186666666666667, "8AT": 0.21733333333333332, "78T": 0.513, "89T": 0.36133333333333334, "28T": 0.22333333333333333, "8TT": 0.2723333333333333, "88T": 0.2786666666666667, "58T": 0.5806666666666667, "38T": 0.25466666666666665, "6KT": 0.24733333333333332, "AKT": 0.23166666666666666, "7KT": 0.6046666666666667, "9KT": 0.24466666666666667, "2KT": 0.23466666666666666, "KTT": 0.25933333333333336, "KKT": 0.25033333333333335, "5KT": 0.6026666666666667, "3KT": 0.233, "6AT": 0.23166666666666666, "67T": 0.6316666666666667, "69T": 0.3303333333333333, "26T": 0.24366666666666667, "6TT": 0.2926666666666667, "56T": 0.5936666666666667, "66T": 0.24966666666666668, "36T": 0.3456666666666667, "7AT": 0.589, "AAT": 0.245, "9AT": 0.24066666666666667, "2AT": 0.21566666666666667, "ATT": 0.24866666666666667, "5AT": 0.5906666666666667, "3AT": 0.21233333333333335, "79T": 0.535, "27T": 0.663, "7TT": 0.664, "77T": 0.9153333333333333, "57T": 0.8193333333333334, "37T": 0.6536666666666666, "29T": 0.23066666666666666, "9TT": 0.2813333333333333, "99T": 0.2683333333333333, "59T": 0.604, "39T": 0.24066666666666667, "2TT": 0.25166666666666665, "22T": 0.225, "25T": 0.654, "23T": 0.22566666666666665, "5TT": 0.662, "3TT": 0.248, "TTT": 0.296, "55T": 0.9183333333333333, "35T": 0.654, "33T": 0.231, "4JQ": 0.27066666666666667, "4QQ": 0.2806666666666667, "48Q": 0.34833333333333333, "4KQ": 0.253, "46Q": 0.4533333333333333, "4AQ": 0.25933333333333336, "47Q": 0.6546666666666666, "44Q": 0.248, "49Q": 0.235, "24Q": 0.23533333333333334, "45Q": 0.637, "34Q": 0.3403333333333333, "JQQ": 0.2833333333333333, "8JQ": 0.277, "JKQ": 0.3923333333333333, "6JQ": 0.26, "AJQ": 0.25166666666666665, "7JQ": 0.6096666666666667, "JJQ": 0.2703333333333333, "9JQ": 0.25666666666666665, "2JQ": 0.37066666666666664, "5JQ": 0.5926666666666667, "3JQ": 0.38233333333333336, "8QQ": 0.2683333333333333, "KQQ": 0.2803333333333333, "6QQ": 0.288, "AQQ": 0.238, "7QQ": 0.6843333333333333, "QQQ": 0.302, "9QQ": 0.276, "2QQ": 0.26366666666666666, "5QQ": 0.6523333333333333, "3QQ": 0.27566666666666667, "8KQ": 0.29633333333333334, "68Q": 0.45066666666666666, "8AQ": 0.259, "78Q": 0.6093333333333333, "89Q": 0.358, "28Q": 0.266, "88Q": 0.295, "58Q": 0.622, "38Q": 0.25333333333333335, "6KQ": 0.254, "AKQ": 0.24466666666666667, "7KQ": 0.614, "9KQ": 0.2806666666666667, "2KQ": 0.38566666666666666, "KKQ": 0.2713333333333333, "5KQ": 0.6163333333333333, "3KQ": 0.3863333333333333, "6AQ": 0.234, "67Q": 0.679, "69Q": 0.36633333333333334, "26Q": 0.26033333333333336, "56Q": 0.6166666666666667, "66Q": 0.2703333333333333, "36Q": 0.3546666666666667, "7AQ": 0.64, "AAQ": 0.26466666666666666, "9AQ": 0.24233333333333335, "2AQ": 0.23033333333333333, "5AQ": 0.6126666666666667, "3AQ": 0.25133333333333335, "79Q": 0.612, "27Q": 0.68, "77Q": 0.927, "57Q": 0.8423333333333334, "37Q": 0.6843333333333333, "29Q": 0.26, "99Q": 0.2773333333333333, "59Q": 0.5963333333333334, "39Q": 0.26, "22Q": 0.24233333333333335, "25Q": 0.6553333333333333, "23Q": 0.37233333333333335, "55Q": 0.931, "35Q": 0.6686666666666666, "33Q": 0.24166666666666667, "48J": 0.35133333333333333, "4JK": 0.25666666666666665, "46J": 0.4653333333333333, "4AJ": 0.25466666666666665, "47J": 0.652, "4JJ": 0.272, "44J": 0.23833333333333334, "49J": 0.22766666666666666, "24J": 0.25466666666666665, "45J": 0.6496666666666666, "34J": 0.3486666666666667, "48K": 0.3446666666666667, "468": 0.938, "48A": 0.32066666666666666, "478": 0.6486666666666666, "448": 0.338, "489": 0.327, "248": 0.32766666666666666, "488": 0.382, "458": 0.6506666666666666, "348": 0.35333333333333333, "46K": 0.45866666666666667, "4AK": 0.24633333333333332, "47K": 0.6593333333333333, "44K": 0.261, "49K": 0.23966666666666667, "24K": 0.233, "4KK": 0.2896666666666667, "45K": 0.635, "34K": 0.3416666666666667, "46A": 0.45766666666666667, "467": 0.7023333333333334, "446": 0.44666666666666666, "469": 0.45266666666666666, "246": 0.438, "456": 0.6446666666666667, "466": 0.446, "346": 0.9486666666666667, "47A": 0.6606666666666666, "4AA": 0.274, "44A": 0.234, "49A": 0.233, "24A": 0.237, "45A": 0.6296666666666667, "34A": 0.31866666666666665, "447": 0.673, "479": 0.6333333333333333, "247": 0.7166666666666667, "477": 0.9286666666666666, "457": 0.6693333333333333, "347": 0.705, "449": 0.24966666666666668, "244": 0.238, "444": 0.264, "445": 0.65, "344": 0.323, "249": 0.21033333333333334, "499": 0.25833333333333336, "459": 0.627, "349": 0.3343333333333333, "224": 0.25033333333333335, "245": 0.6553333333333333, "234": 0.31533333333333335, "455": 0.9313333333333333, "345": 0.6663333333333333, "334": 0.3463333333333333, "8JK": 0.282, "68J": 0.4643333333333333, "8AJ": 0.266, "78J": 0.582, "8JJ": 0.2803333333333333, "89J": 0.404, "28J": 0.2713333333333333, "88J": 0.2866666666666667, "58J": 0.6066666666666667, "38J": 0.2653333333333333, "6JK": 0.276, "AJK": 0.24933333333333332, "7JK": 0.6193333333333333, "JJK": 0.26866666666666666, "9JK": 0.27, "2JK": 0.37933333333333336, "JKK": 0.275, "5JK": 0.5953333333333334, "3JK": 0.392, "6AJ": 0.25633333333333336, "67J": 0.6833333333333333, "6JJ": 0.2836666666666667, "69J": 0.35333333333333333, "26J": 0.25466666666666665, "56J": 0.6003333333333334, "66J": 0.273, "36J": 0.35833333333333334, "7AJ": 0.6193333333333333, "AJJ": 0.254, "AAJ": 0.25533333333333336, "9AJ": 0.265, "2AJ": 0.23266666666666666, "5AJ": 0.599, "3AJ": 0.24966666666666668, "7JJ": 0.6766666666666666, "79J": 0.5736666666666667, "27J": 0.6836666666666666, "77J": 0.916, "57J": 0.8293333333333334, "37J": 0.6683333333333333, "9JJ": 0.2806666666666667, "2JJ": 0.2643333333333333, "5JJ": 0.661, "3JJ": 0.28833333333333333, "JJJ": 0.28733333333333333, "29J": 0.24733333333333332, "99J": 0.27266666666666667, "59J": 0.5933333333333334, "39J": 0.2663333333333333, "22J": 0.23433333333333334, "25J": 0.6416666666666667, "23J": 0.3546666666666667, "55J": 0.941, "35J": 0.6606666666666666, "33J": 0.25566666666666665, "68K": 0.45766666666666667, "8AK": 0.24433333333333335, "78K": 0.6203333333333333, "89K": 0.3556666666666667, "28K": 0.264, "88K": 0.29233333333333333, "8KK": 0.263, "58K": 0.6223333333333333, "38K": 0.259, "68A": 0.43, "678": 0.658, "689": 0.8806666666666667, "268": 0.44033333333333335, "688": 0.474, "568": 0.6603333333333333, "668": 0.44166666666666665, "368": 0.4483333333333333, "78A": 0.5886666666666667, "8AA": 0.2776666666666667, "89A": 0.3596666666666667, "28A": 0.222, "88A": 0.26566666666666666, "58A": 0.609, "38A": 0.23633333333333334, "789": 0.5773333333333334, "278": 0.6583333333333333, "788": 0.6676666666666666, "778": 0.9056666666666666, "578": 0.7553333333333333, "378": 0.6653333333333333, "289": 0.34, "889": 0.395, "899": 0.37966666666666665, "589": 0.6413333333333333, "389": 0.35633333333333334, "288": 0.26766666666666666, "228": 0.244, "258": 0.649, "238": 0.247, "888": 0.311, "588": 0.6536666666666666, "388": 0.26566666666666666, "558": 0.9116666666666666, "358": 0.656, "338": 0.24433333333333335, "6AK": 0.25833333333333336, "67K": 0.6716666666666666, "69K": 0.366, "26K": 0.24433333333333335, "6KK": 0.309, "56K": 0.5966666666666667, "66K": 0.27366666666666667, "36K": 0.36866666666666664, "7AK": 0.638,