{"AKT": 0.6973333333333334, "4AK": 0.38966666666666666, "9AK": 0.398, "5AK": 0.383, "AKK": 0.45866666666666667, "8AK": 0.692, "AJK": 0.5856666666666667, "AAK": 0.465, "AKQ": 0.5013333333333333, "3AK": 0.39866666666666667, "7AK": 0.4073333333333333, "2AK": 0.5203333333333333, "6AK": 0.528, "4KT": 0.7413333333333333, "9KT": 0.7133333333333334, "5KT": 0.7386666666666667, "KKT": 0.7693333333333333, "8KT": 0.8583333333333333, "JKT": 0.6933333333333334, "KQT": 0.6403333333333333, "3KT": 0.7386666666666667, "7KT": 0.7236666666666667, "2KT": 0.7493333333333333, "6KT": 0.7416666666666667, "KTT": 0.9203333333333333, "49K": 0.3413333333333333, "45K": 0.31666666666666665, "4KK": 0.4053333333333333, "48K": 0.7016666666666667, "4JK": 0.3873333333333333, "4KQ": 0.365, "34K": 0.31266666666666665, "44K": 0.3933333333333333, "47K": 0.344, "24K": 0.331, "46K": 0.35333333333333333, "59K": 0.3596666666666667, "9KK": 0.425, "89K": 0.6563333333333333, "9JK": 0.556, "9KQ": 0.458, "99K": 0.42733333333333334, "39K": 0.3466666666666667, "79K": 0.5493333333333333, "29K": 0.36033333333333334, "69K": 0.4503333333333333, "5KK": 0.4, "58K": 0.7163333333333334, "5JK": 0.4086666666666667, "5KQ": 0.381, "35K": 0.35533333333333333, "57K": 0.3406666666666667, "25K": 0.338, "55K": 0.38133333333333336, "56K": 0.345, "8KK": 0.7706666666666667, "JKK": 0.4706666666666667, "KKK": 0.484, "KKQ": 0.4513333333333333, "3KK": 0.4066666666666667, "7KK": 0.4126666666666667, "2KK": 0.4256666666666667, "6KK": 0.43033333333333335, "8JK": 0.7043333333333334, "8KQ": 0.6863333333333334, "38K": 0.7426666666666667, "88K": 0.9606666666666667, "78K": 0.7103333333333334, "28K": 0.743, "68K": 0.723, "JKQ": 0.5616666666666666, "3JK": 0.4076666666666667, "JJK": 0.4756666666666667, "7JK": 0.485, "2JK": 0.5316666666666666, "6JK": 0.539, "3KQ": 0.3993333333333333, "KQQ": 0.45566666666666666, "7KQ": 0.4, "2KQ": 0.3873333333333333, "6KQ": 0.4053333333333333, "33K": 0.37966666666666665, "37K": 0.3473333333333333, "23K": 0.3453333333333333, "36K": 0.36, "27K": 0.36966666666666664, "67K": 0.46366666666666667, "77K": 0.3963333333333333, "26K": 0.47833333333333333, "22K": 0.39166666666666666, "66K": 0.4073333333333333, "4AT": 0.7476666666666667, "9AT": 0.7423333333333333, "5AT": 0.7373333333333333, "8AT": 0.856, "AJT": 0.712, "AAT": 0.775, "AQT": 0.6543333333333333, "3AT": 0.758, "7AT": 0.746, "2AT": 0.7533333333333333, "6AT": 0.7586666666666667, "ATT": 0.935, "49A": 0.3253333333333333, "45A": 0.31266666666666665, "48A": 0.71, "4AJ": 0.4003333333333333, "4AA": 0.41433333333333333, "4AQ": 0.377, "34A": 0.31266666666666665, "44A": 0.392, "47A": 0.3506666666666667, "24A": 0.326, "46A": 0.3586666666666667, "59A": 0.3556666666666667, "89A": 0.6446666666666667, "9AJ": 0.5586666666666666, "9AA": 0.42933333333333334, "9AQ": 0.477, "99A": 0.418, "39A": 0.3586666666666667, "79A": 0.5226666666666666, "29A": 0.379, "69A": 0.4563333333333333, "58A": 0.7263333333333334, "5AJ": 0.4136666666666667, "5AA": 0.418, "5AQ": 0.3893333333333333, "35A": 0.31966666666666665, "57A": 0.34833333333333333, "25A": 0.3383333333333333, "55A": 0.392, "56A": 0.3433333333333333, "8AJ": 0.668, "8AA": 0.7796666666666666, "8AQ": 0.6953333333333334, "38A": 0.7366666666666667, "88A": 0.9553333333333334, "78A": 0.7246666666666667, "28A": 0.736, "68A": 0.727, "AAJ": 0.485, "AJQ": 0.585, "3AJ": 0.4096666666666667, "AJJ": 0.48233333333333334, "7AJ": 0.49233333333333335, "2AJ": 0.5363333333333333, "6AJ": 0.536, "AAQ": 0.4806666666666667, "3AA": 0.4186666666666667, "AAA": 0.5046666666666667, "7AA": 0.423, "2AA": 0.42133333333333334, "6AA": 0.431, "3AQ": 0.3963333333333333, "AQQ": 0.46366666666666667, "7AQ": 0.4026666666666667, "2AQ": 0.4093333333333333, "6AQ": 0.407, "33A": 0.3636666666666667, "37A": 0.3403333333333333, "23A": 0.337, "36A": 0.3496666666666667, "27A": 0.36766666666666664, "67A": 0.44233333333333336, "77A": 0.4096666666666667, "26A": 0.4673333333333333, "22A": 0.38966666666666666, "66A": 0.4036666666666667, "49T": 0.7536666666666667, "45T": 0.768, "48T": 0.8753333333333333, "4JT": 0.7303333333333333, "4QT": 0.7426666666666667, "34T": 0.7806666666666666, "44T": 0.769, "47T": 0.7713333333333333, "24T": 0.7843333333333333, "46T": 0.775, "4TT": 0.9413333333333334, "59T": 0.7923333333333333, "89T": 0.748, "9JT": 0.7196666666666667, "9QT": 0.7256666666666667, "99T": 0.751, "39T": 0.797, "79T": 0.7983333333333333, "29T": 0.788, "69T": 0.7846666666666666, "9TT": 0.9313333333333333, "58T": 0.894, "5JT": 0.73, "5QT": 0.7343333333333333, "35T": 0.772, "57T": 0.786, "25T": 0.7843333333333333, "55T": 0.7756666666666666, "56T": 0.764, "5TT": 0.951, "8JT": 0.8023333333333333, "8QT": 0.8486666666666667, "38T": 0.8956666666666667, "88T": 0.9896666666666667, "78T": 0.823, "28T": 0.8973333333333333, "68T": 0.8496666666666667, "8TT": 0.988, "JQT": 0.6286666666666667, "3JT": 0.734, "JJT": 0.761, "7JT": 0.732, "2JT": 0.7376666666666667, "6JT": 0.7363333333333333, "JTT": 0.9176666666666666, "3QT": 0.7473333333333333, "QQT": 0.7713333333333333, "7QT": 0.7323333333333333, "2QT": 0.7443333333333333, "6QT": 0.7206666666666667, "QTT": 0.9366666666666666, "33T": 0.777, "37T": 0.786, "23T": 0.7836666666666666, "36T": 0.758, "3TT": 0.962, "27T": 0.798, "67T": 0.778, "77T": 0.775, "7TT": 0.951, "26T": 0.765, "22T": 0.773, "2TT": 0.9526666666666667, "6TT": 0.9403333333333334, "66T": 0.777, "TTT": 1.0, "459": 0.30233333333333334, "489": 0.5796666666666667, "49J": 0.5146666666666667, "49Q": 0.421, "499": 0.369, "349": 0.311, "449": 0.343, "479": 0.5026666666666667, "249": 0.31933333333333336, "469": 0.4076666666666667, "458": 0.6966666666666667, "45J": 0.3456666666666667, "45Q": 0.3506666666666667, "345": 0.28833333333333333, "445": 0.33466666666666667, "457": 0.37166666666666665, "245": 0.283, "455": 0.3396666666666667, "456": 0.367, "48J": 0.7, "48Q": 0.7023333333333334, "348": 0.7526666666666667, "448": 0.727, "488": 0.929, "478": 0.6973333333333334, "248": 0.7386666666666667, "468": 0.7013333333333334, "4JQ": 0.45266666666666666, "34J": 0.3383333333333333, "44J": 0.4036666666666667, "4JJ": 0.41533333333333333, "47J": 0.44033333333333335, "24J": 0.36, "46J": 0.354, "34Q": 0.3323333333333333, "44Q": 0.3893333333333333, "4QQ": 0.4136666666666667, "47Q": 0.368, "24Q": 0.3353333333333333, "46Q": 0.3453333333333333, "344": 0.32133333333333336, "334": 0.3343333333333333, "347": 0.311, "234": 0.2753333333333333, "346": 0.2803333333333333, "444": 0.39866666666666667, "447": 0.3636666666666667, "244": 0.3443333333333333, "446": 0.36733333333333335, "247": 0.3263333333333333, "467": 0.481, "477": 0.364, "246": 0.298, "224": 0.334, "466": 0.33166666666666667, "589": 0.6576666666666666, "59J": 0.5436666666666666, "59Q": 0.456, "599": 0.37266666666666665, "359": 0.34933333333333333, "579": 0.5086666666666667, "259": 0.31066666666666665, "559": 0.3606666666666667, "569": 0.404, "89J": 0.698, "89Q": 0.664, "899": 0.7223333333333334, "389": 0.709, "889": 0.9203333333333333, "789": 0.7073333333333334, "289": 0.682, "689": 0.6846666666666666, "9JQ": 0.919, "99J": 0.5673333333333334, "39J": 0.538, "9JJ": 0.5373333333333333, "79J": 0.958, "29J": 0.553, "69J": 0.5426666666666666, "99Q": 0.4796666666666667, "39Q": 0.43933333333333335, "9QQ": 0.49033333333333334, "79Q": 0.5486666666666666, "29Q": 0.45666666666666667, "69Q": 0.5316666666666666, "399": 0.372, "999": 0.443, "799": 0.5193333333333333, "299": 0.38333333333333336, "699": 0.459, "339": 0.363, "379": 0.5273333333333333, "239": 0.3423333333333333, "369": 0.4053333333333333, "279": 0.5336666666666666, "679": 0.965, "779": 0.523, "269": 0.44866666666666666, "229": 0.36533333333333334, "669": 0.424, "58J": 0.7186666666666667, "58Q": 0.7233333333333334, "358": 0.755, "588": 0.924, "578": 0.6843333333333333, "258": 0.7396666666666667, "558": 0.731, "568": 0.6716666666666666, "5JQ": 0.48833333333333334, "35J": 0.3423333333333333, "5JJ": 0.428, "57J": 0.44466666666666665, "25J": 0.3566666666666667, "55J": 0.41133333333333333, "56J": 0.378, "35Q": 0.465,