{"AQT": 0.6673333333333333, "5QT": 0.7353333333333333, "9QT": 0.7136666666666667, "6QT": 0.7333333333333333, "7QT": 0.7043333333333334, "4QT": 0.7073333333333334, "JQT": 0.6416666666666667, "3QT": 0.732, "QQT": 0.7643333333333333, "2QT": 0.722, "QTT": 0.909, "8QT": 0.8303333333333334, "KQT": 0.6136666666666667, "5AQ": 0.389, "9AQ": 0.4776666666666667, "6AQ": 0.39066666666666666, "7AQ": 0.37866666666666665, "4AQ": 0.36533333333333334, "AJQ": 0.577, "3AQ": 0.372, "AQQ": 0.4756666666666667, "2AQ": 0.38166666666666665, "AAQ": 0.4513333333333333, "8AQ": 0.7013333333333334, "AKQ": 0.47733333333333333, "59Q": 0.41133333333333333, "56Q": 0.336, "57Q": 0.3313333333333333, "45Q": 0.32033333333333336, "5JQ": 0.44533333333333336, "35Q": 0.3016666666666667, "5QQ": 0.4043333333333333, "25Q": 0.317, "55Q": 0.4056666666666667, "58Q": 0.725, "5KQ": 0.37833333333333335, "69Q": 0.5313333333333333, "79Q": 0.5116666666666667, "49Q": 0.43233333333333335, "9JQ": 0.893, "99Q": 0.45966666666666667, "39Q": 0.433, "9QQ": 0.496, "29Q": 0.43233333333333335, "89Q": 0.72, "9KQ": 0.45166666666666666, "67Q": 0.435, "46Q": 0.32666666666666666, "6JQ": 0.4676666666666667, "36Q": 0.3303333333333333, "6QQ": 0.42133333333333334, "26Q": 0.3566666666666667, "68Q": 0.7203333333333334, "66Q": 0.40166666666666667, "6KQ": 0.39966666666666667, "47Q": 0.298, "7JQ": 0.44733333333333336, "37Q": 0.325, "7QQ": 0.413, "77Q": 0.39266666666666666, "27Q": 0.339, "78Q": 0.6986666666666667, "7KQ": 0.363, "4JQ": 0.46066666666666667, "34Q": 0.297, "4QQ": 0.406, "24Q": 0.31133333333333335, "48Q": 0.6996666666666667, "44Q": 0.37566666666666665, "4KQ": 0.34833333333333333, "3JQ": 0.448, "JQQ": 0.5236666666666666, "JJQ": 0.5276666666666666, "2JQ": 0.45766666666666667, "8JQ": 0.718, "JKQ": 0.556, "3QQ": 0.41333333333333333, "33Q": 0.38266666666666665, "23Q": 0.3396666666666667, "38Q": 0.723, "3KQ": 0.37366666666666665, "2QQ": 0.41633333333333333, "QQQ": 0.4716666666666667, "8QQ": 0.763, "KQQ": 0.4623333333333333, "22Q": 0.38366666666666666, "28Q": 0.741, "2KQ": 0.38333333333333336, "88Q": 0.9466666666666667, "8KQ": 0.6966666666666667, "KKQ": 0.43, "5AT": 0.752, "9AT": 0.7473333333333333, "6AT": 0.7466666666666667, "7AT": 0.7303333333333333, "4AT": 0.7533333333333333, "AJT": 0.6803333333333333, "3AT": 0.7503333333333333, "2AT": 0.7513333333333333, "ATT": 0.9256666666666666, "AAT": 0.7746666666666666, "8AT": 0.8693333333333333, "AKT": 0.666, "59T": 0.7436666666666667, "56T": 0.7793333333333333, "57T": 0.7776666666666666, "45T": 0.7763333333333333, "5JT": 0.7116666666666667, "35T": 0.7466666666666667, "25T": 0.7896666666666666, "5TT": 0.9586666666666667, "55T": 0.784, "58T": 0.8926666666666667, "5KT": 0.7446666666666667, "69T": 0.7846666666666666, "79T": 0.794, "49T": 0.7926666666666666, "9JT": 0.7133333333333334, "99T": 0.764, "39T": 0.763, "29T": 0.7603333333333333, "9TT": 0.9426666666666667, "89T": 0.7743333333333333, "9KT": 0.7033333333333334, "67T": 0.7826666666666666, "46T": 0.7866666666666666, "6JT": 0.739, "36T": 0.779, "26T": 0.797, "6TT": 0.9633333333333334, "68T": 0.8396666666666667, "66T": 0.775, "6KT": 0.7306666666666667, "47T": 0.76, "7JT": 0.7306666666666667, "37T": 0.7753333333333333, "77T": 0.7673333333333333, "27T": 0.8043333333333333, "7TT": 0.9333333333333333, "78T": 0.8053333333333333, "7KT": 0.733, "4JT": 0.7356666666666667, "34T": 0.787, "24T": 0.79, "4TT": 0.937, "48T": 0.887, "44T": 0.7746666666666666, "4KT": 0.7346666666666667, "3JT": 0.695, "JJT": 0.7816666666666666, "2JT": 0.7143333333333334, "JTT": 0.9253333333333333, "8JT": 0.802, "JKT": 0.6213333333333333, "33T": 0.7733333333333333, "23T": 0.7803333333333333, "3TT": 0.959, "38T": 0.9046666666666666, "3KT": 0.7476666666666667, "2TT": 0.96, "22T": 0.7746666666666666, "28T": 0.894, "2KT": 0.7406666666666667, "TTT": 0.9996666666666667, "8TT": 0.9886666666666667, "KTT": 0.9353333333333333, "88T": 0.991, "8KT": 0.874, "KKT": 0.7823333333333333, "59A": 0.3526666666666667, "56A": 0.3323333333333333, "57A": 0.3443333333333333, "45A": 0.3333333333333333, "5AJ": 0.37633333333333335, "35A": 0.298, "25A": 0.30433333333333334, "5AA": 0.394, "55A": 0.37833333333333335, "58A": 0.723, "5AK": 0.37433333333333335, "69A": 0.4673333333333333, "79A": 0.5396666666666666, "49A": 0.37233333333333335, "9AJ": 0.5416666666666666, "99A": 0.4236666666666667, "39A": 0.356, "29A": 0.3383333333333333, "9AA": 0.44633333333333336, "89A": 0.686, "9AK": 0.4086666666666667, "67A": 0.45066666666666666, "46A": 0.3333333333333333, "6AJ": 0.38433333333333336, "36A": 0.31133333333333335, "26A": 0.32133333333333336, "6AA": 0.44233333333333336, "68A": 0.71, "66A": 0.39, "6AK": 0.38966666666666666, "47A": 0.3363333333333333, "7AJ": 0.487, "37A": 0.3506666666666667, "77A": 0.4003333333333333, "27A": 0.3586666666666667, "7AA": 0.43466666666666665, "78A": 0.728, "7AK": 0.3863333333333333, "4AJ": 0.3953333333333333, "34A": 0.304, "24A": 0.329, "4AA": 0.41633333333333333, "48A": 0.7383333333333333, "44A": 0.3923333333333333, "4AK": 0.37, "3AJ": 0.384, "AJJ": 0.439, "2AJ": 0.37566666666666665, "AAJ": 0.4706666666666667, "8AJ": 0.7013333333333334, "AJK": 0.489, "33A": 0.40066666666666667, "23A": 0.306, "3AA": 0.402, "38A": 0.739, "3AK": 0.37566666666666665, "22A": 0.38566666666666666, "2AA": 0.392, "28A": 0.7476666666666667, "2AK": 0.37933333333333336, "8AA": 0.761, "AAA": 0.4683333333333333, "AAK": 0.458, "88A": 0.957, "8AK": 0.6856666666666666, "AKK": 0.46066666666666667, "569": 0.38666666666666666, "579": 0.4816666666666667, "459": 0.302, "59J": 0.4483333333333333, "599": 0.37233333333333335, "359": 0.25333333333333335, "259": 0.26466666666666666, "559": 0.34933333333333333, "589": 0.668, "59K": 0.32366666666666666, "567": 0.45866666666666667, "456": 0.3506666666666667, "56J": 0.31566666666666665, "356": 0.25733333333333336, "256": 0.2693333333333333, "556": 0.36733333333333335, "568": 0.6746666666666666, "566": 0.3283333333333333, "56K": 0.3463333333333333, "457": 0.36766666666666664, "57J": 0.412, "357": 0.26466666666666666, "577": 0.36333333333333334, "257": 0.3253333333333333, "557": 0.35833333333333334, "578": 0.6853333333333333, "57K": 0.3566666666666667, "45J": 0.3343333333333333, "345": 0.245, "245": 0.2733333333333333, "455": 0.3423333333333333, "458": 0.724, "445": 0.316, "45K": 0.31633333333333336, "35J": 0.279, "5JJ": 0.4056666666666667, "25J": 0.293, "55J": 0.37966666666666665, "58J": 0.705, "5JK": 0.37466666666666665, "335": 0.32566666666666666, "235": 0.23233333333333334, "355": 0.319, "358": 0.7403333333333333, "35K": 0.30533333333333335, "225": 0.31466666666666665, "255": 0.33566666666666667, "258": 0.7253333333333334, "25K": 0.298, "558": 0.7416666666666667, "55K": 0.3863333333333333, "555": 0.4096666666666667, "588": 0.919, "58K": 0.7323333333333333, "5KK": 0.4076666666666667, "679": 0.959, "469": 0.42133333333333334, "69J": 0.525, "699": 0.47, "369": 0.3953333333333333, "269": 0.399, "689": 0.7116666666666667, "669": 0.455, "69K": 0.44733333333333336, "479": 0.49333333333333335, "79J": 0.9243333333333333, "799": 0.5476666666666666, "379": 0.498, "779": 0.53, "279": 0.5123333333333333, "789": 0.731, "79K": 0.5203333333333333, "49J": 0.511, "499": 0.37133333333333335, "349": 0.314, "249": 0.319, "489": 0.7203333333333334, "449": 0.37533333333333335, "49K": 0.349, "99J": 0.531, "39J": 0.43233333333333335, "9JJ": 0.5643333333333334, "29J": 0.44733333333333336, "89J": 0.6956666666666667, "9JK": 0.5196666666666667, "999": 0.44466666666666665, "399": 0.377, "299": 0.36033333333333334, "899": 0.7383333333333333, "99K": 0.43, "339": 0.3596666666666667, "239": 0.269, "389": 0.7086666666666667, "39K": 0.352, "229": 0.35, "289": 0.7116666666666667, "29K": 0.3433333333333333, "889": 0.9193333333333333, "89K": 0.6763333333333333, "9KK": 0.444, "467": 0.482, "67J": 0.43333333333333335, "367": 0.43133333333333335, "677": 0.4656666666666667, "267": 0.42433333333333334, "678": 0.7123333333333334, "667": 0.442, "67K": 0.44333333333333336, "46J": 0.34933333333333333, "346": 0.284,