{"JKT": 0.5396666666666666, "5KT": 0.472, "KTT": 0.6023333333333334, "8KT": 0.6613333333333333, "6KT": 0.47833333333333333, "KQT": 0.5593333333333333, "AKT": 0.8093333333333333, "KKT": 0.602, "3KT": 0.49, "2KT": 0.487, "9KT": 0.4643333333333333, "4KT": 0.4826666666666667, "7KT": 0.5093333333333333, "5JK": 0.48933333333333334, "8JK": 0.6643333333333333, "6JK": 0.48, "JKQ": 0.5503333333333333, "JJK": 0.5863333333333334, "AJK": 0.813, "JKK": 0.6196666666666667, "3JK": 0.499, "2JK": 0.484, "9JK": 0.46066666666666667, "4JK": 0.48133333333333334, "7JK": 0.5073333333333333, "58K": 0.638, "56K": 0.43266666666666664, "5KQ": 0.48933333333333334, "5AK": 0.846, "5KK": 0.5643333333333334, "35K": 0.4663333333333333, "25K": 0.419, "59K": 0.4266666666666667, "45K": 0.477, "57K": 0.4786666666666667, "55K": 0.5633333333333334, "68K": 0.6203333333333333, "8KQ": 0.671, "8AK": 0.9106666666666666, "8KK": 0.7846666666666666, "38K": 0.7506666666666667, "28K": 0.6453333333333333, "89K": 0.583, "48K": 0.7106666666666667, "88K": 0.9383333333333334, "78K": 0.6896666666666667, "6KQ": 0.49, "6AK": 0.8416666666666667, "6KK": 0.572, "66K": 0.5586666666666666, "36K": 0.4703333333333333, "26K": 0.42766666666666664, "69K": 0.428, "46K": 0.4666666666666667, "67K": 0.4886666666666667, "AKQ": 0.847, "KKQ": 0.6073333333333333, "KQQ": 0.5896666666666667, "3KQ": 0.49533333333333335, "2KQ": 0.49033333333333334, "9KQ": 0.454, "4KQ": 0.5003333333333333, "7KQ": 0.5203333333333333, "AKK": 0.8673333333333333, "AAK": 0.958, "3AK": 0.8813333333333333, "2AK": 0.8416666666666667, "9AK": 0.8576666666666667, "4AK": 0.8506666666666667, "7AK": 0.877, "3KK": 0.61, "2KK": 0.571, "9KK": 0.5716666666666667, "4KK": 0.6106666666666667, "7KK": 0.6006666666666667, "KKK": 0.703, "23K": 0.48833333333333334, "33K": 0.5746666666666667, "39K": 0.497, "34K": 0.48933333333333334, "37K": 0.49366666666666664, "29K": 0.43066666666666664, "24K": 0.4856666666666667, "27K": 0.5006666666666667, "22K": 0.5476666666666666, "49K": 0.469, "79K": 0.509, "99K": 0.5636666666666666, "44K": 0.5396666666666666, "47K": 0.514, "77K": 0.575, "5JT": 0.485, "JTT": 0.5703333333333334, "8JT": 0.616, "6JT": 0.4886666666666667, "JQT": 0.5843333333333334, "JJT": 0.5866666666666667, "AJT": 0.6943333333333334, "3JT": 0.48033333333333333, "2JT": 0.4856666666666667, "9JT": 0.5563333333333333, "4JT": 0.443, "7JT": 0.5473333333333333, "5TT": 0.6016666666666667, "58T": 0.7046666666666667, "56T": 0.4706666666666667, "5QT": 0.49733333333333335, "5AT": 0.8306666666666667, "35T": 0.478, "25T": 0.47, "59T": 0.48966666666666664, "45T": 0.478, "57T": 0.49566666666666664, "55T": 0.5786666666666667, "8TT": 0.7726666666666666, "6TT": 0.5976666666666667, "QTT": 0.595, "ATT": 0.8453333333333334, "3TT": 0.604, "2TT": 0.6003333333333334, "9TT": 0.598, "4TT": 0.5606666666666666, "7TT": 0.6043333333333333, "TTT": 0.7066666666666667, "68T": 0.663, "8QT": 0.658, "8AT": 0.885, "38T": 0.7323333333333333, "28T": 0.7123333333333334, "89T": 0.5803333333333334, "48T": 0.6896666666666667, "88T": 0.9156666666666666, "78T": 0.6763333333333333, "6QT": 0.5126666666666667, "6AT": 0.836, "66T": 0.583, "36T": 0.47, "26T": 0.5003333333333333, "69T": 0.549, "46T": 0.479, "67T": 0.556, "AQT": 0.7956666666666666, "QQT": 0.5816666666666667, "3QT": 0.48733333333333334, "2QT": 0.49666666666666665, "9QT": 0.51, "4QT": 0.4806666666666667, "7QT": 0.506, "AAT": 0.9373333333333334, "3AT": 0.843, "2AT": 0.8386666666666667, "9AT": 0.8436666666666667, "4AT": 0.7386666666666667, "7AT": 0.8303333333333334, "23T": 0.49166666666666664, "33T": 0.5586666666666666, "39T": 0.5093333333333333, "34T": 0.45466666666666666, "37T": 0.5006666666666667, "29T": 0.4686666666666667, "24T": 0.45666666666666667, "27T": 0.5036666666666667, "22T": 0.5816666666666667, "49T": 0.48133333333333334, "79T": 0.6116666666666667, "99T": 0.5806666666666667, "44T": 0.55, "47T": 0.487, "77T": 0.5843333333333334, "58J": 0.704, "56J": 0.47433333333333333, "5JQ": 0.498, "5JJ": 0.5526666666666666, "5AJ": 0.8403333333333334, "35J": 0.49866666666666665, "25J": 0.488, "59J": 0.491, "45J": 0.468, "57J": 0.514, "55J": 0.586, "68J": 0.71, "8JQ": 0.677, "8JJ": 0.7616666666666667, "8AJ": 0.8886666666666667, "38J": 0.7366666666666667, "28J": 0.717, "89J": 0.596, "48J": 0.7203333333333334, "88J": 0.9146666666666666, "78J": 0.704, "6JQ": 0.505, "6JJ": 0.563, "6AJ": 0.8413333333333334, "66J": 0.5793333333333334, "36J": 0.4886666666666667, "26J": 0.4663333333333333, "69J": 0.466, "46J": 0.47433333333333333, "67J": 0.501, "JJQ": 0.6026666666666667, "AJQ": 0.802, "JQQ": 0.6026666666666667, "3JQ": 0.49666666666666665, "2JQ": 0.502, "9JQ": 0.5216666666666666, "4JQ": 0.49266666666666664, "7JQ": 0.5196666666666667, "AJJ": 0.8276666666666667, "JJJ": 0.705, "3JJ": 0.596, "2JJ": 0.5773333333333334, "9JJ": 0.5673333333333334, "4JJ": 0.577, "7JJ": 0.593, "AAJ": 0.938, "3AJ": 0.8393333333333334, "2AJ": 0.846, "9AJ": 0.832, "4AJ": 0.744, "7AJ": 0.8293333333333334, "23J": 0.487, "33J": 0.577, "39J": 0.5043333333333333, "34J": 0.4676666666666667, "37J": 0.49166666666666664, "29J": 0.49466666666666664, "24J": 0.4676666666666667, "27J": 0.5086666666666667, "22J": 0.585, "49J": 0.4866666666666667, "79J": 0.5566666666666666, "99J": 0.573, "44J": 0.561, "47J": 0.49333333333333335, "77J": 0.5923333333333334, "568": 0.6086666666666667, "58Q": 0.7113333333333334, "58A": 0.9083333333333333, "358": 0.75, "258": 0.683, "589": 0.5993333333333334, "458": 0.7086666666666667, "588": 0.93, "578": 0.689, "558": 0.7443333333333333, "56Q": 0.4886666666666667, "56A": 0.8153333333333334, "566": 0.5693333333333334, "356": 0.438, "256": 0.3933333333333333, "569": 0.48433333333333334, "456": 0.51, "567": 0.596, "556": 0.5356666666666666, "5AQ": 0.8753333333333333, "5QQ": 0.5676666666666667, "35Q": 0.4676666666666667, "25Q": 0.4726666666666667, "59Q": 0.4666666666666667, "45Q": 0.5013333333333333, "57Q": 0.5313333333333333, "55Q": 0.5646666666666667, "5AA": 0.9593333333333334, "35A": 0.8613333333333333, "25A": 0.8356666666666667, "59A": 0.8406666666666667, "45A": 0.8123333333333334, "57A": 0.852, "55A": 0.8753333333333333, "235": 0.44533333333333336, "335": 0.55, "359": 0.48433333333333334, "345": 0.44633333333333336, "357": 0.48633333333333334, "355": 0.578, "259": 0.4266666666666667, "245": 0.4633333333333333, "257": 0.47333333333333333, "225": 0.5493333333333333, "255": 0.5623333333333334, "459": 0.4713333333333333, "579": 0.5546666666666666, "599": 0.566, "559": 0.5546666666666666, "445": 0.565, "457": 0.5393333333333333, "455": 0.5753333333333334, "577": 0.573, "557": 0.5843333333333334, "555": 0.698, "68Q": 0.7013333333333334, "68A": 0.91, "668": 0.7366666666666667, "368": 0.749, "268": 0.6613333333333333, "689": 0.5736666666666667, "468": 0.7126666666666667, "688": 0.917, "678": 0.6606666666666666, "8AQ": 0.9323333333333333, "8QQ": 0.764, "38Q": 0.7406666666666667, "28Q": 0.73, "89Q": 0.6206666666666667, "48Q": 0.7616666666666667, "88Q": 0.9473333333333334, "78Q": 0.7386666666666667, "8AA": 0.9953333333333333, "38A": 0.95, "28A": 0.9346666666666666, "89A": 0.8866666666666667, "48A": 0.9136666666666666, "88A": 0.9933333333333333, "78A": 0.9123333333333333, "238": 0.7933333333333333, "338": 0.788, "389": 0.7033333333333334, "348": 0.775, "388": 0.9706666666666667, "378": 0.78, "289": 0.621, "248": 0.7673333333333333, "288": 0.946, "278": 0.748, "228": 0.7696666666666667, "489": 0.7003333333333334, "889": 0.8986666666666666, "789": 0.6186666666666667, "899": 0.748, "448": 0.769, "488": 0.943, "478": 0.746, "788": 0.9383333333333334, "888": 1.0, "778": 0.736, "6AQ": 0.8663333333333333, "66Q": 0.592, "6QQ": 0.5593333333333333, "36Q": 0.486, "26Q": 0.495, "69Q": 0.47, "46Q": 0.5023333333333333, "67Q": 0.5016666666666667, "66A": 0.862, "6AA": 0.9586666666666667, "36A": 0.851, "26A": 0.836, "69A": 0.8496666666666667, "46A": 0.814, "67A": 0.8593333333333333, "366": 0.5633333333333334, "266": 0.556, "669": 0.5643333333333334, "466": 0.574, "667": 0.6053333333333333,