{"2AQ": 0.5256666666666666, "4AQ": 0.506, "7AQ": 0.5083333333333333, "AAQ": 0.592, "AJQ": 0.5633333333333334, "AKQ": 0.774, "9AQ": 0.7026666666666667, "6AQ": 0.528, "3AQ": 0.5023333333333333, "AQT": 0.567, "5AQ": 0.48433333333333334, "AQQ": 0.6116666666666667, "8AQ": 0.5193333333333333, "24A": 0.47633333333333333, "27A": 0.5006666666666667, "2AA": 0.6063333333333333, "2AJ": 0.48633333333333334, "22A": 0.5926666666666667, "2AK": 0.7906666666666666, "29A": 0.7793333333333333, "26A": 0.5106666666666667, "23A": 0.48133333333333334, "2AT": 0.494, "25A": 0.49166666666666664, "28A": 0.52, "47A": 0.4683333333333333, "4AA": 0.615, "4AJ": 0.502, "4AK": 0.7743333333333333, "49A": 0.781, "44A": 0.5816666666666667, "46A": 0.495, "34A": 0.4573333333333333, "4AT": 0.495, "45A": 0.482, "48A": 0.519, "7AA": 0.6206666666666667, "7AJ": 0.509, "7AK": 0.8093333333333333, "77A": 0.5766666666666667, "79A": 0.75, "67A": 0.5043333333333333, "37A": 0.49166666666666664, "7AT": 0.5186666666666667, "57A": 0.5006666666666667, "78A": 0.5193333333333333, "AAJ": 0.6196666666666667, "AAK": 0.8636666666666667, "9AA": 0.809, "AAA": 0.7173333333333334, "6AA": 0.6326666666666667, "3AA": 0.6093333333333333, "AAT": 0.611, "5AA": 0.5733333333333334, "8AA": 0.636, "AJK": 0.7516666666666667, "9AJ": 0.702, "6AJ": 0.5126666666666667, "3AJ": 0.494, "AJT": 0.5506666666666666, "AJJ": 0.628, "5AJ": 0.49166666666666664, "8AJ": 0.5193333333333333, "9AK": 0.9123333333333333, "6AK": 0.804, "3AK": 0.7706666666666667, "AKK": 0.951, "AKT": 0.752, "5AK": 0.814, "8AK": 0.822, "69A": 0.752, "39A": 0.7666666666666667, "9AT": 0.7203333333333334, "99A": 0.957, "59A": 0.7393333333333333, "89A": 0.7426666666666667, "36A": 0.484, "6AT": 0.5323333333333333, "56A": 0.521, "68A": 0.6593333333333333, "66A": 0.588, "3AT": 0.49633333333333335, "33A": 0.5906666666666667, "35A": 0.4836666666666667, "38A": 0.523, "5AT": 0.49733333333333335, "ATT": 0.618, "8AT": 0.5393333333333333, "55A": 0.597, "58A": 0.508, "88A": 0.605, "24Q": 0.45466666666666666, "27Q": 0.462, "2JQ": 0.5173333333333333, "22Q": 0.5173333333333333, "2KQ": 0.836, "29Q": 0.7366666666666667, "26Q": 0.4643333333333333, "23Q": 0.422, "2QT": 0.528, "25Q": 0.4256666666666667, "2QQ": 0.5623333333333334, "28Q": 0.44, "47Q": 0.44533333333333336, "4JQ": 0.5196666666666667, "4KQ": 0.8333333333333334, "49Q": 0.7543333333333333, "44Q": 0.5273333333333333, "46Q": 0.428, "34Q": 0.43133333333333335, "4QT": 0.5123333333333333, "45Q": 0.418, "4QQ": 0.5533333333333333, "48Q": 0.44566666666666666, "7JQ": 0.54, "7KQ": 0.8486666666666667, "77Q": 0.5076666666666667, "79Q": 0.7236666666666667, "67Q": 0.445, "37Q": 0.452, "7QT": 0.541, "57Q": 0.43266666666666664, "7QQ": 0.562, "78Q": 0.4523333333333333, "JKQ": 0.8063333333333333, "9JQ": 0.704, "6JQ": 0.528, "3JQ": 0.5223333333333333, "JQT": 0.9103333333333333, "JJQ": 0.5956666666666667, "5JQ": 0.5146666666666667, "JQQ": 0.6013333333333334, "8JQ": 0.5273333333333333, "9KQ": 0.8596666666666667, "6KQ": 0.855, "3KQ": 0.8293333333333334, "KKQ": 0.9566666666666667, "KQT": 0.7836666666666666, "5KQ": 0.825, "KQQ": 0.8456666666666667, "8KQ": 0.85, "69Q": 0.7123333333333334, "39Q": 0.7253333333333334, "9QT": 0.6986666666666667, "99Q": 0.932, "59Q": 0.6376666666666667, "9QQ": 0.783, "89Q": 0.6863333333333334, "36Q": 0.4483333333333333, "6QT": 0.5483333333333333, "56Q": 0.436, "6QQ": 0.542, "68Q": 0.478, "66Q": 0.499, "3QT": 0.5226666666666666, "33Q": 0.5323333333333333, "35Q": 0.42533333333333334, "3QQ": 0.562, "38Q": 0.463, "5QT": 0.5263333333333333, "QTT": 0.5996666666666667, "QQT": 0.598, "8QT": 0.532, "5QQ": 0.5246666666666666, "55Q": 0.502, "58Q": 0.4256666666666667, "8QQ": 0.5253333333333333, "QQQ": 0.6363333333333333, "88Q": 0.5286666666666666, "247": 0.422, "24J": 0.3626666666666667, "224": 0.495, "24K": 0.7356666666666667, "249": 0.7863333333333333, "244": 0.5116666666666667, "246": 0.3973333333333333, "234": 0.3463333333333333, "24T": 0.37666666666666665, "245": 0.41133333333333333, "248": 0.426, "27J": 0.444, "227": 0.5173333333333333, "27K": 0.8376666666666667, "277": 0.5286666666666666, "279": 0.801, "267": 0.439, "237": 0.4256666666666667, "27T": 0.442, "257": 0.44533333333333336, "278": 0.468, "22J": 0.5043333333333333, "2JK": 0.721, "29J": 0.74, "26J": 0.42933333333333334, "23J": 0.39366666666666666, "2JT": 0.4703333333333333, "2JJ": 0.5223333333333333, "25J": 0.43433333333333335, "28J": 0.43266666666666664, "22K": 0.826, "229": 0.8073333333333333, "226": 0.525, "223": 0.488, "22T": 0.504, "225": 0.5, "222": 0.6086666666666667, "228": 0.519, "29K": 0.9176666666666666, "26K": 0.812, "23K": 0.7213333333333334, "2KK": 0.943, "2KT": 0.7213333333333334, "25K": 0.8283333333333334, "28K": 0.8403333333333334, "269": 0.8033333333333333, "239": 0.781, "29T": 0.7253333333333334, "299": 0.97, "259": 0.7626666666666667, "289": 0.7783333333333333, "236": 0.4146666666666667, "26T": 0.43933333333333335, "256": 0.409, "268": 0.4643333333333333, "266": 0.5043333333333333, "23T": 0.368, "233": 0.501, "235": 0.3983333333333333, "238": 0.423, "25T": 0.44333333333333336, "2TT": 0.53, "28T": 0.4676666666666667, "255": 0.533, "258": 0.44066666666666665, "288": 0.5273333333333333, "47J": 0.42233333333333334, "47K": 0.8176666666666667, "477": 0.513, "479": 0.7783333333333333, "447": 0.5163333333333333, "467": 0.39366666666666666, "347": 0.39, "47T": 0.42833333333333334, "457": 0.4046666666666667, "478": 0.43333333333333335, "4JK": 0.7183333333333334, "49J": 0.7116666666666667, "44J": 0.503, "46J": 0.43066666666666664, "34J": 0.37033333333333335, "4JT": 0.45666666666666667, "4JJ": 0.5236666666666666, "45J": 0.41733333333333333, "48J": 0.422, "49K": 0.9163333333333333, "44K": 0.828, "46K": 0.808, "34K": 0.7023333333333334, "4KK": 0.9436666666666667, "4KT": 0.7146666666666667, "45K": 0.802, "48K": 0.8113333333333334, "449": 0.796, "469": 0.772, "349": 0.7796666666666666, "49T": 0.702, "499": 0.969, "459": 0.758, "489": 0.7893333333333333, "446": 0.495, "444": 0.6156666666666667, "344": 0.5043333333333333, "44T": 0.512, "445": 0.494, "448": 0.515, "346": 0.37566666666666665, "46T": 0.437, "456": 0.386, "468": 0.45, "466": 0.5026666666666667, "34T": 0.367, "334": 0.49833333333333335, "345": 0.389, "348": 0.42, "45T": 0.421, "4TT": 0.5263333333333333, "48T": 0.44733333333333336, "455": 0.5103333333333333, "458": 0.4246666666666667, "488": 0.5236666666666666, "7JK": 0.822, "77J": 0.5316666666666666, "79J": 0.7053333333333334, "67J": 0.4656666666666667, "37J": 0.43866666666666665, "7JT": 0.5803333333333334, "7JJ": 0.567, "57J": 0.426, "78J": 0.527, "77K": 0.854, "79K": 0.9173333333333333, "67K": 0.829, "37K": 0.8286666666666667, "7KK": 0.9526666666666667, "7KT": 0.8186666666666667, "57K": 0.842, "78K": 0.849, "779": 0.753, "677": 0.5133333333333333, "377": 0.508, "77T": 0.5243333333333333, "777": 0.6226666666666667, "577": 0.49633333333333335, "778": 0.5276666666666666, "679": 0.7083333333333334, "379": 0.7886666666666666, "79T": 0.6823333333333333, "799": 0.9406666666666667, "579": 0.7173333333333334, "789": 0.6766666666666666, "367": 0.43066666666666664, "67T": 0.5183333333333333, "567": 0.4666666666666667, "678": 0.5856666666666667, "667": 0.5016666666666667, "37T": 0.45266666666666666, "337": 0.5213333333333333, "357": 0.42133333333333334, "378": 0.46166666666666667, "57T": 0.461, "7TT": 0.545, "78T": 0.5863333333333334, "557": 0.5033333333333333, "578": 0.5113333333333333, "788": 0.537, "9JK": 0.8696666666666667, "6JK": 0.8196666666666667, "3JK": 0.7186666666666667, "JKK": 0.9303333333333333, "JKT": 0.69, "JJK": 0.81, "5JK": 0.8276666666666667, "8JK": 0.8286666666666667, "69J": 0.746, "39J": 0.7216666666666667, "9JT": 0.6646666666666666, "9JJ": 0.795, "99J": 0.947, "59J": 0.707, "89J": 0.6566666666666666, "36J": 0.42433333333333334, "6JT": 0.5216666666666666, "6JJ": 0.5543333333333333, "56J": 0.43166666666666664, "68J": 0.4653333333333333, "66J": 0.5356666666666666, "3JT": 0.46366666666666667, "3JJ": 0.5326666666666666, "33J": 0.5063333333333333,