{"JQT": 0.8483333333333334, "AQT": 0.434, "8QT": 0.6903333333333334, "QQT": 0.4746666666666667, "4QT": 0.42433333333333334, "6QT": 0.523, "7QT": 0.5326666666666666, "KQT": 0.43466666666666665, "9QT": 0.664, "2QT": 0.431, "3QT": 0.44433333333333336, "5QT": 0.44066666666666665, "QTT": 0.465, "AJQ": 0.435, "8JQ": 0.7013333333333334, "JQQ": 0.462, "4JQ": 0.43866666666666665, "6JQ": 0.429, "JJQ": 0.4613333333333333, "7JQ": 0.412, "JKQ": 0.4, "9JQ": 0.6476666666666666, "2JQ": 0.421, "3JQ": 0.41533333333333333, "5JQ": 0.434, "8AQ": 0.6746666666666666, "AQQ": 0.38433333333333336, "4AQ": 0.32133333333333336, "6AQ": 0.3893333333333333, "7AQ": 0.35333333333333333, "AKQ": 0.341, "9AQ": 0.6796666666666666, "2AQ": 0.3243333333333333, "3AQ": 0.333, "5AQ": 0.347, "AAQ": 0.405, "8QQ": 0.767, "48Q": 0.7213333333333334, "68Q": 0.7043333333333334, "78Q": 0.7113333333333334, "8KQ": 0.6756666666666666, "89Q": 0.825, "28Q": 0.7343333333333333, "88Q": 0.914, "38Q": 0.7263333333333334, "58Q": 0.7193333333333334, "4QQ": 0.36766666666666664, "6QQ": 0.391, "7QQ": 0.39, "KQQ": 0.396, "9QQ": 0.759, "2QQ": 0.35633333333333334, "3QQ": 0.37066666666666664, "5QQ": 0.38333333333333336, "QQQ": 0.4196666666666667, "46Q": 0.28733333333333333, "47Q": 0.31033333333333335, "4KQ": 0.313, "49Q": 0.7186666666666667, "24Q": 0.297, "34Q": 0.281, "45Q": 0.303, "44Q": 0.3446666666666667, "67Q": 0.5143333333333333, "6KQ": 0.333, "69Q": 0.7263333333333334, "66Q": 0.36033333333333334, "26Q": 0.308, "36Q": 0.309, "56Q": 0.438, "77Q": 0.35133333333333333, "7KQ": 0.3283333333333333, "79Q": 0.7196666666666667, "27Q": 0.29533333333333334, "37Q": 0.329, "57Q": 0.42966666666666664, "9KQ": 0.6443333333333333, "2KQ": 0.30366666666666664, "3KQ": 0.32366666666666666, "5KQ": 0.336, "KKQ": 0.379, "29Q": 0.742, "39Q": 0.7243333333333334, "59Q": 0.7166666666666667, "99Q": 0.9476666666666667, "23Q": 0.309, "25Q": 0.289, "22Q": 0.332, "35Q": 0.30733333333333335, "33Q": 0.3406666666666667, "55Q": 0.3423333333333333, "AJT": 0.6036666666666667, "8JT": 0.7336666666666667, "4JT": 0.533, "6JT": 0.573, "JJT": 0.555, "7JT": 0.9176666666666666, "JKT": 0.502, "9JT": 0.6853333333333333, "2JT": 0.5193333333333333, "3JT": 0.5216666666666666, "5JT": 0.602, "JTT": 0.5596666666666666, "8AT": 0.6956666666666667, "4AT": 0.36433333333333334, "6AT": 0.5376666666666666, "7AT": 0.5416666666666666, "AKT": 0.39266666666666666, "9AT": 0.6643333333333333, "2AT": 0.358, "3AT": 0.358, "5AT": 0.48533333333333334, "AAT": 0.44, "ATT": 0.42933333333333334, "48T": 0.7276666666666667, "68T": 0.7243333333333334, "78T": 0.7363333333333333, "8KT": 0.673, "89T": 0.759, "28T": 0.7233333333333334, "88T": 0.9253333333333333, "38T": 0.715, "58T": 0.7213333333333334, "8TT": 0.76, "46T": 0.41133333333333333, "47T": 0.503, "4KT": 0.311, "49T": 0.731, "24T": 0.30433333333333334, "34T": 0.30933333333333335, "45T": 0.31466666666666665, "44T": 0.372, "4TT": 0.39466666666666667, "67T": 0.9406666666666667, "6KT": 0.4523333333333333, "69T": 0.7326666666666667, "66T": 0.44666666666666666, "26T": 0.423, "36T": 0.4186666666666667, "56T": 0.49433333333333335, "6TT": 0.4683333333333333, "77T": 0.5386666666666666, "7KT": 0.5, "79T": 0.7506666666666667, "27T": 0.513, "37T": 0.5173333333333333, "57T": 0.53, "7TT": 0.5483333333333333, "9KT": 0.643, "2KT": 0.321, "3KT": 0.3476666666666667, "5KT": 0.367, "KTT": 0.4146666666666667, "KKT": 0.408, "29T": 0.7166666666666667, "39T": 0.7076666666666667, "59T": 0.733, "9TT": 0.7423333333333333, "99T": 0.9343333333333333, "23T": 0.31133333333333335, "25T": 0.337, "2TT": 0.37866666666666665, "22T": 0.339, "35T": 0.326, "3TT": 0.397, "33T": 0.36433333333333334, "5TT": 0.41533333333333333, "55T": 0.36666666666666664, "TTT": 0.43266666666666664, "8AJ": 0.71, "4AJ": 0.3486666666666667, "6AJ": 0.487, "AJJ": 0.43033333333333335, "7AJ": 0.454, "AJK": 0.38, "9AJ": 0.661, "2AJ": 0.3403333333333333, "3AJ": 0.349, "5AJ": 0.49633333333333335, "AAJ": 0.4086666666666667, "48J": 0.7193333333333334, "68J": 0.7213333333333334, "8JJ": 0.7473333333333333, "78J": 0.731, "8JK": 0.679, "89J": 0.788, "28J": 0.7196666666666667, "88J": 0.9303333333333333, "38J": 0.7393333333333333, "58J": 0.7236666666666667, "46J": 0.318, "4JJ": 0.37133333333333335, "47J": 0.383, "4JK": 0.305, "49J": 0.733, "24J": 0.30233333333333334, "34J": 0.2846666666666667, "45J": 0.3243333333333333, "44J": 0.368, "6JJ": 0.393, "67J": 0.5086666666666667, "6JK": 0.37033333333333335, "69J": 0.716, "66J": 0.37766666666666665, "26J": 0.32566666666666666, "36J": 0.32766666666666666, "56J": 0.5133333333333333, "7JJ": 0.4686666666666667, "JJK": 0.4073333333333333, "9JJ": 0.7333333333333333, "2JJ": 0.365, "3JJ": 0.386, "5JJ": 0.4023333333333333, "JJJ": 0.43066666666666664, "77J": 0.43066666666666664, "7JK": 0.3953333333333333, "79J": 0.7453333333333333, "27J": 0.4003333333333333, "37J": 0.41233333333333333, "57J": 0.49833333333333335, "9JK": 0.6326666666666667, "2JK": 0.332, "3JK": 0.331, "5JK": 0.36666666666666664, "JKK": 0.39466666666666667, "29J": 0.7146666666666667, "39J": 0.7313333333333333, "59J": 0.718, "99J": 0.9383333333333334, "23J": 0.304, "25J": 0.32966666666666666, "22J": 0.3456666666666667, "35J": 0.349, "33J": 0.3426666666666667, "55J": 0.37633333333333335, "48A": 0.715, "68A": 0.728, "78A": 0.718, "8AK": 0.6776666666666666, "89A": 0.8573333333333333, "28A": 0.7446666666666667, "88A": 0.9413333333333334, "38A": 0.752, "58A": 0.707, "8AA": 0.7593333333333333, "46A": 0.30866666666666664, "47A": 0.296, "4AK": 0.305, "49A": 0.7436666666666667, "24A": 0.2623333333333333, "34A": 0.27666666666666667, "45A": 0.30766666666666664, "4AA": 0.35833333333333334, "44A": 0.3466666666666667, "67A": 0.5353333333333333, "6AK": 0.35833333333333334, "69A": 0.7336666666666667, "66A": 0.365, "26A": 0.35033333333333333, "36A": 0.337, "56A": 0.5166666666666667, "6AA": 0.4066666666666667, "77A": 0.368, "7AK": 0.3476666666666667, "79A": 0.7353333333333333, "27A": 0.31666666666666665, "37A": 0.324, "57A": 0.42, "7AA": 0.407, "9AK": 0.6776666666666666, "2AK": 0.31666666666666665, "3AK": 0.31733333333333336, "5AK": 0.357, "AAK": 0.38866666666666666, "AKK": 0.3903333333333333, "29A": 0.7386666666666667, "39A": 0.7286666666666667, "59A": 0.7406666666666667, "9AA": 0.76, "99A": 0.9576666666666667, "23A": 0.2843333333333333, "25A": 0.32266666666666666, "2AA": 0.3453333333333333, "22A": 0.3233333333333333, "35A": 0.3273333333333333, "3AA": 0.3873333333333333, "33A": 0.3303333333333333, "5AA": 0.38566666666666666, "55A": 0.36033333333333334, "AAA": 0.427, "468": 0.718, "478": 0.6976666666666667, "48K": 0.707, "489": 0.887, "248": 0.747, "488": 0.9463333333333334, "348": 0.7746666666666666, "458": 0.7286666666666667, "448": 0.737, "678": 0.7483333333333333, "68K": 0.7113333333333334, "689": 0.802, "668": 0.7353333333333333, "268": 0.764, "688": 0.933, "368": 0.7636666666666667, "568": 0.7376666666666667, "778": 0.746, "78K": 0.695, "789": 0.7803333333333333, "278": 0.7543333333333333, "788": 0.949, "378": 0.7653333333333333, "578": 0.7403333333333333, "89K": 0.871, "28K": 0.696, "88K": 0.9543333333333334, "38K": 0.7316666666666667, "58K": 0.7246666666666667, "8KK": 0.754, "289": 0.8846666666666667, "889": 0.9896666666666667, "389": 0.8793333333333333, "589": 0.846, "899": 0.992, "288": 0.9623333333333334, "238": 0.7793333333333333, "258": 0.7526666666666667, "228": 0.745, "388": 0.965, "588": 0.9446666666666667, "888": 0.9996666666666667, "358": 0.766, "338": 0.7343333333333333, "558": 0.7113333333333334, "467": 0.4666666666666667, "46K": 0.28633333333333333, "469": 0.7553333333333333, "466": 0.31233333333333335, "246": 0.245, "346": 0.253, "456": 0.369, "446": 0.3293333333333333, "477": 0.30266666666666664, "47K": 0.24233333333333335, "479": 0.7346666666666667, "247": 0.244, "347": 0.2753333333333333, "457": 0.36033333333333334, "447": 0.3283333333333333, "49K": 0.694, "24K": 0.232, "34K": 0.26966666666666667, "45K": 0.2836666666666667, "44K": 0.305, "4KK": 0.3426666666666667, "249": 0.7533333333333333,