{"8QT": 0.37033333333333335, "7QT": 0.30966666666666665, "9QT": 0.5863333333333334, "KQT": 0.37, "4QT": 0.2856666666666667, "2QT": 0.2833333333333333, "JQT": 0.44966666666666666, "AQT": 0.325, "6QT": 0.30033333333333334, "5QT": 0.6246666666666667, "3QT": 0.2986666666666667, "QQT": 0.38333333333333336, "QTT": 0.37866666666666665, "78T": 0.414, "89T": 0.581, "8KT": 0.312, "48T": 0.27166666666666667, "28T": 0.2846666666666667, "8JT": 0.44333333333333336, "8AT": 0.2753333333333333, "68T": 0.3476666666666667, "58T": 0.6283333333333333, "38T": 0.27366666666666667, "88T": 0.329, "8TT": 0.322, "79T": 0.6193333333333333, "7KT": 0.303, "47T": 0.276, "27T": 0.284, "7JT": 0.37333333333333335, "7AT": 0.2896666666666667, "67T": 0.3446666666666667, "57T": 0.617, "37T": 0.285, "7TT": 0.322, "77T": 0.3423333333333333, "9KT": 0.6056666666666667, "49T": 0.6923333333333334, "29T": 0.6906666666666667, "9JT": 0.5403333333333333, "99T": 0.898, "9AT": 0.6356666666666667, "69T": 0.6636666666666666, "59T": 0.8476666666666667, "39T": 0.677, "9TT": 0.7253333333333334, "4KT": 0.29, "2KT": 0.29, "JKT": 0.375, "KKT": 0.365, "AKT": 0.31833333333333336, "6KT": 0.285, "5KT": 0.617, "3KT": 0.31033333333333335, "KTT": 0.3546666666666667, "44T": 0.28833333333333333, "24T": 0.25233333333333335, "4JT": 0.30333333333333334, "4AT": 0.2866666666666667, "46T": 0.25633333333333336, "45T": 0.6476666666666666, "34T": 0.268, "4TT": 0.31233333333333335, "22T": 0.30633333333333335, "2JT": 0.30933333333333335, "2AT": 0.29, "26T": 0.25333333333333335, "25T": 0.6656666666666666, "23T": 0.271, "2TT": 0.317, "AJT": 0.314, "6JT": 0.298, "5JT": 0.62, "3JT": 0.30366666666666664, "JTT": 0.368, "JJT": 0.38, "AAT": 0.373, "6AT": 0.292, "5AT": 0.628, "3AT": 0.2833333333333333, "ATT": 0.3616666666666667, "56T": 0.6173333333333333, "66T": 0.34, "36T": 0.26266666666666666, "6TT": 0.31433333333333335, "35T": 0.663, "55T": 0.9313333333333333, "5TT": 0.6873333333333334, "3TT": 0.32466666666666666, "33T": 0.308, "TTT": 0.391, "78Q": 0.37166666666666665, "89Q": 0.6623333333333333, "8KQ": 0.31166666666666665, "48Q": 0.25133333333333335, "28Q": 0.2753333333333333, "8JQ": 0.3556666666666667, "8AQ": 0.29533333333333334, "68Q": 0.363, "58Q": 0.6203333333333333, "38Q": 0.28833333333333333, "88Q": 0.3243333333333333, "8QQ": 0.363, "79Q": 0.68, "7KQ": 0.295, "47Q": 0.251, "27Q": 0.25633333333333336, "7JQ": 0.2853333333333333, "7AQ": 0.297, "67Q": 0.37333333333333335, "57Q": 0.6063333333333333, "37Q": 0.277, "7QQ": 0.33366666666666667, "77Q": 0.30366666666666664, "9KQ": 0.633, "49Q": 0.6733333333333333, "29Q": 0.6963333333333334, "9JQ": 0.586, "99Q": 0.9043333333333333, "9AQ": 0.6553333333333333, "69Q": 0.673, "59Q": 0.8756666666666667, "39Q": 0.691, "9QQ": 0.729, "4KQ": 0.275, "2KQ": 0.2823333333333333, "JKQ": 0.368, "KKQ": 0.353, "AKQ": 0.338, "6KQ": 0.29533333333333334, "5KQ": 0.6286666666666667, "3KQ": 0.305, "KQQ": 0.3606666666666667, "44Q": 0.29, "24Q": 0.21333333333333335, "4JQ": 0.2866666666666667, "4AQ": 0.2813333333333333, "46Q": 0.21666666666666667, "45Q": 0.612, "34Q": 0.27066666666666667, "4QQ": 0.304, "22Q": 0.291, "2JQ": 0.2926666666666667, "2AQ": 0.2763333333333333, "26Q": 0.216, "25Q": 0.6473333333333333, "23Q": 0.25566666666666665, "2QQ": 0.30966666666666665, "AJQ": 0.30266666666666664, "6JQ": 0.291, "5JQ": 0.627, "3JQ": 0.28733333333333333, "JQQ": 0.35033333333333333, "JJQ": 0.353, "AAQ": 0.35033333333333333, "6AQ": 0.2876666666666667, "5AQ": 0.6253333333333333, "3AQ": 0.29233333333333333, "AQQ": 0.34933333333333333, "56Q": 0.5836666666666667, "66Q": 0.30766666666666664, "36Q": 0.26266666666666666, "6QQ": 0.32766666666666666, "35Q": 0.6603333333333333, "55Q": 0.9436666666666667, "5QQ": 0.6806666666666666, "3QQ": 0.3253333333333333, "33Q": 0.30233333333333334, "QQQ": 0.369, "789": 0.656, "78K": 0.364, "478": 0.322, "278": 0.36566666666666664, "78J": 0.37733333333333335, "78A": 0.314, "678": 0.873, "578": 0.6073333333333333, "378": 0.352, "788": 0.36933333333333335, "778": 0.392, "89K": 0.6976666666666667, "489": 0.7566666666666667, "289": 0.7406666666666667, "89J": 0.6236666666666667, "899": 0.9156666666666666, "89A": 0.6676666666666666, "689": 0.705, "589": 0.8373333333333334, "389": 0.7493333333333333, "889": 0.7136666666666667, "48K": 0.25866666666666666, "28K": 0.262, "8JK": 0.30266666666666664, "8KK": 0.307, "8AK": 0.286, "68K": 0.386, "58K": 0.633, "38K": 0.2823333333333333, "88K": 0.3406666666666667, "448": 0.26966666666666667, "248": 0.23766666666666666, "48J": 0.2783333333333333, "48A": 0.25033333333333335, "468": 0.3363333333333333, "458": 0.6323333333333333, "348": 0.24066666666666667, "488": 0.2896666666666667, "228": 0.2853333333333333, "28J": 0.27266666666666667, "28A": 0.2663333333333333, "268": 0.36733333333333335, "258": 0.6616666666666666, "238": 0.256, "288": 0.29433333333333334, "8AJ": 0.2703333333333333, "68J": 0.36966666666666664, "58J": 0.603, "38J": 0.276, "88J": 0.33066666666666666, "8JJ": 0.3466666666666667, "8AA": 0.32366666666666666, "68A": 0.35133333333333333, "58A": 0.588, "38A": 0.25433333333333336, "88A": 0.2986666666666667, "568": 0.6323333333333333, "668": 0.367, "368": 0.364, "688": 0.38233333333333336, "358": 0.6536666666666666, "588": 0.6663333333333333, "558": 0.913, "388": 0.31266666666666665, "338": 0.27, "888": 0.34, "79K": 0.7046666666666667, "479": 0.7486666666666667, "279": 0.752, "79J": 0.6383333333333333, "799": 0.924, "79A": 0.6756666666666666, "679": 0.6963333333333334, "579": 0.8383333333333334, "379": 0.7516666666666667, "779": 0.7283333333333334, "47K": 0.26866666666666666, "27K": 0.2713333333333333, "7JK": 0.287, "7KK": 0.31966666666666665, "7AK": 0.287, "67K": 0.38766666666666666, "57K": 0.619, "37K": 0.2823333333333333, "77K": 0.31433333333333335, "447": 0.2816666666666667, "247": 0.239, "47J": 0.2643333333333333, "47A": 0.24866666666666667, "467": 0.41733333333333333, "457": 0.5983333333333334, "347": 0.32066666666666666, "477": 0.2966666666666667, "227": 0.2753333333333333, "27J": 0.266, "27A": 0.252, "267": 0.34, "257": 0.6656666666666666, "237": 0.2623333333333333, "277": 0.281, "7AJ": 0.258, "67J": 0.3576666666666667, "57J": 0.5946666666666667, "37J": 0.2833333333333333, "7JJ": 0.31933333333333336, "77J": 0.32, "7AA": 0.3293333333333333, "67A": 0.36833333333333335, "57A": 0.59, "37A": 0.267, "77A": 0.313, "567": 0.5773333333333334, "667": 0.37333333333333335, "367": 0.444, "677": 0.38766666666666666, "357": 0.6323333333333333, "557": 0.905, "577": 0.6606666666666666, "377": 0.31666666666666665, "337": 0.272, "777": 0.3546666666666667, "49K": 0.721, "29K": 0.7103333333333334, "9JK": 0.6116666666666667, "99K": 0.9216666666666666, "9KK": 0.722, "9AK": 0.675, "69K": 0.703, "59K": 0.881, "39K": 0.715, "449": 0.743, "249": 0.738, "49J": 0.682, "499": 0.93, "49A": 0.7236666666666667, "469": 0.728, "459": 0.8936666666666667, "349": 0.7706666666666667, "229": 0.7343333333333333, "29J": 0.693, "299": 0.9243333333333333, "29A": 0.7356666666666667, "269": 0.7366666666666667, "259": 0.9026666666666666, "239": 0.7733333333333333, "99J": 0.92, "9AJ": 0.617, "69J": 0.6913333333333334, "59J": 0.8656666666666667, "39J": 0.685, "9JJ": 0.711, "99A": 0.939, "999": 0.9996666666666667, "699": 0.9213333333333333, "599": 0.988, "399": 0.9346666666666666, "9AA": 0.7393333333333333, "69A": 0.728, "59A": 0.8996666666666666, "39A": 0.7186666666666667, "569": 0.841, "669": 0.7316666666666667, "369": 0.746, "359": 0.8806666666666667, "559": 0.988, "339": 0.735, "44K": 0.292, "24K": 0.251, "4JK": 0.2823333333333333, "4KK": 0.314, "4AK": 0.303, "46K": 0.26466666666666666, "45K": 0.6546666666666666, "34K": 0.2946666666666667, "22K": 0.30366666666666664, "2JK": 0.307, "2KK": 0.31833333333333336, "2AK": 0.30266666666666664, "26K": 0.25766666666666665, "25K": 0.6736666666666666, "23K": 0.2936666666666667, "JKK": 0.3423333333333333, "AJK": 0.2996666666666667, "6JK": 0.2966666666666667, "5JK": 0.6133333333333333, "3JK": 0.31233333333333335, "JJK": 0.368, "AKK": 0.3423333333333333,