{"2JT": 0.4043333333333333, "JQT": 0.6863333333333334, "3JT": 0.389, "JKT": 0.551, "9JT": 0.5076666666666667, "JTT": 0.463, "JJT": 0.4523333333333333, "6JT": 0.415, "AJT": 0.49666666666666665, "5JT": 0.37633333333333335, "8JT": 0.44033333333333335, "7JT": 0.6303333333333333, "4JT": 0.4126666666666667, "2QT": 0.8053333333333333, "22T": 0.4513333333333333, "23T": 0.38666666666666666, "2KT": 0.45266666666666666, "29T": 0.4146666666666667, "2TT": 0.4663333333333333, "26T": 0.558, "2AT": 0.564, "25T": 0.382, "28T": 0.4106666666666667, "27T": 0.709, "24T": 0.3636666666666667, "3QT": 0.8096666666666666, "KQT": 0.6956666666666667, "9QT": 0.7296666666666667, "QTT": 0.7973333333333333, "6QT": 0.799, "AQT": 0.727, "5QT": 0.812, "QQT": 0.9386666666666666, "8QT": 0.7536666666666667, "7QT": 0.884, "4QT": 0.8113333333333334, "3KT": 0.402, "39T": 0.3636666666666667, "3TT": 0.43133333333333335, "36T": 0.4023333333333333, "3AT": 0.44033333333333335, "35T": 0.36333333333333334, "38T": 0.375, "37T": 0.6913333333333334, "33T": 0.42133333333333334, "34T": 0.37033333333333335, "9KT": 0.486, "KTT": 0.479, "6KT": 0.46066666666666667, "KKT": 0.5276666666666666, "AKT": 0.5683333333333334, "5KT": 0.4246666666666667, "8KT": 0.439, "7KT": 0.647, "4KT": 0.43366666666666664, "9TT": 0.45266666666666666, "99T": 0.47, "69T": 0.4623333333333333, "9AT": 0.44133333333333336, "59T": 0.366, "89T": 0.5323333333333333, "79T": 0.5876666666666667, "49T": 0.38166666666666665, "6TT": 0.4746666666666667, "ATT": 0.507, "5TT": 0.44233333333333336, "8TT": 0.4583333333333333, "7TT": 0.723, "4TT": 0.45, "TTT": 0.532, "6AT": 0.594, "56T": 0.395, "68T": 0.447, "67T": 0.671, "46T": 0.398, "66T": 0.4603333333333333, "5AT": 0.43733333333333335, "AAT": 0.524, "8AT": 0.45066666666666666, "7AT": 0.6653333333333333, "4AT": 0.438, "58T": 0.3883333333333333, "57T": 0.68, "45T": 0.37833333333333335, "55T": 0.44166666666666665, "88T": 0.4723333333333333, "78T": 0.5913333333333334, "48T": 0.3893333333333333, "47T": 0.7083333333333334, "77T": 0.9403333333333334, "44T": 0.431, "2JQ": 0.7986666666666666, "22J": 0.4236666666666667, "23J": 0.36133333333333334, "2JK": 0.4236666666666667, "29J": 0.37466666666666665, "2JJ": 0.443, "26J": 0.385, "2AJ": 0.42833333333333334, "25J": 0.36133333333333334, "28J": 0.362, "27J": 0.726, "24J": 0.37333333333333335, "3JQ": 0.8073333333333333, "JKQ": 0.7066666666666667, "9JQ": 0.7373333333333333, "JJQ": 0.8026666666666666, "6JQ": 0.805, "AJQ": 0.7433333333333333, "5JQ": 0.7993333333333333, "JQQ": 0.9346666666666666, "8JQ": 0.759, "7JQ": 0.902, "4JQ": 0.8113333333333334, "3JK": 0.422, "39J": 0.3586666666666667, "3JJ": 0.4246666666666667, "36J": 0.37933333333333336, "3AJ": 0.43633333333333335, "35J": 0.364, "38J": 0.369, "37J": 0.68, "33J": 0.4246666666666667, "34J": 0.4013333333333333, "9JK": 0.475, "JJK": 0.495, "6JK": 0.436, "JKK": 0.5376666666666666, "AJK": 0.521, "5JK": 0.40066666666666667, "8JK": 0.4186666666666667, "7JK": 0.64, "4JK": 0.46166666666666667, "99J": 0.44233333333333336, "9JJ": 0.43266666666666664, "69J": 0.37733333333333335, "9AJ": 0.431, "59J": 0.38033333333333336, "89J": 0.44433333333333336, "79J": 0.6196666666666667, "49J": 0.404, "JJJ": 0.544, "6JJ": 0.45, "AJJ": 0.5133333333333333, "5JJ": 0.44266666666666665, "8JJ": 0.4513333333333333, "7JJ": 0.7036666666666667, "4JJ": 0.4563333333333333, "6AJ": 0.44666666666666666, "56J": 0.3873333333333333, "68J": 0.38533333333333336, "67J": 0.6826666666666666, "46J": 0.39766666666666667, "66J": 0.44866666666666666, "5AJ": 0.42433333333333334, "AAJ": 0.5283333333333333, "8AJ": 0.44166666666666665, "7AJ": 0.6703333333333333, "4AJ": 0.43733333333333335, "58J": 0.384, "57J": 0.6826666666666666, "45J": 0.39866666666666667, "55J": 0.43333333333333335, "88J": 0.43833333333333335, "78J": 0.628, "48J": 0.3933333333333333, "47J": 0.7056666666666667, "77J": 0.9453333333333334, "44J": 0.453, "22Q": 0.7893333333333333, "23Q": 0.829, "2KQ": 0.7786666666666666, "29Q": 0.8193333333333334, "26Q": 0.8293333333333334, "2AQ": 0.774, "25Q": 0.8243333333333334, "2QQ": 0.9483333333333334, "28Q": 0.8126666666666666, "27Q": 0.936, "24Q": 0.826, "222": 0.5226666666666666, "223": 0.434, "22K": 0.494, "229": 0.4226666666666667, "226": 0.44266666666666665, "22A": 0.493, "225": 0.42233333333333334, "228": 0.4106666666666667, "227": 0.7446666666666667, "224": 0.42833333333333334, "23K": 0.4096666666666667, "239": 0.342, "236": 0.377, "23A": 0.43833333333333335, "235": 0.346, "238": 0.37333333333333335, "237": 0.7546666666666667, "233": 0.435, "234": 0.35333333333333333, "29K": 0.4083333333333333, "26K": 0.432, "2KK": 0.5373333333333333, "2AK": 0.48933333333333334, "25K": 0.4083333333333333, "28K": 0.41333333333333333, "27K": 0.701, "24K": 0.4206666666666667, "299": 0.466, "269": 0.408, "29A": 0.42533333333333334, "259": 0.35233333333333333, "289": 0.37366666666666665, "279": 0.6773333333333333, "249": 0.38133333333333336, "26A": 0.574, "256": 0.39166666666666666, "268": 0.42033333333333334, "267": 0.7463333333333333, "246": 0.365, "266": 0.448, "25A": 0.44, "2AA": 0.5323333333333333, "28A": 0.44433333333333336, "27A": 0.754, "24A": 0.436, "258": 0.37133333333333335, "257": 0.73, "245": 0.369, "255": 0.422, "288": 0.45766666666666667, "278": 0.693, "248": 0.37666666666666665, "247": 0.7763333333333333, "277": 0.969, "244": 0.44733333333333336, "3KQ": 0.743, "39Q": 0.7946666666666666, "36Q": 0.8066666666666666, "3AQ": 0.7893333333333333, "35Q": 0.8006666666666666, "3QQ": 0.932, "38Q": 0.798, "37Q": 0.904, "33Q": 0.7763333333333333, "34Q": 0.8216666666666667, "9KQ": 0.723, "6KQ": 0.765, "KKQ": 0.8166666666666667, "AKQ": 0.6943333333333334, "5KQ": 0.7533333333333333, "KQQ": 0.916, "8KQ": 0.7466666666666667, "7KQ": 0.88, "4KQ": 0.7593333333333333, "99Q": 0.809, "69Q": 0.8103333333333333, "9AQ": 0.7693333333333333, "59Q": 0.7806666666666666, "9QQ": 0.909, "89Q": 0.7456666666666667, "79Q": 0.871, "49Q": 0.8173333333333334, "6AQ": 0.7673333333333333, "56Q": 0.808, "6QQ": 0.9596666666666667, "68Q": 0.7923333333333333, "67Q": 0.909, "46Q": 0.817, "66Q": 0.7883333333333333, "5AQ": 0.7603333333333333, "AQQ": 0.9336666666666666, "AAQ": 0.8306666666666667, "8AQ": 0.7483333333333333, "7AQ": 0.9126666666666666, "4AQ": 0.766, "5QQ": 0.928, "58Q": 0.7846666666666666, "57Q": 0.8893333333333333, "45Q": 0.831, "55Q": 0.791, "8QQ": 0.928, "7QQ": 0.9886666666666667, "4QQ": 0.9606666666666667, "QQQ": 1.0, "88Q": 0.7886666666666666, "78Q": 0.8743333333333333, "48Q": 0.783, "47Q": 0.911, "77Q": 0.9913333333333333, "44Q": 0.7786666666666666, "39K": 0.36466666666666664, "36K": 0.3983333333333333, "3KK": 0.4866666666666667, "3AK": 0.466, "35K": 0.3526666666666667, "38K": 0.41, "37K": 0.611, "33K": 0.468, "34K": 0.41433333333333333, "399": 0.408, "369": 0.354, "39A": 0.3963333333333333, "359": 0.3253333333333333, "389": 0.37866666666666665, "379": 0.583, "339": 0.409, "349": 0.3463333333333333, "36A": 0.46, "356": 0.45366666666666666, "368": 0.38966666666666666, "367": 0.6856666666666666, "336": 0.44, "346": 0.44533333333333336, "366": 0.42866666666666664, "35A": 0.39766666666666667, "3AA": 0.5216666666666666, "38A": 0.42333333333333334, "37A": 0.688, "33A": 0.494, "34A": 0.42733333333333334, "358": 0.369, "357": 0.6143333333333333, "335": 0.42533333333333334, "345": 0.4053333333333333, "355": 0.413, "388": 0.453, "378": 0.6883333333333334, "338": 0.41933333333333334, "348": 0.36933333333333335, "337": 0.7156666666666667, "347": 0.6866666666666666, "377": 0.9296666666666666, "333": 0.5283333333333333, "334": 0.44366666666666665, "344": 0.43933333333333335, "99K": 0.47933333333333333, "69K": 0.4106666666666667, "9KK": 0.49866666666666665, "9AK": 0.4533333333333333, "59K": 0.36033333333333334, "89K": 0.42933333333333334, "79K": 0.5413333333333333, "49K": 0.3993333333333333, "6KK": 0.5283333333333333, "6AK": 0.49766666666666665, "56K": 0.406, "68K": 0.428, "67K": 0.66, "46K": 0.4206666666666667, "66K": 0.47933333333333333, "AKK": 0.6103333333333333, "KKK": 0.6113333333333333,