{"3AK": 0.557, "3AT": 0.5343333333333333, "39A": 0.534, "37A": 0.544, "3AA": 0.608, "34A": 0.859, "33A": 0.9423333333333334, "3AJ": 0.5286666666666666, "23A": 0.6246666666666667, "36A": 0.5396666666666666, "38A": 0.542, "3AQ": 0.5593333333333333, "35A": 0.551, "AKT": 0.12866666666666668, "9AK": 0.13233333333333333, "7AK": 0.15133333333333332, "AAK": 0.154, "4AK": 0.5596666666666666, "AJK": 0.13433333333333333, "2AK": 0.16866666666666666, "6AK": 0.16233333333333333, "AKK": 0.14833333333333334, "8AK": 0.12933333333333333, "AKQ": 0.13966666666666666, "5AK": 0.16333333333333333, "9AT": 0.12433333333333334, "7AT": 0.13933333333333334, "AAT": 0.149, "4AT": 0.5786666666666667, "AJT": 0.12566666666666668, "2AT": 0.16233333333333333, "6AT": 0.15433333333333332, "ATT": 0.14433333333333334, "8AT": 0.13133333333333333, "AQT": 0.13566666666666666, "5AT": 0.15533333333333332, "99A": 0.147, "79A": 0.114, "9AA": 0.15466666666666667, "49A": 0.5506666666666666, "9AJ": 0.129, "29A": 0.14733333333333334, "69A": 0.12766666666666668, "89A": 0.09, "9AQ": 0.12766666666666668, "59A": 0.12966666666666668, "7AA": 0.152, "77A": 0.16233333333333333, "47A": 0.5446666666666666, "7AJ": 0.14333333333333334, "27A": 0.14833333333333334, "67A": 0.21533333333333332, "78A": 0.111, "7AQ": 0.14566666666666667, "57A": 0.21233333333333335, "4AA": 0.6113333333333333, "AAJ": 0.16433333333333333, "2AA": 0.20166666666666666, "6AA": 0.184, "8AA": 0.15366666666666667, "AAQ": 0.16133333333333333, "AAA": 0.19866666666666666, "5AA": 0.181, "4AJ": 0.563, "24A": 0.6266666666666667, "46A": 0.532, "48A": 0.53, "4AQ": 0.5473333333333333, "44A": 0.9316666666666666, "45A": 0.5496666666666666, "2AJ": 0.16566666666666666, "6AJ": 0.17433333333333334, "8AJ": 0.124, "AJQ": 0.13666666666666666, "AJJ": 0.166, "5AJ": 0.16366666666666665, "26A": 0.261, "28A": 0.138, "2AQ": 0.15266666666666667, "25A": 0.2773333333333333, "22A": 0.16133333333333333, "68A": 0.12466666666666666, "6AQ": 0.15666666666666668, "66A": 0.17266666666666666, "56A": 0.32266666666666666, "8AQ": 0.13766666666666666, "88A": 0.14766666666666667, "58A": 0.12833333333333333, "AQQ": 0.16366666666666665, "5AQ": 0.16, "55A": 0.16866666666666666, "3KT": 0.4493333333333333, "39K": 0.535, "37K": 0.5543333333333333, "34K": 0.8326666666666667, "33K": 0.9136666666666666, "3JK": 0.43533333333333335, "23K": 0.593, "36K": 0.5536666666666666, "3KK": 0.5706666666666667, "38K": 0.563, "3KQ": 0.534, "35K": 0.5363333333333333, "39T": 0.5156666666666667, "37T": 0.533, "34T": 0.83, "33T": 0.9063333333333333, "3JT": 0.42233333333333334, "23T": 0.5876666666666667, "36T": 0.5576666666666666, "3TT": 0.558, "38T": 0.516, "3QT": 0.5276666666666666, "35T": 0.5433333333333333, "399": 0.5813333333333334, "379": 0.5096666666666667, "349": 0.8613333333333333, "339": 0.929, "39J": 0.514, "239": 0.6083333333333333, "369": 0.536, "389": 0.5033333333333333, "39Q": 0.5576666666666666, "359": 0.5303333333333333, "377": 0.5926666666666667, "347": 0.822, "337": 0.9303333333333333, "37J": 0.529, "237": 0.6066666666666667, "367": 0.5606666666666666, "378": 0.5096666666666667, "37Q": 0.5633333333333334, "357": 0.5466666666666666, "334": 0.9783333333333334, "34J": 0.8256666666666667, "234": 0.8296666666666667, "346": 0.7663333333333333, "348": 0.8653333333333333, "34Q": 0.8683333333333333, "344": 0.9816666666666667, "345": 0.7633333333333333, "33J": 0.915, "233": 0.9413333333333334, "336": 0.9246666666666666, "338": 0.9246666666666666, "33Q": 0.9143333333333333, "333": 1.0, "335": 0.9266666666666666, "23J": 0.5933333333333334, "36J": 0.547, "38J": 0.522, "3JQ": 0.5413333333333333, "3JJ": 0.569, "35J": 0.5643333333333334, "236": 0.643, "238": 0.62, "23Q": 0.6076666666666667, "235": 0.6523333333333333, "223": 0.624, "368": 0.527, "36Q": 0.5643333333333334, "366": 0.596, "356": 0.5826666666666667, "38Q": 0.5653333333333334, "388": 0.5926666666666667, "358": 0.5473333333333333, "3QQ": 0.554, "35Q": 0.563, "355": 0.5906666666666667, "9KT": 0.121, "7KT": 0.14566666666666667, "4KT": 0.545, "JKT": 0.085, "2KT": 0.15933333333333333, "6KT": 0.162, "KTT": 0.15133333333333332, "KKT": 0.148, "8KT": 0.134, "KQT": 0.12266666666666666, "5KT": 0.17166666666666666, "99K": 0.15366666666666667, "79K": 0.13966666666666666, "49K": 0.5786666666666667, "9JK": 0.11466666666666667, "29K": 0.15633333333333332, "69K": 0.15833333333333333, "9KK": 0.16033333333333333, "89K": 0.12966666666666668, "9KQ": 0.145, "59K": 0.16533333333333333, "77K": 0.176, "47K": 0.5596666666666666, "7JK": 0.13866666666666666, "27K": 0.161, "67K": 0.24266666666666667, "7KK": 0.182, "78K": 0.13466666666666666, "7KQ": 0.153, "57K": 0.24566666666666667, "4JK": 0.5263333333333333, "24K": 0.6246666666666667, "46K": 0.5476666666666666, "4KK": 0.589, "48K": 0.565, "4KQ": 0.5546666666666666, "44K": 0.904, "45K": 0.5673333333333334, "2JK": 0.15666666666666668, "6JK": 0.16166666666666665, "JKK": 0.15566666666666668, "8JK": 0.13166666666666665, "JKQ": 0.11333333333333333, "JJK": 0.14833333333333334, "5JK": 0.15233333333333332, "26K": 0.2816666666666667, "2KK": 0.20066666666666666, "28K": 0.162, "2KQ": 0.16166666666666665, "25K": 0.29533333333333334, "22K": 0.16466666666666666, "6KK": 0.18433333333333332, "68K": 0.159, "6KQ": 0.16066666666666668, "66K": 0.183, "56K": 0.38466666666666666, "8KK": 0.147, "KKQ": 0.16733333333333333, "KKK": 0.19433333333333333, "5KK": 0.17966666666666667, "8KQ": 0.14466666666666667, "88K": 0.16133333333333333, "58K": 0.15566666666666668, "KQQ": 0.142, "5KQ": 0.168, "55K": 0.17, "99T": 0.15266666666666667, "79T": 0.14166666666666666, "49T": 0.5316666666666666, "9JT": 0.10866666666666666, "29T": 0.15166666666666667, "69T": 0.151, "9TT": 0.148, "89T": 0.11233333333333333, "9QT": 0.123, "59T": 0.14133333333333334, "77T": 0.174, "47T": 0.5503333333333333, "7JT": 0.14266666666666666, "27T": 0.16266666666666665, "67T": 0.26266666666666666, "7TT": 0.17466666666666666, "78T": 0.13133333333333333, "7QT": 0.14966666666666667, "57T": 0.26466666666666666, "4JT": 0.5296666666666666, "24T": 0.6273333333333333, "46T": 0.5616666666666666, "4TT": 0.6013333333333334, "48T": 0.5333333333333333, "4QT": 0.5466666666666666, "44T": 0.903, "45T": 0.5523333333333333, "2JT": 0.14933333333333335, "6JT": 0.15233333333333332, "JTT": 0.155, "8JT": 0.12366666666666666, "JQT": 0.10766666666666666, "JJT": 0.14533333333333334, "5JT": 0.16866666666666666, "26T": 0.2836666666666667, "2TT": 0.186, "28T": 0.14633333333333334, "2QT": 0.16433333333333333, "25T": 0.2806666666666667, "22T": 0.16333333333333333, "6TT": 0.173, "68T": 0.149, "6QT": 0.15966666666666668, "66T": 0.182, "56T": 0.394, "8TT": 0.14866666666666667, "QTT": 0.17366666666666666, "5TT": 0.179, "TTT": 0.19533333333333333, "8QT": 0.13133333333333333, "88T": 0.155, "58T": 0.14166666666666666, "QQT": 0.149, "5QT": 0.16866666666666666, "55T": 0.19033333333333333, "799": 0.156, "499": 0.593, "99J": 0.15633333333333332, "299": 0.19, "699": 0.16533333333333333, "999": 0.17866666666666667, "899": 0.13966666666666666, "99Q": 0.194, "599": 0.177, "779": 0.13833333333333334, "479": 0.5273333333333333, "79J": 0.13533333333333333, "279": 0.147, "679": 0.17533333333333334, "789": 0.09633333333333334, "79Q": 0.13866666666666666, "579": 0.19233333333333333, "49J": 0.5433333333333333, "249": 0.6226666666666667, "469": 0.531, "489": 0.49766666666666665, "49Q": 0.561, "449": 0.922, "459": 0.536, "29J": 0.151, "69J": 0.15533333333333332, "89J": 0.12, "9JQ": 0.12166666666666667, "9JJ": 0.14466666666666667, "59J": 0.14833333333333334, "269": 0.281, "289": 0.144, "29Q": 0.15366666666666667, "259": 0.26566666666666666, "229": 0.153, "689": 0.105, "69Q": 0.154, "669": 0.164, "569": 0.2976666666666667, "89Q": 0.128, "889": 0.13666666666666666, "589": 0.11, "9QQ": 0.14966666666666667, "59Q": 0.14566666666666667, "559": 0.17166666666666666, "477": 0.5863333333333334, "77J": 0.179, "277": 0.18366666666666667, "677": 0.2776666666666667, "778": 0.15833333333333333, "77Q": 0.18266666666666667, "577": 0.263,