{"6AK": 0.215, "3AK": 0.20533333333333334, "AKK": 0.25033333333333335, "AKT": 0.35733333333333334, "5AK": 0.20233333333333334, "8AK": 0.23066666666666666, "AJK": 0.36733333333333335, "9AK": 0.23266666666666666, "2AK": 0.567, "7AK": 0.602, "AKQ": 0.221, "4AK": 0.3506666666666667, "AAK": 0.22933333333333333, "36A": 0.17566666666666667, "6AT": 0.20766666666666667, "56A": 0.19333333333333333, "68A": 0.20866666666666667, "6AJ": 0.207, "69A": 0.19866666666666666, "26A": 0.5396666666666666, "66A": 0.20066666666666666, "67A": 0.614, "6AQ": 0.19, "46A": 0.195, "6AA": 0.206, "3AT": 0.20133333333333334, "33A": 0.19633333333333333, "35A": 0.17166666666666666, "38A": 0.17066666666666666, "3AJ": 0.192, "39A": 0.18466666666666667, "23A": 0.5523333333333333, "37A": 0.656, "3AQ": 0.214, "34A": 0.19433333333333333, "3AA": 0.20366666666666666, "5AT": 0.203, "8AT": 0.23633333333333334, "ATT": 0.24466666666666667, "AJT": 0.3546666666666667, "9AT": 0.22666666666666666, "2AT": 0.561, "7AT": 0.6, "AQT": 0.23366666666666666, "4AT": 0.3463333333333333, "AAT": 0.24433333333333335, "55A": 0.19233333333333333, "58A": 0.19366666666666665, "5AJ": 0.203, "59A": 0.2, "25A": 0.5733333333333334, "57A": 0.6493333333333333, "5AQ": 0.19166666666666668, "45A": 0.205, "5AA": 0.20033333333333334, "8AJ": 0.23833333333333334, "89A": 0.22166666666666668, "28A": 0.5523333333333333, "88A": 0.251, "78A": 0.5696666666666667, "8AQ": 0.19333333333333333, "48A": 0.21666666666666667, "8AA": 0.225, "9AJ": 0.22433333333333333, "2AJ": 0.5476666666666666, "7AJ": 0.6243333333333333, "AJQ": 0.222, "AJJ": 0.25033333333333335, "4AJ": 0.3473333333333333, "AAJ": 0.24866666666666667, "29A": 0.5553333333333333, "79A": 0.5693333333333334, "99A": 0.23033333333333333, "9AQ": 0.206, "49A": 0.21333333333333335, "9AA": 0.21233333333333335, "22A": 0.9476666666666667, "27A": 0.8786666666666667, "2AQ": 0.552, "24A": 0.5553333333333333, "2AA": 0.565, "77A": 0.9306666666666666, "7AQ": 0.603, "47A": 0.642, "7AA": 0.6313333333333333, "AQQ": 0.22866666666666666, "4AQ": 0.20333333333333334, "AAQ": 0.23866666666666667, "4AA": 0.22066666666666668, "44A": 0.20833333333333334, "AAA": 0.25933333333333336, "36K": 0.169, "6KK": 0.202, "6KT": 0.213, "56K": 0.182, "68K": 0.195, "6JK": 0.20566666666666666, "69K": 0.19433333333333333, "26K": 0.5483333333333333, "66K": 0.18966666666666668, "67K": 0.6126666666666667, "6KQ": 0.184, "46K": 0.19066666666666668, "3KK": 0.24, "3KT": 0.21133333333333335, "33K": 0.199, "35K": 0.16733333333333333, "38K": 0.17033333333333334, "3JK": 0.211, "39K": 0.17466666666666666, "23K": 0.5603333333333333, "37K": 0.6733333333333333, "3KQ": 0.203, "34K": 0.20866666666666667, "KKT": 0.23666666666666666, "5KK": 0.21133333333333335, "8KK": 0.22, "JKK": 0.23833333333333334, "9KK": 0.232, "2KK": 0.606, "7KK": 0.6793333333333333, "KKQ": 0.247, "4KK": 0.21466666666666667, "KKK": 0.26466666666666666, "5KT": 0.20933333333333334, "8KT": 0.24933333333333332, "KTT": 0.25033333333333335, "JKT": 0.366, "9KT": 0.23333333333333334, "2KT": 0.554, "7KT": 0.5666666666666667, "KQT": 0.20033333333333334, "4KT": 0.3526666666666667, "55K": 0.199, "58K": 0.206, "5JK": 0.207, "59K": 0.19766666666666666, "25K": 0.5536666666666666, "57K": 0.633, "5KQ": 0.18333333333333332, "45K": 0.20266666666666666, "8JK": 0.232, "89K": 0.21633333333333332, "28K": 0.554, "88K": 0.22266666666666668, "78K": 0.537, "8KQ": 0.19933333333333333, "48K": 0.21866666666666668, "9JK": 0.227, "2JK": 0.555, "7JK": 0.5993333333333334, "JKQ": 0.216, "JJK": 0.23966666666666667, "4JK": 0.338, "29K": 0.5386666666666666, "79K": 0.5616666666666666, "99K": 0.227, "9KQ": 0.201, "49K": 0.19133333333333333, "22K": 0.9423333333333334, "27K": 0.8663333333333333, "2KQ": 0.557, "24K": 0.548, "77K": 0.9253333333333333, "7KQ": 0.5933333333333334, "47K": 0.661, "KQQ": 0.222, "4KQ": 0.20266666666666666, "44K": 0.205, "36T": 0.18533333333333332, "336": 0.177, "356": 0.249, "368": 0.18233333333333332, "36J": 0.164, "369": 0.175, "236": 0.5123333333333333, "366": 0.177, "367": 0.638, "36Q": 0.18866666666666668, "346": 0.244, "56T": 0.18766666666666668, "68T": 0.277, "6TT": 0.19433333333333333, "6JT": 0.19933333333333333, "69T": 0.2703333333333333, "26T": 0.529, "66T": 0.20666666666666667, "67T": 0.5876666666666667, "6QT": 0.194, "46T": 0.205, "556": 0.20466666666666666, "568": 0.355, "56J": 0.181, "569": 0.26266666666666666, "256": 0.5163333333333333, "566": 0.18033333333333335, "567": 0.555, "56Q": 0.186, "456": 0.3383333333333333, "68J": 0.201, "689": 0.30333333333333334, "268": 0.449, "668": 0.211, "688": 0.228, "678": 0.42233333333333334, "68Q": 0.20333333333333334, "468": 0.2643333333333333, "69J": 0.20366666666666666, "26J": 0.5413333333333333, "66J": 0.20033333333333334, "67J": 0.6153333333333333, "6JQ": 0.178, "6JJ": 0.21033333333333334, "46J": 0.21666666666666667, "269": 0.4663333333333333, "669": 0.2, "679": 0.45, "699": 0.215, "69Q": 0.191, "469": 0.174, "226": 0.9123333333333333, "266": 0.5556666666666666, "267": 0.7143333333333334, "26Q": 0.5443333333333333, "246": 0.505, "667": 0.6436666666666667, "66Q": 0.19933333333333333, "666": 0.23433333333333334, "466": 0.19933333333333333, "677": 0.8893333333333333, "67Q": 0.6236666666666667, "467": 0.5833333333333334, "6QQ": 0.215, "46Q": 0.18266666666666667, "446": 0.167, "33T": 0.20066666666666666, "35T": 0.17533333333333334, "38T": 0.18966666666666668, "3TT": 0.207, "3JT": 0.20933333333333334, "39T": 0.208, "23T": 0.576, "37T": 0.6426666666666667, "3QT": 0.205, "34T": 0.194, "335": 0.18166666666666667, "338": 0.19966666666666666, "33J": 0.199, "339": 0.18266666666666667, "233": 0.575, "333": 0.24733333333333332, "337": 0.6546666666666666, "33Q": 0.221, "334": 0.188, "355": 0.20833333333333334, "358": 0.191, "35J": 0.17266666666666666, "359": 0.17766666666666667, "235": 0.5136666666666667, "357": 0.658, "35Q": 0.20233333333333334, "345": 0.25266666666666665, "38J": 0.19433333333333333, "389": 0.20766666666666667, "238": 0.5476666666666666, "388": 0.213, "378": 0.61, "38Q": 0.21133333333333335, "348": 0.16766666666666666, "39J": 0.18966666666666668, "23J": 0.5486666666666666, "37J": 0.6403333333333333, "3JQ": 0.198, "3JJ": 0.2, "34J": 0.19533333333333333, "239": 0.5256666666666666, "379": 0.611, "399": 0.22866666666666666, "39Q": 0.2, "349": 0.172, "223": 0.93, "237": 0.8666666666666667, "23Q": 0.5586666666666666, "234": 0.5396666666666666, "377": 0.9286666666666666, "37Q": 0.6596666666666666, "347": 0.6626666666666666, "3QQ": 0.226, "34Q": 0.20433333333333334, "344": 0.179, "55T": 0.21133333333333335, "58T": 0.207, "5TT": 0.203, "5JT": 0.21033333333333334, "59T": 0.201, "25T": 0.549, "57T": 0.6483333333333333, "5QT": 0.19866666666666666, "45T": 0.20433333333333334, "8TT": 0.23866666666666667, "8JT": 0.2946666666666667, "89T": 0.3396666666666667, "28T": 0.5486666666666666, "88T": 0.22566666666666665, "78T": 0.5173333333333333, "8QT": 0.21166666666666667, "48T": 0.222, "JTT": 0.25133333333333335, "9TT": 0.22566666666666665, "2TT": 0.578, "7TT": 0.6453333333333333, "QTT": 0.22233333333333333, "4TT": 0.233, "TTT": 0.26366666666666666, "9JT": 0.2793333333333333, "2JT": 0.5453333333333333, "7JT": 0.5633333333333334, "JQT": 0.20933333333333334, "JJT": 0.25433333333333336, "4JT": 0.3446666666666667, "29T": 0.5333333333333333, "79T": 0.504, "99T": 0.237, "9QT": 0.20066666666666666, "49T": 0.21633333333333332, "22T": 0.941, "27T": 0.846, "2QT": 0.5446666666666666, "24T": 0.5593333333333333, "77T": 0.9, "7QT": 0.5833333333333334, "47T": 0.6236666666666667, "QQT": 0.22266666666666668, "4QT": 0.201, "44T": 0.219, "558": 0.20333333333333334, "55J": 0.195, "559": 0.209, "255": 0.5736666666666667, "555": 0.227, "557": 0.6553333333333333, "55Q": 0.21066666666666667, "455": 0.188, "58J": 0.205, "589": 0.2783333333333333, "258": 0.5383333333333333, "588": 0.235, "578": 0.5316666666666666, "58Q": 0.199, "458": 0.273, "59J": 0.2, "25J": 0.555, "57J": 0.6196666666666667, "5JQ": 0.177, "5JJ": 0.20866666666666667, "45J": 0.19566666666666666,