{"6QQ": 0.22466666666666665, "KQQ": 0.257, "3QQ": 0.235, "7QQ": 0.21766666666666667, "4QQ": 0.2803333333333333, "QQT": 0.26066666666666666, "JQQ": 0.26066666666666666, "9QQ": 0.27566666666666667, "QQQ": 0.31033333333333335, "AQQ": 0.265, "8QQ": 0.6826666666666666, "2QQ": 0.5786666666666667, "5QQ": 0.217, "6KQ": 0.20166666666666666, "36Q": 0.17633333333333334, "67Q": 0.173, "46Q": 0.22966666666666666, "6QT": 0.18433333333333332, "6JQ": 0.203, "69Q": 0.22966666666666666, "6AQ": 0.207, "68Q": 0.625, "26Q": 0.5463333333333333, "66Q": 0.25566666666666665, "56Q": 0.16966666666666666, "3KQ": 0.20766666666666667, "KKQ": 0.2633333333333333, "7KQ": 0.189, "4KQ": 0.26033333333333336, "KQT": 0.22166666666666668, "JKQ": 0.236, "9KQ": 0.23333333333333334, "AKQ": 0.23833333333333334, "8KQ": 0.621, "2KQ": 0.5363333333333333, "5KQ": 0.21833333333333332, "37Q": 0.17466666666666666, "34Q": 0.24233333333333335, "3QT": 0.20366666666666666, "3JQ": 0.22433333333333333, "39Q": 0.20433333333333334, "33Q": 0.22133333333333333, "3AQ": 0.22533333333333333, "38Q": 0.6873333333333334, "23Q": 0.5473333333333333, "35Q": 0.179, "47Q": 0.214, "7QT": 0.176, "7JQ": 0.21266666666666667, "79Q": 0.22366666666666668, "7AQ": 0.20733333333333334, "77Q": 0.238, "78Q": 0.632, "27Q": 0.5446666666666666, "57Q": 0.164, "4QT": 0.23966666666666667, "4JQ": 0.25166666666666665, "49Q": 0.26666666666666666, "4AQ": 0.25833333333333336, "48Q": 0.6776666666666666, "24Q": 0.5893333333333334, "44Q": 0.25366666666666665, "45Q": 0.23733333333333334, "JQT": 0.2693333333333333, "9QT": 0.2906666666666667, "AQT": 0.22833333333333333, "8QT": 0.5546666666666666, "QTT": 0.2916666666666667, "2QT": 0.5406666666666666, "5QT": 0.163, "9JQ": 0.2876666666666667, "AJQ": 0.24333333333333335, "8JQ": 0.539, "2JQ": 0.546, "JJQ": 0.2906666666666667, "5JQ": 0.20566666666666666, "9AQ": 0.24533333333333332, "89Q": 0.5416666666666666, "29Q": 0.5526666666666666, "99Q": 0.32033333333333336, "59Q": 0.218, "AAQ": 0.2673333333333333, "8AQ": 0.5816666666666667, "2AQ": 0.5643333333333334, "5AQ": 0.20466666666666666, "28Q": 0.8806666666666667, "58Q": 0.646, "88Q": 0.9166666666666666, "25Q": 0.5376666666666666, "22Q": 0.9416666666666667, "55Q": 0.22333333333333333, "36K": 0.17066666666666666, "6KK": 0.23633333333333334, "67K": 0.20366666666666666, "46K": 0.247, "6KT": 0.21466666666666667, "6JK": 0.21233333333333335, "69K": 0.23333333333333334, "6AK": 0.22033333333333333, "68K": 0.6523333333333333, "26K": 0.5503333333333333, "66K": 0.2673333333333333, "56K": 0.192, "367": 0.17933333333333334, "346": 0.29333333333333333, "36T": 0.176, "36J": 0.19366666666666665, "369": 0.20866666666666667, "336": 0.18966666666666668, "36A": 0.188, "368": 0.6993333333333334, "236": 0.49733333333333335, "366": 0.23966666666666667, "356": 0.23566666666666666, "467": 0.29233333333333333, "67T": 0.24366666666666667, "67J": 0.20633333333333334, "679": 0.37033333333333335, "67A": 0.198, "677": 0.25566666666666665, "678": 0.561, "267": 0.553, "667": 0.249, "567": 0.2976666666666667, "46T": 0.226, "46J": 0.23733333333333334, "469": 0.247, "46A": 0.24066666666666667, "468": 0.696, "246": 0.5316666666666666, "466": 0.471, "446": 0.23866666666666667, "456": 0.35, "6JT": 0.22033333333333333, "69T": 0.31166666666666665, "6AT": 0.22266666666666668, "68T": 0.6013333333333334, "6TT": 0.263, "26T": 0.5466666666666666, "66T": 0.24666666666666667, "56T": 0.17933333333333334, "69J": 0.228, "6AJ": 0.21966666666666668, "68J": 0.6226666666666667, "26J": 0.5533333333333333, "6JJ": 0.2763333333333333, "66J": 0.25433333333333336, "56J": 0.20666666666666667, "69A": 0.224, "689": 0.532, "269": 0.556, "669": 0.27366666666666667, "699": 0.30033333333333334, "569": 0.2723333333333333, "6AA": 0.25166666666666665, "68A": 0.6363333333333333, "26A": 0.5536666666666666, "66A": 0.24666666666666667, "56A": 0.20666666666666667, "268": 0.8576666666666667, "668": 0.686, "568": 0.612, "688": 0.919, "266": 0.6013333333333334, "256": 0.5056666666666667, "226": 0.9326666666666666, "666": 0.2843333333333333, "566": 0.24333333333333335, "556": 0.216, "3KK": 0.22766666666666666, "37K": 0.173, "34K": 0.21566666666666667, "3KT": 0.198, "3JK": 0.20866666666666667, "39K": 0.19466666666666665, "33K": 0.23, "3AK": 0.20133333333333334, "38K": 0.6713333333333333, "23K": 0.46066666666666667, "35K": 0.17433333333333334, "7KK": 0.22666666666666666, "4KK": 0.2866666666666667, "KKT": 0.25166666666666665, "JKK": 0.2826666666666667, "9KK": 0.25966666666666666, "AKK": 0.259, "8KK": 0.685, "2KK": 0.6066666666666667, "KKK": 0.308, "5KK": 0.232, "47K": 0.228, "7KT": 0.213, "7JK": 0.20766666666666667, "79K": 0.237, "7AK": 0.225, "77K": 0.27566666666666667, "78K": 0.6596666666666666, "27K": 0.5406666666666666, "57K": 0.19, "4KT": 0.247, "4JK": 0.246, "49K": 0.24733333333333332, "4AK": 0.24666666666666667, "48K": 0.6713333333333333, "24K": 0.5553333333333333, "44K": 0.25233333333333335, "45K": 0.235, "JKT": 0.23366666666666666, "9KT": 0.262, "AKT": 0.25033333333333335, "8KT": 0.6186666666666667, "KTT": 0.29633333333333334, "2KT": 0.5276666666666666, "5KT": 0.20666666666666667, "9JK": 0.23033333333333333, "AJK": 0.24, "8JK": 0.5956666666666667, "2JK": 0.5473333333333333, "JJK": 0.30266666666666664, "5JK": 0.21033333333333334, "9AK": 0.239, "89K": 0.5843333333333334, "29K": 0.5263333333333333, "99K": 0.31966666666666665, "59K": 0.22366666666666668, "AAK": 0.2753333333333333, "8AK": 0.6143333333333333, "2AK": 0.5476666666666666, "5AK": 0.22533333333333333, "28K": 0.868, "58K": 0.6686666666666666, "88K": 0.9073333333333333, "25K": 0.546, "22K": 0.918, "55K": 0.21133333333333335, "347": 0.20133333333333334, "37T": 0.17933333333333334, "37J": 0.202, "379": 0.213, "337": 0.195, "37A": 0.186, "377": 0.25066666666666665, "378": 0.7026666666666667, "237": 0.5476666666666666, "357": 0.17833333333333334, "34T": 0.23066666666666666, "34J": 0.21866666666666668, "349": 0.22666666666666666, "334": 0.24266666666666667, "34A": 0.225, "348": 0.746, "234": 0.522, "344": 0.246, "345": 0.27666666666666667, "3JT": 0.20366666666666666, "39T": 0.23966666666666667, "33T": 0.23033333333333333, "3AT": 0.22333333333333333, "38T": 0.654, "3TT": 0.27466666666666667, "23T": 0.5463333333333333, "35T": 0.19933333333333333, "39J": 0.204, "33J": 0.21266666666666667, "3AJ": 0.20966666666666667, "38J": 0.644, "23J": 0.565, "3JJ": 0.273, "35J": 0.194, "339": 0.20333333333333334, "39A": 0.20633333333333334, "389": 0.6443333333333333, "239": 0.539, "399": 0.2776666666666667, "359": 0.19233333333333333, "33A": 0.22433333333333333, "338": 0.6706666666666666, "233": 0.5686666666666667, "333": 0.25366666666666665, "335": 0.20166666666666666, "3AA": 0.23566666666666666, "38A": 0.6823333333333333, "23A": 0.572, "35A": 0.18433333333333332, "238": 0.864, "358": 0.707, "388": 0.9166666666666666, "235": 0.513, "223": 0.919, "355": 0.21, "47T": 0.249, "47J": 0.25066666666666665, "479": 0.23966666666666667, "47A": 0.23133333333333334, "477": 0.47633333333333333, "478": 0.6833333333333333, "247": 0.579, "447": 0.23066666666666666, "457": 0.2936666666666667, "7JT": 0.299, "79T": 0.39066666666666666, "7AT": 0.22733333333333333, "77T": 0.26166666666666666, "78T": 0.5773333333333334, "7TT": 0.2833333333333333, "27T": 0.547, "57T": 0.17933333333333334, "79J": 0.30366666666666664, "7AJ": 0.20966666666666667, "77J": 0.266, "78J": 0.6003333333333334, "27J": 0.5626666666666666, "7JJ": 0.285, "57J": 0.19433333333333333, "79A": 0.22866666666666666, "779": 0.287, "789": 0.529, "279": 0.5506666666666666, "799": 0.2916666666666667, "579": 0.28933333333333333, "77A": 0.26666666666666666, "7AA": 0.22866666666666666, "78A": 0.6316666666666667, "27A": 0.5776666666666667, "57A": 0.19833333333333333, "778": 0.669, "277": 0.6143333333333333, "577": 0.25166666666666665, "777": 0.278, "278": 0.846, "578": 0.624, "788": 0.904, "257": 0.5363333333333333, "227": 0.9403333333333334, "557": 0.228, "4JT": 0.26166666666666666, "49T": 0.26266666666666666, "4AT": 0.24266666666666667, "48T": 0.6796666666666666,