{"7AJ": 0.281, "8AJ": 0.6196666666666667, "AJQ": 0.322, "2AJ": 0.224, "3AJ": 0.23266666666666666, "AJJ": 0.29833333333333334, "AAJ": 0.2946666666666667, "9AJ": 0.30933333333333335, "AJT": 0.2803333333333333, "5AJ": 0.6086666666666667, "AJK": 0.27366666666666667, "4AJ": 0.265, "6AJ": 0.263, "78J": 0.6463333333333333, "7JQ": 0.321, "27J": 0.249, "37J": 0.23866666666666667, "77J": 0.31466666666666665, "7JJ": 0.30366666666666664, "79J": 0.443, "7JT": 0.327, "57J": 0.572, "7JK": 0.26066666666666666, "47J": 0.3473333333333333, "67J": 0.453, "8JQ": 0.6173333333333333, "28J": 0.6596666666666666, "38J": 0.6563333333333333, "8JJ": 0.6816666666666666, "88J": 0.9063333333333333, "89J": 0.562, "8JT": 0.558, "58J": 0.857, "8JK": 0.6363333333333333, "48J": 0.6683333333333333, "68J": 0.678, "2JQ": 0.2703333333333333, "JQQ": 0.36566666666666664, "3JQ": 0.25933333333333336, "JJQ": 0.33166666666666667, "9JQ": 0.368, "JQT": 0.33666666666666667, "5JQ": 0.6326666666666667, "JKQ": 0.28833333333333333, "4JQ": 0.29, "6JQ": 0.295, "23J": 0.201, "2JJ": 0.286, "29J": 0.282, "2JT": 0.25033333333333335, "25J": 0.6906666666666667, "2JK": 0.24433333333333335, "24J": 0.23833333333333334, "26J": 0.262, "22J": 0.25133333333333335, "3JJ": 0.27266666666666667, "39J": 0.276, "3JT": 0.209, "35J": 0.633, "3JK": 0.24433333333333335, "34J": 0.22166666666666668, "36J": 0.24433333333333335, "33J": 0.279, "9JJ": 0.31266666666666665, "JJT": 0.301, "5JJ": 0.649, "JJK": 0.289, "4JJ": 0.29133333333333333, "6JJ": 0.29333333333333333, "JJJ": 0.3333333333333333, "9JT": 0.401, "59J": 0.599, "9JK": 0.28, "99J": 0.31366666666666665, "49J": 0.26166666666666666, "69J": 0.35, "5JT": 0.5783333333333334, "JKT": 0.262, "4JT": 0.25, "6JT": 0.24933333333333332, "JTT": 0.33166666666666667, "5JK": 0.595, "55J": 0.922, "45J": 0.6133333333333333, "56J": 0.58, "4JK": 0.23733333333333334, "6JK": 0.25266666666666665, "JKK": 0.3443333333333333, "46J": 0.3476666666666667, "44J": 0.30333333333333334, "66J": 0.32266666666666666, "78A": 0.6603333333333333, "7AQ": 0.309, "27A": 0.25133333333333335, "37A": 0.23633333333333334, "77A": 0.31266666666666665, "7AA": 0.30766666666666664, "79A": 0.37833333333333335, "7AT": 0.2793333333333333, "57A": 0.597, "7AK": 0.25233333333333335, "47A": 0.33666666666666667, "67A": 0.4716666666666667, "8AQ": 0.6336666666666667, "28A": 0.5686666666666667, "38A": 0.6903333333333334, "8AA": 0.6993333333333334, "88A": 0.9076666666666666, "89A": 0.6066666666666667, "8AT": 0.6023333333333334, "58A": 0.849, "8AK": 0.6216666666666667, "48A": 0.6643333333333333, "68A": 0.672, "2AQ": 0.2653333333333333, "AQQ": 0.321, "3AQ": 0.2926666666666667, "AAQ": 0.3233333333333333, "9AQ": 0.33866666666666667, "AQT": 0.30766666666666664, "5AQ": 0.6426666666666667, "AKQ": 0.31333333333333335, "4AQ": 0.28, "6AQ": 0.306, "23A": 0.24, "2AA": 0.27466666666666667, "29A": 0.26033333333333336, "2AT": 0.24066666666666667, "25A": 0.6486666666666666, "2AK": 0.223, "24A": 0.244, "26A": 0.25, "22A": 0.22866666666666666, "3AA": 0.2613333333333333, "39A": 0.25466666666666665, "3AT": 0.22833333333333333, "35A": 0.6676666666666666, "3AK": 0.24033333333333334, "34A": 0.243, "36A": 0.263, "33A": 0.286, "9AA": 0.308, "AAT": 0.291, "5AA": 0.6743333333333333, "AAK": 0.30866666666666664, "4AA": 0.2976666666666667, "6AA": 0.296, "AAA": 0.3413333333333333, "9AT": 0.29633333333333334, "59A": 0.6156666666666667, "9AK": 0.28, "99A": 0.307, "49A": 0.24466666666666667, "69A": 0.3596666666666667, "5AT": 0.636, "AKT": 0.2743333333333333, "4AT": 0.25866666666666666, "6AT": 0.25633333333333336, "ATT": 0.3396666666666667, "5AK": 0.6096666666666667, "55A": 0.946, "45A": 0.6403333333333333, "56A": 0.5893333333333334, "4AK": 0.24966666666666668, "6AK": 0.25733333333333336, "AKK": 0.336, "46A": 0.353, "44A": 0.307, "66A": 0.31133333333333335, "78Q": 0.7066666666666667, "278": 0.704, "378": 0.7463333333333333, "778": 0.7143333333333334, "788": 0.9353333333333333, "789": 0.5823333333333334, "78T": 0.604, "578": 0.761, "78K": 0.6703333333333333, "478": 0.7123333333333334, "678": 0.6826666666666666, "27Q": 0.283, "7QQ": 0.32766666666666666, "37Q": 0.289, "77Q": 0.5126666666666667, "79Q": 0.3903333333333333, "7QT": 0.30833333333333335, "57Q": 0.601, "7KQ": 0.305, "47Q": 0.36833333333333335, "67Q": 0.4513333333333333, "237": 0.22466666666666665, "277": 0.31733333333333336, "279": 0.3606666666666667, "27T": 0.26, "257": 0.6336666666666667, "27K": 0.23933333333333334, "247": 0.32066666666666666, "267": 0.438, "227": 0.23466666666666666, "377": 0.295, "379": 0.34933333333333333, "37T": 0.24366666666666667, "357": 0.606, "37K": 0.24066666666666667, "347": 0.31133333333333335, "367": 0.4196666666666667, "337": 0.2773333333333333, "779": 0.3913333333333333, "77T": 0.326, "577": 0.651, "77K": 0.2956666666666667, "477": 0.37966666666666665, "677": 0.479, "777": 0.3233333333333333, "79T": 0.4003333333333333, "579": 0.532, "79K": 0.30333333333333334, "799": 0.37866666666666665, "479": 0.2846666666666667, "679": 0.7433333333333333, "57T": 0.5806666666666667, "7KT": 0.25633333333333336, "47T": 0.337, "67T": 0.43433333333333335, "7TT": 0.34, "57K": 0.5153333333333333, "557": 0.911, "457": 0.5556666666666666, "567": 0.515, "47K": 0.2843333333333333, "67K": 0.36866666666666664, "7KK": 0.32033333333333336, "467": 0.7816666666666666, "447": 0.37633333333333335, "667": 0.4583333333333333, "28Q": 0.6973333333333334, "8QQ": 0.6933333333333334, "38Q": 0.722, "88Q": 0.9296666666666666, "89Q": 0.623, "8QT": 0.614, "58Q": 0.858, "8KQ": 0.6693333333333333, "48Q": 0.714, "68Q": 0.7103333333333334, "238": 0.7293333333333333, "288": 0.9306666666666666, "289": 0.6536666666666666, "28T": 0.6506666666666666, "258": 0.8706666666666667, "28K": 0.684, "248": 0.7243333333333334, "268": 0.7206666666666667, "228": 0.6916666666666667, "388": 0.9196666666666666, "389": 0.675, "38T": 0.66, "358": 0.8933333333333333, "38K": 0.7036666666666667, "348": 0.733, "368": 0.722, "338": 0.7203333333333334, "889": 0.9093333333333333, "88T": 0.9006666666666666, "588": 0.985, "88K": 0.9406666666666667, "488": 0.9466666666666667, "688": 0.9323333333333333, "888": 1.0, "89T": 0.524, "589": 0.779, "89K": 0.5916666666666667, "899": 0.649, "489": 0.641, "689": 0.6146666666666667, "58T": 0.8463333333333334, "8KT": 0.6253333333333333, "48T": 0.6713333333333333, "68T": 0.6293333333333333, "8TT": 0.695, "58K": 0.848, "558": 0.9856666666666667, "458": 0.826, "568": 0.768, "48K": 0.6703333333333333, "68K": 0.6706666666666666, "8KK": 0.7283333333333334, "468": 0.691, "448": 0.7293333333333333, "668": 0.7233333333333334, "2QQ": 0.295, "23Q": 0.278, "29Q": 0.29233333333333333, "2QT": 0.2926666666666667, "25Q": 0.6833333333333333, "2KQ": 0.30566666666666664, "24Q": 0.283, "26Q": 0.2823333333333333, "22Q": 0.2926666666666667, "3QQ": 0.32033333333333336, "QQQ": 0.3626666666666667, "9QQ": 0.33266666666666667, "QQT": 0.334, "5QQ": 0.6793333333333333, "KQQ": 0.354, "4QQ": 0.318, "6QQ": 0.324, "39Q": 0.30333333333333334, "3QT": 0.2803333333333333, "35Q": 0.6706666666666666, "3KQ": 0.294, "34Q": 0.272, "36Q": 0.287, "33Q": 0.4886666666666667, "9QT": 0.374, "59Q": 0.6163333333333333, "9KQ": 0.32866666666666666, "99Q": 0.3496666666666667, "49Q": 0.2966666666666667, "69Q": 0.37633333333333335, "5QT": 0.6316666666666667, "KQT": 0.30866666666666664, "4QT": 0.31433333333333335, "6QT": 0.2926666666666667, "QTT": 0.5286666666666666, "5KQ": 0.6083333333333333, "55Q": 0.9436666666666667, "45Q": 0.656, "56Q": 0.604, "4KQ": 0.282, "6KQ": 0.2986666666666667, "KKQ": 0.5333333333333333, "46Q": 0.37833333333333335, "44Q": 0.503, "66Q": 0.525, "239": 0.23066666666666666, "23T": 0.20366666666666666, "235": 0.6513333333333333, "23K": 0.23566666666666666, "234": 0.2986666666666667, "236": 0.3253333333333333, "233": 0.287, "223": 0.235, "29T": 0.27266666666666667, "259": 0.6456666666666667, "29K": 0.26166666666666666, "299": 0.292, "249": 0.23566666666666666, "269": 0.366, "229": 0.24666666666666667, "25T": 0.6776666666666666, "2KT": 0.25733333333333336,