{"2KQ": 0.36933333333333335, "JKQ": 0.5583333333333333, "AKQ": 0.45666666666666667, "8KQ": 0.4053333333333333, "3KQ": 0.37933333333333336, "4KQ": 0.3586666666666667, "5KQ": 0.372, "7KQ": 0.6613333333333333, "6KQ": 0.37933333333333336, "KQT": 0.64, "KKQ": 0.45066666666666666, "9KQ": 0.446, "KQQ": 0.4206666666666667, "2JK": 0.378, "22K": 0.35333333333333333, "2AK": 0.352, "28K": 0.3566666666666667, "23K": 0.316, "24K": 0.3313333333333333, "25K": 0.296, "27K": 0.7383333333333333, "26K": 0.3423333333333333, "2KT": 0.724, "2KK": 0.385, "29K": 0.3446666666666667, "AJK": 0.4886666666666667, "8JK": 0.467, "3JK": 0.37433333333333335, "4JK": 0.36233333333333334, "5JK": 0.38233333333333336, "7JK": 0.6623333333333333, "6JK": 0.3863333333333333, "JKT": 0.6156666666666667, "JKK": 0.43233333333333335, "JJK": 0.437, "9JK": 0.5083333333333333, "8AK": 0.37166666666666665, "3AK": 0.36933333333333335, "4AK": 0.365, "5AK": 0.37633333333333335, "7AK": 0.6756666666666666, "6AK": 0.38133333333333336, "AKT": 0.6643333333333333, "AAK": 0.443, "AKK": 0.443, "9AK": 0.37033333333333335, "38K": 0.3536666666666667, "48K": 0.34933333333333333, "58K": 0.37633333333333335, "78K": 0.6643333333333333, "68K": 0.43466666666666665, "8KT": 0.7343333333333333, "8KK": 0.411, "89K": 0.5203333333333333, "88K": 0.398, "34K": 0.31833333333333336, "35K": 0.321, "33K": 0.35733333333333334, "37K": 0.7213333333333334, "36K": 0.32466666666666666, "3KT": 0.7213333333333334, "3KK": 0.4036666666666667, "39K": 0.32166666666666666, "45K": 0.33166666666666667, "47K": 0.6823333333333333, "46K": 0.363, "4KT": 0.7336666666666667, "4KK": 0.37433333333333335, "44K": 0.3606666666666667, "49K": 0.328, "55K": 0.3443333333333333, "57K": 0.681, "56K": 0.343, "5KT": 0.719, "5KK": 0.397, "59K": 0.32133333333333336, "67K": 0.7133333333333334, "7KT": 0.8776666666666667, "77K": 0.9563333333333334, "7KK": 0.7336666666666667, "79K": 0.636, "6KT": 0.729, "6KK": 0.4076666666666667, "69K": 0.41833333333333333, "66K": 0.38133333333333336, "KTT": 0.9096666666666666, "KKT": 0.7603333333333333, "9KT": 0.6843333333333333, "9KK": 0.386, "KKK": 0.4806666666666667, "99K": 0.38233333333333336, "2JQ": 0.37833333333333335, "22Q": 0.36466666666666664, "2AQ": 0.38333333333333336, "28Q": 0.361, "23Q": 0.334, "24Q": 0.333, "25Q": 0.3293333333333333, "27Q": 0.733, "26Q": 0.335, "2QT": 0.723, "29Q": 0.33766666666666667, "2QQ": 0.398, "AJQ": 0.48133333333333334, "8JQ": 0.4483333333333333, "3JQ": 0.3933333333333333, "4JQ": 0.37266666666666665, "5JQ": 0.392, "7JQ": 0.653, "6JQ": 0.37866666666666665, "JQT": 0.5973333333333334, "JJQ": 0.449, "9JQ": 0.488, "JQQ": 0.459, "8AQ": 0.5106666666666667, "3AQ": 0.5116666666666667, "4AQ": 0.364, "5AQ": 0.5, "7AQ": 0.682, "6AQ": 0.3963333333333333, "AQT": 0.6946666666666667, "AAQ": 0.44566666666666666, "9AQ": 0.405, "AQQ": 0.444, "38Q": 0.4676666666666667, "48Q": 0.36033333333333334, "58Q": 0.469, "78Q": 0.6543333333333333, "68Q": 0.438, "8QT": 0.703, "89Q": 0.516, "8QQ": 0.4076666666666667, "88Q": 0.417, "34Q": 0.343, "35Q": 0.4766666666666667, "33Q": 0.374, "37Q": 0.7143333333333334, "36Q": 0.33466666666666667, "3QT": 0.7283333333333334, "39Q": 0.36, "3QQ": 0.4206666666666667, "45Q": 0.354, "47Q": 0.6983333333333334, "46Q": 0.347, "4QT": 0.7236666666666667, "44Q": 0.36333333333333334, "49Q": 0.3453333333333333, "4QQ": 0.4046666666666667, "55Q": 0.36933333333333335, "57Q": 0.686, "56Q": 0.366, "5QT": 0.743, "59Q": 0.32666666666666666, "5QQ": 0.4126666666666667, "67Q": 0.6973333333333334, "7QT": 0.8673333333333333, "77Q": 0.9516666666666667, "79Q": 0.6703333333333333, "7QQ": 0.739, "6QT": 0.7146666666666667, "69Q": 0.4186666666666667, "66Q": 0.38133333333333336, "6QQ": 0.4046666666666667, "QTT": 0.9153333333333333, "9QT": 0.6793333333333333, "QQT": 0.7696666666666667, "99Q": 0.42866666666666664, "9QQ": 0.395, "QQQ": 0.4716666666666667, "22J": 0.366, "2AJ": 0.36766666666666664, "28J": 0.415, "23J": 0.3396666666666667, "24J": 0.3473333333333333, "25J": 0.3383333333333333, "27J": 0.7113333333333334, "26J": 0.3393333333333333, "2JT": 0.7213333333333334, "2JJ": 0.411, "29J": 0.45166666666666666, "22A": 0.364, "228": 0.34833333333333333, "223": 0.33366666666666667, "224": 0.33866666666666667, "222": 0.4086666666666667, "225": 0.31866666666666665, "227": 0.741, "226": 0.329, "22T": 0.762, "229": 0.329, "28A": 0.36433333333333334, "23A": 0.3426666666666667, "24A": 0.3403333333333333, "25A": 0.32966666666666666, "27A": 0.7326666666666667, "26A": 0.3396666666666667, "2AT": 0.728, "2AA": 0.385, "29A": 0.3406666666666667, "238": 0.33066666666666666, "248": 0.31866666666666665, "258": 0.3413333333333333, "278": 0.6966666666666667, "268": 0.42866666666666664, "28T": 0.7816666666666666, "289": 0.509, "288": 0.382, "234": 0.2916666666666667, "235": 0.285, "233": 0.32166666666666666, "237": 0.7676666666666667, "236": 0.30133333333333334, "23T": 0.79, "239": 0.30133333333333334, "245": 0.292, "247": 0.7553333333333333, "246": 0.4553333333333333, "24T": 0.779, "244": 0.3423333333333333, "249": 0.326, "255": 0.31833333333333336, "257": 0.745, "256": 0.302, "25T": 0.7763333333333333, "259": 0.2996666666666667, "267": 0.7526666666666667, "27T": 0.914, "277": 0.9473333333333334, "279": 0.7143333333333334, "26T": 0.785, "269": 0.4126666666666667, "266": 0.3486666666666667, "2TT": 0.9566666666666667, "29T": 0.783, "299": 0.36433333333333334, "8AJ": 0.4643333333333333, "3AJ": 0.37733333333333335, "4AJ": 0.382, "5AJ": 0.38133333333333336, "7AJ": 0.663, "6AJ": 0.36766666666666664, "AJT": 0.651, "AAJ": 0.435, "AJJ": 0.44733333333333336, "9AJ": 0.477, "38J": 0.44566666666666666, "48J": 0.44333333333333336, "58J": 0.454, "78J": 0.6633333333333333, "68J": 0.43766666666666665, "8JT": 0.6926666666666667, "8JJ": 0.485, "89J": 0.925, "88J": 0.45466666666666666, "34J": 0.339, "35J": 0.3466666666666667, "33J": 0.3556666666666667, "37J": 0.6863333333333334, "36J": 0.3323333333333333, "3JT": 0.7153333333333334, "3JJ": 0.389, "39J": 0.45, "45J": 0.3446666666666667, "47J": 0.6826666666666666, "46J": 0.346, "4JT": 0.7116666666666667, "44J": 0.36133333333333334, "4JJ": 0.4083333333333333, "49J": 0.42766666666666664, "55J": 0.35833333333333334, "57J": 0.6756666666666666, "56J": 0.331, "5JT": 0.718, "5JJ": 0.389, "59J": 0.43466666666666665, "67J": 0.6636666666666666, "7JT": 0.8066666666666666, "77J": 0.925, "7JJ": 0.7283333333333334, "79J": 0.6736666666666666, "6JT": 0.7236666666666667, "6JJ": 0.407, "69J": 0.42233333333333334, "66J": 0.36333333333333334, "JTT": 0.9173333333333333, "JJT": 0.7436666666666667, "9JT": 0.638, "JJJ": 0.48733333333333334, "9JJ": 0.469, "99J": 0.4766666666666667, "38A": 0.4726666666666667, "48A": 0.369, "58A": 0.4866666666666667, "78A": 0.6646666666666666, "68A": 0.4523333333333333, "8AT": 0.7463333333333333, "8AA": 0.4176666666666667, "89A": 0.537, "88A": 0.4066666666666667, "34A": 0.3323333333333333, "35A": 0.44533333333333336, "33A": 0.38066666666666665, "37A": 0.7046666666666667, "36A": 0.35733333333333334, "3AT": 0.7506666666666667, "3AA": 0.412, "39A": 0.359, "45A": 0.3343333333333333, "47A": 0.6966666666666667, "46A": 0.36433333333333334, "4AT": 0.742, "4AA": 0.377, "44A": 0.36733333333333335, "49A": 0.3456666666666667, "55A": 0.38566666666666666, "57A": 0.702, "56A": 0.3436666666666667, "5AT": 0.7573333333333333, "5AA": 0.4116666666666667, "59A": 0.3596666666666667, "67A": 0.702, "7AT": 0.8623333333333333, "77A": 0.9533333333333334, "7AA": 0.7256666666666667, "79A": 0.6716666666666666, "6AT": 0.7503333333333333, "6AA": 0.421, "69A": 0.424, "66A": 0.39866666666666667, "ATT": 0.934, "AAT": 0.762, "9AT": 0.7183333333333334, "AAA": 0.4836666666666667, "9AA": 0.44, "99A": 0.42133333333333334, "348": 0.33566666666666667, "358": 0.43566666666666665, "338": 0.36533333333333334, "378": 0.705, "368": 0.429, "38T": 0.7646666666666667, "389": 0.5176666666666667, "388": 0.389, "458": 0.41, "478": 0.6453333333333333, "468": 0.512, "48T": 0.7913333333333333, "448": 0.344, "489": 0.514, "488": 0.38366666666666666,