{"AQT": 0.5496666666666666, "6AQ": 0.30266666666666664, "8AQ": 0.518, "7AQ": 0.289, "AAQ": 0.372, "5AQ": 0.5266666666666666, "9AQ": 0.657, "4AQ": 0.284, "AKQ": 0.324, "AJQ": 0.34, "2AQ": 0.29733333333333334, "AQQ": 0.3576666666666667, "3AQ": 0.629, "6QT": 0.5356666666666666, "8QT": 0.9026666666666666, "7QT": 0.5353333333333333, "5QT": 0.8976666666666666, "9QT": 0.7186666666666667, "4QT": 0.5226666666666666, "KQT": 0.5733333333333334, "JQT": 0.6116666666666667, "2QT": 0.5386666666666666, "QTT": 0.5436666666666666, "QQT": 0.5453333333333333, "3QT": 0.725, "66Q": 0.31233333333333335, "68Q": 0.5123333333333333, "67Q": 0.278, "56Q": 0.506, "69Q": 0.667, "46Q": 0.29033333333333333, "6KQ": 0.31666666666666665, "6JQ": 0.293, "26Q": 0.2663333333333333, "6QQ": 0.31633333333333336, "36Q": 0.5836666666666667, "78Q": 0.516, "58Q": 0.8876666666666667, "89Q": 0.7726666666666666, "48Q": 0.51, "8KQ": 0.5283333333333333, "8JQ": 0.5563333333333333, "28Q": 0.5, "88Q": 0.5386666666666666, "8QQ": 0.548, "38Q": 0.7526666666666667, "57Q": 0.5123333333333333, "77Q": 0.30666666666666664, "79Q": 0.706, "47Q": 0.26033333333333336, "7KQ": 0.2976666666666667, "7JQ": 0.30366666666666664, "27Q": 0.27366666666666667, "7QQ": 0.3283333333333333, "37Q": 0.6116666666666667, "59Q": 0.7866666666666666, "45Q": 0.5053333333333333, "5KQ": 0.5276666666666666, "5JQ": 0.508, "25Q": 0.52, "5QQ": 0.5246666666666666, "55Q": 0.5203333333333333, "35Q": 0.726, "49Q": 0.724, "9KQ": 0.6446666666666667, "9JQ": 0.5846666666666667, "29Q": 0.699, "99Q": 0.9253333333333333, "9QQ": 0.7056666666666667, "39Q": 0.8723333333333333, "4KQ": 0.29, "4JQ": 0.32766666666666666, "24Q": 0.29733333333333334, "44Q": 0.5073333333333333, "4QQ": 0.32666666666666666, "34Q": 0.6106666666666667, "JKQ": 0.38966666666666666, "2KQ": 0.3016666666666667, "KKQ": 0.37733333333333335, "KQQ": 0.353, "3KQ": 0.6056666666666667, "2JQ": 0.309, "JJQ": 0.561, "JQQ": 0.362, "3JQ": 0.592, "2QQ": 0.32866666666666666, "22Q": 0.49333333333333335, "23Q": 0.6503333333333333, "QQQ": 0.38, "3QQ": 0.6506666666666666, "33Q": 0.9473333333333334, "6AT": 0.31166666666666665, "8AT": 0.5316666666666666, "7AT": 0.28833333333333333, "AAT": 0.3536666666666667, "5AT": 0.522, "9AT": 0.644, "4AT": 0.2876666666666667, "AKT": 0.32066666666666666, "AJT": 0.345, "2AT": 0.30533333333333335, "ATT": 0.353, "3AT": 0.6066666666666667, "66A": 0.253, "68A": 0.291, "67A": 0.245, "6AA": 0.29633333333333334, "56A": 0.2833333333333333, "69A": 0.6733333333333333, "46A": 0.221, "6AK": 0.25633333333333336, "6AJ": 0.2733333333333333, "26A": 0.223, "36A": 0.5666666666666667, "78A": 0.2743333333333333, "8AA": 0.3413333333333333, "58A": 0.4776666666666667, "89A": 0.6843333333333333, "48A": 0.25933333333333336, "8AK": 0.2946666666666667, "8AJ": 0.30633333333333335, "28A": 0.276, "88A": 0.32666666666666666, "38A": 0.602, "7AA": 0.2816666666666667, "57A": 0.268, "77A": 0.28, "79A": 0.6663333333333333, "47A": 0.181, "7AK": 0.233, "7AJ": 0.24966666666666668, "27A": 0.227, "37A": 0.5656666666666667, "5AA": 0.32, "9AA": 0.7353333333333333, "4AA": 0.2866666666666667, "AAK": 0.30733333333333335, "AAJ": 0.32133333333333336, "2AA": 0.306, "AAA": 0.37433333333333335, "3AA": 0.6293333333333333, "59A": 0.726, "45A": 0.2693333333333333, "5AK": 0.2936666666666667, "5AJ": 0.30366666666666664, "25A": 0.277, "55A": 0.314, "35A": 0.6086666666666667, "49A": 0.6883333333333334, "9AK": 0.629, "9AJ": 0.6483333333333333, "29A": 0.6863333333333334, "99A": 0.899, "39A": 0.8853333333333333, "4AK": 0.20933333333333334, "4AJ": 0.25833333333333336, "24A": 0.23566666666666666, "44A": 0.31233333333333335, "34A": 0.5623333333333334, "AJK": 0.283, "2AK": 0.24733333333333332, "AKK": 0.32233333333333336, "3AK": 0.5696666666666667, "2AJ": 0.2623333333333333, "AJJ": 0.37733333333333335, "3AJ": 0.577, "22A": 0.30666666666666664, "23A": 0.6296666666666667, "33A": 0.9416666666666667, "66T": 0.30933333333333335, "68T": 0.563, "67T": 0.3536666666666667, "56T": 0.5156666666666667, "69T": 0.6316666666666667, "46T": 0.2773333333333333, "6KT": 0.293, "6JT": 0.31933333333333336, "26T": 0.283, "6TT": 0.318, "36T": 0.59, "78T": 0.6076666666666667, "58T": 0.8993333333333333, "89T": 0.7293333333333333, "48T": 0.525, "8KT": 0.5386666666666666, "8JT": 0.622, "28T": 0.5123333333333333, "88T": 0.5533333333333333, "8TT": 0.5466666666666666, "38T": 0.746, "57T": 0.5166666666666667, "77T": 0.3273333333333333, "79T": 0.6296666666666667, "47T": 0.286, "7KT": 0.31833333333333336, "7JT": 0.39, "27T": 0.277, "7TT": 0.333, "37T": 0.619, "59T": 0.7706666666666667, "45T": 0.49633333333333335, "5KT": 0.517, "5JT": 0.5363333333333333, "25T": 0.49033333333333334, "5TT": 0.5373333333333333, "55T": 0.5196666666666667, "35T": 0.725, "49T": 0.6953333333333334, "9KT": 0.601, "9JT": 0.5683333333333334, "29T": 0.6693333333333333, "99T": 0.906, "9TT": 0.6693333333333333, "39T": 0.8596666666666667, "4KT": 0.29533333333333334, "4JT": 0.30833333333333335, "24T": 0.2786666666666667, "44T": 0.51, "4TT": 0.32266666666666666, "34T": 0.597, "JKT": 0.37966666666666665, "2KT": 0.30133333333333334, "KTT": 0.372, "KKT": 0.36133333333333334, "3KT": 0.6073333333333333, "2JT": 0.31133333333333335, "JTT": 0.389, "JJT": 0.535, "3JT": 0.589, "2TT": 0.3243333333333333, "22T": 0.5086666666666667, "23T": 0.6476666666666666, "3TT": 0.67, "TTT": 0.381, "33T": 0.9526666666666667, "666": 0.32766666666666666, "668": 0.2936666666666667, "667": 0.24333333333333335, "566": 0.28733333333333333, "669": 0.694, "466": 0.2623333333333333, "66K": 0.2713333333333333, "66J": 0.277, "266": 0.26, "366": 0.6156666666666667, "678": 0.406, "568": 0.536, "689": 0.6606666666666666, "468": 0.24966666666666668, "68K": 0.2826666666666667, "68J": 0.2886666666666667, "268": 0.25233333333333335, "688": 0.28, "368": 0.589, "567": 0.4, "677": 0.2623333333333333, "679": 0.6433333333333333, "467": 0.27666666666666667, "67K": 0.235, "67J": 0.2663333333333333, "267": 0.226, "367": 0.5286666666666666, "569": 0.7113333333333334, "456": 0.3923333333333333, "56K": 0.274, "56J": 0.2783333333333333, "256": 0.3403333333333333, "556": 0.2763333333333333, "356": 0.542, "469": 0.7196666666666667, "69K": 0.6563333333333333, "69J": 0.6466666666666666, "269": 0.6016666666666667, "699": 0.9146666666666666, "369": 0.8416666666666667, "46K": 0.22833333333333333, "46J": 0.235, "246": 0.289, "446": 0.2886666666666667, "346": 0.49966666666666665, "6JK": 0.265, "26K": 0.22766666666666666, "6KK": 0.26766666666666666, "36K": 0.5796666666666667, "26J": 0.23633333333333334, "6JJ": 0.33566666666666667, "36J": 0.569, "226": 0.25566666666666665, "236": 0.5706666666666667, "336": 0.895, "578": 0.5403333333333333, "778": 0.303, "789": 0.616, "478": 0.253, "78K": 0.2733333333333333, "78J": 0.36566666666666664, "278": 0.28, "788": 0.2976666666666667, "378": 0.6043333333333333, "589": 0.7836666666666666, "458": 0.49366666666666664, "58K": 0.494, "58J": 0.508, "258": 0.49366666666666664, "588": 0.5146666666666667, "558": 0.49066666666666664, "358": 0.733, "489": 0.7323333333333333, "89K": 0.702, "89J": 0.631, "289": 0.706, "889": 0.6856666666666666, "899": 0.919, "389": 0.8736666666666667, "48K": 0.26866666666666666, "48J": 0.28833333333333333, "248": 0.25333333333333335, "488": 0.2836666666666667, "448": 0.489, "348": 0.592, "8JK": 0.31566666666666665, "28K": 0.26966666666666667, "88K": 0.31666666666666665, "8KK": 0.3466666666666667, "38K": 0.589, "28J": 0.2856666666666667, "88J": 0.317, "8JJ": 0.526, "38J": 0.5876666666666667, "288": 0.2866666666666667, "228": 0.49933333333333335, "238": 0.654, "388": 0.6476666666666666, "888": 0.32866666666666666, "338": 0.9473333333333334, "577": 0.2813333333333333, "579": 0.7066666666666667, "457": 0.30333333333333334, "57K": 0.246, "57J": 0.28, "257": 0.24433333333333335, "557": 0.29833333333333334, "357": 0.5576666666666666, "779": 0.6913333333333334, "477": 0.24433333333333335, "77K": 0.2703333333333333, "77J": 0.27666666666666667, "277": 0.261, "777": 0.30966666666666665, "377": 0.6003333333333334,