{"3AJ": 0.701, "3JK": 0.438, "3JT": 0.4146666666666667, "23J": 0.51, "35J": 0.422, "39J": 0.396, "33J": 0.5136666666666667, "37J": 0.4003333333333333, "3JQ": 0.421, "36J": 0.413, "34J": 0.37466666666666665, "38J": 0.399, "3JJ": 0.5083333333333333, "AJK": 0.7716666666666666, "AJT": 0.7536666666666667, "2AJ": 0.7926666666666666, "5AJ": 0.8076666666666666, "9AJ": 0.7853333333333333, "7AJ": 0.804, "AJQ": 0.7596666666666667, "6AJ": 0.8056666666666666, "4AJ": 0.71, "8AJ": 0.7873333333333333, "AAJ": 0.9163333333333333, "AJJ": 0.79, "JKT": 0.5066666666666667, "2JK": 0.569, "5JK": 0.44, "9JK": 0.40166666666666667, "7JK": 0.43666666666666665, "JKK": 0.49633333333333335, "JKQ": 0.47333333333333333, "6JK": 0.463, "4JK": 0.42433333333333334, "8JK": 0.43633333333333335, "JJK": 0.5493333333333333, "2JT": 0.561, "5JT": 0.4226666666666667, "9JT": 0.384, "7JT": 0.4023333333333333, "JQT": 0.4706666666666667, "6JT": 0.44866666666666666, "4JT": 0.4083333333333333, "8JT": 0.39166666666666666, "JTT": 0.513, "JJT": 0.5026666666666667, "25J": 0.5696666666666667, "29J": 0.5663333333333334, "27J": 0.5686666666666667, "2JQ": 0.5723333333333334, "26J": 0.5776666666666667, "24J": 0.5053333333333333, "28J": 0.566, "22J": 0.9383333333333334, "2JJ": 0.6536666666666666, "59J": 0.4056666666666667, "55J": 0.509, "57J": 0.396, "5JQ": 0.42133333333333334, "56J": 0.419, "45J": 0.412, "58J": 0.40066666666666667, "5JJ": 0.5183333333333333, "79J": 0.4103333333333333, "9JQ": 0.4013333333333333, "69J": 0.4166666666666667, "49J": 0.4023333333333333, "89J": 0.38966666666666666, "99J": 0.483, "9JJ": 0.5156666666666667, "77J": 0.529, "7JQ": 0.42933333333333334, "67J": 0.4126666666666667, "47J": 0.41, "78J": 0.37733333333333335, "7JJ": 0.49833333333333335, "6JQ": 0.43033333333333335, "4JQ": 0.4086666666666667, "8JQ": 0.41933333333333334, "JQQ": 0.5146666666666667, "JJQ": 0.5196666666666667, "66J": 0.5056666666666667, "46J": 0.4093333333333333, "68J": 0.42, "6JJ": 0.5303333333333333, "48J": 0.409, "44J": 0.5286666666666666, "4JJ": 0.5136666666666667, "8JJ": 0.48533333333333334, "88J": 0.5023333333333333, "JJJ": 0.646, "3AK": 0.8083333333333333, "3AT": 0.8096666666666666, "23A": 0.8053333333333333, "35A": 0.814, "39A": 0.8243333333333334, "33A": 0.8046666666666666, "37A": 0.8133333333333334, "3AQ": 0.818, "36A": 0.8063333333333333, "34A": 0.7076666666666667, "38A": 0.813, "3AA": 0.928, "3KT": 0.478, "23K": 0.5936666666666667, "35K": 0.445, "39K": 0.425, "33K": 0.5216666666666666, "37K": 0.44633333333333336, "3KK": 0.5023333333333333, "3KQ": 0.45166666666666666, "36K": 0.45666666666666667, "34K": 0.426, "38K": 0.44066666666666665, "23T": 0.586, "35T": 0.43366666666666664, "39T": 0.4186666666666667, "33T": 0.5306666666666666, "37T": 0.42233333333333334, "3QT": 0.42933333333333334, "36T": 0.44966666666666666, "34T": 0.43133333333333335, "38T": 0.4236666666666667, "3TT": 0.524, "235": 0.559, "239": 0.5716666666666667, "233": 0.6416666666666667, "237": 0.5826666666666667, "23Q": 0.5756666666666667, "236": 0.5613333333333334, "234": 0.483, "238": 0.5606666666666666, "223": 0.9233333333333333, "359": 0.4206666666666667, "355": 0.5123333333333333, "335": 0.49133333333333334, "357": 0.3893333333333333, "35Q": 0.44433333333333336, "356": 0.4666666666666667, "345": 0.45266666666666666, "358": 0.42033333333333334, "339": 0.5373333333333333, "379": 0.391, "39Q": 0.43566666666666665, "369": 0.45166666666666666, "349": 0.41233333333333333, "389": 0.4053333333333333, "399": 0.514, "337": 0.5096666666666667, "33Q": 0.5216666666666666, "336": 0.5083333333333333, "334": 0.5026666666666667, "338": 0.488, "333": 0.6253333333333333, "377": 0.508, "37Q": 0.44466666666666665, "367": 0.4056666666666667, "347": 0.409, "378": 0.3893333333333333, "36Q": 0.4493333333333333, "34Q": 0.4166666666666667, "38Q": 0.43866666666666665, "3QQ": 0.5336666666666666, "366": 0.5033333333333333, "346": 0.4563333333333333, "368": 0.4236666666666667, "348": 0.429, "344": 0.49033333333333334, "388": 0.5476666666666666, "AKT": 0.7943333333333333, "2AK": 0.9096666666666666, "5AK": 0.8436666666666667, "9AK": 0.847, "7AK": 0.837, "AKK": 0.8066666666666666, "AKQ": 0.804, "6AK": 0.8243333333333334, "4AK": 0.8126666666666666, "8AK": 0.8326666666666667, "AAK": 0.939, "2AT": 0.9023333333333333, "5AT": 0.832, "9AT": 0.8173333333333334, "7AT": 0.8176666666666667, "AQT": 0.7883333333333333, "6AT": 0.829, "4AT": 0.805, "8AT": 0.813, "ATT": 0.8156666666666667, "AAT": 0.9363333333333334, "25A": 0.894, "29A": 0.904, "27A": 0.898, "2AQ": 0.908, "26A": 0.9053333333333333, "24A": 0.8073333333333333, "28A": 0.907, "2AA": 0.9883333333333333, "22A": 0.9793333333333333, "59A": 0.8363333333333334, "55A": 0.78, "57A": 0.7856666666666666, "5AQ": 0.842, "56A": 0.807, "45A": 0.8033333333333333, "58A": 0.8146666666666667, "5AA": 0.9453333333333334, "79A": 0.8106666666666666, "9AQ": 0.8283333333333334, "69A": 0.83, "49A": 0.8293333333333334, "89A": 0.808, "99A": 0.794, "9AA": 0.9456666666666667, "77A": 0.8156666666666667, "7AQ": 0.836, "67A": 0.7966666666666666, "47A": 0.7993333333333333, "78A": 0.7723333333333333, "7AA": 0.945, "6AQ": 0.841, "4AQ": 0.8126666666666666, "8AQ": 0.822, "AAQ": 0.943, "AQQ": 0.8103333333333333, "66A": 0.8043333333333333, "46A": 0.7946666666666666, "68A": 0.8076666666666666, "6AA": 0.9506666666666667, "48A": 0.822, "44A": 0.8116666666666666, "4AA": 0.924, "8AA": 0.9436666666666667, "88A": 0.833, "AAA": 1.0, "2KT": 0.6236666666666667, "5KT": 0.483, "9KT": 0.418, "7KT": 0.43666666666666665, "KKT": 0.5553333333333333, "KQT": 0.5043333333333333, "6KT": 0.6293333333333333, "4KT": 0.444, "8KT": 0.44233333333333336, "KTT": 0.5446666666666666, "25K": 0.611, "29K": 0.5913333333333334, "27K": 0.6163333333333333, "2KK": 0.6556666666666666, "2KQ": 0.6033333333333334, "26K": 0.592, "24K": 0.5806666666666667, "28K": 0.5936666666666667, "22K": 0.96, "59K": 0.43966666666666665, "55K": 0.5296666666666666, "57K": 0.3963333333333333, "5KK": 0.529, "5KQ": 0.45166666666666666, "56K": 0.438, "45K": 0.427, "58K": 0.4146666666666667, "79K": 0.394, "9KK": 0.5326666666666666, "9KQ": 0.432, "69K": 0.452, "49K": 0.433, "89K": 0.43166666666666664, "99K": 0.524, "77K": 0.5376666666666666, "7KK": 0.5253333333333333, "7KQ": 0.42833333333333334, "67K": 0.44766666666666666, "47K": 0.4266666666666667, "78K": 0.406, "KKQ": 0.528, "6KK": 0.533, "4KK": 0.5176666666666667, "8KK": 0.533, "KKK": 0.6433333333333333, "6KQ": 0.4533333333333333, "4KQ": 0.43666666666666665, "8KQ": 0.43966666666666665, "KQQ": 0.564, "66K": 0.544, "46K": 0.456, "68K": 0.44166666666666665, "48K": 0.42766666666666664, "44K": 0.522, "88K": 0.5526666666666666, "25T": 0.59, "29T": 0.576, "27T": 0.5776666666666667, "2QT": 0.6006666666666667, "26T": 0.5976666666666667, "24T": 0.5663333333333334, "28T": 0.581, "2TT": 0.6786666666666666, "22T": 0.9513333333333334, "59T": 0.419, "55T": 0.5283333333333333, "57T": 0.404, "5QT": 0.43233333333333335, "56T": 0.451, "45T": 0.43, "58T": 0.39166666666666666, "5TT": 0.49966666666666665, "79T": 0.378, "9QT": 0.39666666666666667, "69T": 0.42033333333333334, "49T": 0.4063333333333333, "89T": 0.3566666666666667, "99T": 0.5043333333333333, "9TT": 0.48733333333333334, "77T": 0.5236666666666666, "7QT": 0.411, "67T": 0.4103333333333333, "47T": 0.405, "78T": 0.3566666666666667, "7TT": 0.5033333333333333, "6QT": 0.4493333333333333, "4QT": 0.429, "8QT": 0.4066666666666667, "QTT": 0.5173333333333333, "QQT": 0.5333333333333333, "66T": 0.533, "46T": 0.43866666666666665, "68T": 0.395, "6TT": 0.5496666666666666, "48T": 0.41833333333333333, "4TT": 0.525, "44T": 0.5296666666666666, "8TT": 0.5036666666666667, "88T": 0.509, "TTT": 0.6516666666666666, "259": 0.595, "255": 0.642, "257": 0.55, "25Q": 0.589, "256": 0.535, "245": 0.5296666666666666, "258": 0.5583333333333333, "225": 0.9266666666666666, "279": 0.5983333333333334, "29Q": 0.5833333333333334, "269": 0.5733333333333334, "249": 0.5786666666666667, "289": 0.5656666666666667, "299": 0.65, "229": 0.954, "277": 0.6783333333333333,