{"9AJ": 0.6323333333333333, "3AJ": 0.311, "4AJ": 0.327, "AJQ": 0.355, "AJT": 0.414, "6AJ": 0.34933333333333333, "8AJ": 0.42533333333333334, "7AJ": 0.6463333333333333, "AJJ": 0.37833333333333335, "5AJ": 0.3393333333333333, "AAJ": 0.39366666666666666, "2AJ": 0.31033333333333335, "AJK": 0.3436666666666667, "39A": 0.7376666666666667, "49A": 0.736, "9AQ": 0.6773333333333333, "9AT": 0.6346666666666667, "69A": 0.7196666666666667, "89A": 0.7293333333333333, "79A": 0.849, "99A": 0.9433333333333334, "59A": 0.7473333333333333, "9AA": 0.7596666666666667, "29A": 0.7166666666666667, "9AK": 0.6546666666666666, "34A": 0.297, "3AQ": 0.30466666666666664, "3AT": 0.321, "36A": 0.30133333333333334, "38A": 0.30866666666666664, "37A": 0.7063333333333334, "33A": 0.30833333333333335, "35A": 0.2806666666666667, "3AA": 0.3333333333333333, "23A": 0.27366666666666667, "3AK": 0.283, "4AQ": 0.3283333333333333, "4AT": 0.3303333333333333, "46A": 0.29233333333333333, "44A": 0.3313333333333333, "48A": 0.31133333333333335, "47A": 0.7186666666666667, "45A": 0.2853333333333333, "4AA": 0.334, "24A": 0.26666666666666666, "4AK": 0.291, "AQT": 0.357, "6AQ": 0.31633333333333336, "8AQ": 0.3423333333333333, "7AQ": 0.6576666666666666, "5AQ": 0.323, "AAQ": 0.37666666666666665, "2AQ": 0.3283333333333333, "AKQ": 0.3526666666666667, "AQQ": 0.39366666666666666, "6AT": 0.44166666666666665, "8AT": 0.498, "7AT": 0.652, "ATT": 0.406, "5AT": 0.31033333333333335, "AAT": 0.3943333333333333, "2AT": 0.30933333333333335, "AKT": 0.347, "68A": 0.49966666666666665, "67A": 0.6876666666666666, "56A": 0.4013333333333333, "6AA": 0.368, "26A": 0.306, "6AK": 0.316, "66A": 0.35, "78A": 0.649, "88A": 0.345, "58A": 0.428, "8AA": 0.37066666666666664, "28A": 0.316, "8AK": 0.3333333333333333, "77A": 0.941, "57A": 0.682, "7AA": 0.729, "27A": 0.7033333333333334, "7AK": 0.666, "5AA": 0.34, "25A": 0.2853333333333333, "5AK": 0.32166666666666666, "55A": 0.35033333333333333, "2AA": 0.36233333333333334, "AAK": 0.37, "AAA": 0.41633333333333333, "2AK": 0.30933333333333335, "22A": 0.31966666666666665, "AKK": 0.39, "39J": 0.695, "49J": 0.6776666666666666, "9JQ": 0.5896666666666667, "9JT": 0.49033333333333334, "69J": 0.6876666666666666, "89J": 0.672, "79J": 0.6893333333333334, "9JJ": 0.7233333333333334, "99J": 0.897, "59J": 0.6993333333333334, "29J": 0.576, "9JK": 0.621, "34J": 0.2966666666666667, "3JQ": 0.31066666666666665, "3JT": 0.3943333333333333, "36J": 0.302, "38J": 0.391, "37J": 0.6823333333333333, "3JJ": 0.35733333333333334, "33J": 0.299, "35J": 0.2916666666666667, "23J": 0.27066666666666667, "3JK": 0.31033333333333335, "4JQ": 0.333, "4JT": 0.3973333333333333, "46J": 0.299, "44J": 0.32133333333333336, "48J": 0.398, "47J": 0.672, "4JJ": 0.386, "45J": 0.30266666666666664, "24J": 0.26966666666666667, "4JK": 0.31333333333333335, "JQT": 0.45466666666666666, "6JQ": 0.33166666666666667, "8JQ": 0.4013333333333333, "7JQ": 0.6583333333333333, "JJQ": 0.3893333333333333, "5JQ": 0.327, "2JQ": 0.30866666666666664, "JKQ": 0.391, "JQQ": 0.386, "6JT": 0.402, "8JT": 0.8896666666666667, "7JT": 0.5713333333333334, "JJT": 0.454, "JTT": 0.46266666666666667, "5JT": 0.39666666666666667, "2JT": 0.3596666666666667, "JKT": 0.4766666666666667, "68J": 0.497, "67J": 0.6603333333333333, "6JJ": 0.3576666666666667, "56J": 0.39966666666666667, "26J": 0.2926666666666667, "6JK": 0.31766666666666665, "66J": 0.35733333333333334, "78J": 0.6613333333333333, "88J": 0.424, "8JJ": 0.45666666666666667, "58J": 0.49566666666666664, "28J": 0.396, "8JK": 0.41533333333333333, "77J": 0.9226666666666666, "7JJ": 0.7333333333333333, "57J": 0.6643333333333333, "27J": 0.5903333333333334, "7JK": 0.6366666666666667, "5JJ": 0.354, "2JJ": 0.349, "JJK": 0.38466666666666666, "JJJ": 0.4093333333333333, "25J": 0.2763333333333333, "5JK": 0.31733333333333336, "55J": 0.35633333333333334, "2JK": 0.31466666666666665, "22J": 0.321, "JKK": 0.381, "349": 0.7586666666666667, "39Q": 0.7076666666666667, "39T": 0.6866666666666666, "369": 0.7246666666666667, "389": 0.7576666666666667, "379": 0.8546666666666667, "339": 0.714, "399": 0.9543333333333334, "359": 0.7396666666666667, "239": 0.7433333333333333, "39K": 0.6986666666666667, "49Q": 0.7083333333333334, "49T": 0.6803333333333333, "469": 0.7723333333333333, "449": 0.7556666666666667, "489": 0.7636666666666667, "479": 0.8503333333333334, "499": 0.9383333333333334, "459": 0.7613333333333333, "249": 0.7453333333333333, "49K": 0.7196666666666667, "9QT": 0.5856666666666667, "69Q": 0.6923333333333334, "89Q": 0.6706666666666666, "79Q": 0.84, "99Q": 0.9086666666666666, "59Q": 0.7186666666666667, "29Q": 0.6943333333333334, "9KQ": 0.641, "9QQ": 0.7386666666666667, "69T": 0.702, "89T": 0.6906666666666667, "79T": 0.6786666666666666, "9TT": 0.7126666666666667, "99T": 0.9046666666666666, "59T": 0.6796666666666666, "29T": 0.5783333333333334, "9KT": 0.6203333333333333, "689": 0.7773333333333333, "679": 0.779, "699": 0.9573333333333334, "569": 0.724, "269": 0.735, "69K": 0.6863333333333334, "669": 0.725, "789": 0.746, "889": 0.7326666666666667, "899": 0.9306666666666666, "589": 0.774, "289": 0.7446666666666667, "89K": 0.7276666666666667, "779": 0.9916666666666667, "799": 0.9913333333333333, "579": 0.8223333333333334, "279": 0.7483333333333333, "79K": 0.8383333333333334, "599": 0.951, "299": 0.9356666666666666, "99K": 0.9366666666666666, "999": 0.9993333333333333, "259": 0.7326666666666667, "59K": 0.7, "559": 0.7376666666666667, "29K": 0.7143333333333334, "229": 0.714, "9KK": 0.7573333333333333, "34Q": 0.2813333333333333, "34T": 0.30633333333333335, "346": 0.3333333333333333, "344": 0.297, "348": 0.2853333333333333, "347": 0.7096666666666667, "334": 0.282, "345": 0.316, "234": 0.23633333333333334, "34K": 0.25266666666666665, "3QT": 0.33466666666666667, "36Q": 0.28633333333333333, "38Q": 0.31733333333333336, "37Q": 0.711, "33Q": 0.327, "35Q": 0.2693333333333333, "23Q": 0.27666666666666667, "3KQ": 0.2846666666666667, "3QQ": 0.3426666666666667, "36T": 0.373, "38T": 0.5066666666666667, "37T": 0.6796666666666666, "3TT": 0.36233333333333334, "33T": 0.31233333333333335, "35T": 0.276, "23T": 0.273, "3KT": 0.3293333333333333, "368": 0.485, "367": 0.6756666666666666, "336": 0.289, "356": 0.38066666666666665, "236": 0.24833333333333332, "36K": 0.251, "366": 0.301, "378": 0.7093333333333334, "388": 0.31333333333333335, "338": 0.32866666666666666, "358": 0.389, "238": 0.2856666666666667, "38K": 0.30033333333333334, "377": 0.9486666666666667, "337": 0.7036666666666667, "357": 0.6786666666666666, "237": 0.7353333333333333, "37K": 0.6756666666666666, "335": 0.2876666666666667, "233": 0.266, "33K": 0.2946666666666667, "333": 0.347, "235": 0.25466666666666665, "35K": 0.23366666666666666, "355": 0.311, "23K": 0.269, "223": 0.2796666666666667, "3KK": 0.337, "4QT": 0.351, "46Q": 0.31633333333333336, "44Q": 0.331, "48Q": 0.44, "47Q": 0.6836666666666666, "45Q": 0.31066666666666665, "24Q": 0.2836666666666667, "4KQ": 0.3253333333333333, "4QQ": 0.34933333333333333, "46T": 0.4103333333333333, "44T": 0.353, "48T": 0.5096666666666667, "47T": 0.673, "4TT": 0.372, "45T": 0.2976666666666667, "24T": 0.2796666666666667, "4KT": 0.32866666666666666, "446": 0.31033333333333335, "468": 0.49333333333333335, "467": 0.6526666666666666, "456": 0.422, "246": 0.25166666666666665, "46K": 0.2946666666666667, "466": 0.32233333333333336, "448": 0.3313333333333333, "447": 0.717, "445": 0.302, "244": 0.2853333333333333, "44K": 0.327, "444": 0.3596666666666667, "478": 0.6656666666666666, "488": 0.3486666666666667, "458": 0.3923333333333333, "248": 0.30833333333333335, "48K": 0.31866666666666665, "477": 0.928, "457": 0.6556666666666666, "247": 0.7276666666666667, "47K": 0.6976666666666667, "245": 0.24533333333333332, "45K": 0.2753333333333333, "455": 0.2896666666666667, "24K": 0.27666666666666667, "224": 0.286, "4KK": 0.35633333333333334, "6QT": 0.42533333333333334, "8QT": 0.5036666666666667, "7QT": 0.6303333333333333, "QTT": 0.38366666666666666, "5QT": 0.336, "2QT": 0.31333333333333335, "KQT": 0.4046666666666667,