{"9KQ": 0.528, "AKQ": 0.3476666666666667, "KQT": 0.3983333333333333, "8KQ": 0.5636666666666666, "7KQ": 0.312, "4KQ": 0.26033333333333336, "KQQ": 0.385, "JKQ": 0.36, "KKQ": 0.378, "6KQ": 0.32966666666666666, "2KQ": 0.30366666666666664, "3KQ": 0.2976666666666667, "5KQ": 0.313, "9AQ": 0.663, "9QT": 0.623, "89Q": 0.7276666666666667, "79Q": 0.6926666666666667, "49Q": 0.6006666666666667, "9QQ": 0.732, "99Q": 0.9203333333333333, "9JQ": 0.643, "69Q": 0.6923333333333334, "29Q": 0.7003333333333334, "39Q": 0.7046666666666667, "59Q": 0.7053333333333334, "AQT": 0.44233333333333336, "8AQ": 0.6756666666666666, "AAQ": 0.395, "7AQ": 0.345, "4AQ": 0.30233333333333334, "AQQ": 0.4073333333333333, "AJQ": 0.4066666666666667, "6AQ": 0.345, "2AQ": 0.335, "3AQ": 0.32466666666666666, "5AQ": 0.3416666666666667, "QTT": 0.48333333333333334, "8QT": 0.6666666666666666, "7QT": 0.5286666666666666, "4QT": 0.4226666666666667, "QQT": 0.4673333333333333, "JQT": 0.8486666666666667, "6QT": 0.516, "2QT": 0.432, "3QT": 0.431, "5QT": 0.43033333333333335, "78Q": 0.69, "88Q": 0.9276666666666666, "48Q": 0.5986666666666667, "8QQ": 0.735, "8JQ": 0.6686666666666666, "68Q": 0.7006666666666667, "28Q": 0.707, "38Q": 0.7093333333333334, "58Q": 0.7103333333333334, "47Q": 0.2793333333333333, "7QQ": 0.394, "7JQ": 0.42, "77Q": 0.361, "67Q": 0.5166666666666667, "27Q": 0.31766666666666665, "37Q": 0.33266666666666667, "57Q": 0.415, "4QQ": 0.33366666666666667, "4JQ": 0.3933333333333333, "46Q": 0.29133333333333333, "24Q": 0.29333333333333333, "34Q": 0.27166666666666667, "44Q": 0.33366666666666667, "45Q": 0.283, "JQQ": 0.4713333333333333, "6QQ": 0.38433333333333336, "2QQ": 0.36633333333333334, "3QQ": 0.3636666666666667, "5QQ": 0.364, "QQQ": 0.42633333333333334, "JJQ": 0.44033333333333335, "6JQ": 0.41633333333333333, "2JQ": 0.38666666666666666, "3JQ": 0.4166666666666667, "5JQ": 0.425, "66Q": 0.3476666666666667, "26Q": 0.296, "36Q": 0.318, "56Q": 0.4013333333333333, "23Q": 0.298, "25Q": 0.31166666666666665, "22Q": 0.33366666666666667, "35Q": 0.2936666666666667, "33Q": 0.3393333333333333, "55Q": 0.33766666666666667, "9AK": 0.6626666666666666, "9KT": 0.6183333333333333, "89K": 0.746, "79K": 0.7116666666666667, "49K": 0.6173333333333333, "99K": 0.9193333333333333, "9JK": 0.623, "9KK": 0.7303333333333333, "69K": 0.6886666666666666, "29K": 0.69, "39K": 0.7106666666666667, "59K": 0.7016666666666667, "AKT": 0.397, "8AK": 0.6616666666666666, "AAK": 0.38866666666666666, "7AK": 0.343, "4AK": 0.30933333333333335, "AJK": 0.358, "AKK": 0.38866666666666666, "6AK": 0.32566666666666666, "2AK": 0.32233333333333336, "3AK": 0.31233333333333335, "5AK": 0.35033333333333333, "KTT": 0.4116666666666667, "8KT": 0.64, "7KT": 0.5143333333333333, "4KT": 0.336, "JKT": 0.49533333333333335, "KKT": 0.417, "6KT": 0.42866666666666664, "2KT": 0.3343333333333333, "3KT": 0.3453333333333333, "5KT": 0.3596666666666667, "78K": 0.716, "88K": 0.9293333333333333, "48K": 0.6053333333333333, "8JK": 0.6473333333333333, "8KK": 0.738, "68K": 0.696, "28K": 0.708, "38K": 0.7286666666666667, "58K": 0.7226666666666667, "47K": 0.29733333333333334, "7JK": 0.41633333333333333, "7KK": 0.3973333333333333, "77K": 0.371, "67K": 0.5003333333333333, "27K": 0.333, "37K": 0.3456666666666667, "57K": 0.4106666666666667, "4JK": 0.31633333333333336, "4KK": 0.34833333333333333, "46K": 0.30133333333333334, "24K": 0.26466666666666666, "34K": 0.25, "44K": 0.31366666666666665, "45K": 0.25866666666666666, "JJK": 0.38533333333333336, "JKK": 0.4023333333333333, "6JK": 0.3293333333333333, "2JK": 0.316, "3JK": 0.33366666666666667, "5JK": 0.33166666666666667, "6KK": 0.38266666666666665, "KKK": 0.433, "2KK": 0.3443333333333333, "3KK": 0.35933333333333334, "5KK": 0.39666666666666667, "66K": 0.3526666666666667, "26K": 0.31366666666666665, "36K": 0.2976666666666667, "56K": 0.3923333333333333, "23K": 0.2846666666666667, "25K": 0.29333333333333333, "22K": 0.326, "35K": 0.2823333333333333, "33K": 0.30633333333333335, "55K": 0.33566666666666667, "9AT": 0.668, "89A": 0.8506666666666667, "9AA": 0.7663333333333333, "79A": 0.738, "49A": 0.7286666666666667, "99A": 0.954, "9AJ": 0.6793333333333333, "69A": 0.7353333333333333, "29A": 0.7336666666666667, "39A": 0.743, "59A": 0.7383333333333333, "9TT": 0.7443333333333333, "89T": 0.735, "79T": 0.7436666666666667, "49T": 0.691, "99T": 0.9333333333333333, "9JT": 0.69, "69T": 0.7303333333333333, "29T": 0.7303333333333333, "39T": 0.7166666666666667, "59T": 0.7126666666666667, "789": 0.7556666666666667, "889": 0.9906666666666667, "489": 0.7476666666666667, "899": 0.9913333333333333, "89J": 0.765, "689": 0.7886666666666666, "289": 0.8633333333333333, "389": 0.8626666666666667, "589": 0.826, "479": 0.744, "799": 0.9386666666666666, "79J": 0.7313333333333333, "779": 0.7413333333333333, "679": 0.7846666666666666, "279": 0.7776666666666666, "379": 0.7553333333333333, "579": 0.781, "499": 0.9373333333333334, "49J": 0.6786666666666666, "469": 0.7406666666666667, "249": 0.7566666666666667, "349": 0.7433333333333333, "449": 0.7233333333333334, "459": 0.728, "99J": 0.936, "699": 0.954, "299": 0.9603333333333334, "399": 0.9453333333333334, "599": 0.958, "999": 1.0, "9JJ": 0.7303333333333333, "69J": 0.6943333333333334, "29J": 0.7023333333333334, "39J": 0.743, "59J": 0.701, "669": 0.745, "269": 0.7346666666666667, "369": 0.7526666666666667, "569": 0.7686666666666667, "239": 0.7743333333333333, "259": 0.7723333333333333, "229": 0.7673333333333333, "359": 0.755, "339": 0.757, "559": 0.7173333333333334, "ATT": 0.43366666666666664, "8AT": 0.6786666666666666, "AAT": 0.432, "7AT": 0.5296666666666666, "4AT": 0.3516666666666667, "AJT": 0.519, "6AT": 0.44733333333333336, "2AT": 0.36533333333333334, "3AT": 0.3596666666666667, "5AT": 0.47733333333333333, "8AA": 0.7596666666666667, "78A": 0.727, "88A": 0.9393333333333334, "48A": 0.6983333333333334, "8AJ": 0.6763333333333333, "68A": 0.7153333333333334, "28A": 0.744, "38A": 0.7463333333333333, "58A": 0.724, "7AA": 0.3913333333333333, "4AA": 0.3496666666666667, "AAJ": 0.38866666666666666, "6AA": 0.37133333333333335, "2AA": 0.3476666666666667, "3AA": 0.3403333333333333, "AAA": 0.42133333333333334, "5AA": 0.372, "47A": 0.317, "7AJ": 0.425, "77A": 0.39166666666666666, "67A": 0.525, "27A": 0.324, "37A": 0.3263333333333333, "57A": 0.43833333333333335, "4AJ": 0.3293333333333333, "46A": 0.30666666666666664, "24A": 0.2826666666666667, "34A": 0.2846666666666667, "44A": 0.33166666666666667, "45A": 0.293, "AJJ": 0.409, "6AJ": 0.3283333333333333, "2AJ": 0.32666666666666666, "3AJ": 0.3293333333333333, "5AJ": 0.349, "66A": 0.344, "26A": 0.2906666666666667, "36A": 0.299, "56A": 0.4056666666666667, "23A": 0.26966666666666667, "25A": 0.316, "22A": 0.3433333333333333, "35A": 0.30666666666666664, "33A": 0.33466666666666667, "55A": 0.35233333333333333, "8TT": 0.7586666666666667, "7TT": 0.57, "4TT": 0.38166666666666665, "TTT": 0.44466666666666665, "JTT": 0.5343333333333333, "6TT": 0.457, "2TT": 0.368, "3TT": 0.36833333333333335, "5TT": 0.39466666666666667, "78T": 0.7486666666666667, "88T": 0.945, "48T": 0.715, "8JT": 0.7196666666666667, "68T": 0.7233333333333334, "28T": 0.7263333333333334, "38T": 0.7323333333333333, "58T": 0.7173333333333334, "47T": 0.49833333333333335, "7JT": 0.942, "77T": 0.5386666666666666, "67T": 0.953, "27T": 0.5333333333333333, "37T": 0.5206666666666667, "57T": 0.5206666666666667, "4JT": 0.5096666666666667, "46T": 0.413, "24T": 0.31633333333333336, "34T": 0.30966666666666665, "44T": 0.37133333333333335, "45T": 0.3263333333333333, "JJT": 0.5556666666666666, "6JT": 0.493, "2JT": 0.493, "3JT": 0.5243333333333333, "5JT": 0.5206666666666667, "66T": 0.44633333333333336, "26T": 0.3993333333333333, "36T": 0.4216666666666667, "56T": 0.414, "23T": 0.317, "25T": 0.33866666666666667, "22T": 0.3526666666666667, "35T": 0.31766666666666665, "33T": 0.35033333333333333, "55T": 0.36766666666666664, "788": 0.9456666666666667, "478": 0.706, "78J": 0.7376666666666667, "778": 0.7316666666666667, "678": 0.7676666666666667, "278": 0.7663333333333333,