{"6AJ": 0.7983333333333333, "2AJ": 0.771, "AJT": 0.8176666666666667, "AAJ": 0.8646666666666667, "9AJ": 0.7896666666666666, "5AJ": 0.778, "4AJ": 0.808, "8AJ": 0.7773333333333333, "7AJ": 0.761, "AJJ": 0.7873333333333333, "AJK": 0.7676666666666667, "3AJ": 0.8126666666666666, "AJQ": 0.9066666666666666, "26J": 0.8413333333333334, "6JT": 0.832, "69J": 0.8323333333333334, "56J": 0.808, "46J": 0.808, "68J": 0.818, "67J": 0.7983333333333333, "6JJ": 0.824, "66J": 0.847, "6JK": 0.7886666666666666, "36J": 0.8266666666666667, "6JQ": 0.9526666666666667, "2JT": 0.8453333333333334, "29J": 0.8423333333333334, "25J": 0.8306666666666667, "24J": 0.8393333333333334, "28J": 0.8366666666666667, "27J": 0.8183333333333334, "2JJ": 0.8406666666666667, "2JK": 0.7766666666666666, "23J": 0.8403333333333334, "22J": 0.845, "2JQ": 0.9353333333333333, "9JT": 0.8323333333333334, "5JT": 0.807, "4JT": 0.8276666666666667, "8JT": 0.826, "JTT": 0.8366666666666667, "7JT": 0.791, "JJT": 0.8523333333333334, "JKT": 0.8026666666666666, "3JT": 0.834, "JQT": 0.867, "59J": 0.7936666666666666, "49J": 0.843, "89J": 0.8163333333333334, "79J": 0.793, "9JJ": 0.8393333333333334, "99J": 0.836, "9JK": 0.7693333333333333, "39J": 0.8406666666666667, "9JQ": 0.9026666666666666, "45J": 0.8046666666666666, "58J": 0.8183333333333334, "57J": 0.8003333333333333, "5JJ": 0.8316666666666667, "5JK": 0.7553333333333333, "55J": 0.836, "35J": 0.8193333333333334, "5JQ": 0.9436666666666667, "48J": 0.8423333333333334, "47J": 0.8193333333333334, "4JJ": 0.843, "44J": 0.8333333333333334, "4JK": 0.8056666666666666, "34J": 0.8146666666666667, "4JQ": 0.9523333333333334, "78J": 0.7863333333333333, "8JJ": 0.8433333333333334, "8JK": 0.7823333333333333, "38J": 0.8273333333333334, "8JQ": 0.9143333333333333, "88J": 0.8346666666666667, "7JJ": 0.832, "7JK": 0.7793333333333333, "37J": 0.8313333333333334, "7JQ": 0.9406666666666667, "77J": 0.8373333333333334, "JJK": 0.7686666666666667, "3JJ": 0.8326666666666667, "JJQ": 0.9923333333333333, "JJJ": 0.8896666666666667, "JKK": 0.88, "3JK": 0.787, "JKQ": 0.905, "3JQ": 0.9563333333333334, "33J": 0.8486666666666667, "JQQ": 0.9996666666666667, "26A": 0.767, "6AT": 0.7733333333333333, "6AA": 0.8566666666666667, "69A": 0.7696666666666667, "56A": 0.746, "46A": 0.7596666666666667, "68A": 0.761, "67A": 0.7246666666666667, "66A": 0.7523333333333333, "6AK": 0.7423333333333333, "36A": 0.7686666666666667, "6AQ": 0.946, "2AT": 0.7566666666666667, "2AA": 0.8403333333333334, "29A": 0.755, "25A": 0.76, "24A": 0.7563333333333333, "28A": 0.7613333333333333, "27A": 0.6516666666666666, "2AK": 0.6946666666666667, "23A": 0.7486666666666667, "22A": 0.7483333333333333, "2AQ": 0.8613333333333333, "AAT": 0.876, "9AT": 0.741, "5AT": 0.7666666666666667, "4AT": 0.8003333333333333, "8AT": 0.7766666666666666, "ATT": 0.757, "7AT": 0.7443333333333333, "AKT": 0.7316666666666667, "3AT": 0.7823333333333333, "AQT": 0.9036666666666666, "9AA": 0.8606666666666667, "AAA": 0.925, "5AA": 0.8623333333333333, "4AA": 0.857, "8AA": 0.8616666666666667, "7AA": 0.834, "AAK": 0.791, "3AA": 0.8726666666666667, "AAQ": 0.9753333333333334, "59A": 0.745, "49A": 0.7766666666666666, "89A": 0.7466666666666667, "79A": 0.7306666666666667, "99A": 0.7793333333333333, "9AK": 0.7133333333333334, "39A": 0.8076666666666666, "9AQ": 0.939, "45A": 0.758, "58A": 0.7813333333333333, "57A": 0.7376666666666667, "5AK": 0.693, "55A": 0.767, "35A": 0.7773333333333333, "5AQ": 0.9506666666666667, "48A": 0.773, "47A": 0.7423333333333333, "44A": 0.7716666666666666, "4AK": 0.735, "34A": 0.7826666666666666, "4AQ": 0.9476666666666667, "78A": 0.7226666666666667, "8AK": 0.7253333333333334, "38A": 0.795, "8AQ": 0.9446666666666667, "88A": 0.77, "7AK": 0.6983333333333334, "37A": 0.7596666666666667, "7AQ": 0.851, "77A": 0.7516666666666667, "AKK": 0.7953333333333333, "3AK": 0.7143333333333334, "AKQ": 0.9153333333333333, "3AQ": 0.9576666666666667, "33A": 0.7663333333333333, "AQQ": 0.9993333333333333, "26T": 0.8283333333333334, "269": 0.8123333333333334, "256": 0.7663333333333333, "246": 0.7883333333333333, "268": 0.8066666666666666, "267": 0.7796666666666666, "266": 0.803, "26K": 0.7766666666666666, "236": 0.7813333333333333, "226": 0.8266666666666667, "26Q": 0.949, "69T": 0.7756666666666666, "56T": 0.7773333333333333, "46T": 0.8003333333333333, "68T": 0.7736666666666666, "6TT": 0.8356666666666667, "67T": 0.77, "66T": 0.8356666666666667, "6KT": 0.7396666666666667, "36T": 0.8093333333333333, "6QT": 0.9513333333333334, "569": 0.7506666666666667, "469": 0.808, "689": 0.7483333333333333, "679": 0.7303333333333333, "699": 0.8306666666666667, "669": 0.8143333333333334, "69K": 0.7566666666666667, "369": 0.8053333333333333, "69Q": 0.9403333333333334, "456": 0.6853333333333333, "568": 0.7243333333333334, "567": 0.692, "566": 0.7923333333333333, "56K": 0.724, "556": 0.7993333333333333, "356": 0.7453333333333333, "56Q": 0.9436666666666667, "468": 0.771, "467": 0.724, "466": 0.804, "446": 0.804, "46K": 0.7473333333333333, "346": 0.744, "46Q": 0.9513333333333334, "678": 0.6766666666666666, "668": 0.8313333333333334, "68K": 0.7583333333333333, "368": 0.817, "68Q": 0.9433333333333334, "688": 0.8113333333333334, "667": 0.7756666666666666, "67K": 0.7506666666666667, "367": 0.7653333333333333, "67Q": 0.9246666666666666, "677": 0.796, "66K": 0.7686666666666667, "366": 0.81, "66Q": 0.9903333333333333, "666": 0.8863333333333333, "6KK": 0.8626666666666667, "36K": 0.7593333333333333, "6KQ": 0.957, "36Q": 0.9566666666666667, "336": 0.8283333333333334, "6QQ": 1.0, "29T": 0.8063333333333333, "25T": 0.8176666666666667, "24T": 0.8336666666666667, "28T": 0.8216666666666667, "2TT": 0.837, "27T": 0.8023333333333333, "2KT": 0.7503333333333333, "23T": 0.84, "22T": 0.818, "2QT": 0.9333333333333333, "259": 0.8056666666666666, "249": 0.8513333333333334, "289": 0.825, "279": 0.7846666666666666, "299": 0.847, "29K": 0.7676666666666667, "239": 0.835, "229": 0.833, "29Q": 0.9413333333333334, "245": 0.7693333333333333, "258": 0.8166666666666667, "257": 0.791, "25K": 0.743, "255": 0.8243333333333334, "235": 0.7966666666666666, "225": 0.8153333333333334, "25Q": 0.947, "248": 0.825, "247": 0.802, "244": 0.8503333333333334, "24K": 0.7783333333333333, "234": 0.8123333333333334, "224": 0.843, "24Q": 0.9543333333333334, "278": 0.777, "28K": 0.8003333333333333, "238": 0.842, "228": 0.8423333333333334, "28Q": 0.9453333333333334, "288": 0.8383333333333334, "27K": 0.766, "237": 0.8193333333333334, "227": 0.8153333333333334, "27Q": 0.869, "277": 0.8163333333333334, "2KK": 0.8616666666666667, "23K": 0.796, "22K": 0.756, "2KQ": 0.9423333333333334, "223": 0.8213333333333334, "23Q": 0.9533333333333334, "233": 0.8353333333333334, "22Q": 0.996, "222": 0.879, "2QQ": 1.0, "59T": 0.7026666666666667, "49T": 0.8053333333333333, "89T": 0.7466666666666667, "9TT": 0.8086666666666666, "79T": 0.7183333333333334, "99T": 0.8116666666666666, "9KT": 0.6673333333333333, "39T": 0.808, "9QT": 0.8616666666666667, "45T": 0.7873333333333333, "58T": 0.7946666666666666, "5TT": 0.8143333333333334, "57T": 0.7866666666666666, "5KT": 0.6646666666666666, "55T": 0.8176666666666667, "35T": 0.7976666666666666, "5QT": 0.936, "48T": 0.8173333333333334, "4TT": 0.8496666666666667, "47T": 0.815, "44T": 0.8253333333333334, "4KT": 0.7693333333333333, "34T": 0.835, "4QT": 0.9533333333333334, "8TT": 0.8303333333333334, "78T": 0.7313333333333333, "8KT": 0.739, "38T": 0.837, "8QT": 0.9176666666666666, "88T": 0.824, "7TT": 0.795, "KTT": 0.7566666666666667, "3TT": 0.832, "QTT": 0.9936666666666667, "TTT": 0.9053333333333333, "7KT": 0.745, "37T": 0.82, "7QT": 0.922, "77T": 0.8166666666666667, "KKT": 0.849, "3KT": 0.76, "KQT": 0.8656666666666667, "3QT": 0.9453333333333334, "33T": 0.8263333333333334, "QQT": 1.0, "459": 0.7906666666666666, "589": 0.746, "579": 0.7293333333333333, "599": 0.8103333333333333, "59K": 0.6576666666666666, "559": 0.798, "359": 0.7953333333333333, "59Q": 0.9313333333333333, "489": 0.8006666666666666, "479": 0.8113333333333334, "499": 0.8453333333333334,