{"2JQ": 0.789, "4JQ": 0.7926666666666666, "7JQ": 0.803, "JQT": 0.7526666666666667, "JKQ": 0.689, "8JQ": 0.878, "AJQ": 0.7516666666666667, "5JQ": 0.772, "3JQ": 0.7906666666666666, "9JQ": 0.7856666666666666, "JQQ": 0.939, "6JQ": 0.821, "JJQ": 0.8056666666666666, "24Q": 0.6946666666666667, "27Q": 0.8143333333333334, "2QT": 0.7866666666666666, "2KQ": 0.7586666666666667, "28Q": 0.9136666666666666, "2AQ": 0.7613333333333333, "25Q": 0.6833333333333333, "23Q": 0.708, "29Q": 0.8086666666666666, "2QQ": 0.9393333333333334, "22Q": 0.7973333333333333, "26Q": 0.7963333333333333, "47Q": 0.79, "4QT": 0.7953333333333333, "4KQ": 0.735, "48Q": 0.9016666666666666, "4AQ": 0.7556666666666667, "45Q": 0.6983333333333334, "34Q": 0.6846666666666666, "49Q": 0.794, "4QQ": 0.9343333333333333, "46Q": 0.789, "44Q": 0.8016666666666666, "7QT": 0.824, "7KQ": 0.7703333333333333, "77Q": 0.8216666666666667, "78Q": 0.8946666666666667, "7AQ": 0.793, "57Q": 0.7933333333333333, "37Q": 0.799, "79Q": 0.8206666666666667, "7QQ": 0.955, "67Q": 0.8196666666666667, "KQT": 0.697, "8QT": 0.8296666666666667, "AQT": 0.743, "5QT": 0.7983333333333333, "3QT": 0.7843333333333333, "9QT": 0.7766666666666666, "QQT": 0.9483333333333334, "6QT": 0.7843333333333333, "QTT": 0.8146666666666667, "8KQ": 0.8746666666666667, "AKQ": 0.7096666666666667, "KKQ": 0.8046666666666666, "5KQ": 0.746, "3KQ": 0.7546666666666667, "9KQ": 0.739, "KQQ": 0.9373333333333334, "6KQ": 0.7456666666666667, "88Q": 0.9926666666666667, "8AQ": 0.907, "58Q": 0.8976666666666666, "38Q": 0.902, "89Q": 0.8633333333333333, "8QQ": 0.9963333333333333, "68Q": 0.8763333333333333, "5AQ": 0.769, "3AQ": 0.7606666666666667, "AAQ": 0.8503333333333334, "9AQ": 0.7906666666666666, "AQQ": 0.939, "6AQ": 0.7793333333333333, "35Q": 0.6866666666666666, "55Q": 0.8076666666666666, "59Q": 0.8106666666666666, "5QQ": 0.9416666666666667, "56Q": 0.781, "39Q": 0.8003333333333333, "33Q": 0.7913333333333333, "3QQ": 0.9353333333333333, "36Q": 0.789, "9QQ": 0.9486666666666667, "99Q": 0.8146666666666667, "69Q": 0.8126666666666666, "QQQ": 1.0, "6QQ": 0.956, "66Q": 0.8233333333333334, "24J": 0.369, "27J": 0.4266666666666667, "2JT": 0.4876666666666667, "2JK": 0.4523333333333333, "28J": 0.7396666666666667, "2AJ": 0.44366666666666665, "25J": 0.36933333333333335, "23J": 0.3933333333333333, "29J": 0.49866666666666665, "22J": 0.449, "26J": 0.39766666666666667, "2JJ": 0.49233333333333335, "47J": 0.43033333333333335, "4JT": 0.5, "4JK": 0.44733333333333336, "48J": 0.7233333333333334, "4AJ": 0.442, "45J": 0.37466666666666665, "34J": 0.38033333333333336, "49J": 0.47533333333333333, "46J": 0.3893333333333333, "44J": 0.45766666666666667, "4JJ": 0.4613333333333333, "7JT": 0.498, "7JK": 0.44266666666666665, "77J": 0.4766666666666667, "78J": 0.7003333333333334, "7AJ": 0.4696666666666667, "57J": 0.4156666666666667, "37J": 0.4043333333333333, "79J": 0.49633333333333335, "67J": 0.4083333333333333, "7JJ": 0.48433333333333334, "JKT": 0.559, "8JT": 0.6686666666666666, "AJT": 0.5803333333333334, "5JT": 0.48433333333333334, "3JT": 0.49133333333333334, "9JT": 0.9243333333333333, "6JT": 0.46266666666666667, "JJT": 0.5403333333333333, "JTT": 0.5483333333333333, "8JK": 0.664, "AJK": 0.553, "JKK": 0.526, "5JK": 0.44166666666666665, "3JK": 0.436, "9JK": 0.5056666666666667, "6JK": 0.4096666666666667, "JJK": 0.5126666666666667, "88J": 0.9406666666666667, "8AJ": 0.6976666666666667, "58J": 0.7136666666666667, "38J": 0.7553333333333333, "89J": 0.6926666666666667, "68J": 0.7043333333333334, "8JJ": 0.781, "5AJ": 0.449, "3AJ": 0.4633333333333333, "AAJ": 0.5636666666666666, "9AJ": 0.5423333333333333, "6AJ": 0.44266666666666665, "AJJ": 0.5296666666666666, "35J": 0.37133333333333335, "55J": 0.468, "59J": 0.49233333333333335, "56J": 0.39466666666666667, "5JJ": 0.461, "39J": 0.4876666666666667, "33J": 0.44033333333333335, "36J": 0.393, "3JJ": 0.4756666666666667, "99J": 0.5193333333333333, "69J": 0.509, "9JJ": 0.5546666666666666, "6JJ": 0.4786666666666667, "66J": 0.4663333333333333, "JJJ": 0.5516666666666666, "247": 0.37133333333333335, "24T": 0.37033333333333335, "24K": 0.4073333333333333, "248": 0.7596666666666667, "24A": 0.4166666666666667, "245": 0.31, "234": 0.31066666666666665, "249": 0.372, "224": 0.41933333333333334, "246": 0.32666666666666666, "244": 0.4096666666666667, "27T": 0.39166666666666666, "27K": 0.438, "277": 0.448, "278": 0.7546666666666667, "27A": 0.43733333333333335, "257": 0.366, "237": 0.364, "279": 0.4033333333333333, "227": 0.4513333333333333, "267": 0.3973333333333333, "2KT": 0.429, "28T": 0.7133333333333334, "2AT": 0.44133333333333336, "25T": 0.387, "23T": 0.398, "29T": 0.5053333333333333, "22T": 0.43766666666666665, "26T": 0.38466666666666666, "2TT": 0.475, "28K": 0.748, "2AK": 0.49466666666666664, "2KK": 0.497, "25K": 0.4166666666666667, "23K": 0.4056666666666667, "29K": 0.44666666666666666, "22K": 0.469, "26K": 0.407, "288": 0.9443333333333334, "28A": 0.7626666666666667, "258": 0.7436666666666667, "238": 0.7733333333333333, "289": 0.7223333333333334, "228": 0.7456666666666667, "268": 0.73, "25A": 0.394, "23A": 0.409, "2AA": 0.5256666666666666, "29A": 0.465, "22A": 0.504, "26A": 0.425, "235": 0.2926666666666667, "255": 0.4186666666666667, "259": 0.37366666666666665, "225": 0.42966666666666664, "256": 0.3426666666666667, "239": 0.368, "233": 0.433, "223": 0.4266666666666667, "236": 0.358, "299": 0.46166666666666667, "229": 0.435, "269": 0.399, "226": 0.4033333333333333, "222": 0.5396666666666666, "266": 0.43766666666666665, "47T": 0.38033333333333336, "47K": 0.413, "477": 0.43233333333333335, "478": 0.7323333333333333, "47A": 0.42833333333333334, "457": 0.43533333333333335, "347": 0.354, "479": 0.397, "467": 0.44433333333333336, "447": 0.453, "4KT": 0.42133333333333334, "48T": 0.688, "4AT": 0.44133333333333336, "45T": 0.367, "34T": 0.3566666666666667, "49T": 0.49133333333333334, "46T": 0.37666666666666665, "44T": 0.43333333333333335, "4TT": 0.466, "48K": 0.704, "4AK": 0.5026666666666667, "4KK": 0.5086666666666667, "45K": 0.4126666666666667, "34K": 0.39366666666666666, "49K": 0.45266666666666666, "46K": 0.415, "44K": 0.493, "488": 0.9326666666666666, "48A": 0.7476666666666667, "458": 0.71, "348": 0.7436666666666667, "489": 0.7186666666666667, "468": 0.7066666666666667, "448": 0.7686666666666667, "45A": 0.40166666666666667, "34A": 0.393, "4AA": 0.545, "49A": 0.468, "46A": 0.424, "44A": 0.48433333333333334, "345": 0.29733333333333334, "455": 0.421, "459": 0.38, "456": 0.403, "445": 0.4246666666666667, "349": 0.366, "334": 0.4046666666666667, "346": 0.3233333333333333, "344": 0.4043333333333333, "499": 0.478, "469": 0.38966666666666666, "449": 0.44333333333333336, "446": 0.43433333333333335, "466": 0.43133333333333335, "444": 0.521, "7KT": 0.43233333333333335, "77T": 0.45966666666666667, "78T": 0.6163333333333333, "7AT": 0.44733333333333336, "57T": 0.395, "37T": 0.401, "79T": 0.5386666666666666, "67T": 0.44433333333333336, "7TT": 0.4686666666666667, "77K": 0.5106666666666667, "78K": 0.684, "7AK": 0.4796666666666667, "7KK": 0.5296666666666666, "57K": 0.42833333333333334, "37K": 0.429, "79K": 0.43866666666666665, "67K": 0.429, "778": 0.736, "77A": 0.5206666666666667, "577": 0.4633333333333333, "377": 0.453, "779": 0.4663333333333333, "777": 0.5376666666666666, "677": 0.44366666666666665, "788": 0.932, "78A": 0.7103333333333334, "578": 0.6843333333333333, "378": 0.7473333333333333, "789": 0.622, "678": 0.6353333333333333, "57A": 0.43333333333333335, "37A": 0.42733333333333334, "7AA": 0.5603333333333333, "79A": 0.4703333333333333, "67A": 0.43433333333333335, "357": 0.3606666666666667, "557": 0.4493333333333333, "579": 0.45566666666666666, "567": 0.5236666666666666, "379": 0.4063333333333333, "337": 0.44666666666666666, "367": 0.37866666666666665, "799": 0.48033333333333333, "679": 0.5376666666666666, "667": 0.4563333333333333, "8KT": 0.5816666666666667, "AKT": 0.5356666666666666, "KKT": 0.512, "5KT": 0.42133333333333334, "3KT": 0.421, "9KT": 0.47533333333333333, "6KT": 0.37633333333333335,