{"8AA": 0.515, "8AK": 0.474, "8AT": 0.391, "78A": 0.41133333333333333, "88A": 0.4663333333333333, "8AJ": 0.432, "8AQ": 0.7573333333333333, "28A": 0.387, "58A": 0.6643333333333333, "48A": 0.423, "89A": 0.4003333333333333, "38A": 0.42933333333333334, "68A": 0.39, "AAK": 0.5873333333333334, "AAT": 0.5243333333333333, "7AA": 0.5063333333333333, "AAJ": 0.513, "AAQ": 0.8136666666666666, "2AA": 0.4866666666666667, "5AA": 0.733, "4AA": 0.5166666666666667, "9AA": 0.498, "3AA": 0.5196666666666667, "AAA": 0.579, "6AA": 0.5003333333333333, "AKT": 0.5336666666666666, "7AK": 0.4633333333333333, "AJK": 0.643, "AKQ": 0.705, "AKK": 0.5746666666666667, "2AK": 0.48733333333333334, "5AK": 0.7366666666666667, "4AK": 0.47833333333333333, "9AK": 0.4746666666666667, "3AK": 0.611, "6AK": 0.48133333333333334, "7AT": 0.399, "AJT": 0.493, "ATT": 0.503, "AQT": 0.723, "2AT": 0.393, "5AT": 0.6453333333333333, "4AT": 0.39866666666666667, "9AT": 0.3963333333333333, "3AT": 0.4246666666666667, "6AT": 0.41133333333333333, "7AJ": 0.402, "7AQ": 0.772, "27A": 0.3893333333333333, "57A": 0.614, "47A": 0.43233333333333335, "79A": 0.387, "37A": 0.426, "77A": 0.45966666666666667, "67A": 0.40066666666666667, "AJQ": 0.731, "2AJ": 0.4056666666666667, "5AJ": 0.7346666666666667, "4AJ": 0.4146666666666667, "9AJ": 0.4096666666666667, "3AJ": 0.5756666666666667, "AJJ": 0.5203333333333333, "6AJ": 0.43433333333333335, "2AQ": 0.7746666666666666, "5AQ": 0.892, "4AQ": 0.75, "9AQ": 0.7373333333333333, "3AQ": 0.766, "AQQ": 0.935, "6AQ": 0.7466666666666667, "25A": 0.7173333333333334, "24A": 0.39266666666666666, "29A": 0.4043333333333333, "23A": 0.425, "22A": 0.4613333333333333, "26A": 0.413, "45A": 0.6853333333333333, "59A": 0.66, "35A": 0.744, "55A": 0.9443333333333334, "56A": 0.6186666666666667, "49A": 0.4, "34A": 0.436, "44A": 0.4703333333333333, "46A": 0.4166666666666667, "39A": 0.425, "99A": 0.49633333333333335, "69A": 0.362, "33A": 0.481, "36A": 0.43466666666666665, "66A": 0.48533333333333334, "8KT": 0.4056666666666667, "78K": 0.4056666666666667, "88K": 0.47533333333333333, "8JK": 0.419, "8KQ": 0.755, "8KK": 0.5003333333333333, "28K": 0.418, "58K": 0.632, "48K": 0.4116666666666667, "89K": 0.40066666666666667, "38K": 0.439, "68K": 0.4013333333333333, "78T": 0.48833333333333334, "88T": 0.43833333333333335, "8JT": 0.454, "8TT": 0.434, "8QT": 0.7333333333333333, "28T": 0.355, "58T": 0.6346666666666667, "48T": 0.5226666666666666, "89T": 0.4146666666666667, "38T": 0.37466666666666665, "68T": 0.352, "788": 0.42766666666666664, "78J": 0.35933333333333334, "78Q": 0.8026666666666666, "278": 0.356, "578": 0.556, "478": 0.5546666666666666, "789": 0.38966666666666666, "378": 0.36666666666666664, "778": 0.42733333333333334, "678": 0.48433333333333334, "88J": 0.436, "88Q": 0.7886666666666666, "288": 0.39866666666666667, "588": 0.6993333333333334, "488": 0.44733333333333336, "889": 0.424, "388": 0.44166666666666665, "688": 0.43133333333333335, "888": 0.5263333333333333, "8JQ": 0.7683333333333333, "28J": 0.3486666666666667, "58J": 0.629, "48J": 0.391, "89J": 0.424, "38J": 0.38233333333333336, "8JJ": 0.44733333333333336, "68J": 0.36, "28Q": 0.8303333333333334, "58Q": 0.9013333333333333, "48Q": 0.807, "89Q": 0.75, "38Q": 0.8266666666666667, "8QQ": 0.9336666666666666, "68Q": 0.7766666666666666, "258": 0.678, "248": 0.38266666666666665, "289": 0.353, "238": 0.34933333333333333, "228": 0.4, "268": 0.366, "458": 0.648, "589": 0.6086666666666667, "358": 0.6733333333333333, "558": 0.9313333333333333, "568": 0.55, "489": 0.37366666666666665, "348": 0.386, "448": 0.4046666666666667, "468": 0.44433333333333336, "389": 0.3506666666666667, "899": 0.42933333333333334, "689": 0.398, "338": 0.409, "368": 0.382, "668": 0.42866666666666664, "7KT": 0.4056666666666667, "JKT": 0.543, "KTT": 0.5046666666666667, "KQT": 0.685, "KKT": 0.5083333333333333, "2KT": 0.39966666666666667, "5KT": 0.662, "4KT": 0.415, "9KT": 0.4686666666666667, "3KT": 0.426, "6KT": 0.4026666666666667, "7JK": 0.421, "7KQ": 0.7616666666666667, "7KK": 0.499, "27K": 0.42, "57K": 0.6426666666666667, "47K": 0.4236666666666667, "79K": 0.3963333333333333, "37K": 0.433, "77K": 0.4663333333333333, "67K": 0.403, "JKQ": 0.6953333333333334, "JKK": 0.5123333333333333, "2JK": 0.41833333333333333, "5JK": 0.726, "4JK": 0.42933333333333334, "9JK": 0.4856666666666667, "3JK": 0.579, "JJK": 0.5086666666666667, "6JK": 0.42133333333333334, "KKQ": 0.774, "2KQ": 0.7573333333333333, "5KQ": 0.8816666666666667, "4KQ": 0.746, "9KQ": 0.7016666666666667, "3KQ": 0.754, "KQQ": 0.9213333333333333, "6KQ": 0.7353333333333333, "2KK": 0.501, "5KK": 0.7396666666666667, "4KK": 0.511, "9KK": 0.4776666666666667, "3KK": 0.5126666666666667, "KKK": 0.601, "6KK": 0.478, "25K": 0.7086666666666667, "24K": 0.416, "29K": 0.415, "23K": 0.425, "22K": 0.47, "26K": 0.42433333333333334, "45K": 0.6713333333333333, "59K": 0.6513333333333333, "35K": 0.758, "55K": 0.944, "56K": 0.6303333333333333, "49K": 0.41433333333333333, "34K": 0.4523333333333333, "44K": 0.4756666666666667, "46K": 0.413, "39K": 0.41333333333333333, "99K": 0.478, "69K": 0.37966666666666665, "33K": 0.47433333333333333, "36K": 0.41333333333333333, "66K": 0.49466666666666664, "7JT": 0.36033333333333334, "7TT": 0.43466666666666665, "7QT": 0.784, "27T": 0.365, "57T": 0.6063333333333333, "47T": 0.49366666666666664, "79T": 0.3233333333333333, "37T": 0.374, "77T": 0.415, "67T": 0.35233333333333333, "JTT": 0.4493333333333333, "JQT": 0.6936666666666667, "2JT": 0.374, "5JT": 0.632, "4JT": 0.38566666666666666, "9JT": 0.481, "3JT": 0.38533333333333336, "JJT": 0.446, "6JT": 0.38233333333333336, "QTT": 0.7513333333333333, "2TT": 0.4186666666666667, "5TT": 0.7023333333333334, "4TT": 0.44666666666666666, "9TT": 0.4, "3TT": 0.427, "TTT": 0.5176666666666667, "6TT": 0.39966666666666667, "2QT": 0.8103333333333333, "5QT": 0.901, "4QT": 0.7896666666666666, "9QT": 0.7056666666666667, "3QT": 0.8, "QQT": 0.9226666666666666, "6QT": 0.755, "25T": 0.693, "24T": 0.368, "29T": 0.35633333333333334, "23T": 0.348, "22T": 0.411, "26T": 0.339, "45T": 0.664, "59T": 0.634, "35T": 0.6926666666666667, "55T": 0.9483333333333334, "56T": 0.5963333333333334, "49T": 0.363, "34T": 0.39166666666666666, "44T": 0.428, "46T": 0.37833333333333335, "39T": 0.35333333333333333, "99T": 0.438, "69T": 0.33366666666666667, "33T": 0.43533333333333335, "36T": 0.35633333333333334, "66T": 0.4176666666666667, "7JQ": 0.8093333333333333, "27J": 0.3586666666666667, "57J": 0.6116666666666667, "47J": 0.38333333333333336, "79J": 0.352, "37J": 0.37966666666666665, "7JJ": 0.428, "77J": 0.4116666666666667, "67J": 0.38033333333333336, "27Q": 0.818, "57Q": 0.9043333333333333, "47Q": 0.815, "79Q": 0.7833333333333333, "37Q": 0.8323333333333334, "77Q": 0.794, "7QQ": 0.945, "67Q": 0.7833333333333333, "257": 0.685, "247": 0.38, "279": 0.3586666666666667, "237": 0.35233333333333333, "227": 0.4116666666666667, "277": 0.4126666666666667, "267": 0.369, "457": 0.594, "579": 0.6, "357": 0.6466666666666666, "577": 0.6963333333333334, "557": 0.9276666666666666, "567": 0.529, "479": 0.36633333333333334, "347": 0.458, "447": 0.42333333333333334, "477": 0.44533333333333336, "467": 0.5193333333333333, "379": 0.354, "799": 0.435, "779": 0.39166666666666666, "679": 0.38366666666666666, "377": 0.435, "337": 0.418, "367": 0.4226666666666667, "677": 0.4136666666666667, "777": 0.5026666666666667, "667": 0.42, "2JQ": 0.791, "5JQ": 0.8853333333333333, "4JQ": 0.7833333333333333, "9JQ": 0.7023333333333334, "3JQ": 0.8006666666666666, "JJQ": 0.7693333333333333, "JQQ": 0.9273333333333333, "6JQ": 0.7676666666666667, "25J": 0.7003333333333334, "24J": 0.36233333333333334, "29J": 0.36933333333333335, "23J": 0.37333333333333335, "2JJ": 0.44033333333333335, "22J": 0.39866666666666667, "26J": 0.3516666666666667, "45J": 0.677, "59J": 0.627, "35J": 0.7513333333333333, "5JJ": 0.7103333333333334, "55J": 0.9386666666666666, "56J": 0.5923333333333334, "49J": 0.36866666666666664, "34J": 0.383, "4JJ": 0.452, "44J": 0.4266666666666667, "46J": 0.3913333333333333,