{"2AT": 0.26, "5AT": 0.225, "9AT": 0.28833333333333333, "AJT": 0.2793333333333333, "3AT": 0.5853333333333334, "7AT": 0.258, "4AT": 0.24333333333333335, "AAT": 0.2796666666666667, "AKT": 0.24433333333333335, "8AT": 0.6153333333333333, "ATT": 0.27166666666666667, "6AT": 0.23566666666666666, "AQT": 0.25966666666666666, "25A": 0.21733333333333332, "29A": 0.25866666666666666, "2AJ": 0.23066666666666666, "23A": 0.6356666666666667, "27A": 0.22733333333333333, "22A": 0.25066666666666665, "24A": 0.21933333333333332, "2AA": 0.24266666666666667, "2AK": 0.22833333333333333, "28A": 0.6866666666666666, "26A": 0.21933333333333332, "2AQ": 0.21733333333333332, "59A": 0.24033333333333334, "5AJ": 0.223, "35A": 0.543, "55A": 0.23266666666666666, "57A": 0.21266666666666667, "45A": 0.20233333333333334, "5AA": 0.255, "5AK": 0.22033333333333333, "58A": 0.6786666666666666, "56A": 0.23333333333333334, "5AQ": 0.22133333333333333, "9AJ": 0.273, "99A": 0.2723333333333333, "39A": 0.5806666666666667, "79A": 0.2653333333333333, "49A": 0.23366666666666666, "9AA": 0.2773333333333333, "9AK": 0.2623333333333333, "89A": 0.6163333333333333, "69A": 0.24633333333333332, "9AQ": 0.255, "AJJ": 0.265, "3AJ": 0.574, "7AJ": 0.22966666666666666, "4AJ": 0.23866666666666667, "AAJ": 0.267, "AJK": 0.2633333333333333, "8AJ": 0.6236666666666667, "6AJ": 0.22933333333333333, "AJQ": 0.24466666666666667, "37A": 0.5876666666666667, "33A": 0.927, "34A": 0.568, "3AA": 0.602, "3AK": 0.5863333333333334, "38A": 0.895, "36A": 0.566, "3AQ": 0.5623333333333334, "47A": 0.22833333333333333, "7AA": 0.25233333333333335, "7AK": 0.21933333333333332, "78A": 0.672, "67A": 0.23033333333333333, "7AQ": 0.23133333333333334, "77A": 0.23833333333333334, "4AA": 0.26, "4AK": 0.23066666666666666, "48A": 0.6823333333333333, "46A": 0.219, "4AQ": 0.23666666666666666, "44A": 0.244, "AAK": 0.28633333333333333, "8AA": 0.6923333333333334, "AAA": 0.314, "6AA": 0.25133333333333335, "AAQ": 0.2763333333333333, "8AK": 0.627, "6AK": 0.237, "AKQ": 0.245, "AKK": 0.2783333333333333, "68A": 0.668, "88A": 0.907, "8AQ": 0.6173333333333333, "66A": 0.25233333333333335, "6AQ": 0.22666666666666666, "AQQ": 0.2836666666666667, "25T": 0.232, "29T": 0.4053333333333333, "2JT": 0.25833333333333336, "23T": 0.6406666666666667, "27T": 0.373, "22T": 0.24333333333333335, "24T": 0.366, "2KT": 0.23633333333333334, "28T": 0.6846666666666666, "2TT": 0.27066666666666667, "26T": 0.239, "2QT": 0.24833333333333332, "59T": 0.2723333333333333, "5JT": 0.24366666666666667, "35T": 0.5426666666666666, "55T": 0.24666666666666667, "57T": 0.238, "45T": 0.233, "5KT": 0.22633333333333333, "58T": 0.6283333333333333, "5TT": 0.25266666666666665, "56T": 0.23533333333333334, "5QT": 0.222, "9JT": 0.402, "99T": 0.31266666666666665, "39T": 0.5816666666666667, "79T": 0.5236666666666666, "49T": 0.39666666666666667, "9KT": 0.2946666666666667, "89T": 0.5136666666666667, "9TT": 0.32566666666666666, "69T": 0.3413333333333333, "9QT": 0.31733333333333336, "JJT": 0.30033333333333334, "3JT": 0.554, "7JT": 0.32866666666666666, "4JT": 0.26766666666666666, "JKT": 0.25633333333333336, "8JT": 0.53, "JTT": 0.289, "6JT": 0.23933333333333334, "JQT": 0.2886666666666667, "37T": 0.5993333333333334, "33T": 0.937, "34T": 0.5696666666666667, "3KT": 0.5623333333333334, "38T": 0.856, "3TT": 0.617, "36T": 0.56, "3QT": 0.5663333333333334, "47T": 0.37033333333333335, "7KT": 0.25933333333333336, "78T": 0.5913333333333334, "7TT": 0.284, "67T": 0.3273333333333333, "7QT": 0.26966666666666667, "77T": 0.2876666666666667, "4KT": 0.248, "48T": 0.6493333333333333, "4TT": 0.27066666666666667, "46T": 0.24066666666666667, "4QT": 0.24366666666666667, "44T": 0.27066666666666667, "8KT": 0.6096666666666667, "KTT": 0.287, "6KT": 0.25333333333333335, "KQT": 0.25333333333333335, "KKT": 0.2653333333333333, "8TT": 0.6646666666666666, "68T": 0.6286666666666667, "88T": 0.9066666666666666, "8QT": 0.5896666666666667, "6TT": 0.268, "QTT": 0.2856666666666667, "TTT": 0.326, "66T": 0.252, "6QT": 0.242, "QQT": 0.2996666666666667, "259": 0.24566666666666667, "25J": 0.18666666666666668, "235": 0.5516666666666666, "255": 0.21533333333333332, "257": 0.22066666666666668, "225": 0.22566666666666665, "245": 0.30866666666666664, "25K": 0.21333333333333335, "258": 0.7266666666666667, "256": 0.2876666666666667, "25Q": 0.196, "29J": 0.268, "299": 0.277, "239": 0.655, "279": 0.381, "229": 0.25, "249": 0.37233333333333335, "29K": 0.258, "289": 0.6396666666666667, "269": 0.244, "29Q": 0.24833333333333332, "2JJ": 0.2816666666666667, "23J": 0.5906666666666667, "27J": 0.22866666666666666, "22J": 0.22366666666666668, "24J": 0.23466666666666666, "2JK": 0.238, "28J": 0.678, "26J": 0.209, "2JQ": 0.22, "237": 0.629, "223": 0.6523333333333333, "233": 0.948, "234": 0.5803333333333334, "23K": 0.6423333333333333, "238": 0.9053333333333333, "236": 0.5936666666666667, "23Q": 0.6166666666666667, "227": 0.23466666666666666, "247": 0.376, "27K": 0.227, "278": 0.717, "267": 0.227, "27Q": 0.232, "277": 0.24166666666666667, "224": 0.24466666666666667, "22K": 0.25966666666666666, "222": 0.26366666666666666, "228": 0.6883333333333334, "226": 0.23066666666666666, "22Q": 0.224, "24K": 0.22633333333333333, "248": 0.726, "246": 0.29933333333333334, "24Q": 0.22466666666666665, "244": 0.25366666666666665, "28K": 0.6916666666666667, "26K": 0.22433333333333333, "2KQ": 0.226, "2KK": 0.25333333333333335, "268": 0.709, "288": 0.9436666666666667, "28Q": 0.673, "266": 0.25233333333333335, "26Q": 0.22233333333333333, "2QQ": 0.2786666666666667, "59J": 0.22766666666666666, "599": 0.242, "359": 0.559, "559": 0.25733333333333336, "579": 0.316, "459": 0.24033333333333334, "59K": 0.228, "589": 0.617, "569": 0.30466666666666664, "59Q": 0.234, "5JJ": 0.25633333333333336, "35J": 0.47, "55J": 0.21633333333333332, "57J": 0.224, "45J": 0.20366666666666666, "5JK": 0.22133333333333333, "58J": 0.642, "56J": 0.20533333333333334, "5JQ": 0.17566666666666667, "355": 0.5753333333333334, "357": 0.512, "335": 0.9026666666666666, "345": 0.49066666666666664, "35K": 0.569, "358": 0.8523333333333334, "356": 0.49466666666666664, "35Q": 0.44033333333333335, "557": 0.224, "455": 0.23533333333333334, "55K": 0.24333333333333335, "558": 0.6843333333333333, "555": 0.2856666666666667, "556": 0.24366666666666667, "55Q": 0.22633333333333333, "457": 0.2876666666666667, "57K": 0.213, "578": 0.6253333333333333, "567": 0.367, "57Q": 0.211, "577": 0.22, "45K": 0.22633333333333333, "458": 0.6816666666666666, "456": 0.3526666666666667, "45Q": 0.20633333333333334, "445": 0.22066666666666668, "58K": 0.6753333333333333, "56K": 0.24266666666666667, "5KQ": 0.209, "5KK": 0.248, "568": 0.6363333333333333, "588": 0.9233333333333333, "58Q": 0.65, "566": 0.226, "56Q": 0.20533333333333334, "5QQ": 0.237, "99J": 0.29233333333333333, "9JJ": 0.318, "39J": 0.573, "79J": 0.3303333333333333, "49J": 0.237, "9JK": 0.2776666666666667, "89J": 0.54, "69J": 0.24233333333333335, "9JQ": 0.29533333333333334, "399": 0.617, "999": 0.309, "799": 0.29533333333333334, "499": 0.2663333333333333, "99K": 0.2926666666666667, "899": 0.6666666666666666, "699": 0.27066666666666667, "99Q": 0.269, "379": 0.582, "339": 0.944, "349": 0.5626666666666666, "39K": 0.5843333333333334, "389": 0.857, "369": 0.569, "39Q": 0.5683333333333334, "479": 0.38466666666666666, "79K": 0.2693333333333333, "789": 0.549, "679": 0.39966666666666667, "79Q": 0.2743333333333333, "779": 0.2723333333333333, "49K": 0.23, "489": 0.6693333333333333, "469": 0.24766666666666667, "49Q": 0.24466666666666667, "449": 0.24866666666666667, "89K": 0.603, "69K": 0.27, "9KQ": 0.25833333333333336, "9KK": 0.279, "689": 0.591, "889": 0.8846666666666667, "89Q": 0.5703333333333334, "669": 0.2803333333333333, "69Q": 0.24766666666666667, "9QQ": 0.304, "3JJ": 0.5986666666666667, "JJJ": 0.31233333333333335, "7JJ": 0.28, "4JJ": 0.2663333333333333, "JJK": 0.287, "8JJ": 0.6923333333333334, "6JJ": 0.25366666666666665, "JJQ": 0.27166666666666667, "37J": 0.5583333333333333, "33J": 0.9233333333333333, "34J": 0.5516666666666666,