{"5QQ": 0.31533333333333335, "AQQ": 0.33166666666666667, "JQQ": 0.3016666666666667, "3QQ": 0.30233333333333334, "6QQ": 0.32666666666666666, "8QQ": 0.7236666666666667, "KQQ": 0.30966666666666665, "2QQ": 0.32766666666666666, "4QQ": 0.32466666666666666, "9QQ": 0.3526666666666667, "QQT": 0.36533333333333334, "7QQ": 0.6983333333333334, "QQQ": 0.356, "5AQ": 0.29333333333333333, "5JQ": 0.26866666666666666, "35Q": 0.261, "56Q": 0.482, "58Q": 0.7046666666666667, "5KQ": 0.309, "25Q": 0.2703333333333333, "55Q": 0.29633333333333334, "45Q": 0.36533333333333334, "59Q": 0.38333333333333336, "5QT": 0.31133333333333335, "57Q": 0.6893333333333334, "AJQ": 0.299, "3AQ": 0.2643333333333333, "6AQ": 0.304, "8AQ": 0.6506666666666666, "AKQ": 0.27566666666666667, "2AQ": 0.2976666666666667, "4AQ": 0.2843333333333333, "AAQ": 0.3406666666666667, "9AQ": 0.31433333333333335, "AQT": 0.3243333333333333, "7AQ": 0.6563333333333333, "3JQ": 0.273, "6JQ": 0.2776666666666667, "8JQ": 0.6146666666666667, "JKQ": 0.27, "2JQ": 0.2966666666666667, "4JQ": 0.283, "9JQ": 0.37033333333333335, "JJQ": 0.3536666666666667, "JQT": 0.372, "7JQ": 0.622, "36Q": 0.26566666666666666, "38Q": 0.714, "33Q": 0.2773333333333333, "3KQ": 0.25933333333333336, "23Q": 0.26, "34Q": 0.24733333333333332, "39Q": 0.29033333333333333, "3QT": 0.30933333333333335, "37Q": 0.6943333333333334, "68Q": 0.691, "6KQ": 0.292, "26Q": 0.294, "46Q": 0.3943333333333333, "69Q": 0.4876666666666667, "66Q": 0.32466666666666666, "6QT": 0.38366666666666666, "67Q": 0.665, "8KQ": 0.641, "28Q": 0.6986666666666667, "48Q": 0.689, "89Q": 0.6123333333333333, "88Q": 0.9233333333333333, "8QT": 0.605, "78Q": 0.8676666666666667, "2KQ": 0.29633333333333334, "4KQ": 0.27466666666666667, "9KQ": 0.289, "KQT": 0.32266666666666666, "7KQ": 0.6376666666666667, "KKQ": 0.31533333333333335, "24Q": 0.2693333333333333, "29Q": 0.291, "2QT": 0.441, "27Q": 0.6983333333333334, "22Q": 0.291, "49Q": 0.30433333333333334, "4QT": 0.32166666666666666, "47Q": 0.7143333333333334, "44Q": 0.3016666666666667, "9QT": 0.4543333333333333, "79Q": 0.6456666666666667, "99Q": 0.336, "7QT": 0.6593333333333333, "QTT": 0.34933333333333333, "77Q": 0.93, "5AJ": 0.281, "35A": 0.25066666666666665, "56A": 0.4716666666666667, "58A": 0.7096666666666667, "5AK": 0.2816666666666667, "25A": 0.26966666666666667, "55A": 0.30133333333333334, "45A": 0.37133333333333335, "5AA": 0.33366666666666667, "59A": 0.394, "5AT": 0.30366666666666664, "57A": 0.6623333333333333, "35J": 0.262, "56J": 0.37433333333333335, "58J": 0.677, "5JK": 0.29833333333333334, "25J": 0.2673333333333333, "55J": 0.298, "45J": 0.37933333333333336, "59J": 0.4553333333333333, "5JJ": 0.32233333333333336, "5JT": 0.356, "57J": 0.579, "356": 0.4136666666666667, "358": 0.7363333333333333, "335": 0.2896666666666667, "35K": 0.2623333333333333, "235": 0.229, "355": 0.2693333333333333, "345": 0.32866666666666666, "359": 0.38333333333333336, "35T": 0.27, "357": 0.676, "568": 0.724, "56K": 0.4563333333333333, "256": 0.44166666666666665, "556": 0.46, "456": 0.9256666666666666, "569": 0.9236666666666666, "566": 0.447, "56T": 0.4633333333333333, "567": 0.623, "58K": 0.7133333333333334, "258": 0.7523333333333333, "558": 0.715, "458": 0.743, "589": 0.7026666666666667, "588": 0.9283333333333333, "58T": 0.699, "578": 0.7766666666666666, "25K": 0.26266666666666666, "55K": 0.29333333333333333, "45K": 0.361, "59K": 0.386, "5KT": 0.30933333333333335, "57K": 0.6786666666666666, "5KK": 0.325, "255": 0.2833333333333333, "245": 0.3426666666666667, "259": 0.368, "25T": 0.298, "257": 0.7216666666666667, "225": 0.27266666666666667, "455": 0.38566666666666666, "559": 0.411, "55T": 0.29933333333333334, "557": 0.6993333333333334, "555": 0.30833333333333335, "459": 0.38766666666666666, "45T": 0.38566666666666666, "457": 0.7186666666666667, "445": 0.3466666666666667, "59T": 0.5056666666666667, "579": 0.6816666666666666, "599": 0.43, "57T": 0.6786666666666666, "5TT": 0.3293333333333333, "577": 0.9243333333333333, "3AJ": 0.2713333333333333, "6AJ": 0.304, "8AJ": 0.6403333333333333, "AJK": 0.2956666666666667, "2AJ": 0.2693333333333333, "4AJ": 0.2693333333333333, "AAJ": 0.33066666666666666, "9AJ": 0.392, "AJJ": 0.33366666666666667, "AJT": 0.3863333333333333, "7AJ": 0.647, "36A": 0.26066666666666666, "38A": 0.6986666666666667, "33A": 0.264, "3AK": 0.22033333333333333, "23A": 0.22733333333333333, "34A": 0.23533333333333334, "3AA": 0.292, "39A": 0.23466666666666666, "3AT": 0.26966666666666667, "37A": 0.6953333333333334, "68A": 0.7053333333333334, "6AK": 0.2826666666666667, "26A": 0.2796666666666667, "46A": 0.371, "6AA": 0.32866666666666666, "69A": 0.4836666666666667, "66A": 0.321, "6AT": 0.3903333333333333, "67A": 0.6636666666666666, "8AK": 0.6243333333333333, "28A": 0.732, "48A": 0.709, "8AA": 0.7336666666666667, "89A": 0.6343333333333333, "88A": 0.9446666666666667, "8AT": 0.6496666666666666, "78A": 0.867, "2AK": 0.25833333333333336, "4AK": 0.277, "AAK": 0.30766666666666664, "9AK": 0.2613333333333333, "AKT": 0.30966666666666665, "7AK": 0.627, "AKK": 0.31933333333333336, "24A": 0.24666666666666667, "2AA": 0.3243333333333333, "29A": 0.27666666666666667, "2AT": 0.31033333333333335, "27A": 0.7206666666666667, "22A": 0.2613333333333333, "4AA": 0.31833333333333336, "49A": 0.2896666666666667, "4AT": 0.303, "47A": 0.6976666666666667, "44A": 0.29033333333333333, "9AA": 0.368, "AAA": 0.36466666666666664, "AAT": 0.37566666666666665, "7AA": 0.7236666666666667, "9AT": 0.48333333333333334, "79A": 0.6413333333333333, "99A": 0.33666666666666667, "7AT": 0.6626666666666666, "ATT": 0.3473333333333333, "77A": 0.951, "36J": 0.25933333333333336, "38J": 0.7073333333333334, "33J": 0.2936666666666667, "3JK": 0.271, "23J": 0.24766666666666667, "34J": 0.26066666666666666, "39J": 0.36766666666666664, "3JJ": 0.31333333333333335, "3JT": 0.37666666666666665, "37J": 0.6763333333333333, "68J": 0.6753333333333333, "6JK": 0.306, "26J": 0.264, "46J": 0.376, "69J": 0.463, "66J": 0.3, "6JJ": 0.31966666666666665, "6JT": 0.3873333333333333, "67J": 0.5796666666666667, "8JK": 0.6463333333333333, "28J": 0.7003333333333334, "48J": 0.7056666666666667, "89J": 0.6376666666666667, "88J": 0.9063333333333333, "8JJ": 0.733, "8JT": 0.636, "78J": 0.8063333333333333, "2JK": 0.2816666666666667, "4JK": 0.29533333333333334, "9JK": 0.363, "JJK": 0.332, "JKT": 0.357, "7JK": 0.6103333333333333, "JKK": 0.332, "24J": 0.273, "29J": 0.4003333333333333, "2JJ": 0.30666666666666664, "2JT": 0.38966666666666666, "27J": 0.686, "22J": 0.2823333333333333, "49J": 0.408, "4JJ": 0.319, "4JT": 0.37566666666666665, "47J": 0.6766666666666666, "44J": 0.296, "9JJ": 0.44333333333333336, "9JT": 0.8536666666666667, "79J": 0.654, "99J": 0.44633333333333336, "JJT": 0.432, "7JJ": 0.715, "JJJ": 0.362, "7JT": 0.641, "JTT": 0.39766666666666667, "77J": 0.9206666666666666, "368": 0.7506666666666667, "336": 0.2876666666666667, "36K": 0.255, "236": 0.24533333333333332, "346": 0.3406666666666667, "369": 0.4603333333333333, "366": 0.2886666666666667, "36T": 0.35733333333333334, "367": 0.6853333333333333, "338": 0.7296666666666667, "38K": 0.695, "238": 0.7526666666666667, "348": 0.7473333333333333, "389": 0.663, "388": 0.955, "38T": 0.6996666666666667, "378": 0.8903333333333333, "33K": 0.258, "233": 0.25066666666666665, "333": 0.31533333333333335, "334": 0.2753333333333333, "339": 0.3016666666666667, "33T": 0.287, "337": 0.7123333333333334, "23K": 0.22966666666666666, "34K": 0.23433333333333334, "39K": 0.24, "3KT": 0.2796666666666667, "37K": 0.683, "3KK": 0.2806666666666667, "234": 0.213, "239": 0.259, "23T": 0.2906666666666667, "237": 0.744, "223": 0.24266666666666667, "349": 0.25533333333333336, "34T": 0.26866666666666666, "347": 0.7166666666666667, "344": 0.2733333333333333, "39T": 0.4673333333333333, "379": 0.6773333333333333, "399": 0.319, "37T": 0.6866666666666666, "3TT": 0.335, "377": 0.948, "68K": 0.6946666666666667, "268": 0.7503333333333333, "468": 0.731, "689": 0.7123333333333334, "688": 0.9313333333333333, "668": 0.7166666666666667, "68T": 0.713, "678": 0.74,