{"6JT": 0.644, "6JK": 0.8896666666666667, "36J": 0.6976666666666667, "67J": 0.6196666666666667, "66J": 0.958, "6AJ": 0.6646666666666666, "69J": 0.6226666666666667, "26J": 0.7146666666666667, "46J": 0.695, "68J": 0.6316666666666667, "6JQ": 0.6736666666666666, "6JJ": 0.725, "56J": 0.6476666666666666, "JKT": 0.726, "JTT": 0.504, "3JT": 0.41, "7JT": 0.4146666666666667, "AJT": 0.5046666666666667, "9JT": 0.44, "2JT": 0.425, "4JT": 0.44333333333333336, "8JT": 0.38166666666666665, "JQT": 0.554, "JJT": 0.45566666666666666, "5JT": 0.4056666666666667, "3JK": 0.8313333333333334, "7JK": 0.827, "AJK": 0.7353333333333333, "9JK": 0.7743333333333333, "2JK": 0.822, "4JK": 0.8306666666666667, "JKK": 0.9376666666666666, "8JK": 0.821, "JKQ": 0.7593333333333333, "JJK": 0.7913333333333333, "5JK": 0.8013333333333333, "37J": 0.405, "3AJ": 0.4856666666666667, "39J": 0.4176666666666667, "23J": 0.4046666666666667, "34J": 0.44666666666666666, "38J": 0.42766666666666664, "33J": 0.479, "3JQ": 0.44466666666666665, "3JJ": 0.5166666666666667, "35J": 0.422, "7AJ": 0.482, "79J": 0.3923333333333333, "27J": 0.386, "47J": 0.44266666666666665, "77J": 0.49733333333333335, "78J": 0.391, "7JQ": 0.44433333333333336, "7JJ": 0.5123333333333333, "57J": 0.433, "9AJ": 0.45266666666666666, "2AJ": 0.4673333333333333, "4AJ": 0.49533333333333335, "AAJ": 0.5886666666666667, "8AJ": 0.4643333333333333, "AJQ": 0.552, "AJJ": 0.5483333333333333, "5AJ": 0.4513333333333333, "29J": 0.39766666666666667, "49J": 0.429, "89J": 0.37733333333333335, "99J": 0.494, "9JQ": 0.488, "9JJ": 0.4736666666666667, "59J": 0.3963333333333333, "24J": 0.467, "22J": 0.488, "28J": 0.41733333333333333, "2JQ": 0.45066666666666666, "2JJ": 0.49366666666666664, "25J": 0.4103333333333333, "48J": 0.427, "44J": 0.508, "4JQ": 0.5816666666666667, "4JJ": 0.5253333333333333, "45J": 0.449, "88J": 0.5, "8JQ": 0.42, "8JJ": 0.475, "58J": 0.434, "JJQ": 0.517, "5JQ": 0.44, "JQQ": 0.5176666666666667, "5JJ": 0.49066666666666664, "JJJ": 0.5766666666666667, "55J": 0.512, "6KT": 0.7696666666666667, "6TT": 0.705, "36T": 0.6683333333333333, "67T": 0.589, "66T": 0.925, "6AT": 0.5736666666666667, "69T": 0.5273333333333333, "26T": 0.6686666666666666, "46T": 0.659, "68T": 0.5936666666666667, "6QT": 0.627, "56T": 0.5806666666666667, "36K": 0.902, "67K": 0.8686666666666667, "66K": 0.99, "6AK": 0.7846666666666666, "69K": 0.783, "26K": 0.91, "46K": 0.895, "6KK": 0.9913333333333333, "68K": 0.8766666666666667, "6KQ": 0.885, "56K": 0.7753333333333333, "367": 0.6163333333333333, "366": 0.947, "36A": 0.676, "369": 0.6626666666666666, "236": 0.6933333333333334, "346": 0.6706666666666666, "368": 0.675, "336": 0.7263333333333334, "36Q": 0.6846666666666666, "356": 0.6293333333333333, "667": 0.9206666666666666, "67A": 0.6133333333333333, "679": 0.5473333333333333, "267": 0.6656666666666666, "467": 0.6146666666666667, "677": 0.6856666666666666, "678": 0.5476666666666666, "67Q": 0.637, "567": 0.565, "66A": 0.938, "669": 0.9186666666666666, "266": 0.961, "466": 0.9426666666666667, "668": 0.912, "66Q": 0.9553333333333334, "566": 0.898, "666": 1.0, "69A": 0.5586666666666666, "26A": 0.692, "46A": 0.6863333333333334, "6AA": 0.7293333333333333, "68A": 0.6286666666666667, "6AQ": 0.6523333333333333, "56A": 0.573, "269": 0.6523333333333333, "469": 0.6586666666666666, "689": 0.5686666666666667, "699": 0.7103333333333334, "69Q": 0.6243333333333333, "569": 0.5596666666666666, "246": 0.7103333333333334, "226": 0.7203333333333334, "268": 0.676, "26Q": 0.721, "256": 0.673, "468": 0.645, "446": 0.705, "46Q": 0.6836666666666666, "456": 0.6183333333333333, "688": 0.7046666666666667, "68Q": 0.644, "568": 0.5893333333333334, "56Q": 0.652, "6QQ": 0.7423333333333333, "556": 0.6943333333333334, "KTT": 0.7933333333333333, "3KT": 0.7973333333333333, "7KT": 0.8066666666666666, "AKT": 0.623, "9KT": 0.6553333333333333, "2KT": 0.808, "4KT": 0.806, "KKT": 0.9163333333333333, "8KT": 0.7863333333333333, "KQT": 0.7416666666666667, "5KT": 0.6943333333333334, "3TT": 0.49833333333333335, "7TT": 0.487, "ATT": 0.5393333333333333, "9TT": 0.469, "2TT": 0.4886666666666667, "4TT": 0.49466666666666664, "8TT": 0.48966666666666664, "QTT": 0.5096666666666667, "5TT": 0.47933333333333333, "TTT": 0.6006666666666667, "37T": 0.398, "3AT": 0.4686666666666667, "39T": 0.39166666666666666, "23T": 0.4096666666666667, "34T": 0.42966666666666664, "38T": 0.406, "33T": 0.496, "3QT": 0.42533333333333334, "35T": 0.41333333333333333, "7AT": 0.43933333333333335, "79T": 0.432, "27T": 0.385, "47T": 0.417, "77T": 0.4796666666666667, "78T": 0.44733333333333336, "7QT": 0.42233333333333334, "57T": 0.409, "9AT": 0.401, "2AT": 0.451, "4AT": 0.4633333333333333, "AAT": 0.5536666666666666, "8AT": 0.44133333333333336, "AQT": 0.5073333333333333, "5AT": 0.41233333333333333, "29T": 0.3943333333333333, "49T": 0.4043333333333333, "89T": 0.423, "99T": 0.48433333333333334, "9QT": 0.4583333333333333, "59T": 0.3476666666666667, "24T": 0.41833333333333333, "22T": 0.47733333333333333, "28T": 0.401, "2QT": 0.425, "25T": 0.395, "48T": 0.4083333333333333, "44T": 0.4746666666666667, "4QT": 0.42433333333333334, "45T": 0.426, "88T": 0.4856666666666667, "8QT": 0.4206666666666667, "58T": 0.4033333333333333, "5QT": 0.39466666666666667, "QQT": 0.49933333333333335, "55T": 0.48333333333333334, "37K": 0.827, "3AK": 0.76, "39K": 0.802, "23K": 0.825, "34K": 0.836, "3KK": 0.931, "38K": 0.8473333333333334, "33K": 0.837, "3KQ": 0.832, "35K": 0.8116666666666666, "7AK": 0.7616666666666667, "79K": 0.7993333333333333, "27K": 0.8113333333333334, "47K": 0.8666666666666667, "77K": 0.7913333333333333, "7KK": 0.942, "78K": 0.8183333333333334, "7KQ": 0.8353333333333334, "57K": 0.8126666666666666, "9AK": 0.6543333333333333, "2AK": 0.766, "4AK": 0.7686666666666667, "AKK": 0.9213333333333333, "AAK": 0.8156666666666667, "8AK": 0.7766666666666666, "AKQ": 0.7296666666666667, "5AK": 0.6806666666666666, "29K": 0.8126666666666666, "49K": 0.8136666666666666, "9KK": 0.9243333333333333, "89K": 0.803, "99K": 0.8003333333333333, "9KQ": 0.77, "59K": 0.7226666666666667, "24K": 0.8466666666666667, "2KK": 0.9356666666666666, "22K": 0.832, "28K": 0.844, "2KQ": 0.852, "25K": 0.8133333333333334, "4KK": 0.955, "48K": 0.8543333333333333, "44K": 0.8093333333333333, "4KQ": 0.8386666666666667, "45K": 0.8076666666666666, "8KK": 0.9613333333333334, "KKQ": 0.9383333333333334, "5KK": 0.9306666666666666, "KKK": 1.0, "88K": 0.833, "8KQ": 0.8416666666666667, "58K": 0.8216666666666667, "5KQ": 0.8113333333333334, "KQQ": 0.8293333333333334, "55K": 0.8, "37A": 0.46366666666666667, "379": 0.4083333333333333, "237": 0.359, "347": 0.48733333333333334, "377": 0.493, "378": 0.4046666666666667, "337": 0.4736666666666667, "37Q": 0.4083333333333333, "357": 0.48, "39A": 0.44133333333333336, "23A": 0.4713333333333333, "34A": 0.4766666666666667, "3AA": 0.5903333333333334, "38A": 0.482, "33A": 0.5516666666666666, "3AQ": 0.4776666666666667, "35A": 0.4706666666666667, "239": 0.41133333333333333, "349": 0.43133333333333335, "389": 0.4093333333333333, "399": 0.515, "339": 0.4866666666666667, "39Q": 0.4186666666666667, "359": 0.425, "234": 0.49166666666666664, "223": 0.476, "238": 0.41833333333333333, "233": 0.4603333333333333, "23Q": 0.404, "235": 0.4766666666666667, "348": 0.4266666666666667, "344": 0.518, "334": 0.5076666666666667, "34Q": 0.446, "345": 0.58, "388": 0.5006666666666667, "338": 0.46166666666666667, "38Q": 0.4096666666666667, "358": 0.45066666666666666, "33Q": 0.49166666666666664, "335": 0.484, "333": 0.595, "35Q": 0.44333333333333336, "3QQ": 0.49333333333333335, "355": 0.499, "79A": 0.4573333333333333, "27A": 0.45166666666666666, "47A": 0.47433333333333333, "77A": 0.5436666666666666, "7AA": 0.5713333333333334, "78A": 0.4756666666666667, "7AQ": 0.4786666666666667, "57A": 0.4686666666666667, "279": 0.3993333333333333, "479": 0.4236666666666667, "779": 0.4856666666666667, "789": 0.5113333333333333, "799": 0.502, "79Q": 0.43333333333333335, "579": 0.46066666666666667, "247": 0.413, "277": 0.48633333333333334,