{"9AA": 0.5993333333333334, "9AQ": 0.46266666666666667, "49A": 0.4696666666666667, "9AK": 0.815, "9AT": 0.5163333333333333, "89A": 0.5113333333333333, "29A": 0.46066666666666667, "59A": 0.4706666666666667, "9AJ": 0.5213333333333333, "99A": 0.5993333333333334, "69A": 0.4703333333333333, "39A": 0.482, "79A": 0.6753333333333333, "AAQ": 0.6293333333333333, "4AA": 0.583, "AAK": 0.8633333333333333, "AAT": 0.735, "8AA": 0.715, "2AA": 0.615, "5AA": 0.5896666666666667, "AAJ": 0.7073333333333334, "6AA": 0.6006666666666667, "3AA": 0.6193333333333333, "7AA": 0.7963333333333333, "AAA": 0.6933333333333334, "4AQ": 0.4736666666666667, "AKQ": 0.7633333333333333, "AQT": 0.573, "8AQ": 0.5096666666666667, "2AQ": 0.47, "5AQ": 0.4673333333333333, "AQQ": 0.5883333333333334, "AJQ": 0.5833333333333334, "6AQ": 0.467, "3AQ": 0.49133333333333334, "7AQ": 0.688, "4AK": 0.7733333333333333, "4AT": 0.496, "44A": 0.5476666666666666, "48A": 0.5003333333333333, "24A": 0.45366666666666666, "45A": 0.404, "4AJ": 0.489, "46A": 0.4126666666666667, "34A": 0.47733333333333333, "47A": 0.7083333333333334, "AKT": 0.7666666666666667, "8AK": 0.8203333333333334, "2AK": 0.7906666666666666, "5AK": 0.772, "AJK": 0.7666666666666667, "6AK": 0.7653333333333333, "3AK": 0.767, "7AK": 0.89, "AKK": 0.9493333333333334, "8AT": 0.6576666666666666, "2AT": 0.5346666666666666, "5AT": 0.49366666666666664, "ATT": 0.5913333333333334, "AJT": 0.7046666666666667, "6AT": 0.49733333333333335, "3AT": 0.528, "7AT": 0.691, "28A": 0.49966666666666665, "58A": 0.49466666666666664, "8AJ": 0.6573333333333333, "88A": 0.595, "68A": 0.492, "38A": 0.493, "78A": 0.671, "25A": 0.4613333333333333, "2AJ": 0.5206666666666667, "26A": 0.4706666666666667, "23A": 0.49866666666666665, "27A": 0.7406666666666667, "22A": 0.5666666666666667, "5AJ": 0.502, "55A": 0.5596666666666666, "56A": 0.422, "35A": 0.456, "57A": 0.6803333333333333, "6AJ": 0.49533333333333335, "3AJ": 0.5366666666666666, "7AJ": 0.693, "AJJ": 0.591, "36A": 0.46066666666666667, "67A": 0.6926666666666667, "66A": 0.5396666666666666, "37A": 0.7106666666666667, "33A": 0.5303333333333333, "77A": 0.9626666666666667, "49Q": 0.42333333333333334, "9KQ": 0.7773333333333333, "9QT": 0.5043333333333333, "89Q": 0.44433333333333336, "29Q": 0.35433333333333333, "59Q": 0.41633333333333333, "9QQ": 0.49066666666666664, "9JQ": 0.5063333333333333, "99Q": 0.522, "69Q": 0.416, "39Q": 0.405, "79Q": 0.6303333333333333, "49K": 0.8496666666666667, "49T": 0.4563333333333333, "449": 0.49266666666666664, "489": 0.4703333333333333, "249": 0.38966666666666666, "459": 0.42933333333333334, "49J": 0.4713333333333333, "499": 0.5356666666666666, "469": 0.4156666666666667, "349": 0.436, "479": 0.7053333333333334, "9KT": 0.8043333333333333, "89K": 0.8286666666666667, "29K": 0.8276666666666667, "59K": 0.8453333333333334, "9JK": 0.8156666666666667, "99K": 0.8316666666666667, "69K": 0.8386666666666667, "39K": 0.808, "79K": 0.871, "9KK": 0.9326666666666666, "89T": 0.6713333333333333, "29T": 0.442, "59T": 0.467, "9TT": 0.5256666666666666, "9JT": 0.6956666666666667, "99T": 0.6686666666666666, "69T": 0.5093333333333333, "39T": 0.4646666666666667, "79T": 0.6013333333333334, "289": 0.44633333333333336, "589": 0.5156666666666667, "89J": 0.6463333333333333, "889": 0.5403333333333333, "899": 0.661, "689": 0.594, "389": 0.44366666666666665, "789": 0.5946666666666667, "259": 0.426, "29J": 0.43466666666666665, "299": 0.5243333333333333, "269": 0.426, "239": 0.414, "279": 0.687, "229": 0.4656666666666667, "59J": 0.46366666666666667, "559": 0.499, "599": 0.5466666666666666, "569": 0.49766666666666665, "359": 0.4593333333333333, "579": 0.67, "99J": 0.668, "69J": 0.4583333333333333, "39J": 0.4703333333333333, "79J": 0.6576666666666666, "9JJ": 0.5363333333333333, "999": 0.6353333333333333, "699": 0.5423333333333333, "399": 0.5476666666666666, "799": 0.7493333333333333, "369": 0.42833333333333334, "679": 0.6353333333333333, "669": 0.49266666666666664, "379": 0.6783333333333333, "339": 0.4836666666666667, "779": 0.911, "4KQ": 0.8443333333333334, "4QT": 0.469, "44Q": 0.499, "48Q": 0.439, "24Q": 0.4046666666666667, "45Q": 0.4226666666666667, "4QQ": 0.52, "4JQ": 0.4613333333333333, "46Q": 0.4186666666666667, "34Q": 0.432, "47Q": 0.7193333333333334, "KQT": 0.7726666666666666, "8KQ": 0.862, "2KQ": 0.809, "5KQ": 0.838, "KQQ": 0.7973333333333333, "JKQ": 0.7826666666666666, "6KQ": 0.838, "3KQ": 0.8083333333333333, "7KQ": 0.897, "KKQ": 0.922, "8QT": 0.6353333333333333, "2QT": 0.444, "5QT": 0.43533333333333335, "QQT": 0.5463333333333333, "QTT": 0.5183333333333333, "JQT": 0.6963333333333334, "6QT": 0.46066666666666667, "3QT": 0.4706666666666667, "7QT": 0.704, "28Q": 0.439, "58Q": 0.4643333333333333, "8QQ": 0.5443333333333333, "8JQ": 0.6236666666666667, "88Q": 0.53, "68Q": 0.44533333333333336, "38Q": 0.4533333333333333, "78Q": 0.669, "25Q": 0.4013333333333333, "2QQ": 0.484, "2JQ": 0.4493333333333333, "26Q": 0.42533333333333334, "23Q": 0.4116666666666667, "27Q": 0.7166666666666667, "22Q": 0.492, "5QQ": 0.5206666666666667, "5JQ": 0.4703333333333333, "55Q": 0.532, "56Q": 0.412, "35Q": 0.441, "57Q": 0.7013333333333334, "QQQ": 0.6076666666666667, "JQQ": 0.5413333333333333, "6QQ": 0.5196666666666667, "3QQ": 0.49, "7QQ": 0.752, "6JQ": 0.478, "3JQ": 0.4656666666666667, "7JQ": 0.6883333333333334, "JJQ": 0.5486666666666666, "36Q": 0.41233333333333333, "67Q": 0.697, "66Q": 0.467, "37Q": 0.7046666666666667, "33Q": 0.5126666666666667, "77Q": 0.934, "4KT": 0.841, "44K": 0.8023333333333333, "48K": 0.86, "24K": 0.8326666666666667, "45K": 0.82, "4JK": 0.8333333333333334, "46K": 0.8136666666666666, "34K": 0.8046666666666666, "47K": 0.9053333333333333, "4KK": 0.955, "44T": 0.5146666666666667, "48T": 0.651, "24T": 0.44466666666666665, "45T": 0.438, "4TT": 0.5373333333333333, "4JT": 0.6266666666666667, "46T": 0.4503333333333333, "34T": 0.4646666666666667, "47T": 0.7173333333333334, "448": 0.5106666666666667, "244": 0.49933333333333335, "445": 0.48133333333333334, "444": 0.6036666666666667, "44J": 0.5163333333333333, "446": 0.477, "344": 0.478, "447": 0.7196666666666667, "248": 0.4613333333333333, "458": 0.5123333333333333, "48J": 0.6283333333333333, "488": 0.5246666666666666, "468": 0.5226666666666666, "348": 0.4603333333333333, "478": 0.6883333333333334, "245": 0.391, "24J": 0.44866666666666666, "246": 0.37933333333333336, "234": 0.40066666666666667, "247": 0.7653333333333333, "224": 0.4796666666666667, "45J": 0.43933333333333335, "455": 0.5013333333333333, "456": 0.4786666666666667, "345": 0.459, "457": 0.666, "46J": 0.44466666666666665, "34J": 0.457, "47J": 0.7216666666666667, "4JJ": 0.5306666666666666, "346": 0.463, "467": 0.6623333333333333, "466": 0.47933333333333333, "347": 0.7033333333333334, "334": 0.479, "477": 0.9423333333333334, "8KT": 0.8826666666666667, "2KT": 0.8443333333333334, "5KT": 0.849, "KTT": 0.825, "JKT": 0.8546666666666667, "6KT": 0.852, "3KT": 0.82, "7KT": 0.891, "KKT": 0.95, "28K": 0.8596666666666667, "58K": 0.8613333333333333, "8JK": 0.8993333333333333, "88K": 0.825, "68K": 0.854, "38K": 0.8333333333333334, "78K": 0.8803333333333333, "8KK": 0.9593333333333334, "25K": 0.832, "2JK": 0.85, "26K": 0.845, "23K": 0.8123333333333334, "27K": 0.925, "22K": 0.811, "2KK": 0.9413333333333334, "5JK": 0.84, "55K": 0.8573333333333333, "56K": 0.8073333333333333, "35K": 0.807, "57K": 0.8893333333333333, "5KK": 0.964, "6JK": 0.8503333333333334, "3JK": 0.8303333333333334, "7JK": 0.8926666666666667, "JJK": 0.811, "JKK": 0.9423333333333334, "36K": 0.8046666666666666, "67K": 0.8856666666666667, "66K": 0.8406666666666667, "6KK": 0.9526666666666667, "37K": 0.8183333333333334, "33K": 0.8233333333333334, "3KK": 0.9363333333333334, "77K": 0.99, "7KK": 0.9943333333333333, "KKK": 1.0, "28T": 0.63, "58T": 0.6276666666666667, "8TT": 0.652, "8JT": 0.9636666666666667, "88T": 0.668, "68T": 0.6753333333333333, "38T": 0.6333333333333333, "78T": 0.7563333333333333, "25T": 0.466, "2TT": 0.511, "2JT": 0.6366666666666667, "26T": 0.442, "23T": 0.44766666666666666,