{"5AK": 0.8103333333333333, "4AK": 0.813, "9AK": 0.806, "6AK": 0.7696666666666667, "AKQ": 0.768, "3AK": 0.7973333333333333, "AKK": 0.9436666666666667, "2AK": 0.8126666666666666, "AKT": 0.7453333333333333, "AAK": 0.83, "AJK": 0.8423333333333334, "8AK": 0.7876666666666666, "7AK": 0.8943333333333333, "45A": 0.4796666666666667, "59A": 0.502, "56A": 0.5013333333333333, "5AQ": 0.5093333333333333, "35A": 0.513, "55A": 0.694, "25A": 0.4826666666666667, "5AT": 0.513, "5AA": 0.5976666666666667, "5AJ": 0.6716666666666666, "58A": 0.533, "57A": 0.7253333333333334, "49A": 0.487, "46A": 0.5043333333333333, "44A": 0.713, "4AQ": 0.5096666666666667, "34A": 0.499, "24A": 0.4876666666666667, "4AT": 0.52, "4AA": 0.6156666666666667, "4AJ": 0.6916666666666667, "48A": 0.505, "47A": 0.7403333333333333, "69A": 0.523, "9AQ": 0.4756666666666667, "39A": 0.527, "99A": 0.586, "29A": 0.5053333333333333, "9AT": 0.51, "9AA": 0.628, "9AJ": 0.6956666666666667, "89A": 0.511, "79A": 0.694, "6AQ": 0.517, "36A": 0.478, "26A": 0.5166666666666667, "6AT": 0.492, "6AA": 0.5873333333333334, "6AJ": 0.6816666666666666, "68A": 0.512, "67A": 0.702, "66A": 0.5776666666666667, "AQQ": 0.727, "3AQ": 0.527, "2AQ": 0.508, "AQT": 0.5676666666666667, "AAQ": 0.6193333333333333, "AJQ": 0.7016666666666667, "8AQ": 0.49866666666666665, "7AQ": 0.7006666666666667, "23A": 0.502, "3AT": 0.49633333333333335, "3AA": 0.5876666666666667, "33A": 0.5746666666666667, "3AJ": 0.681, "38A": 0.502, "37A": 0.7273333333333334, "2AT": 0.508, "22A": 0.5813333333333334, "2AA": 0.603, "2AJ": 0.6773333333333333, "28A": 0.5046666666666667, "27A": 0.7596666666666667, "AAT": 0.595, "AJT": 0.7186666666666667, "8AT": 0.5016666666666667, "7AT": 0.6793333333333333, "ATT": 0.614, "AAA": 0.7003333333333334, "AAJ": 0.734, "8AA": 0.596, "7AA": 0.777, "8AJ": 0.6683333333333333, "7AJ": 0.8216666666666667, "AJJ": 0.716, "88A": 0.7, "78A": 0.6483333333333333, "77A": 0.96, "45K": 0.8096666666666666, "59K": 0.8066666666666666, "56K": 0.8026666666666666, "5KQ": 0.8026666666666666, "35K": 0.8173333333333334, "5KK": 0.962, "55K": 0.845, "25K": 0.818, "5KT": 0.8126666666666666, "5JK": 0.834, "58K": 0.8156666666666667, "57K": 0.8923333333333333, "49K": 0.829, "46K": 0.8046666666666666, "44K": 0.851, "4KQ": 0.817, "34K": 0.821, "4KK": 0.9576666666666667, "24K": 0.822, "4KT": 0.8073333333333333, "4JK": 0.835, "48K": 0.8303333333333334, "47K": 0.8906666666666667, "69K": 0.8083333333333333, "9KQ": 0.776, "39K": 0.8203333333333334, "9KK": 0.9503333333333334, "99K": 0.833, "29K": 0.8253333333333334, "9KT": 0.773, "9JK": 0.825, "89K": 0.8173333333333334, "79K": 0.8683333333333333, "6KQ": 0.8126666666666666, "36K": 0.7116666666666667, "6KK": 0.933, "26K": 0.8093333333333333, "6KT": 0.6876666666666666, "6JK": 0.81, "68K": 0.7136666666666667, "67K": 0.7886666666666666, "66K": 0.8053333333333333, "KQQ": 0.824, "3KQ": 0.8106666666666666, "KKQ": 0.9436666666666667, "2KQ": 0.7993333333333333, "KQT": 0.7296666666666667, "JKQ": 0.798, "8KQ": 0.8176666666666667, "7KQ": 0.8873333333333333, "3KK": 0.932, "23K": 0.8273333333333334, "3KT": 0.7123333333333334, "33K": 0.828, "3JK": 0.83, "38K": 0.7236666666666667, "37K": 0.817, "KKK": 1.0, "2KK": 0.96, "KKT": 0.9173333333333333, "JKK": 0.9493333333333334, "8KK": 0.9393333333333334, "7KK": 0.9923333333333333, "2KT": 0.8013333333333333, "22K": 0.8363333333333334, "2JK": 0.849, "28K": 0.829, "27K": 0.9133333333333333, "JKT": 0.7586666666666667, "8KT": 0.6903333333333334, "7KT": 0.7696666666666667, "KTT": 0.7923333333333333, "8JK": 0.812, "7JK": 0.891, "JJK": 0.8243333333333334, "88K": 0.8186666666666667, "78K": 0.7766666666666666, "77K": 0.9903333333333333, "459": 0.38266666666666665, "456": 0.528, "445": 0.48966666666666664, "45Q": 0.36833333333333335, "345": 0.4583333333333333, "455": 0.515, "245": 0.3606666666666667, "45T": 0.4106666666666667, "45J": 0.44, "458": 0.4756666666666667, "457": 0.6776666666666666, "569": 0.48233333333333334, "59Q": 0.374, "359": 0.4063333333333333, "599": 0.49633333333333335, "559": 0.5043333333333333, "259": 0.35433333333333333, "59T": 0.416, "59J": 0.4483333333333333, "589": 0.474, "579": 0.6466666666666666, "56Q": 0.43033333333333335, "356": 0.4693333333333333, "556": 0.5246666666666666, "256": 0.416, "56T": 0.419, "56J": 0.4533333333333333, "568": 0.547, "567": 0.6263333333333333, "566": 0.48233333333333334, "5QQ": 0.518, "35Q": 0.4036666666666667, "55Q": 0.508, "25Q": 0.3396666666666667, "5QT": 0.4146666666666667, "5JQ": 0.43566666666666665, "58Q": 0.4106666666666667, "57Q": 0.6826666666666666, "355": 0.533, "235": 0.3913333333333333, "35T": 0.416, "335": 0.5006666666666667, "35J": 0.45166666666666666, "358": 0.429, "357": 0.706, "255": 0.509, "55T": 0.524, "555": 0.5983333333333334, "55J": 0.6616666666666666, "558": 0.5373333333333333, "557": 0.7453333333333333, "25T": 0.4083333333333333, "225": 0.464, "25J": 0.445, "258": 0.4216666666666667, "257": 0.7406666666666667, "5JT": 0.46066666666666667, "58T": 0.404, "57T": 0.67, "5TT": 0.5076666666666667, "58J": 0.45866666666666667, "57J": 0.718, "5JJ": 0.5283333333333333, "588": 0.5343333333333333, "578": 0.6203333333333333, "577": 0.938, "469": 0.42433333333333334, "449": 0.49166666666666664, "49Q": 0.37466666666666665, "349": 0.426, "499": 0.49633333333333335, "249": 0.36433333333333334, "49T": 0.418, "49J": 0.44333333333333336, "489": 0.42, "479": 0.6673333333333333, "446": 0.513, "46Q": 0.41633333333333333, "346": 0.4483333333333333, "246": 0.3923333333333333, "46T": 0.408, "46J": 0.469, "468": 0.48233333333333334, "467": 0.6626666666666666, "466": 0.47933333333333333, "44Q": 0.506, "344": 0.5233333333333333, "244": 0.497, "44T": 0.523, "44J": 0.665, "448": 0.521, "444": 0.6076666666666667, "447": 0.7543333333333333, "4QQ": 0.5016666666666667, "34Q": 0.4073333333333333, "24Q": 0.36633333333333334, "4QT": 0.4246666666666667, "4JQ": 0.44366666666666665, "48Q": 0.4106666666666667, "47Q": 0.6906666666666667, "234": 0.386, "34T": 0.4136666666666667, "334": 0.49033333333333334, "34J": 0.475, "348": 0.407, "347": 0.711, "24T": 0.41733333333333333, "224": 0.4723333333333333, "24J": 0.438, "248": 0.401, "247": 0.73, "4JT": 0.458, "48T": 0.43133333333333335, "47T": 0.6836666666666666, "4TT": 0.5256666666666666, "48J": 0.468, "47J": 0.7146666666666667, "4JJ": 0.54, "488": 0.5516666666666666, "478": 0.6523333333333333, "477": 0.9483333333333334, "69Q": 0.4246666666666667, "369": 0.43133333333333335, "699": 0.5186666666666667, "269": 0.407, "69T": 0.4656666666666667, "69J": 0.459, "689": 0.5463333333333333, "679": 0.629, "669": 0.48133333333333334, "9QQ": 0.515, "39Q": 0.41633333333333333, "99Q": 0.5043333333333333, "29Q": 0.36866666666666664, "9QT": 0.49766666666666665, "9JQ": 0.47933333333333333, "89Q": 0.3923333333333333, "79Q": 0.6363333333333333, "399": 0.5173333333333333, "239": 0.413, "39T": 0.425, "339": 0.49833333333333335, "39J": 0.458, "389": 0.41933333333333334, "379": 0.6713333333333333, "299": 0.5096666666666667, "99T": 0.5253333333333333, "99J": 0.5156666666666667, "899": 0.5113333333333333, "999": 0.6103333333333333, "799": 0.7516666666666667, "29T": 0.4026666666666667, "229": 0.4706666666666667, "29J": 0.446, "289": 0.4116666666666667, "279": 0.6796666666666666, "9JT": 0.5733333333333334, "89T": 0.5256666666666666, "79T": 0.592, "9TT": 0.5233333333333333, "89J": 0.49266666666666664, "79J": 0.6486666666666666, "9JJ": 0.5416666666666666, "889": 0.524, "789": 0.5383333333333333, "779": 0.9376666666666666, "6QQ": 0.5386666666666666, "36Q": 0.403, "26Q": 0.4156666666666667, "6QT": 0.426, "6JQ": 0.4653333333333333, "68Q": 0.41633333333333333, "67Q": 0.679, "66Q": 0.4706666666666667, "236": 0.37166666666666665, "36T": 0.359, "336": 0.467, "36J": 0.43233333333333335, "368": 0.37333333333333335, "367": 0.611, "366": 0.4866666666666667, "26T": 0.4076666666666667, "226": 0.5016666666666667, "26J": 0.44433333333333336, "268": 0.4226666666666667, "267": 0.736, "266": 0.48433333333333334, "6JT": 0.453, "68T": 0.42533333333333334,