{"KKT": 0.507, "6KT": 0.651, "7KT": 0.4176666666666667, "4KT": 0.43366666666666664, "8KT": 0.42033333333333334, "2KT": 0.41833333333333333, "KTT": 0.506, "AKT": 0.5406666666666666, "3KT": 0.44033333333333335, "JKT": 0.5473333333333333, "KQT": 0.7053333333333334, "5KT": 0.41833333333333333, "9KT": 0.48533333333333334, "67T": 0.5696666666666667, "46T": 0.686, "68T": 0.5953333333333334, "26T": 0.6833333333333333, "6TT": 0.7303333333333333, "6AT": 0.6253333333333333, "36T": 0.6856666666666666, "66T": 0.9443333333333334, "6JT": 0.6526666666666666, "6QT": 0.8553333333333333, "56T": 0.6676666666666666, "69T": 0.5896666666666667, "47T": 0.39566666666666667, "77T": 0.4266666666666667, "78T": 0.4036666666666667, "27T": 0.351, "7TT": 0.44066666666666665, "7AT": 0.39666666666666667, "37T": 0.36666666666666664, "7JT": 0.3446666666666667, "7QT": 0.7733333333333333, "57T": 0.37066666666666664, "79T": 0.38233333333333336, "48T": 0.416, "24T": 0.38966666666666666, "4TT": 0.44433333333333336, "4AT": 0.43233333333333335, "34T": 0.38033333333333336, "4JT": 0.383, "4QT": 0.798, "45T": 0.402, "49T": 0.3923333333333333, "44T": 0.438, "28T": 0.3526666666666667, "8TT": 0.44733333333333336, "8AT": 0.3913333333333333, "38T": 0.3873333333333333, "8JT": 0.43466666666666665, "8QT": 0.75, "88T": 0.42533333333333334, "58T": 0.38133333333333336, "89T": 0.48433333333333334, "2TT": 0.423, "2AT": 0.41233333333333333, "23T": 0.367, "22T": 0.4186666666666667, "2JT": 0.37066666666666664, "2QT": 0.767, "25T": 0.35633333333333334, "29T": 0.37366666666666665, "ATT": 0.5093333333333333, "3TT": 0.42733333333333334, "TTT": 0.5093333333333333, "JTT": 0.43366666666666664, "QTT": 0.7746666666666666, "5TT": 0.436, "9TT": 0.43533333333333335, "3AT": 0.416, "AJT": 0.47733333333333333, "AQT": 0.701, "AAT": 0.5303333333333333, "5AT": 0.423, "9AT": 0.399, "3JT": 0.36633333333333334, "3QT": 0.8206666666666667, "33T": 0.44033333333333335, "35T": 0.372, "39T": 0.37466666666666665, "JQT": 0.692, "JJT": 0.46166666666666667, "5JT": 0.36133333333333334, "9JT": 0.51, "QQT": 0.9296666666666666, "5QT": 0.803, "9QT": 0.7093333333333334, "55T": 0.4503333333333333, "59T": 0.37933333333333336, "99T": 0.453, "6KK": 0.7206666666666667, "7KK": 0.476, "4KK": 0.514, "8KK": 0.4746666666666667, "2KK": 0.49666666666666665, "AKK": 0.561, "3KK": 0.5203333333333333, "JKK": 0.5183333333333333, "KKQ": 0.794, "5KK": 0.5066666666666667, "KKK": 0.6023333333333334, "9KK": 0.49233333333333335, "67K": 0.6116666666666667, "46K": 0.6796666666666666, "68K": 0.6146666666666667, "26K": 0.6826666666666666, "6AK": 0.6526666666666666, "36K": 0.6913333333333334, "66K": 0.961, "6JK": 0.659, "6KQ": 0.865, "56K": 0.6896666666666667, "69K": 0.621, "47K": 0.41333333333333333, "77K": 0.5073333333333333, "78K": 0.3933333333333333, "27K": 0.415, "7AK": 0.4583333333333333, "37K": 0.437, "7JK": 0.4056666666666667, "7KQ": 0.75, "57K": 0.422, "79K": 0.385, "48K": 0.4046666666666667, "24K": 0.4126666666666667, "4AK": 0.494, "34K": 0.443, "4JK": 0.43266666666666664, "4KQ": 0.7586666666666667, "45K": 0.44433333333333336, "49K": 0.422, "44K": 0.485, "28K": 0.3903333333333333, "8AK": 0.44066666666666665, "38K": 0.43133333333333335, "8JK": 0.43466666666666665, "8KQ": 0.743, "88K": 0.48833333333333334, "58K": 0.42033333333333334, "89K": 0.397, "2AK": 0.4796666666666667, "23K": 0.43766666666666665, "22K": 0.48433333333333334, "2JK": 0.4256666666666667, "2KQ": 0.747, "25K": 0.411, "29K": 0.39, "3AK": 0.5006666666666667, "AJK": 0.527, "AKQ": 0.685, "AAK": 0.5886666666666667, "5AK": 0.4656666666666667, "9AK": 0.475, "3JK": 0.451, "3KQ": 0.7743333333333333, "33K": 0.47933333333333333, "35K": 0.448, "39K": 0.42933333333333334, "JKQ": 0.6926666666666667, "JJK": 0.49933333333333335, "5JK": 0.39866666666666667, "9JK": 0.494, "KQQ": 0.927, "5KQ": 0.7653333333333333, "9KQ": 0.71, "55K": 0.4756666666666667, "59K": 0.4176666666666667, "99K": 0.5073333333333333, "467": 0.5776666666666667, "677": 0.6683333333333333, "678": 0.4523333333333333, "267": 0.5783333333333334, "67A": 0.5316666666666666, "367": 0.6193333333333333, "667": 0.903, "67J": 0.5836666666666667, "67Q": 0.763, "567": 0.5646666666666667, "679": 0.4713333333333333, "468": 0.616, "246": 0.6736666666666666, "46A": 0.667, "346": 0.6586666666666666, "466": 0.9303333333333333, "46J": 0.6913333333333334, "46Q": 0.8853333333333333, "456": 0.6223333333333333, "469": 0.6503333333333333, "446": 0.6976666666666667, "268": 0.57, "68A": 0.5153333333333333, "368": 0.641, "668": 0.9023333333333333, "68J": 0.6273333333333333, "68Q": 0.767, "688": 0.6686666666666666, "568": 0.5773333333333334, "689": 0.49633333333333335, "26A": 0.6026666666666667, "236": 0.6703333333333333, "266": 0.9316666666666666, "226": 0.696, "26J": 0.6823333333333333, "26Q": 0.7973333333333333, "256": 0.674, "269": 0.5616666666666666, "36A": 0.6943333333333334, "66A": 0.9383333333333334, "6AJ": 0.6566666666666666, "6AQ": 0.7726666666666666, "6AA": 0.732, "56A": 0.6563333333333333, "69A": 0.5453333333333333, "366": 0.946, "36J": 0.694, "36Q": 0.8876666666666667, "336": 0.7226666666666667, "356": 0.6546666666666666, "369": 0.6596666666666666, "66J": 0.9323333333333333, "66Q": 0.989, "666": 0.9996666666666667, "566": 0.912, "669": 0.9193333333333333, "6JQ": 0.88, "6JJ": 0.722, "56J": 0.6606666666666666, "69J": 0.634, "6QQ": 0.993, "56Q": 0.87, "69Q": 0.7646666666666667, "556": 0.7043333333333334, "569": 0.6186666666666667, "699": 0.6923333333333334, "477": 0.43133333333333335, "478": 0.431, "247": 0.381, "47A": 0.39866666666666667, "347": 0.4573333333333333, "47J": 0.367, "47Q": 0.7976666666666666, "457": 0.5306666666666666, "479": 0.384, "447": 0.44333333333333336, "778": 0.42, "277": 0.4266666666666667, "77A": 0.471, "777": 0.525, "377": 0.4583333333333333, "77J": 0.4236666666666667, "77Q": 0.7856666666666666, "577": 0.4573333333333333, "779": 0.43066666666666664, "278": 0.31433333333333335, "78A": 0.3416666666666667, "378": 0.36233333333333334, "78J": 0.35, "78Q": 0.685, "788": 0.422, "578": 0.506, "789": 0.4053333333333333, "27A": 0.3526666666666667, "237": 0.36566666666666664, "227": 0.40166666666666667, "27J": 0.3323333333333333, "27Q": 0.7053333333333334, "257": 0.37466666666666665, "279": 0.29933333333333334, "37A": 0.39, "7AJ": 0.38666666666666666, "7AQ": 0.6413333333333333, "7AA": 0.488, "57A": 0.4106666666666667, "79A": 0.3433333333333333, "37J": 0.35833333333333334, "37Q": 0.7956666666666666, "337": 0.415, "357": 0.4513333333333333, "379": 0.3486666666666667, "7JQ": 0.7876666666666666, "7JJ": 0.408, "57J": 0.362, "79J": 0.3373333333333333, "7QQ": 0.9406666666666667, "57Q": 0.7893333333333333, "79Q": 0.6753333333333333, "557": 0.42866666666666664, "579": 0.411, "799": 0.428, "248": 0.3456666666666667, "48A": 0.398, "348": 0.378, "48J": 0.36966666666666664, "48Q": 0.7886666666666666, "488": 0.44133333333333336, "458": 0.4513333333333333, "489": 0.3556666666666667, "448": 0.422, "24A": 0.3993333333333333, "234": 0.45766666666666667, "224": 0.4093333333333333, "24J": 0.376, "24Q": 0.8126666666666666, "245": 0.44366666666666665, "249": 0.356, "244": 0.43933333333333335, "34A": 0.4146666666666667, "4AJ": 0.411, "4AQ": 0.7473333333333333, "4AA": 0.5206666666666667, "45A": 0.43066666666666664, "49A": 0.39266666666666666, "44A": 0.49133333333333334, "34J": 0.3863333333333333, "34Q": 0.8106666666666666, "334": 0.46166666666666667, "345": 0.5403333333333333, "349": 0.37466666666666665, "344": 0.45166666666666666, "4JQ": 0.7973333333333333, "4JJ": 0.455, "45J": 0.36, "49J": 0.3566666666666667, "44J": 0.4196666666666667, "4QQ": 0.9533333333333334, "45Q": 0.819, "49Q": 0.7883333333333333, "44Q": 0.814, "455": 0.445, "459": 0.399, "445": 0.445, "499": 0.451, "449": 0.4216666666666667, "444": 0.517, "28A": 0.358, "238": 0.3463333333333333, "228": 0.4023333333333333, "28J": 0.3506666666666667, "28Q": 0.6896666666666667, "288": 0.41733333333333333, "258": 0.37233333333333335, "289": 0.32233333333333336, "38A": 0.389, "8AJ": 0.4116666666666667, "8AQ": 0.643,