{"2AT": 0.8626666666666667, "8AT": 0.8203333333333334, "5AT": 0.8526666666666667, "6AT": 0.8576666666666667, "AQT": 0.7906666666666666, "7AT": 0.8856666666666667, "4AT": 0.8803333333333333, "9AT": 0.8516666666666667, "AKT": 0.815, "AAT": 0.9606666666666667, "AJT": 0.8116666666666666, "ATT": 0.8463333333333334, "3AT": 0.8383333333333334, "28A": 0.848, "25A": 0.8593333333333333, "26A": 0.8436666666666667, "2AQ": 0.861, "27A": 0.9566666666666667, "24A": 0.8513333333333334, "29A": 0.871, "2AK": 0.865, "2AA": 0.952, "2AJ": 0.871, "22A": 0.8536666666666667, "23A": 0.837, "58A": 0.844, "68A": 0.8426666666666667, "8AQ": 0.8236666666666667, "78A": 0.8753333333333333, "48A": 0.857, "89A": 0.831, "8AK": 0.832, "8AA": 0.9386666666666666, "8AJ": 0.821, "88A": 0.8366666666666667, "38A": 0.735, "56A": 0.8503333333333334, "5AQ": 0.8713333333333333, "57A": 0.9216666666666666, "45A": 0.8523333333333334, "59A": 0.8706666666666667, "55A": 0.872, "5AK": 0.869, "5AA": 0.966, "5AJ": 0.8573333333333333, "35A": 0.829, "6AQ": 0.8613333333333333, "67A": 0.9076666666666666, "66A": 0.8646666666666667, "46A": 0.851, "69A": 0.8656666666666667, "6AK": 0.8756666666666667, "6AA": 0.9503333333333334, "6AJ": 0.8586666666666667, "36A": 0.8303333333333334, "7AQ": 0.924, "4AQ": 0.8596666666666667, "9AQ": 0.8643333333333333, "AQQ": 0.8216666666666667, "AKQ": 0.8396666666666667, "AAQ": 0.9493333333333334, "AJQ": 0.824, "3AQ": 0.8416666666666667, "47A": 0.9306666666666666, "79A": 0.9086666666666666, "77A": 0.9926666666666667, "7AK": 0.9286666666666666, "7AA": 0.9956666666666667, "7AJ": 0.925, "37A": 0.9293333333333333, "49A": 0.879, "4AK": 0.865, "4AA": 0.9516666666666667, "4AJ": 0.8613333333333333, "44A": 0.858, "34A": 0.8466666666666667, "9AK": 0.8756666666666667, "9AA": 0.963, "99A": 0.866, "9AJ": 0.8513333333333334, "39A": 0.846, "AAK": 0.9586666666666667, "AJK": 0.82, "AKK": 0.8616666666666667, "3AK": 0.835, "AAJ": 0.9473333333333334, "3AA": 0.937, "AAA": 1.0, "3AJ": 0.8306666666666667, "AJJ": 0.8586666666666667, "33A": 0.8376666666666667, "28T": 0.5006666666666667, "25T": 0.48966666666666664, "26T": 0.5013333333333333, "2QT": 0.47733333333333333, "27T": 0.7036666666666667, "24T": 0.504, "29T": 0.4713333333333333, "2KT": 0.5186666666666667, "2JT": 0.514, "22T": 0.544, "2TT": 0.5663333333333334, "23T": 0.492, "58T": 0.48333333333333334, "68T": 0.551, "8QT": 0.46366666666666667, "78T": 0.5886666666666667, "48T": 0.49733333333333335, "89T": 0.581, "8KT": 0.49266666666666664, "8JT": 0.525, "8TT": 0.579, "88T": 0.5883333333333334, "38T": 0.4613333333333333, "56T": 0.49, "5QT": 0.4796666666666667, "57T": 0.668, "45T": 0.4856666666666667, "59T": 0.5103333333333333, "55T": 0.567, "5KT": 0.49166666666666664, "5JT": 0.49466666666666664, "5TT": 0.6193333333333333, "35T": 0.487, "6QT": 0.4603333333333333, "67T": 0.6603333333333333, "66T": 0.5686666666666667, "46T": 0.5096666666666667, "69T": 0.5583333333333333, "6KT": 0.509, "6JT": 0.477, "6TT": 0.5893333333333334, "36T": 0.488, "7QT": 0.5806666666666667, "4QT": 0.474, "9QT": 0.4226666666666667, "QQT": 0.5556666666666666, "KQT": 0.5203333333333333, "JQT": 0.49533333333333335, "QTT": 0.5556666666666666, "3QT": 0.4693333333333333, "47T": 0.6896666666666667, "79T": 0.5843333333333334, "77T": 0.915, "7KT": 0.6543333333333333, "7JT": 0.615, "7TT": 0.7703333333333333, "37T": 0.694, "49T": 0.49566666666666664, "4KT": 0.509, "4JT": 0.502, "4TT": 0.5796666666666667, "44T": 0.5616666666666666, "34T": 0.49066666666666664, "9KT": 0.463, "99T": 0.5696666666666667, "9JT": 0.474, "9TT": 0.5976666666666667, "39T": 0.49633333333333335, "JKT": 0.5536666666666666, "KKT": 0.5676666666666667, "KTT": 0.5816666666666667, "3KT": 0.503, "JTT": 0.5896666666666667, "3JT": 0.4876666666666667, "JJT": 0.569, "3TT": 0.5996666666666667, "TTT": 0.6936666666666667, "33T": 0.568, "258": 0.47933333333333333, "268": 0.5033333333333333, "28Q": 0.5076666666666667, "278": 0.723, "248": 0.5116666666666667, "289": 0.5006666666666667, "28K": 0.5176666666666667, "28J": 0.49466666666666664, "228": 0.5786666666666667, "288": 0.5833333333333334, "238": 0.47633333333333333, "256": 0.4856666666666667, "25Q": 0.472, "257": 0.7616666666666667, "245": 0.48233333333333334, "259": 0.5106666666666667, "255": 0.58, "25K": 0.53, "25J": 0.49966666666666665, "225": 0.5653333333333334, "235": 0.485, "26Q": 0.491, "267": 0.7553333333333333, "266": 0.5766666666666667, "246": 0.5926666666666667, "269": 0.504, "26K": 0.6326666666666667, "26J": 0.619, "226": 0.5556666666666666, "236": 0.463, "27Q": 0.7216666666666667, "24Q": 0.49133333333333334, "29Q": 0.4836666666666667, "2QQ": 0.5933333333333334, "2KQ": 0.5193333333333333, "2JQ": 0.49066666666666664, "22Q": 0.5536666666666666, "23Q": 0.49366666666666664, "247": 0.7763333333333333, "279": 0.7076666666666667, "277": 0.969, "27K": 0.741, "27J": 0.7216666666666667, "227": 0.746, "237": 0.7943333333333333, "249": 0.49766666666666665, "24K": 0.647, "24J": 0.6063333333333333, "224": 0.5646666666666667, "244": 0.5656666666666667, "234": 0.45666666666666667, "29K": 0.5033333333333333, "299": 0.589, "29J": 0.49966666666666665, "229": 0.549, "239": 0.471, "2JK": 0.638, "22K": 0.6023333333333334, "2KK": 0.5883333333333334, "23K": 0.493, "22J": 0.5723333333333334, "23J": 0.501, "2JJ": 0.5986666666666667, "223": 0.5546666666666666, "222": 0.6786666666666666, "233": 0.5766666666666667, "568": 0.623, "58Q": 0.49533333333333335, "578": 0.6446666666666667, "458": 0.539, "589": 0.5753333333333334, "558": 0.5593333333333333, "58K": 0.49233333333333335, "58J": 0.49533333333333335, "588": 0.606, "358": 0.4706666666666667, "68Q": 0.49566666666666664, "678": 0.621, "668": 0.5823333333333334, "468": 0.568, "689": 0.6143333333333333, "68K": 0.5306666666666666, "68J": 0.5103333333333333, "688": 0.6096666666666667, "368": 0.47333333333333333, "78Q": 0.646, "48Q": 0.4806666666666667, "89Q": 0.4836666666666667, "8QQ": 0.5566666666666666, "8KQ": 0.495, "8JQ": 0.4673333333333333, "88Q": 0.574, "38Q": 0.48733333333333334, "478": 0.672, "789": 0.5836666666666667, "778": 0.926, "78K": 0.6603333333333333, "78J": 0.633, "788": 0.7406666666666667, "378": 0.697, "489": 0.496, "48K": 0.5116666666666667, "48J": 0.51, "488": 0.6066666666666667, "448": 0.5733333333333334, "348": 0.47833333333333333, "89K": 0.4876666666666667, "899": 0.5806666666666667, "89J": 0.5313333333333333, "889": 0.5916666666666667, "389": 0.48033333333333333, "8JK": 0.5186666666666667, "8KK": 0.5993333333333334, "88K": 0.5696666666666667, "38K": 0.4656666666666667, "88J": 0.5763333333333334, "38J": 0.473, "8JJ": 0.559, "388": 0.5586666666666666, "888": 0.6896666666666667, "338": 0.553, "56Q": 0.49266666666666664, "567": 0.6586666666666666, "566": 0.5846666666666667, "456": 0.617, "569": 0.578, "556": 0.5673333333333334, "56K": 0.5216666666666666, "56J": 0.5183333333333333, "356": 0.5513333333333333, "57Q": 0.69, "45Q": 0.4703333333333333, "59Q": 0.5046666666666667, "55Q": 0.577, "5QQ": 0.6093333333333333, "5KQ": 0.5046666666666667, "5JQ": 0.487, "35Q": 0.492, "457": 0.6926666666666667, "579": 0.693, "557": 0.7403333333333333, "577": 0.9413333333333334, "57K": 0.728, "57J": 0.7063333333333334, "357": 0.7366666666666667, "459": 0.5256666666666666, "455": 0.5786666666666667, "45K": 0.502, "45J": 0.508, "445": 0.577, "345": 0.539, "559": 0.602, "59K": 0.5073333333333333, "599": 0.601, "59J": 0.49366666666666664, "359": 0.5106666666666667, "55K": 0.5883333333333334, "55J": 0.5796666666666667, "355": 0.5753333333333334, "555": 0.694, "5JK": 0.5176666666666667, "5KK": 0.6006666666666667, "35K": 0.48533333333333334, "35J": 0.49233333333333335, "5JJ": 0.608, "335": 0.577, "67Q": 0.6903333333333334, "66Q": 0.5483333333333333, "46Q": 0.5106666666666667, "69Q": 0.481, "6QQ": 0.5933333333333334, "6KQ": 0.512, "6JQ": 0.4866666666666667, "36Q": 0.49166666666666664, "667": 0.7083333333333334, "467": 0.6916666666666667, "679": 0.6506666666666666, "677": 0.9393333333333334, "67K": 0.719, "67J": 0.7136666666666667, "367": 0.7166666666666667,