{"JJK": 0.4503333333333333, "9JK": 0.43066666666666664, "4JK": 0.3536666666666667, "2JK": 0.328, "JKQ": 0.503, "JKK": 0.415, "8JK": 0.364, "6JK": 0.656, "JKT": 0.5946666666666667, "3JK": 0.342, "5JK": 0.37766666666666665, "7JK": 0.35633333333333334, "AJK": 0.48733333333333334, "49K": 0.3233333333333333, "29K": 0.30766666666666664, "9KQ": 0.424, "9KK": 0.3883333333333333, "89K": 0.39866666666666667, "69K": 0.618, "9KT": 0.6846666666666666, "39K": 0.324, "59K": 0.355, "79K": 0.3973333333333333, "9AK": 0.4026666666666667, "99K": 0.3636666666666667, "24K": 0.2856666666666667, "4KQ": 0.3363333333333333, "4KK": 0.389, "48K": 0.317, "46K": 0.6606666666666666, "4KT": 0.721, "34K": 0.32233333333333336, "45K": 0.353, "47K": 0.313, "4AK": 0.36666666666666664, "44K": 0.37133333333333335, "2KQ": 0.29233333333333333, "2KK": 0.374, "28K": 0.31233333333333335, "26K": 0.6663333333333333, "2KT": 0.7026666666666667, "23K": 0.31066666666666665, "25K": 0.342, "22K": 0.37366666666666665, "27K": 0.2613333333333333, "2AK": 0.367, "KKQ": 0.42233333333333334, "8KQ": 0.359, "6KQ": 0.623, "KQT": 0.5976666666666667, "KQQ": 0.4086666666666667, "3KQ": 0.35533333333333333, "5KQ": 0.3636666666666667, "7KQ": 0.296, "AKQ": 0.4723333333333333, "8KK": 0.3953333333333333, "6KK": 0.7216666666666667, "KKT": 0.7366666666666667, "3KK": 0.364, "5KK": 0.401, "7KK": 0.38266666666666665, "AKK": 0.446, "KKK": 0.47733333333333333, "68K": 0.6096666666666667, "8KT": 0.724, "38K": 0.31333333333333335, "58K": 0.341, "88K": 0.3576666666666667, "78K": 0.41833333333333333, "8AK": 0.399, "6KT": 0.878, "66K": 0.9513333333333334, "36K": 0.684, "56K": 0.6906666666666667, "67K": 0.5843333333333334, "6AK": 0.6773333333333333, "3KT": 0.6903333333333334, "KTT": 0.9, "5KT": 0.7253333333333334, "7KT": 0.6856666666666666, "AKT": 0.6643333333333333, "35K": 0.355, "37K": 0.31166666666666665, "3AK": 0.37366666666666665, "33K": 0.38366666666666666, "57K": 0.34833333333333333, "5AK": 0.5756666666666667, "55K": 0.376, "7AK": 0.369, "77K": 0.3586666666666667, "AAK": 0.452, "9JJ": 0.431, "4JJ": 0.418, "2JJ": 0.4, "JJQ": 0.48433333333333334, "8JJ": 0.4136666666666667, "6JJ": 0.7443333333333333, "JJT": 0.7186666666666667, "3JJ": 0.3873333333333333, "5JJ": 0.5713333333333334, "7JJ": 0.4116666666666667, "AJJ": 0.6163333333333333, "JJJ": 0.45766666666666667, "49J": 0.305, "29J": 0.319, "9JQ": 0.489, "89J": 0.455, "69J": 0.617, "9JT": 0.5953333333333334, "39J": 0.31166666666666665, "59J": 0.359, "79J": 0.4046666666666667, "9AJ": 0.4003333333333333, "99J": 0.39166666666666666, "24J": 0.302, "4JQ": 0.368, "48J": 0.30933333333333335, "46J": 0.6496666666666666, "4JT": 0.667, "34J": 0.296, "45J": 0.35233333333333333, "47J": 0.338, "4AJ": 0.38, "44J": 0.38533333333333336, "2JQ": 0.3506666666666667, "28J": 0.313, "26J": 0.6786666666666666, "2JT": 0.6876666666666666, "23J": 0.2956666666666667, "25J": 0.327, "22J": 0.37, "27J": 0.30366666666666664, "2AJ": 0.37133333333333335, "8JQ": 0.422, "6JQ": 0.6646666666666666, "JQT": 0.5473333333333333, "JQQ": 0.448, "3JQ": 0.357, "5JQ": 0.38033333333333336, "7JQ": 0.3433333333333333, "AJQ": 0.495, "68J": 0.6193333333333333, "8JT": 0.62, "38J": 0.30433333333333334, "58J": 0.336, "88J": 0.375, "78J": 0.40066666666666667, "8AJ": 0.3933333333333333, "6JT": 0.8553333333333333, "66J": 0.9326666666666666, "36J": 0.657, "56J": 0.6926666666666667, "67J": 0.6173333333333333, "6AJ": 0.671, "3JT": 0.5876666666666667, "JTT": 0.8826666666666667, "5JT": 0.7086666666666667, "7JT": 0.6623333333333333, "AJT": 0.6393333333333333, "35J": 0.324, "37J": 0.31933333333333336, "3AJ": 0.37733333333333335, "33J": 0.36233333333333334, "57J": 0.3526666666666667, "5AJ": 0.5596666666666666, "55J": 0.3893333333333333, "7AJ": 0.40066666666666667, "77J": 0.3636666666666667, "AAJ": 0.45966666666666667, "249": 0.29633333333333334, "49Q": 0.30766666666666664, "489": 0.341, "469": 0.5533333333333333, "49T": 0.741, "349": 0.2916666666666667, "459": 0.303, "479": 0.39266666666666666, "49A": 0.3453333333333333, "499": 0.3413333333333333, "449": 0.3403333333333333, "29Q": 0.31933333333333336, "289": 0.37866666666666665, "269": 0.6706666666666666, "29T": 0.7663333333333333, "239": 0.30133333333333334, "259": 0.3253333333333333, "229": 0.3506666666666667, "279": 0.379, "29A": 0.3403333333333333, "299": 0.318, "89Q": 0.48633333333333334, "69Q": 0.618, "9QT": 0.6626666666666666, "9QQ": 0.38433333333333336, "39Q": 0.3303333333333333, "59Q": 0.366, "79Q": 0.4126666666666667, "9AQ": 0.4, "99Q": 0.391, "689": 0.5133333333333333, "89T": 0.6713333333333333, "389": 0.383, "589": 0.4083333333333333, "889": 0.42866666666666664, "789": 0.89, "89A": 0.425, "899": 0.42533333333333334, "69T": 0.8216666666666667, "669": 0.916, "369": 0.6513333333333333, "569": 0.6256666666666667, "679": 0.6246666666666667, "69A": 0.6246666666666667, "699": 0.6703333333333333, "39T": 0.7423333333333333, "9TT": 0.935, "59T": 0.7666666666666667, "79T": 0.7373333333333333, "9AT": 0.7426666666666667, "99T": 0.7286666666666667, "359": 0.31433333333333335, "379": 0.37966666666666665, "39A": 0.36733333333333335, "399": 0.3453333333333333, "339": 0.35633333333333334, "579": 0.41233333333333333, "59A": 0.5443333333333333, "599": 0.3476666666666667, "559": 0.3506666666666667, "79A": 0.44566666666666666, "799": 0.42333333333333334, "779": 0.4053333333333333, "99A": 0.415, "9AA": 0.39366666666666666, "999": 0.43, "24Q": 0.29, "248": 0.2946666666666667, "246": 0.6733333333333333, "24T": 0.7856666666666666, "234": 0.36533333333333334, "245": 0.4083333333333333, "224": 0.36233333333333334, "247": 0.2853333333333333, "24A": 0.352, "244": 0.37233333333333335, "48Q": 0.31933333333333336, "46Q": 0.66, "4QT": 0.7073333333333334, "4QQ": 0.37266666666666665, "34Q": 0.329, "45Q": 0.36533333333333334, "47Q": 0.2956666666666667, "4AQ": 0.38666666666666666, "44Q": 0.36966666666666664, "468": 0.5396666666666666, "48T": 0.7383333333333333, "348": 0.287, "458": 0.402, "488": 0.3343333333333333, "478": 0.4653333333333333, "48A": 0.3383333333333333, "448": 0.3636666666666667, "46T": 0.8643333333333333, "466": 0.9106666666666666, "346": 0.6216666666666667, "456": 0.6083333333333333, "467": 0.5893333333333334, "46A": 0.6656666666666666, "446": 0.687, "34T": 0.7546666666666667, "4TT": 0.948, "45T": 0.787, "47T": 0.7803333333333333, "4AT": 0.739, "44T": 0.7643333333333333, "345": 0.48, "347": 0.373, "34A": 0.36966666666666664, "334": 0.3393333333333333, "344": 0.37, "457": 0.4676666666666667, "45A": 0.5653333333333334, "445": 0.558, "455": 0.37166666666666665, "47A": 0.36, "447": 0.38066666666666665, "477": 0.35, "4AA": 0.4036666666666667, "44A": 0.561, "444": 0.4066666666666667, "28Q": 0.326, "26Q": 0.6796666666666666, "2QT": 0.706, "2QQ": 0.367, "23Q": 0.2976666666666667, "25Q": 0.32666666666666666, "22Q": 0.352, "27Q": 0.253, "2AQ": 0.37933333333333336, "268": 0.658, "28T": 0.7696666666666667, "238": 0.31766666666666665, "258": 0.3263333333333333, "228": 0.34933333333333333, "288": 0.3433333333333333, "278": 0.37933333333333336, "28A": 0.3496666666666667, "26T": 0.912, "266": 0.9573333333333334, "236": 0.6806666666666666, "256": 0.6873333333333334, "226": 0.717, "267": 0.6486666666666666, "26A": 0.735, "23T": 0.7683333333333333, "2TT": 0.9336666666666666, "25T": 0.796, "22T": 0.772, "27T": 0.7566666666666667, "2AT": 0.7506666666666667, "235": 0.395, "223": 0.3566666666666667, "237": 0.2906666666666667, "23A": 0.3443333333333333, "233": 0.3586666666666667, "225": 0.554, "257": 0.316, "25A": 0.5446666666666666, "255": 0.336, "227": 0.33066666666666666, "22A": 0.557, "222": 0.41, "27A": 0.322, "277": 0.3406666666666667, "2AA": 0.41633333333333333, "68Q": 0.6103333333333333, "8QT": 0.6846666666666666, "8QQ": 0.385, "38Q": 0.32766666666666666, "58Q": 0.3406666666666667, "88Q": 0.366, "78Q": 0.3903333333333333, "8AQ": 0.4, "6QT": 0.869, "66Q": 0.95, "6QQ": 0.6953333333333334, "36Q": 0.6686666666666666, "56Q": 0.679, "67Q": 0.612, "6AQ": 0.679, "QQT": 0.7593333333333333, "3QT": 0.6883333333333334,