{"8AK": 0.3963333333333333, "8AJ": 0.7373333333333333, "68A": 0.6136666666666667, "38A": 0.33566666666666667, "89A": 0.387, "28A": 0.3413333333333333, "8AA": 0.44533333333333336, "8AT": 0.3913333333333333, "88A": 0.42733333333333334, "78A": 0.384, "58A": 0.39766666666666667, "8AQ": 0.41233333333333333, "48A": 0.36033333333333334, "AJK": 0.643, "6AK": 0.6293333333333333, "3AK": 0.397, "9AK": 0.406, "2AK": 0.39366666666666666, "AAK": 0.488, "AKT": 0.47433333333333333, "7AK": 0.3983333333333333, "5AK": 0.421, "AKQ": 0.5366666666666666, "AKK": 0.471, "4AK": 0.381, "6AJ": 0.8756666666666667, "3AJ": 0.731, "AJJ": 0.909, "9AJ": 0.734, "2AJ": 0.7176666666666667, "AAJ": 0.798, "AJT": 0.7103333333333334, "7AJ": 0.7496666666666667, "5AJ": 0.7503333333333333, "AJQ": 0.666, "4AJ": 0.733, "36A": 0.57, "69A": 0.624, "26A": 0.5893333333333334, "6AA": 0.7143333333333334, "6AT": 0.6246666666666667, "66A": 0.93, "67A": 0.604, "56A": 0.645, "6AQ": 0.6503333333333333, "46A": 0.5736666666666667, "39A": 0.3526666666666667, "23A": 0.29933333333333334, "3AA": 0.433, "3AT": 0.346, "33A": 0.4116666666666667, "37A": 0.3566666666666667, "35A": 0.35033333333333333, "3AQ": 0.377, "34A": 0.30666666666666664, "29A": 0.355, "9AA": 0.429, "9AT": 0.39966666666666667, "99A": 0.419, "79A": 0.36233333333333334, "59A": 0.406, "9AQ": 0.403, "49A": 0.355, "2AA": 0.4196666666666667, "22A": 0.40066666666666667, "2AT": 0.3436666666666667, "27A": 0.3343333333333333, "25A": 0.356, "2AQ": 0.3913333333333333, "24A": 0.2946666666666667, "AAT": 0.44233333333333336, "7AA": 0.4523333333333333, "5AA": 0.43233333333333335, "AAQ": 0.5113333333333333, "4AA": 0.435, "AAA": 0.5133333333333333, "ATT": 0.44066666666666665, "7AT": 0.36966666666666664, "5AT": 0.3863333333333333, "AQT": 0.48233333333333334, "4AT": 0.3596666666666667, "57A": 0.37033333333333335, "7AQ": 0.4093333333333333, "77A": 0.407, "47A": 0.358, "55A": 0.414, "5AQ": 0.411, "45A": 0.37133333333333335, "AQQ": 0.4816666666666667, "4AQ": 0.3903333333333333, "44A": 0.3943333333333333, "8JK": 0.7243333333333334, "68K": 0.635, "38K": 0.353, "89K": 0.388, "28K": 0.35933333333333334, "8KT": 0.39566666666666667, "88K": 0.4093333333333333, "78K": 0.367, "58K": 0.38166666666666665, "8KQ": 0.416, "8KK": 0.448, "48K": 0.37166666666666665, "68J": 0.8856666666666667, "38J": 0.7956666666666666, "8JJ": 0.9346666666666666, "89J": 0.7206666666666667, "28J": 0.8063333333333333, "8JT": 0.6986666666666667, "88J": 0.7576666666666667, "78J": 0.7476666666666667, "58J": 0.793, "8JQ": 0.7123333333333334, "48J": 0.7896666666666666, "368": 0.6453333333333333, "689": 0.582, "268": 0.6603333333333333, "68T": 0.6406666666666667, "688": 0.6983333333333334, "668": 0.9163333333333333, "678": 0.542, "568": 0.6076666666666667, "68Q": 0.619, "468": 0.6213333333333333, "389": 0.37033333333333335, "238": 0.31233333333333335, "38T": 0.352, "338": 0.385, "388": 0.38, "378": 0.324, "358": 0.358, "38Q": 0.36666666666666664, "348": 0.32166666666666666, "289": 0.345, "89T": 0.5993333333333334, "889": 0.4063333333333333, "899": 0.402, "789": 0.4723333333333333, "589": 0.5376666666666666, "89Q": 0.4673333333333333, "489": 0.348, "228": 0.37133333333333335, "28T": 0.35733333333333334, "288": 0.37966666666666665, "278": 0.3396666666666667, "258": 0.3596666666666667, "28Q": 0.35033333333333333, "248": 0.30366666666666664, "88T": 0.381, "8TT": 0.4076666666666667, "78T": 0.41, "58T": 0.503, "8QT": 0.4623333333333333, "48T": 0.3576666666666667, "788": 0.4023333333333333, "588": 0.4106666666666667, "88Q": 0.427, "888": 0.4643333333333333, "488": 0.37266666666666665, "578": 0.49766666666666665, "78Q": 0.384, "778": 0.388, "478": 0.4076666666666667, "558": 0.397, "58Q": 0.4073333333333333, "458": 0.44, "8QQ": 0.4493333333333333, "48Q": 0.37933333333333336, "448": 0.391, "6JK": 0.8656666666666667, "3JK": 0.722, "JJK": 0.9103333333333333, "9JK": 0.686, "2JK": 0.7253333333333334, "JKT": 0.6403333333333333, "7JK": 0.7166666666666667, "5JK": 0.7193333333333334, "JKQ": 0.609, "JKK": 0.759, "4JK": 0.7203333333333334, "36K": 0.6793333333333333, "69K": 0.6366666666666667, "26K": 0.6776666666666666, "6KT": 0.641, "66K": 0.952, "67K": 0.6276666666666667, "56K": 0.6796666666666666, "6KQ": 0.6623333333333333, "6KK": 0.729, "46K": 0.648, "39K": 0.37133333333333335, "23K": 0.352, "3KT": 0.37633333333333335, "33K": 0.38433333333333336, "37K": 0.366, "35K": 0.37366666666666665, "3KQ": 0.4196666666666667, "3KK": 0.435, "34K": 0.35133333333333333, "29K": 0.36866666666666664, "9KT": 0.452, "99K": 0.43666666666666665, "79K": 0.384, "59K": 0.38133333333333336, "9KQ": 0.47933333333333333, "9KK": 0.4563333333333333, "49K": 0.36866666666666664, "22K": 0.394, "2KT": 0.377, "27K": 0.36633333333333334, "25K": 0.3626666666666667, "2KQ": 0.409, "2KK": 0.45366666666666666, "24K": 0.346, "KTT": 0.41633333333333333, "7KT": 0.37166666666666665, "5KT": 0.38033333333333336, "KQT": 0.5366666666666666, "KKT": 0.44866666666666666, "4KT": 0.361, "57K": 0.38166666666666665, "7KQ": 0.4146666666666667, "77K": 0.4106666666666667, "7KK": 0.44466666666666665, "47K": 0.363, "55K": 0.4146666666666667, "5KQ": 0.4196666666666667, "5KK": 0.4573333333333333, "45K": 0.37066666666666664, "KQQ": 0.49633333333333335, "KKQ": 0.5063333333333333, "4KQ": 0.4003333333333333, "4KK": 0.43233333333333335, "KKK": 0.5513333333333333, "44K": 0.417, "36J": 0.895, "6JJ": 0.991, "69J": 0.8773333333333333, "26J": 0.892, "6JT": 0.8776666666666667, "66J": 0.988, "67J": 0.8873333333333333, "56J": 0.8993333333333333, "6JQ": 0.8733333333333333, "46J": 0.875, "3JJ": 0.9326666666666666, "39J": 0.7723333333333333, "23J": 0.7713333333333333, "3JT": 0.782, "33J": 0.7553333333333333, "37J": 0.7906666666666666, "35J": 0.781, "3JQ": 0.7423333333333333, "34J": 0.7646666666666667, "9JJ": 0.9313333333333333, "2JJ": 0.9363333333333334, "JJT": 0.9126666666666666, "7JJ": 0.9503333333333334, "5JJ": 0.9546666666666667, "JJQ": 0.919, "4JJ": 0.9276666666666666, "JJJ": 1.0, "29J": 0.7816666666666666, "9JT": 0.667, "99J": 0.755, "79J": 0.7543333333333333, "59J": 0.7696666666666667, "9JQ": 0.6746666666666666, "49J": 0.7843333333333333, "22J": 0.7886666666666666, "2JT": 0.783, "27J": 0.8016666666666666, "25J": 0.8233333333333334, "2JQ": 0.7253333333333334, "24J": 0.7836666666666666, "JTT": 0.729, "7JT": 0.733, "5JT": 0.772, "JQT": 0.6416666666666667, "4JT": 0.769, "57J": 0.7976666666666666, "7JQ": 0.739, "77J": 0.7523333333333333, "47J": 0.798, "55J": 0.7816666666666666, "5JQ": 0.733, "45J": 0.7966666666666666, "JQQ": 0.762, "4JQ": 0.726, "44J": 0.7933333333333333, "369": 0.648, "236": 0.5856666666666667, "36T": 0.646, "336": 0.696, "366": 0.9236666666666666, "367": 0.627, "356": 0.627, "36Q": 0.6656666666666666, "346": 0.5686666666666667, "269": 0.666, "69T": 0.62, "669": 0.919, "699": 0.7153333333333334, "679": 0.564, "569": 0.6453333333333333, "69Q": 0.6413333333333333, "469": 0.662, "226": 0.6933333333333334, "26T": 0.6596666666666666, "266": 0.933, "267": 0.6583333333333333, "256": 0.6633333333333333, "26Q": 0.6626666666666666, "246": 0.592, "66T": 0.9246666666666666, "6TT": 0.7216666666666667, "67T": 0.602, "56T": 0.6793333333333333, "6QT": 0.6463333333333333, "46T": 0.6493333333333333, "667": 0.9183333333333333, "566": 0.907, "66Q": 0.9503333333333334, "466": 0.9083333333333333, "666": 1.0, "567": 0.5746666666666667, "67Q": 0.6353333333333333, "677": 0.6946666666666667, "467": 0.587, "556": 0.6846666666666666, "56Q": 0.6816666666666666, "456": 0.5783333333333334, "6QQ": 0.713, "46Q": 0.6693333333333333, "446": 0.675, "239": 0.31233333333333335, "39T": 0.36, "339": 0.3636666666666667, "399": 0.37933333333333336, "379": 0.325, "359": 0.3576666666666667, "39Q": 0.36933333333333335, "349": 0.313, "223": 0.37233333333333335, "23T": 0.2846666666666667, "233": 0.382, "237": 0.30866666666666664, "235": 0.39166666666666666, "23Q": 0.3433333333333333, "234": 0.33666666666666667, "33T": 0.35733333333333334, "3TT": 0.37666666666666665, "37T": 0.331, "35T": 0.35733333333333334,