{"9JQ": 0.39866666666666667, "8JQ": 0.43766666666666665, "5JQ": 0.49466666666666664, "7JQ": 0.46266666666666667, "AJQ": 0.426, "JJQ": 0.44066666666666665, "JKQ": 0.41933333333333334, "6JQ": 0.43166666666666664, "3JQ": 0.43866666666666665, "2JQ": 0.925, "4JQ": 0.4523333333333333, "JQT": 0.36466666666666664, "JQQ": 0.43533333333333335, "89J": 0.37166666666666665, "59J": 0.44733333333333336, "79J": 0.4, "9AJ": 0.44966666666666666, "9JJ": 0.44066666666666665, "99J": 0.42733333333333334, "9JK": 0.4196666666666667, "69J": 0.43966666666666665, "39J": 0.454, "29J": 0.916, "49J": 0.419, "9JT": 0.3383333333333333, "58J": 0.44433333333333336, "78J": 0.401, "8AJ": 0.4483333333333333, "8JJ": 0.44266666666666665, "88J": 0.44566666666666666, "8JK": 0.45266666666666666, "68J": 0.43966666666666665, "38J": 0.44333333333333336, "28J": 0.958, "48J": 0.449, "8JT": 0.36466666666666664, "57J": 0.422, "5AJ": 0.4713333333333333, "55J": 0.454, "5JJ": 0.4676666666666667, "5JK": 0.44233333333333336, "56J": 0.45466666666666666, "35J": 0.49533333333333335, "25J": 0.9396666666666667, "45J": 0.4656666666666667, "5JT": 0.43866666666666665, "7AJ": 0.44233333333333336, "7JJ": 0.449, "77J": 0.448, "7JK": 0.43433333333333335, "67J": 0.42833333333333334, "37J": 0.43833333333333335, "27J": 0.941, "47J": 0.414, "7JT": 0.4036666666666667, "AJJ": 0.4696666666666667, "AAJ": 0.4483333333333333, "AJK": 0.42733333333333334, "6AJ": 0.457, "3AJ": 0.452, "2AJ": 0.9633333333333334, "4AJ": 0.47, "AJT": 0.391, "JJJ": 0.6046666666666667, "JJK": 0.45266666666666666, "6JJ": 0.45566666666666666, "3JJ": 0.4713333333333333, "2JJ": 0.948, "4JJ": 0.4723333333333333, "JJT": 0.42866666666666664, "6JK": 0.4643333333333333, "3JK": 0.4633333333333333, "2JK": 0.951, "4JK": 0.45566666666666666, "JKT": 0.38366666666666666, "JKK": 0.43866666666666665, "36J": 0.452, "26J": 0.9586666666666667, "46J": 0.44433333333333336, "6JT": 0.418, "66J": 0.463, "23J": 0.9603333333333334, "34J": 0.455, "33J": 0.452, "3JT": 0.418, "24J": 0.929, "2JT": 0.9293333333333333, "22J": 0.9996666666666667, "44J": 0.456, "4JT": 0.436, "JTT": 0.44, "89Q": 0.4043333333333333, "59Q": 0.438, "79Q": 0.42866666666666664, "9AQ": 0.42933333333333334, "99Q": 0.461, "9KQ": 0.434, "69Q": 0.43633333333333335, "39Q": 0.4563333333333333, "29Q": 0.927, "49Q": 0.43, "9QT": 0.384, "9QQ": 0.451, "58Q": 0.45266666666666666, "78Q": 0.436, "8AQ": 0.44866666666666666, "88Q": 0.466, "8KQ": 0.48733333333333334, "68Q": 0.451, "38Q": 0.4523333333333333, "28Q": 0.9553333333333334, "48Q": 0.43866666666666665, "8QT": 0.4053333333333333, "8QQ": 0.45566666666666666, "57Q": 0.441, "5AQ": 0.4703333333333333, "55Q": 0.46266666666666667, "5KQ": 0.4623333333333333, "56Q": 0.464, "35Q": 0.46166666666666667, "25Q": 0.943, "45Q": 0.461, "5QT": 0.43233333333333335, "5QQ": 0.44766666666666666, "7AQ": 0.4603333333333333, "77Q": 0.454, "7KQ": 0.44, "67Q": 0.436, "37Q": 0.44733333333333336, "27Q": 0.9473333333333334, "47Q": 0.43966666666666665, "7QT": 0.43, "7QQ": 0.4663333333333333, "AAQ": 0.469, "AKQ": 0.4156666666666667, "6AQ": 0.443, "3AQ": 0.447, "2AQ": 0.962, "4AQ": 0.4513333333333333, "AQT": 0.39566666666666667, "AQQ": 0.4533333333333333, "6KQ": 0.45, "3KQ": 0.44066666666666665, "2KQ": 0.9516666666666667, "4KQ": 0.4583333333333333, "KQT": 0.38266666666666665, "KQQ": 0.4696666666666667, "KKQ": 0.432, "36Q": 0.4696666666666667, "26Q": 0.953, "46Q": 0.431, "6QT": 0.4266666666666667, "6QQ": 0.4543333333333333, "66Q": 0.4656666666666667, "23Q": 0.9643333333333334, "34Q": 0.462, "33Q": 0.4686666666666667, "3QT": 0.429, "3QQ": 0.4646666666666667, "24Q": 0.9416666666666667, "2QT": 0.9413333333333334, "2QQ": 0.952, "22Q": 0.9996666666666667, "44Q": 0.4603333333333333, "4QT": 0.442, "4QQ": 0.45966666666666667, "QQT": 0.427, "QTT": 0.428, "QQQ": 0.6203333333333333, "589": 0.42033333333333334, "789": 0.3383333333333333, "89A": 0.442, "889": 0.409, "899": 0.43966666666666665, "89K": 0.434, "689": 0.39266666666666666, "389": 0.42766666666666664, "289": 0.9063333333333333, "489": 0.42766666666666664, "89T": 0.342, "579": 0.39066666666666666, "59A": 0.44533333333333336, "559": 0.464, "599": 0.44233333333333336, "59K": 0.44266666666666665, "569": 0.4136666666666667, "359": 0.44066666666666665, "259": 0.929, "459": 0.439, "59T": 0.43233333333333335, "79A": 0.41833333333333333, "779": 0.42833333333333334, "799": 0.44633333333333336, "79K": 0.41233333333333333, "679": 0.374, "379": 0.402, "279": 0.8103333333333333, "479": 0.353, "79T": 0.37266666666666665, "99A": 0.4746666666666667, "9AA": 0.44466666666666665, "9AK": 0.4683333333333333, "69A": 0.45, "39A": 0.43133333333333335, "29A": 0.946, "49A": 0.44433333333333336, "9AT": 0.4176666666666667, "99K": 0.4593333333333333, "699": 0.434, "399": 0.4693333333333333, "299": 0.9506666666666667, "999": 0.604, "499": 0.46, "99T": 0.4206666666666667, "69K": 0.44766666666666666, "39K": 0.4583333333333333, "29K": 0.931, "49K": 0.433, "9KT": 0.4003333333333333, "9KK": 0.455, "369": 0.44133333333333336, "269": 0.9223333333333333, "469": 0.4186666666666667, "69T": 0.42866666666666664, "669": 0.447, "239": 0.9326666666666666, "349": 0.428, "339": 0.45066666666666666, "39T": 0.4043333333333333, "249": 0.8136666666666666, "29T": 0.9006666666666666, "229": 1.0, "449": 0.44566666666666666, "49T": 0.41133333333333333, "9TT": 0.429, "578": 0.373, "58A": 0.44, "558": 0.45766666666666667, "588": 0.451, "58K": 0.4553333333333333, "568": 0.4106666666666667, "358": 0.4583333333333333, "258": 0.9373333333333334, "458": 0.436, "58T": 0.43233333333333335, "78A": 0.4196666666666667, "778": 0.43666666666666665, "788": 0.431, "78K": 0.44333333333333336, "678": 0.35433333333333333, "378": 0.44066666666666665, "278": 0.9066666666666666, "478": 0.38866666666666666, "78T": 0.37466666666666665, "88A": 0.478, "8AA": 0.44966666666666666, "8AK": 0.456, "68A": 0.46266666666666667, "38A": 0.454, "28A": 0.969, "48A": 0.455, "8AT": 0.429, "88K": 0.45466666666666666, "688": 0.44733333333333336, "388": 0.4503333333333333, "288": 0.9506666666666667, "488": 0.43666666666666665, "88T": 0.436, "888": 0.585, "68K": 0.49733333333333335, "38K": 0.475, "28K": 0.9503333333333334, "48K": 0.4543333333333333, "8KT": 0.433, "8KK": 0.45566666666666666, "368": 0.4666666666666667, "268": 0.923, "468": 0.43433333333333335, "68T": 0.41933333333333334, "668": 0.437, "238": 0.9583333333333334, "348": 0.455, "338": 0.477, "38T": 0.44666666666666666, "248": 0.9356666666666666, "28T": 0.9393333333333334, "228": 0.9993333333333333, "448": 0.44233333333333336, "48T": 0.4093333333333333, "8TT": 0.4563333333333333, "57A": 0.44366666666666665, "557": 0.43733333333333335, "577": 0.454, "57K": 0.43966666666666665, "567": 0.35233333333333333, "357": 0.403, "257": 0.9203333333333333, "457": 0.36633333333333334, "57T": 0.4256666666666667, "55A": 0.4553333333333333, "5AA": 0.4706666666666667, "5AK": 0.468, "56A": 0.45566666666666666, "35A": 0.451, "25A": 0.9576666666666667, "45A": 0.458, "5AT": 0.43266666666666664, "55K": 0.44666666666666666, "556": 0.469, "355": 0.4613333333333333, "255": 0.9473333333333334, "555": 0.5926666666666667, "455": 0.4553333333333333, "55T": 0.447, "56K": 0.4613333333333333, "35K": 0.46266666666666667, "25K": 0.9583333333333334, "45K": 0.444, "5KT": 0.45, "5KK": 0.47, "356": 0.465, "256": 0.9, "456": 0.42866666666666664, "56T": 0.43633333333333335, "566": 0.44266666666666665, "235": 0.915, "345": 0.47833333333333333, "335": 0.4696666666666667, "35T": 0.441, "245": 0.8816666666666667, "25T": 0.9536666666666667, "225": 0.9996666666666667, "445": 0.4523333333333333, "45T": 0.44266666666666665, "5TT": 0.4643333333333333, "77A": 0.472, "7AA": 0.459, "7AK": 0.4573333333333333, "67A": 0.42933333333333334, "37A": 0.445, "27A": 0.9443333333333334, "47A": 0.43033333333333335, "7AT": 0.434, "777": 0.6033333333333334, "77K": 0.477, "677": 0.43366666666666664, "377": 0.4696666666666667, "277": 0.9543333333333334, "477": 0.431, "77T": 0.438, "67K": 0.426, "37K": 0.45166666666666666, "27K": 0.9483333333333334,