{"KQT": 0.5346666666666666, "9QT": 0.403, "4QT": 0.6166666666666667, "3QT": 0.471, "QQT": 0.5646666666666667, "JQT": 0.478, "6QT": 0.4513333333333333, "7QT": 0.417, "QTT": 0.548, "2QT": 0.45066666666666666, "8QT": 0.43533333333333335, "5QT": 0.458, "AQT": 0.8123333333333334, "9KQ": 0.44533333333333336, "4KQ": 0.6253333333333333, "3KQ": 0.47333333333333333, "KQQ": 0.5633333333333334, "KKQ": 0.56, "JKQ": 0.5296666666666666, "6KQ": 0.4716666666666667, "7KQ": 0.457, "2KQ": 0.473, "8KQ": 0.4736666666666667, "5KQ": 0.44966666666666666, "AKQ": 0.801, "49Q": 0.603, "39Q": 0.4683333333333333, "9QQ": 0.55, "9JQ": 0.3863333333333333, "69Q": 0.456, "79Q": 0.41133333333333333, "29Q": 0.4553333333333333, "99Q": 0.525, "89Q": 0.419, "59Q": 0.44966666666666666, "9AQ": 0.8426666666666667, "34Q": 0.6506666666666666, "4QQ": 0.6956666666666667, "4JQ": 0.6123333333333333, "46Q": 0.5996666666666667, "47Q": 0.531, "24Q": 0.665, "48Q": 0.5886666666666667, "45Q": 0.604, "44Q": 0.939, "4AQ": 0.9036666666666666, "3QQ": 0.5606666666666666, "3JQ": 0.466, "33Q": 0.538, "36Q": 0.493, "37Q": 0.4603333333333333, "23Q": 0.474, "38Q": 0.44233333333333336, "35Q": 0.4653333333333333, "3AQ": 0.853, "JQQ": 0.532, "QQQ": 0.6553333333333333, "6QQ": 0.5566666666666666, "7QQ": 0.5396666666666666, "2QQ": 0.5363333333333333, "8QQ": 0.5276666666666666, "5QQ": 0.5453333333333333, "AQQ": 0.8123333333333334, "6JQ": 0.4483333333333333, "7JQ": 0.422, "2JQ": 0.427, "8JQ": 0.41833333333333333, "JJQ": 0.542, "5JQ": 0.42766666666666664, "AJQ": 0.7816666666666666, "67Q": 0.44333333333333336, "26Q": 0.46366666666666667, "68Q": 0.44366666666666665, "56Q": 0.457, "6AQ": 0.8416666666666667, "66Q": 0.5353333333333333, "77Q": 0.521, "27Q": 0.4693333333333333, "78Q": 0.42233333333333334, "57Q": 0.446, "7AQ": 0.8266666666666667, "28Q": 0.44433333333333336, "25Q": 0.44266666666666665, "22Q": 0.551, "2AQ": 0.8233333333333334, "88Q": 0.54, "58Q": 0.42633333333333334, "8AQ": 0.812, "55Q": 0.5166666666666667, "5AQ": 0.827, "AAQ": 0.9206666666666666, "9KT": 0.435, "4KT": 0.6476666666666666, "3KT": 0.4693333333333333, "KKT": 0.5563333333333333, "JKT": 0.527, "6KT": 0.468, "7KT": 0.4706666666666667, "KTT": 0.5763333333333334, "2KT": 0.469, "8KT": 0.472, "5KT": 0.4846666666666667, "AKT": 0.8076666666666666, "49T": 0.6156666666666667, "39T": 0.469, "9JT": 0.39, "69T": 0.443, "79T": 0.4083333333333333, "9TT": 0.5563333333333333, "29T": 0.44866666666666666, "99T": 0.523, "89T": 0.37833333333333335, "59T": 0.448, "9AT": 0.8246666666666667, "34T": 0.684, "4JT": 0.6216666666666667, "46T": 0.6013333333333334, "47T": 0.5703333333333334, "4TT": 0.693, "24T": 0.6823333333333333, "48T": 0.5883333333333334, "45T": 0.595, "44T": 0.9533333333333334, "4AT": 0.9246666666666666, "3JT": 0.4603333333333333, "33T": 0.543, "36T": 0.47833333333333333, "37T": 0.48333333333333334, "3TT": 0.5653333333333334, "23T": 0.4746666666666667, "38T": 0.43733333333333335, "35T": 0.477, "3AT": 0.838, "6JT": 0.43766666666666665, "7JT": 0.4523333333333333, "JTT": 0.5506666666666666, "2JT": 0.43633333333333335, "8JT": 0.39366666666666666, "JJT": 0.549, "5JT": 0.41933333333333334, "AJT": 0.7693333333333333, "67T": 0.43466666666666665, "6TT": 0.558, "26T": 0.45966666666666667, "68T": 0.43, "56T": 0.4723333333333333, "6AT": 0.834, "66T": 0.5366666666666666, "7TT": 0.52, "77T": 0.5343333333333333, "27T": 0.454, "78T": 0.409, "57T": 0.44066666666666665, "7AT": 0.8283333333333334, "2TT": 0.5553333333333333, "8TT": 0.5226666666666666, "TTT": 0.6553333333333333, "5TT": 0.553, "ATT": 0.8356666666666667, "28T": 0.4246666666666667, "25T": 0.44533333333333336, "22T": 0.544, "2AT": 0.8216666666666667, "88T": 0.539, "58T": 0.429, "8AT": 0.795, "55T": 0.5516666666666666, "5AT": 0.8206666666666667, "AAT": 0.9503333333333334, "49K": 0.64, "39K": 0.475, "9KK": 0.559, "9JK": 0.42933333333333334, "69K": 0.463, "79K": 0.44733333333333336, "29K": 0.4573333333333333, "99K": 0.547, "89K": 0.42766666666666664, "59K": 0.44766666666666666, "9AK": 0.8566666666666667, "34K": 0.6693333333333333, "4KK": 0.7076666666666667, "4JK": 0.6356666666666667, "46K": 0.622, "47K": 0.6076666666666667, "24K": 0.6883333333333334, "48K": 0.6176666666666667, "45K": 0.6196666666666667, "44K": 0.955, "4AK": 0.9333333333333333, "3KK": 0.5496666666666666, "3JK": 0.4656666666666667, "33K": 0.539, "36K": 0.49866666666666665, "37K": 0.469, "23K": 0.45766666666666667, "38K": 0.449, "35K": 0.4673333333333333, "3AK": 0.8656666666666667, "JKK": 0.571, "6KK": 0.568, "7KK": 0.5626666666666666, "2KK": 0.574, "8KK": 0.5503333333333333, "5KK": 0.559, "KKK": 0.6573333333333333, "AKK": 0.822, "6JK": 0.44766666666666666, "7JK": 0.444, "2JK": 0.47, "8JK": 0.4583333333333333, "JJK": 0.546, "5JK": 0.4493333333333333, "AJK": 0.7863333333333333, "67K": 0.457, "26K": 0.4696666666666667, "68K": 0.433, "56K": 0.4686666666666667, "6AK": 0.8713333333333333, "66K": 0.5386666666666666, "77K": 0.5643333333333334, "27K": 0.4686666666666667, "78K": 0.4593333333333333, "57K": 0.469, "7AK": 0.8533333333333334, "28K": 0.43733333333333335, "25K": 0.46, "22K": 0.535, "2AK": 0.8313333333333334, "88K": 0.5556666666666666, "58K": 0.447, "8AK": 0.8146666666666667, "55K": 0.5583333333333333, "5AK": 0.8293333333333334, "AAK": 0.9453333333333334, "349": 0.6803333333333333, "49J": 0.6136666666666667, "469": 0.6116666666666667, "479": 0.5786666666666667, "249": 0.6776666666666666, "499": 0.7086666666666667, "489": 0.6123333333333333, "459": 0.618, "449": 0.951, "49A": 0.939, "39J": 0.459, "339": 0.547, "369": 0.6493333333333333, "379": 0.45566666666666666, "239": 0.49733333333333335, "399": 0.555, "389": 0.447, "359": 0.49166666666666664, "39A": 0.854, "69J": 0.4533333333333333, "79J": 0.418, "29J": 0.43, "99J": 0.5336666666666666, "89J": 0.38366666666666666, "9JJ": 0.5403333333333333, "59J": 0.427, "9AJ": 0.8186666666666667, "679": 0.439, "269": 0.4633333333333333, "699": 0.546, "689": 0.4246666666666667, "569": 0.466, "69A": 0.8363333333333334, "669": 0.563, "779": 0.542, "279": 0.451, "799": 0.5233333333333333, "789": 0.37566666666666665, "579": 0.422, "79A": 0.832, "299": 0.5743333333333334, "289": 0.42733333333333334, "259": 0.43666666666666665, "229": 0.5686666666666667, "29A": 0.8213333333333334, "899": 0.5273333333333333, "999": 0.6636666666666666, "599": 0.549, "99A": 0.8363333333333334, "889": 0.5373333333333333, "589": 0.38466666666666666, "89A": 0.7996666666666666, "559": 0.5353333333333333, "59A": 0.815, "9AA": 0.9423333333333334, "34J": 0.6593333333333333, "334": 0.6993333333333334, "346": 0.6256666666666667, "347": 0.6243333333333333, "234": 0.7206666666666667, "348": 0.6866666666666666, "345": 0.6133333333333333, "344": 0.9493333333333334, "34A": 0.931, "46J": 0.6023333333333334, "47J": 0.5853333333333334, "24J": 0.662, "48J": 0.5946666666666667, "4JJ": 0.6846666666666666, "45J": 0.5803333333333334, "44J": 0.9506666666666667, "4AJ": 0.9053333333333333, "467": 0.5346666666666666, "246": 0.6343333333333333, "468": 0.57, "456": 0.5316666666666666, "446": 0.918, "46A": 0.915, "466": 0.6733333333333333, "477": 0.6783333333333333, "247": 0.639, "478": 0.5626666666666666, "457": 0.557, "447": 0.9106666666666666, "47A": 0.89, "248": 0.6626666666666666, "245": 0.608, "244": 0.9536666666666667, "224": 0.695, "24A": 0.906, "488": 0.7016666666666667, "458": 0.5656666666666667, "448": 0.9506666666666667, "48A": 0.9073333333333333, "445": 0.927, "455": 0.6436666666666667, "45A": 0.8893333333333333, "44A": 0.9856666666666667, "444": 1.0, "4AA": 0.9883333333333333, "33J": 0.511, "36J": 0.47333333333333333, "37J": 0.471, "23J": 0.4583333333333333, "38J": 0.41233333333333333, "3JJ": 0.5553333333333333, "35J": 0.44633333333333336, "3AJ": 0.817, "336": 0.567, "337": 0.5383333333333333, "233": 0.5306666666666666, "338": 0.5126666666666667, "333": 0.6583333333333333, "335": 0.5166666666666667, "33A": 0.8183333333333334, "367": 0.5326666666666666, "236": 0.556, "368": 0.465, "356": 0.6056666666666667, "36A": 0.8396666666666667, "366": 0.5713333333333334,