{"KQT": 0.5053333333333333, "5KQ": 0.473, "2KQ": 0.45966666666666667, "9KQ": 0.43266666666666664, "6KQ": 0.42766666666666664, "8KQ": 0.4856666666666667, "3KQ": 0.47833333333333333, "KQQ": 0.5766666666666667, "4KQ": 0.6396666666666667, "AKQ": 0.8183333333333334, "KKQ": 0.5626666666666666, "JKQ": 0.535, "7KQ": 0.4713333333333333, "5KT": 0.48833333333333334, "2KT": 0.44966666666666666, "9KT": 0.4136666666666667, "6KT": 0.469, "8KT": 0.4726666666666667, "3KT": 0.4553333333333333, "4KT": 0.6176666666666667, "AKT": 0.8243333333333334, "KKT": 0.5646666666666667, "JKT": 0.494, "KTT": 0.5623333333333334, "7KT": 0.428, "25K": 0.493, "59K": 0.4593333333333333, "56K": 0.4503333333333333, "58K": 0.4746666666666667, "35K": 0.48133333333333334, "55K": 0.567, "45K": 0.6083333333333333, "5AK": 0.8606666666666667, "5KK": 0.565, "5JK": 0.47633333333333333, "57K": 0.4736666666666667, "29K": 0.477, "26K": 0.4653333333333333, "28K": 0.4713333333333333, "23K": 0.4756666666666667, "24K": 0.6856666666666666, "2AK": 0.8473333333333334, "2KK": 0.5706666666666667, "2JK": 0.4703333333333333, "27K": 0.45866666666666667, "22K": 0.5583333333333333, "69K": 0.44466666666666665, "89K": 0.449, "39K": 0.46, "49K": 0.6493333333333333, "9AK": 0.8526666666666667, "9KK": 0.5633333333333334, "9JK": 0.44466666666666665, "79K": 0.424, "99K": 0.56, "68K": 0.462, "36K": 0.476, "46K": 0.6176666666666667, "6AK": 0.863, "6KK": 0.5626666666666666, "6JK": 0.4786666666666667, "67K": 0.45666666666666667, "66K": 0.5463333333333333, "38K": 0.49, "48K": 0.653, "8AK": 0.867, "8KK": 0.5596666666666666, "8JK": 0.6153333333333333, "88K": 0.5583333333333333, "78K": 0.457, "33K": 0.5416666666666666, "34K": 0.642, "3AK": 0.8586666666666667, "3KK": 0.561, "3JK": 0.485, "37K": 0.449, "4AK": 0.9233333333333333, "4KK": 0.7196666666666667, "44K": 0.963, "4JK": 0.6323333333333333, "47K": 0.6076666666666667, "AKK": 0.825, "AJK": 0.853, "7AK": 0.8473333333333334, "AAK": 0.9483333333333334, "JKK": 0.5746666666666667, "7KK": 0.5513333333333333, "KKK": 0.659, "JJK": 0.568, "7JK": 0.4686666666666667, "77K": 0.5496666666666666, "5QT": 0.45966666666666667, "2QT": 0.46, "9QT": 0.405, "6QT": 0.43633333333333335, "8QT": 0.449, "3QT": 0.44233333333333336, "QQT": 0.5536666666666666, "4QT": 0.6113333333333333, "AQT": 0.808, "JQT": 0.493, "QTT": 0.5636666666666666, "7QT": 0.42533333333333334, "25Q": 0.48966666666666664, "59Q": 0.45866666666666667, "56Q": 0.4553333333333333, "58Q": 0.45066666666666666, "35Q": 0.47733333333333333, "55Q": 0.5363333333333333, "5QQ": 0.566, "45Q": 0.6016666666666667, "5AQ": 0.8606666666666667, "5JQ": 0.4493333333333333, "57Q": 0.4693333333333333, "29Q": 0.471, "26Q": 0.44533333333333336, "28Q": 0.461, "23Q": 0.476, "2QQ": 0.564, "24Q": 0.6673333333333333, "2AQ": 0.8466666666666667, "2JQ": 0.4553333333333333, "27Q": 0.469, "22Q": 0.5303333333333333, "69Q": 0.405, "89Q": 0.4083333333333333, "39Q": 0.44466666666666665, "9QQ": 0.5456666666666666, "49Q": 0.62, "9AQ": 0.849, "9JQ": 0.4216666666666667, "79Q": 0.42966666666666664, "99Q": 0.5063333333333333, "68Q": 0.41833333333333333, "36Q": 0.442, "6QQ": 0.5373333333333333, "46Q": 0.5966666666666667, "6AQ": 0.826, "6JQ": 0.437, "67Q": 0.43133333333333335, "66Q": 0.525, "38Q": 0.449, "8QQ": 0.554, "48Q": 0.628, "8AQ": 0.8373333333333334, "8JQ": 0.455, "88Q": 0.519, "78Q": 0.44666666666666666, "33Q": 0.5163333333333333, "3QQ": 0.5523333333333333, "34Q": 0.6756666666666666, "3AQ": 0.8373333333333334, "3JQ": 0.461, "37Q": 0.4563333333333333, "4QQ": 0.7113333333333334, "AQQ": 0.8306666666666667, "QQQ": 0.6656666666666666, "JQQ": 0.5606666666666666, "7QQ": 0.549, "4AQ": 0.9353333333333333, "44Q": 0.9356666666666666, "4JQ": 0.6256666666666667, "47Q": 0.6063333333333333, "AJQ": 0.7943333333333333, "7AQ": 0.852, "AAQ": 0.9213333333333333, "JJQ": 0.5416666666666666, "7JQ": 0.459, "77Q": 0.5503333333333333, "25T": 0.49333333333333335, "59T": 0.453, "56T": 0.4676666666666667, "58T": 0.43633333333333335, "35T": 0.4603333333333333, "55T": 0.5383333333333333, "45T": 0.588, "5AT": 0.86, "5JT": 0.4503333333333333, "5TT": 0.569, "57T": 0.43466666666666665, "29T": 0.4533333333333333, "26T": 0.4633333333333333, "28T": 0.4513333333333333, "23T": 0.4513333333333333, "24T": 0.6673333333333333, "2AT": 0.855, "2JT": 0.44533333333333336, "2TT": 0.5783333333333334, "27T": 0.43933333333333335, "22T": 0.512, "69T": 0.42, "89T": 0.374, "39T": 0.42233333333333334, "49T": 0.587, "9AT": 0.807, "9JT": 0.396, "9TT": 0.5526666666666666, "79T": 0.405, "99T": 0.5273333333333333, "68T": 0.418, "36T": 0.428, "46T": 0.578, "6AT": 0.839, "6JT": 0.46266666666666667, "6TT": 0.537, "67T": 0.41733333333333333, "66T": 0.5243333333333333, "38T": 0.4226666666666667, "48T": 0.5706666666666667, "8AT": 0.8203333333333334, "8JT": 0.43733333333333335, "88T": 0.536, "8TT": 0.531, "78T": 0.38566666666666666, "33T": 0.5203333333333333, "34T": 0.5953333333333334, "3AT": 0.833, "3JT": 0.42, "3TT": 0.5333333333333333, "37T": 0.38266666666666665, "4AT": 0.894, "44T": 0.933, "4JT": 0.602, "4TT": 0.689, "47T": 0.5226666666666666, "AJT": 0.789, "ATT": 0.8313333333333334, "7AT": 0.8146666666666667, "AAT": 0.9413333333333334, "JJT": 0.5453333333333333, "JTT": 0.5286666666666666, "7JT": 0.417, "7TT": 0.513, "TTT": 0.653, "77T": 0.5183333333333333, "259": 0.643, "256": 0.52, "258": 0.4846666666666667, "235": 0.5426666666666666, "255": 0.5903333333333334, "245": 0.662, "25A": 0.8513333333333334, "25J": 0.5016666666666667, "257": 0.492, "225": 0.5523333333333333, "569": 0.46, "589": 0.4196666666666667, "359": 0.4846666666666667, "559": 0.5543333333333333, "459": 0.6203333333333333, "59A": 0.8496666666666667, "59J": 0.45966666666666667, "579": 0.4766666666666667, "599": 0.5676666666666667, "568": 0.487, "356": 0.599, "556": 0.545, "456": 0.5326666666666666, "56A": 0.8423333333333334, "56J": 0.48, "567": 0.5753333333333334, "566": 0.555, "358": 0.4686666666666667, "558": 0.5536666666666666, "458": 0.588, "58A": 0.823, "58J": 0.47333333333333333, "588": 0.5586666666666666, "578": 0.48133333333333334, "355": 0.562, "335": 0.5523333333333333, "345": 0.589, "35A": 0.849, "35J": 0.444, "357": 0.49266666666666664, "455": 0.6966666666666667, "55A": 0.833, "55J": 0.554, "557": 0.542, "555": 0.645, "45A": 0.9073333333333333, "445": 0.9333333333333333, "45J": 0.5973333333333334, "457": 0.5256666666666666, "5AJ": 0.845, "57A": 0.85, "5AA": 0.957, "5JJ": 0.5616666666666666, "57J": 0.4563333333333333, "577": 0.5536666666666666, "269": 0.49466666666666664, "289": 0.468, "239": 0.5033333333333333, "249": 0.6966666666666667, "29A": 0.863, "29J": 0.45466666666666666, "279": 0.455, "229": 0.542, "299": 0.5793333333333334, "268": 0.45466666666666666, "236": 0.5406666666666666, "246": 0.6333333333333333, "26A": 0.85, "26J": 0.46, "267": 0.46, "266": 0.568, "226": 0.536, "238": 0.48033333333333333, "248": 0.685, "28A": 0.8523333333333334, "28J": 0.48233333333333334, "288": 0.5653333333333334, "278": 0.4493333333333333, "228": 0.5576666666666666, "233": 0.5606666666666666, "234": 0.6533333333333333, "23A": 0.8556666666666667, "23J": 0.474, "237": 0.447, "223": 0.5433333333333333, "24A": 0.9473333333333334, "244": 0.959, "24J": 0.6886666666666666, "247": 0.6453333333333333, "224": 0.6996666666666667, "2AJ": 0.8346666666666667, "27A": 0.8596666666666667, "2AA": 0.9576666666666667, "22A": 0.835, "2JJ": 0.574, "27J": 0.44866666666666666, "22J": 0.5446666666666666, "227": 0.5216666666666666, "277": 0.561, "222": 0.6646666666666666, "689": 0.4056666666666667, "369": 0.4483333333333333, "469": 0.6083333333333333, "69A": 0.8423333333333334, "69J": 0.41733333333333333, "679": 0.433, "669": 0.5196666666666667, "699": 0.505, "389": 0.442, "489": 0.6126666666666667, "89A": 0.8266666666666667, "89J": 0.42966666666666664, "889": 0.5276666666666666, "789": 0.3913333333333333, "899": 0.529, "339": 0.5593333333333333, "349": 0.6543333333333333, "39A": 0.8446666666666667, "39J": 0.4523333333333333, "379": 0.42633333333333334, "399": 0.5506666666666666,