{"JKQ": 0.7656666666666667, "KQT": 0.7746666666666666, "6KQ": 0.805, "8KQ": 0.8446666666666667, "2KQ": 0.8476666666666667, "KQQ": 0.8, "3KQ": 0.8363333333333334, "AKQ": 0.7733333333333333, "9KQ": 0.7763333333333333, "4KQ": 0.8363333333333334, "7KQ": 0.902, "5KQ": 0.8456666666666667, "KKQ": 0.9186666666666666, "JQT": 0.5606666666666666, "6JQ": 0.4073333333333333, "8JQ": 0.4026666666666667, "2JQ": 0.45466666666666666, "JQQ": 0.5243333333333333, "3JQ": 0.44433333333333336, "AJQ": 0.552, "9JQ": 0.4656666666666667, "4JQ": 0.434, "7JQ": 0.6393333333333333, "5JQ": 0.43633333333333335, "JJQ": 0.488, "6QT": 0.426, "8QT": 0.41933333333333334, "2QT": 0.45, "QQT": 0.539, "3QT": 0.47533333333333333, "AQT": 0.512, "9QT": 0.48933333333333334, "4QT": 0.42333333333333334, "7QT": 0.659, "5QT": 0.44033333333333335, "QTT": 0.49966666666666665, "68Q": 0.417, "26Q": 0.388, "6QQ": 0.4846666666666667, "66Q": 0.484, "36Q": 0.417, "6AQ": 0.466, "69Q": 0.3636666666666667, "46Q": 0.4073333333333333, "67Q": 0.5913333333333334, "56Q": 0.4216666666666667, "28Q": 0.428, "8QQ": 0.5066666666666667, "38Q": 0.43, "8AQ": 0.5006666666666667, "88Q": 0.49066666666666664, "89Q": 0.414, "48Q": 0.4483333333333333, "78Q": 0.6393333333333333, "58Q": 0.4483333333333333, "2QQ": 0.5123333333333333, "22Q": 0.49333333333333335, "23Q": 0.43933333333333335, "2AQ": 0.485, "29Q": 0.4096666666666667, "24Q": 0.4063333333333333, "27Q": 0.7123333333333334, "25Q": 0.433, "3QQ": 0.5096666666666667, "AQQ": 0.58, "9QQ": 0.49466666666666664, "4QQ": 0.51, "7QQ": 0.7416666666666667, "5QQ": 0.5286666666666666, "QQQ": 0.617, "3AQ": 0.5026666666666667, "39Q": 0.39866666666666667, "34Q": 0.44266666666666665, "37Q": 0.702, "35Q": 0.42233333333333334, "33Q": 0.493, "AAQ": 0.59, "9AQ": 0.4703333333333333, "4AQ": 0.5096666666666667, "7AQ": 0.6713333333333333, "5AQ": 0.499, "49Q": 0.412, "79Q": 0.5676666666666667, "59Q": 0.4226666666666667, "99Q": 0.49866666666666665, "47Q": 0.7006666666666667, "45Q": 0.44566666666666666, "44Q": 0.49666666666666665, "77Q": 0.9313333333333333, "57Q": 0.6843333333333333, "55Q": 0.48633333333333334, "JKT": 0.767, "6JK": 0.8366666666666667, "8JK": 0.8363333333333334, "2JK": 0.8326666666666667, "3JK": 0.8433333333333334, "AJK": 0.7613333333333333, "9JK": 0.7816666666666666, "4JK": 0.8316666666666667, "7JK": 0.9086666666666666, "5JK": 0.8516666666666667, "JJK": 0.8233333333333334, "JKK": 0.944, "6KT": 0.819, "8KT": 0.8303333333333334, "2KT": 0.837, "3KT": 0.8386666666666667, "AKT": 0.755, "9KT": 0.8083333333333333, "4KT": 0.83, "7KT": 0.888, "5KT": 0.8426666666666667, "KTT": 0.8303333333333334, "KKT": 0.9413333333333334, "68K": 0.8486666666666667, "26K": 0.8463333333333334, "66K": 0.8446666666666667, "36K": 0.8333333333333334, "6AK": 0.7873333333333333, "69K": 0.81, "46K": 0.8416666666666667, "67K": 0.8676666666666667, "56K": 0.8253333333333334, "6KK": 0.933, "28K": 0.8653333333333333, "38K": 0.8693333333333333, "8AK": 0.798, "88K": 0.8453333333333334, "89K": 0.833, "48K": 0.842, "78K": 0.895, "58K": 0.847, "8KK": 0.953, "22K": 0.847, "23K": 0.8456666666666667, "2AK": 0.8003333333333333, "29K": 0.8273333333333334, "24K": 0.8473333333333334, "27K": 0.951, "25K": 0.849, "2KK": 0.9626666666666667, "3AK": 0.7953333333333333, "39K": 0.8456666666666667, "34K": 0.846, "37K": 0.9356666666666666, "35K": 0.849, "33K": 0.8406666666666667, "3KK": 0.9676666666666667, "AAK": 0.8696666666666667, "9AK": 0.7933333333333333, "4AK": 0.799, "7AK": 0.9066666666666666, "5AK": 0.7793333333333333, "AKK": 0.951, "49K": 0.8463333333333334, "79K": 0.873, "59K": 0.8483333333333334, "99K": 0.8036666666666666, "9KK": 0.931, "47K": 0.925, "45K": 0.821, "44K": 0.8416666666666667, "4KK": 0.96, "77K": 0.9926666666666667, "57K": 0.9176666666666666, "7KK": 0.99, "55K": 0.8313333333333334, "5KK": 0.957, "KKK": 1.0, "6JT": 0.4703333333333333, "8JT": 0.4716666666666667, "2JT": 0.6146666666666667, "3JT": 0.615, "AJT": 0.566, "9JT": 0.5583333333333333, "4JT": 0.4643333333333333, "7JT": 0.656, "5JT": 0.4513333333333333, "JJT": 0.5246666666666666, "JTT": 0.5283333333333333, "68J": 0.42766666666666664, "26J": 0.43566666666666665, "66J": 0.521, "36J": 0.44533333333333336, "6AJ": 0.47633333333333333, "69J": 0.42233333333333334, "46J": 0.426, "67J": 0.69, "56J": 0.428, "6JJ": 0.49766666666666665, "28J": 0.43533333333333335, "38J": 0.4553333333333333, "8AJ": 0.49933333333333335, "88J": 0.509, "89J": 0.4563333333333333, "48J": 0.44566666666666666, "78J": 0.6266666666666667, "58J": 0.4703333333333333, "8JJ": 0.49133333333333334, "22J": 0.514, "23J": 0.5906666666666667, "2AJ": 0.49933333333333335, "29J": 0.448, "24J": 0.44966666666666666, "27J": 0.7353333333333333, "25J": 0.44, "2JJ": 0.5246666666666666, "3AJ": 0.51, "39J": 0.4573333333333333, "34J": 0.462, "37J": 0.7223333333333334, "35J": 0.44733333333333336, "33J": 0.5076666666666667, "3JJ": 0.5296666666666666, "AAJ": 0.6153333333333333, "9AJ": 0.48033333333333333, "4AJ": 0.506, "7AJ": 0.679, "5AJ": 0.49866666666666665, "AJJ": 0.5843333333333334, "49J": 0.435, "79J": 0.626, "59J": 0.443, "99J": 0.509, "9JJ": 0.483, "47J": 0.7076666666666667, "45J": 0.443, "4JJ": 0.5056666666666667, "44J": 0.5213333333333333, "77J": 0.9503333333333334, "57J": 0.703, "7JJ": 0.7243333333333334, "55J": 0.48333333333333334, "5JJ": 0.5013333333333333, "JJJ": 0.619, "68T": 0.48433333333333334, "26T": 0.44266666666666665, "66T": 0.5173333333333333, "36T": 0.45466666666666666, "6AT": 0.5016666666666667, "69T": 0.4886666666666667, "46T": 0.44066666666666665, "67T": 0.669, "56T": 0.435, "6TT": 0.49666666666666665, "28T": 0.461, "38T": 0.44233333333333336, "8AT": 0.5063333333333333, "88T": 0.5093333333333333, "89T": 0.531, "48T": 0.4563333333333333, "78T": 0.6066666666666667, "58T": 0.452, "8TT": 0.5043333333333333, "22T": 0.5083333333333333, "23T": 0.6003333333333334, "2AT": 0.5166666666666667, "29T": 0.46066666666666667, "24T": 0.444, "27T": 0.7176666666666667, "25T": 0.45, "2TT": 0.5176666666666667, "3AT": 0.5033333333333333, "39T": 0.4593333333333333, "34T": 0.44633333333333336, "37T": 0.715, "35T": 0.4643333333333333, "33T": 0.5183333333333333, "3TT": 0.5433333333333333, "AAT": 0.6286666666666667, "9AT": 0.5036666666666667, "4AT": 0.511, "7AT": 0.6563333333333333, "5AT": 0.5276666666666666, "ATT": 0.5783333333333334, "49T": 0.443, "79T": 0.5733333333333334, "59T": 0.444, "99T": 0.511, "9TT": 0.5016666666666667, "47T": 0.698, "45T": 0.467, "4TT": 0.5093333333333333, "44T": 0.51, "77T": 0.9393333333333334, "57T": 0.7, "7TT": 0.734, "55T": 0.5096666666666667, "5TT": 0.515, "TTT": 0.612, "268": 0.43266666666666664, "668": 0.5126666666666667, "368": 0.438, "68A": 0.49566666666666664, "688": 0.505, "689": 0.5633333333333334, "468": 0.522, "678": 0.6003333333333334, "568": 0.5706666666666667, "226": 0.48333333333333334, "266": 0.5043333333333333, "236": 0.42533333333333334, "26A": 0.484, "269": 0.413, "246": 0.4093333333333333, "267": 0.728, "256": 0.425, "366": 0.5133333333333333, "66A": 0.5593333333333333, "666": 0.6066666666666667, "669": 0.487, "466": 0.5186666666666667, "667": 0.7033333333333334, "566": 0.5123333333333333, "36A": 0.49, "369": 0.4083333333333333, "346": 0.493, "367": 0.681, "356": 0.48833333333333334, "336": 0.506, "6AA": 0.593, "69A": 0.4756666666666667, "46A": 0.514, "67A": 0.673, "56A": 0.493, "469": 0.4053333333333333, "679": 0.5446666666666666, "569": 0.4806666666666667, "699": 0.5043333333333333, "467": 0.6543333333333333, "456": 0.5623333333333334, "446": 0.5043333333333333, "677": 0.9096666666666666, "567": 0.6213333333333333, "556": 0.4713333333333333, "228": 0.497, "238": 0.45566666666666666, "28A": 0.511, "288": 0.5266666666666666, "289": 0.4523333333333333, "248": 0.457, "278": 0.7066666666666667, "258": 0.448, "38A": 0.49366666666666664, "388": 0.5156666666666667, "389": 0.442, "348": 0.45166666666666666, "378": 0.6763333333333333, "358": 0.4513333333333333, "338": 0.5043333333333333, "8AA": 0.614, "88A": 0.5976666666666667, "89A": 0.5146666666666667, "48A": 0.6306666666666667,