{"AAQ": 0.576, "AQQ": 0.5886666666666667, "7AQ": 0.492, "2AQ": 0.4593333333333333, "3AQ": 0.47333333333333333, "AJQ": 0.5596666666666666, "8AQ": 0.4716666666666667, "9AQ": 0.488, "AKQ": 0.7593333333333333, "5AQ": 0.4643333333333333, "AQT": 0.5436666666666666, "6AQ": 0.669, "4AQ": 0.48733333333333334, "7AA": 0.5753333333333334, "2AA": 0.5553333333333333, "3AA": 0.5706666666666667, "AAJ": 0.5826666666666667, "8AA": 0.5706666666666667, "9AA": 0.5826666666666667, "AAK": 0.8536666666666667, "5AA": 0.5476666666666666, "AAT": 0.5813333333333334, "6AA": 0.7596666666666667, "AAA": 0.6873333333333334, "4AA": 0.5926666666666667, "27A": 0.4676666666666667, "37A": 0.47733333333333333, "77A": 0.5706666666666667, "7AJ": 0.491, "78A": 0.4746666666666667, "79A": 0.503, "7AK": 0.7943333333333333, "57A": 0.4876666666666667, "7AT": 0.49, "67A": 0.6413333333333333, "47A": 0.501, "23A": 0.4666666666666667, "2AJ": 0.48533333333333334, "28A": 0.45766666666666667, "29A": 0.49533333333333335, "22A": 0.5383333333333333, "2AK": 0.7956666666666666, "25A": 0.46166666666666667, "2AT": 0.482, "26A": 0.7183333333333334, "24A": 0.5003333333333333, "3AJ": 0.5063333333333333, "38A": 0.4723333333333333, "39A": 0.49166666666666664, "3AK": 0.7883333333333333, "35A": 0.49566666666666664, "3AT": 0.49633333333333335, "36A": 0.71, "33A": 0.57, "34A": 0.51, "8AJ": 0.4683333333333333, "9AJ": 0.6343333333333333, "AJK": 0.7483333333333333, "AJJ": 0.596, "5AJ": 0.5043333333333333, "AJT": 0.6743333333333333, "6AJ": 0.6856666666666666, "4AJ": 0.493, "89A": 0.484, "8AK": 0.796, "58A": 0.45066666666666666, "8AT": 0.482, "88A": 0.5593333333333333, "68A": 0.6496666666666666, "48A": 0.482, "9AK": 0.7926666666666666, "99A": 0.5853333333333334, "59A": 0.49966666666666665, "9AT": 0.6316666666666667, "69A": 0.6786666666666666, "49A": 0.477, "5AK": 0.796, "AKT": 0.7543333333333333, "6AK": 0.8876666666666667, "4AK": 0.7866666666666666, "AKK": 0.9353333333333333, "5AT": 0.4846666666666667, "55A": 0.5506666666666666, "56A": 0.6976666666666667, "45A": 0.49133333333333334, "ATT": 0.603, "6AT": 0.673, "4AT": 0.491, "46A": 0.698, "66A": 0.956, "44A": 0.5546666666666666, "7QQ": 0.5076666666666667, "2QQ": 0.4826666666666667, "3QQ": 0.5276666666666666, "JQQ": 0.518, "8QQ": 0.48533333333333334, "9QQ": 0.5206666666666667, "KQQ": 0.8153333333333334, "QQQ": 0.582, "5QQ": 0.4876666666666667, "QQT": 0.5226666666666666, "6QQ": 0.7436666666666667, "4QQ": 0.49733333333333335, "27Q": 0.4046666666666667, "37Q": 0.44966666666666666, "77Q": 0.5203333333333333, "7JQ": 0.4256666666666667, "78Q": 0.414, "79Q": 0.439, "7KQ": 0.851, "57Q": 0.43033333333333335, "7QT": 0.4206666666666667, "67Q": 0.6316666666666667, "47Q": 0.43833333333333335, "23Q": 0.4196666666666667, "2JQ": 0.4066666666666667, "28Q": 0.3406666666666667, "29Q": 0.405, "22Q": 0.487, "2KQ": 0.8096666666666666, "25Q": 0.363, "2QT": 0.4096666666666667, "26Q": 0.6696666666666666, "24Q": 0.4013333333333333, "3JQ": 0.424, "38Q": 0.40066666666666667, "39Q": 0.42133333333333334, "3KQ": 0.8333333333333334, "35Q": 0.4236666666666667, "3QT": 0.42633333333333334, "36Q": 0.6853333333333333, "33Q": 0.49133333333333334, "34Q": 0.4523333333333333, "8JQ": 0.39, "9JQ": 0.5073333333333333, "JKQ": 0.7613333333333333, "JJQ": 0.509, "5JQ": 0.4053333333333333, "JQT": 0.5453333333333333, "6JQ": 0.6653333333333333, "4JQ": 0.443, "89Q": 0.38133333333333336, "8KQ": 0.8096666666666666, "58Q": 0.36766666666666664, "8QT": 0.38866666666666666, "88Q": 0.4656666666666667, "68Q": 0.6076666666666667, "48Q": 0.39966666666666667, "9KQ": 0.7923333333333333, "99Q": 0.47433333333333333, "59Q": 0.4063333333333333, "9QT": 0.497, "69Q": 0.6453333333333333, "49Q": 0.419, "5KQ": 0.804, "KQT": 0.7686666666666667, "6KQ": 0.8986666666666666, "4KQ": 0.832, "KKQ": 0.943, "5QT": 0.421, "55Q": 0.478, "56Q": 0.664, "45Q": 0.425, "QTT": 0.5063333333333333, "6QT": 0.6593333333333333, "4QT": 0.4103333333333333, "46Q": 0.6893333333333334, "66Q": 0.9333333333333333, "44Q": 0.4583333333333333, "237": 0.443, "277": 0.5056666666666667, "27J": 0.4086666666666667, "278": 0.4066666666666667, "279": 0.43066666666666664, "227": 0.48833333333333334, "27K": 0.8543333333333333, "257": 0.42333333333333334, "27T": 0.4226666666666667, "267": 0.6763333333333333, "247": 0.4563333333333333, "377": 0.5203333333333333, "37J": 0.423, "378": 0.433, "379": 0.446, "37K": 0.85, "357": 0.512, "37T": 0.44566666666666666, "367": 0.6523333333333333, "337": 0.5066666666666667, "347": 0.6016666666666667, "77J": 0.5046666666666667, "778": 0.49566666666666664, "779": 0.511, "777": 0.601, "77K": 0.8156666666666667, "577": 0.5253333333333333, "77T": 0.525, "677": 0.714, "477": 0.5293333333333333, "78J": 0.39866666666666667, "79J": 0.436, "7JK": 0.813, "7JJ": 0.482, "57J": 0.43433333333333335, "7JT": 0.423, "67J": 0.6313333333333333, "47J": 0.44266666666666665, "789": 0.5176666666666667, "78K": 0.8396666666666667, "578": 0.5376666666666666, "78T": 0.449, "788": 0.49933333333333335, "678": 0.5386666666666666, "478": 0.51, "79K": 0.829, "799": 0.5003333333333333, "579": 0.488, "79T": 0.458, "679": 0.581, "479": 0.45366666666666666, "57K": 0.8503333333333334, "7KT": 0.8236666666666667, "67K": 0.8693333333333333, "47K": 0.8433333333333334, "7KK": 0.9463333333333334, "57T": 0.425, "557": 0.5083333333333333, "567": 0.602, "457": 0.582, "7TT": 0.5033333333333333, "67T": 0.6123333333333333, "47T": 0.45, "467": 0.634, "667": 0.9243333333333333, "447": 0.5046666666666667, "23J": 0.42133333333333334, "238": 0.4036666666666667, "239": 0.43833333333333335, "223": 0.4796666666666667, "23K": 0.8443333333333334, "235": 0.5036666666666667, "23T": 0.42766666666666664, "236": 0.708, "233": 0.49733333333333335, "234": 0.5163333333333333, "28J": 0.392, "29J": 0.422, "22J": 0.49733333333333335, "2JK": 0.823, "2JJ": 0.5026666666666667, "25J": 0.41533333333333333, "2JT": 0.438, "26J": 0.7013333333333334, "24J": 0.428, "289": 0.409, "228": 0.48233333333333334, "28K": 0.8096666666666666, "258": 0.374, "28T": 0.394, "288": 0.4866666666666667, "268": 0.659, "248": 0.41533333333333333, "229": 0.5, "29K": 0.8343333333333334, "299": 0.477, "259": 0.417, "29T": 0.43733333333333335, "269": 0.6776666666666666, "249": 0.4176666666666667, "22K": 0.8036666666666666, "225": 0.469, "22T": 0.4656666666666667, "226": 0.705, "222": 0.5626666666666666, "224": 0.49233333333333335, "25K": 0.8156666666666667, "2KT": 0.8356666666666667, "26K": 0.9016666666666666, "24K": 0.841, "2KK": 0.961, "25T": 0.4046666666666667, "255": 0.464, "256": 0.6746666666666666, "245": 0.48, "2TT": 0.49566666666666664, "26T": 0.686, "24T": 0.411, "246": 0.7033333333333334, "266": 0.934, "244": 0.4796666666666667, "38J": 0.398, "39J": 0.43733333333333335, "3JK": 0.8273333333333334, "3JJ": 0.5096666666666667, "35J": 0.421, "3JT": 0.43533333333333335, "36J": 0.7096666666666667, "33J": 0.51, "34J": 0.43333333333333335, "389": 0.44066666666666665, "38K": 0.8546666666666667, "358": 0.402, "38T": 0.4013333333333333, "388": 0.504, "368": 0.6876666666666666, "338": 0.4673333333333333, "348": 0.44066666666666665, "39K": 0.8413333333333334, "399": 0.5, "359": 0.42233333333333334, "39T": 0.43666666666666665, "369": 0.6876666666666666, "339": 0.507, "349": 0.44633333333333336, "35K": 0.8356666666666667, "3KT": 0.832, "36K": 0.9046666666666666, "33K": 0.8273333333333334, "34K": 0.8173333333333334, "3KK": 0.9493333333333334, "35T": 0.438, "355": 0.5116666666666667, "356": 0.673, "335": 0.49433333333333335, "345": 0.584, "3TT": 0.5063333333333333, "36T": 0.678, "33T": 0.5083333333333333, "34T": 0.445, "336": 0.7226666666666667, "346": 0.6746666666666666, "366": 0.956, "334": 0.5033333333333333, "333": 0.6043333333333333, "344": 0.5093333333333333, "89J": 0.41633333333333333, "8JK": 0.8253333333333334, "8JJ": 0.47833333333333333, "58J": 0.384, "8JT": 0.412, "88J": 0.49, "68J": 0.6473333333333333, "48J": 0.411, "9JK": 0.7846666666666666, "9JJ": 0.5013333333333333, "99J": 0.5226666666666666, "59J": 0.43733333333333335, "9JT": 0.606, "69J": 0.674,