{"6JK": 0.496, "9JK": 0.6633333333333333, "4JK": 0.507, "JKQ": 0.598, "7JK": 0.508, "JKK": 0.5926666666666667, "JKT": 0.5743333333333334, "2JK": 0.503, "8JK": 0.505, "JJK": 0.6213333333333333, "AJK": 0.8373333333333334, "3JK": 0.5066666666666667, "5JK": 0.5256666666666666, "69K": 0.7196666666666667, "46K": 0.48966666666666664, "6KQ": 0.5203333333333333, "67K": 0.5073333333333333, "6KK": 0.58, "66K": 0.5993333333333334, "6KT": 0.513, "26K": 0.5013333333333333, "68K": 0.517, "6AK": 0.882, "36K": 0.4886666666666667, "56K": 0.5223333333333333, "49K": 0.7686666666666667, "9KQ": 0.6863333333333334, "79K": 0.75, "9KK": 0.7933333333333333, "9KT": 0.664, "29K": 0.7733333333333333, "99K": 0.951, "89K": 0.753, "9AK": 0.9406666666666667, "39K": 0.773, "59K": 0.7676666666666667, "4KQ": 0.5436666666666666, "47K": 0.502, "4KK": 0.617, "4KT": 0.527, "24K": 0.49866666666666665, "44K": 0.6133333333333333, "48K": 0.5076666666666667, "4AK": 0.8793333333333333, "34K": 0.5043333333333333, "45K": 0.503, "7KQ": 0.537, "KKQ": 0.643, "KQQ": 0.6316666666666667, "KQT": 0.5756666666666667, "2KQ": 0.5183333333333333, "8KQ": 0.5353333333333333, "AKQ": 0.8413333333333334, "3KQ": 0.542, "5KQ": 0.6646666666666666, "7KK": 0.6096666666666667, "7KT": 0.5123333333333333, "27K": 0.49933333333333335, "78K": 0.5373333333333333, "7AK": 0.8513333333333334, "37K": 0.4846666666666667, "57K": 0.5236666666666666, "77K": 0.5986666666666667, "KKT": 0.6153333333333333, "2KK": 0.6336666666666667, "8KK": 0.6103333333333333, "AKK": 0.861, "3KK": 0.612, "5KK": 0.6333333333333333, "KKK": 0.712, "2KT": 0.511, "8KT": 0.5446666666666666, "AKT": 0.8453333333333334, "3KT": 0.5146666666666667, "5KT": 0.5356666666666666, "KTT": 0.6136666666666667, "22K": 0.6126666666666667, "28K": 0.5423333333333333, "2AK": 0.873, "23K": 0.49766666666666665, "25K": 0.524, "88K": 0.5846666666666667, "8AK": 0.881, "38K": 0.5053333333333333, "58K": 0.535, "3AK": 0.8493333333333334, "5AK": 0.8653333333333333, "AAK": 0.959, "33K": 0.586, "35K": 0.517, "55K": 0.6093333333333333, "69J": 0.6266666666666667, "46J": 0.474, "6JQ": 0.49566666666666664, "67J": 0.49, "66J": 0.5816666666666667, "6JT": 0.495, "26J": 0.48333333333333334, "68J": 0.515, "6JJ": 0.5813333333333334, "6AJ": 0.8406666666666667, "36J": 0.4693333333333333, "56J": 0.47533333333333333, "49J": 0.708, "9JQ": 0.6433333333333333, "79J": 0.6806666666666666, "9JT": 0.587, "29J": 0.7143333333333334, "99J": 0.9153333333333333, "89J": 0.6663333333333333, "9JJ": 0.771, "9AJ": 0.895, "39J": 0.7256666666666667, "59J": 0.7153333333333334, "4JQ": 0.522, "47J": 0.49766666666666665, "4JT": 0.518, "24J": 0.5156666666666667, "44J": 0.5823333333333334, "48J": 0.5183333333333333, "4JJ": 0.609, "4AJ": 0.8776666666666667, "34J": 0.491, "45J": 0.488, "7JQ": 0.5226666666666666, "JQQ": 0.6256666666666667, "JQT": 0.6323333333333333, "2JQ": 0.5216666666666666, "8JQ": 0.5726666666666667, "JJQ": 0.6216666666666667, "AJQ": 0.8333333333333334, "3JQ": 0.5216666666666666, "5JQ": 0.5356666666666666, "7JT": 0.583, "27J": 0.516, "78J": 0.5616666666666666, "7JJ": 0.6123333333333333, "7AJ": 0.8353333333333334, "37J": 0.48133333333333334, "57J": 0.49866666666666665, "77J": 0.59, "2JT": 0.529, "8JT": 0.6366666666666667, "JJT": 0.62, "AJT": 0.8203333333333334, "3JT": 0.5136666666666667, "5JT": 0.5116666666666667, "JTT": 0.606, "22J": 0.582, "28J": 0.525, "2JJ": 0.596, "2AJ": 0.875, "23J": 0.5206666666666667, "25J": 0.485, "88J": 0.5986666666666667, "8JJ": 0.6186666666666667, "8AJ": 0.8636666666666667, "38J": 0.52, "58J": 0.5113333333333333, "AJJ": 0.8673333333333333, "3JJ": 0.618, "JJJ": 0.7203333333333334, "5JJ": 0.607, "3AJ": 0.8566666666666667, "5AJ": 0.873, "AAJ": 0.9703333333333334, "33J": 0.604, "35J": 0.49566666666666664, "55J": 0.5816666666666667, "469": 0.7486666666666667, "69Q": 0.7173333333333334, "679": 0.718, "669": 0.7646666666666667, "69T": 0.68, "269": 0.7643333333333333, "699": 0.916, "689": 0.7056666666666667, "69A": 0.9123333333333333, "369": 0.7623333333333333, "569": 0.7216666666666667, "46Q": 0.486, "467": 0.4533333333333333, "466": 0.5636666666666666, "46T": 0.492, "246": 0.4826666666666667, "446": 0.549, "468": 0.488, "46A": 0.848, "346": 0.4593333333333333, "456": 0.4236666666666667, "67Q": 0.48933333333333334, "66Q": 0.5966666666666667, "6QQ": 0.6066666666666667, "6QT": 0.5043333333333333, "26Q": 0.506, "68Q": 0.515, "6AQ": 0.8636666666666667, "36Q": 0.48933333333333334, "56Q": 0.5006666666666667, "667": 0.5873333333333334, "67T": 0.5816666666666667, "267": 0.49933333333333335, "678": 0.6106666666666667, "67A": 0.818, "367": 0.453, "567": 0.5433333333333333, "677": 0.5786666666666667, "66T": 0.5966666666666667, "266": 0.602, "668": 0.6156666666666667, "66A": 0.871, "366": 0.5733333333333334, "666": 0.7056666666666667, "566": 0.575, "26T": 0.5286666666666666, "68T": 0.5896666666666667, "6AT": 0.8706666666666667, "36T": 0.49233333333333335, "56T": 0.49533333333333335, "6TT": 0.614, "226": 0.5903333333333334, "268": 0.525, "26A": 0.8763333333333333, "236": 0.475, "256": 0.467, "688": 0.5926666666666667, "68A": 0.8516666666666667, "368": 0.5026666666666667, "568": 0.5436666666666666, "36A": 0.837, "56A": 0.8393333333333334, "6AA": 0.964, "336": 0.5743333333333334, "356": 0.476, "556": 0.5546666666666666, "49Q": 0.7606666666666667, "479": 0.7963333333333333, "49T": 0.736, "249": 0.8103333333333333, "499": 0.9736666666666667, "449": 0.805, "489": 0.7933333333333333, "49A": 0.951, "349": 0.8186666666666667, "459": 0.796, "79Q": 0.7573333333333333, "9QQ": 0.802, "9QT": 0.6583333333333333, "29Q": 0.773, "99Q": 0.9376666666666666, "89Q": 0.7196666666666667, "9AQ": 0.933, "39Q": 0.7696666666666667, "59Q": 0.744, "79T": 0.6876666666666666, "279": 0.7793333333333333, "799": 0.9236666666666666, "789": 0.699, "79A": 0.9003333333333333, "379": 0.7723333333333333, "579": 0.7363333333333333, "779": 0.7853333333333333, "29T": 0.741, "99T": 0.9163333333333333, "89T": 0.6723333333333333, "9AT": 0.9123333333333333, "39T": 0.7393333333333333, "59T": 0.7453333333333333, "9TT": 0.7896666666666666, "299": 0.966, "229": 0.804, "289": 0.7913333333333333, "29A": 0.95, "239": 0.8296666666666667, "259": 0.7973333333333333, "899": 0.9293333333333333, "99A": 0.9926666666666667, "399": 0.953, "599": 0.9606666666666667, "999": 1.0, "889": 0.7726666666666666, "89A": 0.9143333333333333, "389": 0.7973333333333333, "589": 0.754, "39A": 0.932, "59A": 0.943, "9AA": 0.9966666666666667, "339": 0.7946666666666666, "359": 0.7923333333333333, "559": 0.8066666666666666, "47Q": 0.494, "4QQ": 0.6156666666666667, "4QT": 0.5203333333333333, "24Q": 0.5136666666666667, "44Q": 0.5863333333333334, "48Q": 0.51, "4AQ": 0.8716666666666667, "34Q": 0.508, "45Q": 0.5106666666666667, "47T": 0.5233333333333333, "247": 0.5173333333333333, "447": 0.566, "478": 0.49066666666666664, "47A": 0.8253333333333334, "347": 0.4563333333333333, "457": 0.459, "477": 0.5946666666666667, "24T": 0.61, "44T": 0.5956666666666667, "48T": 0.622, "4AT": 0.8723333333333333, "34T": 0.5153333333333333, "45T": 0.505, "4TT": 0.6146666666666667, "244": 0.627, "224": 0.6133333333333333, "248": 0.624, "24A": 0.868, "234": 0.5083333333333333, "245": 0.488, "448": 0.5853333333333334, "44A": 0.8596666666666667, "344": 0.569, "445": 0.5883333333333334, "444": 0.7026666666666667, "488": 0.5983333333333334, "48A": 0.8626666666666667, "348": 0.517, "458": 0.4876666666666667, "34A": 0.829, "45A": 0.8496666666666667, "4AA": 0.9586666666666667, "334": 0.574, "345": 0.4573333333333333, "455": 0.5663333333333334, "7QQ": 0.5806666666666667, "7QT": 0.5186666666666667, "27Q": 0.5173333333333333, "78Q": 0.5226666666666666, "7AQ": 0.8543333333333333, "37Q": 0.485, "57Q": 0.5153333333333333, "77Q": 0.6086666666666667, "QQT": 0.632, "2QQ": 0.6093333333333333, "8QQ": 0.5986666666666667, "AQQ": 0.8406666666666667, "3QQ": 0.5706666666666667, "5QQ": 0.615, "QQQ": 0.7193333333333334, "2QT": 0.526, "8QT": 0.5796666666666667, "AQT": 0.827, "3QT": 0.518, "5QT": 0.5436666666666666,