{"AKQ": 0.9056666666666666, "9AK": 0.859, "3AK": 0.8963333333333333, "4AK": 0.8683333333333333, "AJK": 0.9033333333333333, "AKT": 0.9, "5AK": 0.8853333333333333, "8AK": 0.8646666666666667, "AAK": 0.9553333333333334, "2AK": 0.898, "AKK": 0.894, "7AK": 0.8693333333333333, "6AK": 0.9, "9KQ": 0.6126666666666667, "3KQ": 0.5806666666666667, "4KQ": 0.6096666666666667, "JKQ": 0.731, "KQT": 0.9423333333333334, "5KQ": 0.5916666666666667, "8KQ": 0.5913333333333334, "2KQ": 0.598, "KKQ": 0.6763333333333333, "7KQ": 0.589, "6KQ": 0.636, "KQQ": 0.6783333333333333, "39K": 0.533, "49K": 0.5043333333333333, "9JK": 0.7496666666666667, "9KT": 0.6036666666666667, "59K": 0.5326666666666666, "89K": 0.47833333333333333, "29K": 0.536, "9KK": 0.6343333333333333, "79K": 0.512, "99K": 0.641, "69K": 0.5453333333333333, "34K": 0.5153333333333333, "3JK": 0.785, "33K": 0.589, "3KT": 0.5826666666666667, "35K": 0.5126666666666667, "38K": 0.529, "23K": 0.506, "3KK": 0.628, "37K": 0.5336666666666666, "36K": 0.5533333333333333, "44K": 0.644, "4JK": 0.805, "4KT": 0.605, "45K": 0.526, "48K": 0.5246666666666666, "24K": 0.5336666666666666, "4KK": 0.6466666666666666, "47K": 0.5073333333333333, "46K": 0.542, "JKT": 0.7663333333333333, "5JK": 0.7856666666666666, "8JK": 0.7686666666666667, "2JK": 0.7776666666666666, "JKK": 0.8393333333333334, "7JK": 0.7736666666666666, "6JK": 0.8053333333333333, "JJK": 0.9326666666666666, "5KT": 0.588, "8KT": 0.586, "2KT": 0.607, "KKT": 0.6643333333333333, "7KT": 0.5953333333333334, "KTT": 0.6533333333333333, "6KT": 0.626, "58K": 0.498, "25K": 0.5206666666666667, "55K": 0.6193333333333333, "5KK": 0.621, "57K": 0.4836666666666667, "56K": 0.5363333333333333, "28K": 0.524, "8KK": 0.621, "78K": 0.45666666666666667, "68K": 0.5176666666666667, "88K": 0.5966666666666667, "2KK": 0.623, "27K": 0.514, "26K": 0.552, "22K": 0.596, "7KK": 0.617, "6KK": 0.6396666666666667, "KKK": 0.7363333333333333, "77K": 0.589, "67K": 0.5223333333333333, "66K": 0.6123333333333333, "9AQ": 0.8586666666666667, "3AQ": 0.8756666666666667, "4AQ": 0.857, "AJQ": 0.8676666666666667, "AQT": 0.8593333333333333, "5AQ": 0.864, "8AQ": 0.8866666666666667, "AAQ": 0.977, "2AQ": 0.879, "7AQ": 0.8986666666666666, "6AQ": 0.8953333333333333, "AQQ": 0.866, "39A": 0.8546666666666667, "49A": 0.7563333333333333, "9AJ": 0.912, "9AT": 0.8436666666666667, "59A": 0.852, "89A": 0.8493333333333334, "9AA": 0.952, "29A": 0.8596666666666667, "79A": 0.845, "99A": 0.862, "69A": 0.843, "34A": 0.8606666666666667, "3AJ": 0.926, "33A": 0.8786666666666667, "3AT": 0.87, "35A": 0.8543333333333333, "38A": 0.8813333333333333, "3AA": 0.973, "23A": 0.8746666666666667, "37A": 0.8803333333333333, "36A": 0.886, "44A": 0.8606666666666667, "4AJ": 0.9186666666666666, "4AT": 0.866, "45A": 0.8486666666666667, "48A": 0.863, "4AA": 0.9453333333333334, "24A": 0.8663333333333333, "47A": 0.8486666666666667, "46A": 0.8313333333333334, "AJT": 0.8586666666666667, "5AJ": 0.9273333333333333, "8AJ": 0.935, "AAJ": 0.9983333333333333, "2AJ": 0.9243333333333333, "7AJ": 0.9396666666666667, "6AJ": 0.9433333333333334, "AJJ": 0.9966666666666667, "5AT": 0.8643333333333333, "8AT": 0.8656666666666667, "AAT": 0.9743333333333334, "2AT": 0.8536666666666667, "7AT": 0.8676666666666667, "ATT": 0.8933333333333333, "6AT": 0.8873333333333333, "58A": 0.8653333333333333, "5AA": 0.9723333333333334, "25A": 0.8443333333333334, "55A": 0.8593333333333333, "57A": 0.853, "56A": 0.8636666666666667, "8AA": 0.9556666666666667, "28A": 0.8876666666666667, "78A": 0.8296666666666667, "68A": 0.862, "88A": 0.886, "2AA": 0.9733333333333334, "7AA": 0.9476666666666667, "AAA": 1.0, "6AA": 0.9693333333333334, "27A": 0.894, "26A": 0.889, "22A": 0.8826666666666667, "77A": 0.887, "67A": 0.8473333333333334, "66A": 0.8793333333333333, "39Q": 0.5193333333333333, "49Q": 0.5183333333333333, "9JQ": 0.7063333333333334, "9QT": 0.6246666666666667, "59Q": 0.5253333333333333, "89Q": 0.5886666666666667, "29Q": 0.5266666666666666, "79Q": 0.5303333333333333, "99Q": 0.6413333333333333, "69Q": 0.559, "9QQ": 0.613, "34Q": 0.49766666666666665, "3JQ": 0.6793333333333333, "33Q": 0.5846666666666667, "3QT": 0.5213333333333333, "35Q": 0.44066666666666665, "38Q": 0.5323333333333333, "23Q": 0.4513333333333333, "37Q": 0.5156666666666667, "36Q": 0.5406666666666666, "3QQ": 0.6123333333333333, "44Q": 0.6403333333333333, "4JQ": 0.7676666666666667, "4QT": 0.58, "45Q": 0.5083333333333333, "48Q": 0.5406666666666666, "24Q": 0.529, "47Q": 0.544, "46Q": 0.5533333333333333, "4QQ": 0.608, "JQT": 0.6636666666666666, "5JQ": 0.673, "8JQ": 0.735, "2JQ": 0.6806666666666666, "7JQ": 0.76, "6JQ": 0.7916666666666666, "JJQ": 0.9263333333333333, "JQQ": 0.822, "5QT": 0.535, "8QT": 0.655, "2QT": 0.521, "7QT": 0.5936666666666667, "QTT": 0.661, "6QT": 0.599, "QQT": 0.6643333333333333, "58Q": 0.489, "25Q": 0.4523333333333333, "55Q": 0.596, "57Q": 0.4846666666666667, "56Q": 0.5176666666666667, "5QQ": 0.6096666666666667, "28Q": 0.5286666666666666, "78Q": 0.5056666666666667, "68Q": 0.534, "88Q": 0.596, "8QQ": 0.6406666666666667, "27Q": 0.5303333333333333, "26Q": 0.547, "2QQ": 0.6086666666666667, "22Q": 0.589, "77Q": 0.601, "67Q": 0.5423333333333333, "7QQ": 0.6313333333333333, "6QQ": 0.648, "66Q": 0.654, "QQQ": 0.7396666666666667, "349": 0.49666666666666665, "39J": 0.8086666666666666, "339": 0.608, "39T": 0.5146666666666667, "359": 0.49633333333333335, "389": 0.5296666666666666, "239": 0.525, "379": 0.5116666666666667, "399": 0.64, "369": 0.54, "449": 0.6136666666666667, "49J": 0.803, "49T": 0.5136666666666667, "459": 0.49133333333333334, "489": 0.5023333333333333, "249": 0.508, "479": 0.48933333333333334, "499": 0.6243333333333333, "469": 0.508, "9JT": 0.696, "59J": 0.8023333333333333, "89J": 0.7603333333333333, "29J": 0.8066666666666666, "79J": 0.794, "99J": 0.8176666666666667, "69J": 0.8206666666666667, "9JJ": 0.9516666666666667, "59T": 0.5146666666666667, "89T": 0.6226666666666667, "29T": 0.5093333333333333, "79T": 0.5836666666666667, "99T": 0.6323333333333333, "9TT": 0.6323333333333333, "69T": 0.5336666666666666, "589": 0.5143333333333333, "259": 0.503, "559": 0.575, "579": 0.49966666666666665, "599": 0.6313333333333333, "569": 0.499, "289": 0.5333333333333333, "789": 0.5233333333333333, "899": 0.607, "689": 0.483, "889": 0.589, "279": 0.5206666666666667, "299": 0.6386666666666667, "269": 0.5443333333333333, "229": 0.596, "779": 0.61, "799": 0.63, "679": 0.5026666666666667, "699": 0.7473333333333333, "999": 0.7286666666666667, "669": 0.6066666666666667, "344": 0.6213333333333333, "34J": 0.811, "334": 0.586, "34T": 0.502, "345": 0.4543333333333333, "348": 0.521, "234": 0.498, "347": 0.513, "346": 0.48966666666666664, "33J": 0.822, "3JT": 0.7016666666666667, "35J": 0.718, "38J": 0.82, "23J": 0.7286666666666667, "37J": 0.8056666666666666, "36J": 0.8176666666666667, "3JJ": 0.9456666666666667, "33T": 0.58, "335": 0.577, "338": 0.5893333333333334, "233": 0.6023333333333334, "333": 0.7166666666666667, "337": 0.5736666666666667, "336": 0.6166666666666667, "35T": 0.44133333333333336, "38T": 0.5206666666666667, "23T": 0.462, "37T": 0.49933333333333335, "3TT": 0.6096666666666667, "36T": 0.519, "358": 0.488, "235": 0.432, "355": 0.5856666666666667, "357": 0.48233333333333334, "356": 0.4726666666666667, "238": 0.5056666666666667, "378": 0.492, "368": 0.529, "388": 0.587, "237": 0.5096666666666667, "236": 0.5046666666666667, "223": 0.5673333333333334, "377": 0.5726666666666667, "367": 0.49466666666666664, "366": 0.634, "44J": 0.8593333333333333, "44T": 0.6446666666666667, "445": 0.615, "448": 0.5986666666666667, "244": 0.6376666666666667, "447": 0.6063333333333333, "446": 0.7326666666666667, "444": 0.7226666666666667, "4JT": 0.806, "45J": 0.7996666666666666, "48J": 0.842, "24J": 0.8236666666666667, "47J": 0.8303333333333334, "46J": 0.8343333333333334, "4JJ": 0.9703333333333334, "45T": 0.4866666666666667, "48T": 0.5226666666666666, "24T": 0.535, "47T": 0.5243333333333333, "4TT": 0.6206666666666667, "46T": 0.5486666666666666, "458": 0.49733333333333335,