{"8JT": 0.7906666666666666, "8QT": 0.8143333333333334, "28T": 0.8663333333333333, "78T": 0.788, "8KT": 0.8456666666666667, "8AT": 0.9456666666666667, "89T": 0.7563333333333333, "58T": 0.852, "68T": 0.8176666666666667, "38T": 0.8516666666666667, "88T": 0.8606666666666667, "48T": 0.8573333333333333, "8TT": 0.8643333333333333, "JQT": 0.809, "2JT": 0.84, "7JT": 0.8103333333333333, "JKT": 0.8526666666666667, "AJT": 0.925, "9JT": 0.7366666666666667, "5JT": 0.8616666666666667, "6JT": 0.8423333333333334, "3JT": 0.8546666666666667, "JJT": 0.8633333333333333, "4JT": 0.858, "JTT": 0.8616666666666667, "2QT": 0.9006666666666666, "7QT": 0.8976666666666666, "KQT": 0.8603333333333333, "AQT": 0.926, "9QT": 0.7783333333333333, "5QT": 0.8663333333333333, "6QT": 0.849, "3QT": 0.87, "4QT": 0.8986666666666666, "QTT": 0.877, "QQT": 0.8686666666666667, "27T": 0.9033333333333333, "2KT": 0.871, "2AT": 0.967, "29T": 0.8536666666666667, "25T": 0.8723333333333333, "22T": 0.8796666666666667, "26T": 0.865, "23T": 0.8723333333333333, "24T": 0.911, "2TT": 0.8843333333333333, "7KT": 0.8493333333333334, "7AT": 0.9556666666666667, "79T": 0.7763333333333333, "57T": 0.8393333333333334, "67T": 0.8193333333333334, "37T": 0.8573333333333333, "47T": 0.888, "7TT": 0.8443333333333334, "77T": 0.8613333333333333, "AKT": 0.944, "KKT": 0.8776666666666667, "9KT": 0.8216666666666667, "5KT": 0.885, "6KT": 0.8606666666666667, "3KT": 0.8896666666666667, "4KT": 0.8766666666666667, "KTT": 0.8703333333333333, "9AT": 0.9243333333333333, "5AT": 0.952, "6AT": 0.9356666666666666, "3AT": 0.9526666666666667, "4AT": 0.9656666666666667, "ATT": 0.9946666666666667, "AAT": 1.0, "59T": 0.8136666666666666, "99T": 0.836, "69T": 0.7886666666666666, "39T": 0.8213333333333334, "49T": 0.833, "9TT": 0.814, "55T": 0.8803333333333333, "56T": 0.8113333333333334, "35T": 0.8443333333333334, "45T": 0.8593333333333333, "5TT": 0.8653333333333333, "36T": 0.8316666666666667, "46T": 0.8433333333333334, "66T": 0.8766666666666667, "6TT": 0.8436666666666667, "33T": 0.888, "34T": 0.862, "3TT": 0.8643333333333333, "4TT": 0.881, "44T": 0.8806666666666667, "TTT": 0.9603333333333334, "8JQ": 0.8283333333333334, "28J": 0.8663333333333333, "78J": 0.8223333333333334, "8JK": 0.861, "8AJ": 0.9593333333333334, "89J": 0.775, "58J": 0.8433333333333334, "68J": 0.8406666666666667, "38J": 0.8803333333333333, "8JJ": 0.8666666666666667, "88J": 0.8756666666666667, "48J": 0.8623333333333333, "28Q": 0.879, "78Q": 0.834, "8KQ": 0.8733333333333333, "8AQ": 0.966, "89Q": 0.815, "58Q": 0.863, "68Q": 0.8536666666666667, "38Q": 0.8733333333333333, "88Q": 0.878, "48Q": 0.8643333333333333, "8QQ": 0.8863333333333333, "278": 0.8516666666666667, "28K": 0.8846666666666667, "28A": 0.9836666666666667, "289": 0.8543333333333333, "258": 0.8646666666666667, "228": 0.8956666666666667, "268": 0.84, "238": 0.8786666666666667, "288": 0.886, "248": 0.8626666666666667, "78K": 0.849, "78A": 0.9426666666666667, "789": 0.7336666666666667, "578": 0.7843333333333333, "678": 0.741, "378": 0.8426666666666667, "788": 0.849, "478": 0.8113333333333334, "778": 0.846, "8AK": 0.9756666666666667, "8KK": 0.8903333333333333, "89K": 0.8493333333333334, "58K": 0.8653333333333333, "68K": 0.859, "38K": 0.8933333333333333, "88K": 0.8803333333333333, "48K": 0.8836666666666667, "89A": 0.9243333333333333, "58A": 0.9383333333333334, "68A": 0.9353333333333333, "38A": 0.9646666666666667, "88A": 0.994, "48A": 0.975, "8AA": 1.0, "589": 0.7873333333333333, "899": 0.8423333333333334, "689": 0.7526666666666667, "389": 0.8076666666666666, "889": 0.8333333333333334, "489": 0.842, "558": 0.8723333333333333, "568": 0.7496666666666667, "358": 0.8353333333333334, "588": 0.8393333333333334, "458": 0.8123333333333334, "368": 0.8193333333333334, "688": 0.8396666666666667, "468": 0.802, "668": 0.861, "338": 0.8896666666666667, "388": 0.8723333333333333, "348": 0.8643333333333333, "488": 0.8656666666666667, "888": 0.9486666666666667, "448": 0.8846666666666667, "2JQ": 0.8683333333333333, "7JQ": 0.8616666666666667, "JKQ": 0.8773333333333333, "AJQ": 0.9333333333333333, "9JQ": 0.792, "5JQ": 0.8686666666666667, "6JQ": 0.8676666666666667, "3JQ": 0.8576666666666667, "JJQ": 0.8863333333333333, "4JQ": 0.8576666666666667, "JQQ": 0.845, "27J": 0.8793333333333333, "2JK": 0.882, "2AJ": 0.98, "29J": 0.8536666666666667, "25J": 0.8796666666666667, "22J": 0.888, "26J": 0.8763333333333333, "23J": 0.8773333333333333, "2JJ": 0.8886666666666667, "24J": 0.8713333333333333, "7JK": 0.864, "7AJ": 0.962, "79J": 0.8023333333333333, "57J": 0.8466666666666667, "67J": 0.856, "37J": 0.8676666666666667, "7JJ": 0.8806666666666667, "47J": 0.8546666666666667, "77J": 0.8896666666666667, "AJK": 0.951, "JKK": 0.871, "9JK": 0.814, "5JK": 0.8853333333333333, "6JK": 0.8793333333333333, "3JK": 0.884, "JJK": 0.8826666666666667, "4JK": 0.8753333333333333, "9AJ": 0.9386666666666666, "5AJ": 0.951, "6AJ": 0.96, "3AJ": 0.951, "AJJ": 0.9956666666666667, "4AJ": 0.969, "AAJ": 1.0, "59J": 0.812, "99J": 0.8593333333333333, "69J": 0.81, "39J": 0.8356666666666667, "9JJ": 0.8466666666666667, "49J": 0.859, "55J": 0.8903333333333333, "56J": 0.8273333333333334, "35J": 0.842, "5JJ": 0.8643333333333333, "45J": 0.8533333333333334, "36J": 0.8403333333333334, "6JJ": 0.8586666666666667, "46J": 0.8603333333333333, "66J": 0.856, "33J": 0.9006666666666666, "3JJ": 0.864, "34J": 0.8746666666666667, "4JJ": 0.8883333333333333, "JJJ": 0.9546666666666667, "44J": 0.8946666666666667, "27Q": 0.9116666666666666, "2KQ": 0.879, "2AQ": 0.976, "29Q": 0.8683333333333333, "25Q": 0.882, "22Q": 0.8933333333333333, "26Q": 0.87, "23Q": 0.881, "24Q": 0.9056666666666666, "2QQ": 0.8896666666666667, "7KQ": 0.864, "7AQ": 0.9706666666666667, "79Q": 0.8383333333333334, "57Q": 0.8666666666666667, "67Q": 0.8493333333333334, "37Q": 0.8636666666666667, "47Q": 0.903, "77Q": 0.8776666666666667, "7QQ": 0.8873333333333333, "AKQ": 0.9426666666666667, "KKQ": 0.8703333333333333, "9KQ": 0.8303333333333334, "5KQ": 0.8746666666666667, "6KQ": 0.8753333333333333, "3KQ": 0.876, "4KQ": 0.875, "KQQ": 0.877, "9AQ": 0.9453333333333334, "5AQ": 0.9556666666666667, "6AQ": 0.9516666666666667, "3AQ": 0.9523333333333334, "4AQ": 0.9763333333333334, "AAQ": 1.0, "AQQ": 0.996, "59Q": 0.8286666666666667, "99Q": 0.8633333333333333, "69Q": 0.8226666666666667, "39Q": 0.8316666666666667, "49Q": 0.8666666666666667, "9QQ": 0.859, "55Q": 0.883, "56Q": 0.8213333333333334, "35Q": 0.841, "45Q": 0.853, "5QQ": 0.8943333333333333, "36Q": 0.8416666666666667, "46Q": 0.855, "66Q": 0.8923333333333333, "6QQ": 0.8846666666666667, "33Q": 0.8806666666666667, "34Q": 0.8616666666666667, "3QQ": 0.8913333333333333, "44Q": 0.8913333333333333, "4QQ": 0.8836666666666667, "QQQ": 0.953, "27K": 0.884, "27A": 0.9803333333333333, "279": 0.8663333333333333, "257": 0.8573333333333333, "227": 0.8753333333333333, "267": 0.8466666666666667, "237": 0.8843333333333333, "247": 0.9016666666666666, "277": 0.882, "2AK": 0.9816666666666667, "2KK": 0.8946666666666667, "29K": 0.8806666666666667, "25K": 0.8826666666666667, "22K": 0.895, "26K": 0.8783333333333333, "23K": 0.8883333333333333, "24K": 0.877, "29A": 0.967, "25A": 0.9603333333333334, "22A": 0.9946666666666667, "26A": 0.9513333333333334, "23A": 0.9536666666666667, "24A": 0.9766666666666667, "2AA": 1.0, "259": 0.828, "299": 0.88, "229": 0.8833333333333333, "269": 0.8246666666666667, "239": 0.838, "249": 0.8726666666666667, "255": 0.881, "225": 0.8793333333333333, "256": 0.7846666666666666, "235": 0.8143333333333334, "245": 0.836, "226": 0.8793333333333333, "223": 0.8816666666666667, "224": 0.8823333333333333, "222": 0.9453333333333334, "236": 0.7903333333333333, "246": 0.8216666666666667, "266": 0.879, "233": 0.8706666666666667, "234": 0.839, "244": 0.878, "7AK": 0.9733333333333334, "7KK": 0.8813333333333333, "79K": 0.8386666666666667, "57K": 0.8473333333333334, "67K": 0.8436666666666667, "37K": 0.8803333333333333, "47K": 0.8676666666666667, "77K": 0.89, "79A": 0.937, "57A": 0.933, "67A": 0.919, "37A": 0.9523333333333334, "47A": 0.966,