{"5QT": 0.332, "3QT": 0.3293333333333333, "JQT": 0.45, "4QT": 0.3396666666666667, "8QT": 0.4826666666666667, "6QT": 0.651, "QTT": 0.4083333333333333, "2QT": 0.34, "KQT": 0.386, "7QT": 0.43766666666666665, "QQT": 0.3903333333333333, "AQT": 0.3556666666666667, "9QT": 0.5946666666666667, "55Q": 0.31466666666666665, "35Q": 0.27066666666666667, "5JQ": 0.3243333333333333, "45Q": 0.2836666666666667, "58Q": 0.412, "56Q": 0.632, "25Q": 0.2826666666666667, "5KQ": 0.3, "57Q": 0.38866666666666666, "5QQ": 0.3453333333333333, "5AQ": 0.30966666666666665, "59Q": 0.6813333333333333, "3JQ": 0.304, "34Q": 0.28833333333333333, "38Q": 0.29033333333333333, "36Q": 0.657, "23Q": 0.2776666666666667, "3KQ": 0.30933333333333335, "33Q": 0.308, "37Q": 0.2866666666666667, "3QQ": 0.3433333333333333, "3AQ": 0.28, "39Q": 0.7146666666666667, "4JQ": 0.29133333333333333, "8JQ": 0.39366666666666666, "6JQ": 0.626, "2JQ": 0.313, "JKQ": 0.37133333333333335, "7JQ": 0.31066666666666665, "JQQ": 0.3546666666666667, "AJQ": 0.324, "9JQ": 0.5943333333333334, "JJQ": 0.365, "48Q": 0.30533333333333335, "46Q": 0.6656666666666666, "24Q": 0.2703333333333333, "4KQ": 0.287, "44Q": 0.30233333333333334, "47Q": 0.2773333333333333, "4QQ": 0.30833333333333335, "4AQ": 0.2926666666666667, "49Q": 0.7093333333333334, "68Q": 0.6266666666666667, "28Q": 0.30266666666666664, "8KQ": 0.324, "78Q": 0.49933333333333335, "8QQ": 0.363, "8AQ": 0.30833333333333335, "89Q": 0.6783333333333333, "88Q": 0.3526666666666667, "26Q": 0.6816666666666666, "6KQ": 0.6286666666666667, "67Q": 0.621, "6QQ": 0.7126666666666667, "6AQ": 0.636, "69Q": 0.861, "66Q": 0.9496666666666667, "2KQ": 0.311, "22Q": 0.315, "27Q": 0.289, "2QQ": 0.33366666666666667, "2AQ": 0.2966666666666667, "29Q": 0.7036666666666667, "KKQ": 0.37166666666666665, "7KQ": 0.31733333333333336, "KQQ": 0.34833333333333333, "AKQ": 0.3433333333333333, "9KQ": 0.6256666666666667, "7QQ": 0.36133333333333334, "7AQ": 0.3293333333333333, "79Q": 0.7113333333333334, "77Q": 0.355, "AQQ": 0.35733333333333334, "9QQ": 0.744, "QQQ": 0.406, "9AQ": 0.6556666666666666, "AAQ": 0.385, "99Q": 0.925, "55T": 0.331, "35T": 0.284, "5JT": 0.31866666666666665, "45T": 0.27, "58T": 0.3873333333333333, "56T": 0.6476666666666666, "5TT": 0.34933333333333333, "25T": 0.2816666666666667, "5KT": 0.31933333333333336, "57T": 0.395, "5AT": 0.2866666666666667, "59T": 0.6976666666666667, "3JT": 0.30966666666666665, "34T": 0.286, "38T": 0.3913333333333333, "36T": 0.636, "3TT": 0.33766666666666667, "23T": 0.2876666666666667, "3KT": 0.313, "33T": 0.309, "37T": 0.38966666666666666, "3AT": 0.308, "39T": 0.691, "4JT": 0.31, "8JT": 0.4663333333333333, "6JT": 0.6446666666666667, "JTT": 0.38366666666666666, "2JT": 0.31266666666666665, "JKT": 0.3636666666666667, "7JT": 0.38266666666666665, "AJT": 0.3466666666666667, "9JT": 0.56, "JJT": 0.386, "48T": 0.39066666666666666, "46T": 0.6813333333333333, "4TT": 0.3413333333333333, "24T": 0.292, "4KT": 0.31, "44T": 0.33, "47T": 0.382, "4AT": 0.306, "49T": 0.712, "68T": 0.657, "8TT": 0.4523333333333333, "28T": 0.41333333333333333, "8KT": 0.421, "78T": 0.9193333333333333, "8AT": 0.41, "89T": 0.6446666666666667, "88T": 0.43633333333333335, "6TT": 0.7063333333333334, "26T": 0.6836666666666666, "6KT": 0.6413333333333333, "67T": 0.6446666666666667, "6AT": 0.6113333333333333, "69T": 0.8193333333333334, "66T": 0.9463333333333334, "2TT": 0.3456666666666667, "KTT": 0.381, "TTT": 0.38566666666666666, "7TT": 0.44766666666666666, "ATT": 0.36633333333333334, "9TT": 0.721, "2KT": 0.31733333333333336, "22T": 0.3283333333333333, "27T": 0.38566666666666666, "2AT": 0.31766666666666665, "29T": 0.6836666666666666, "KKT": 0.371, "7KT": 0.401, "AKT": 0.3446666666666667, "9KT": 0.6286666666666667, "7AT": 0.4026666666666667, "79T": 0.6543333333333333, "77T": 0.41933333333333334, "9AT": 0.6593333333333333, "AAT": 0.3903333333333333, "99T": 0.912, "355": 0.3, "55J": 0.3006666666666667, "455": 0.2876666666666667, "558": 0.38966666666666666, "556": 0.6586666666666666, "255": 0.31166666666666665, "55K": 0.30833333333333335, "557": 0.388, "55A": 0.312, "559": 0.733, "555": 0.349, "35J": 0.2786666666666667, "345": 0.4116666666666667, "358": 0.38666666666666666, "356": 0.5363333333333333, "235": 0.3333333333333333, "35K": 0.29433333333333334, "335": 0.294, "357": 0.4493333333333333, "35A": 0.24133333333333334, "359": 0.753, "45J": 0.2663333333333333, "58J": 0.3893333333333333, "56J": 0.6353333333333333, "25J": 0.30133333333333334, "5JK": 0.302, "57J": 0.36966666666666664, "5AJ": 0.3016666666666667, "59J": 0.6933333333333334, "5JJ": 0.3433333333333333, "458": 0.3596666666666667, "456": 0.5743333333333334, "245": 0.3463333333333333, "45K": 0.288, "445": 0.2826666666666667, "457": 0.4196666666666667, "45A": 0.283, "459": 0.749, "568": 0.6536666666666666, "258": 0.398, "58K": 0.392, "578": 0.9483333333333334, "58A": 0.373, "589": 0.741, "588": 0.4023333333333333, "256": 0.652, "56K": 0.6543333333333333, "567": 0.604, "56A": 0.5463333333333333, "569": 0.827, "566": 0.915, "25K": 0.296, "225": 0.27, "257": 0.3596666666666667, "25A": 0.275, "259": 0.7496666666666667, "5KK": 0.345, "57K": 0.3883333333333333, "5AK": 0.30766666666666664, "59K": 0.72, "57A": 0.3933333333333333, "579": 0.7503333333333333, "577": 0.411, "59A": 0.7126666666666667, "5AA": 0.33266666666666667, "599": 0.9503333333333334, "34J": 0.272, "38J": 0.29533333333333334, "36J": 0.6613333333333333, "23J": 0.2623333333333333, "3JK": 0.2866666666666667, "33J": 0.31, "37J": 0.27666666666666667, "3AJ": 0.2833333333333333, "39J": 0.721, "3JJ": 0.344, "348": 0.281, "346": 0.6226666666666667, "234": 0.3416666666666667, "34K": 0.28, "344": 0.2826666666666667, "334": 0.294, "347": 0.3393333333333333, "34A": 0.2643333333333333, "349": 0.7783333333333333, "368": 0.6743333333333333, "238": 0.31233333333333335, "38K": 0.2806666666666667, "338": 0.313, "378": 0.479, "38A": 0.296, "389": 0.7476666666666667, "388": 0.30333333333333334, "236": 0.6646666666666666, "36K": 0.684, "336": 0.6626666666666666, "367": 0.618, "36A": 0.555, "369": 0.8556666666666667, "366": 0.918, "23K": 0.276, "223": 0.2683333333333333, "233": 0.285, "237": 0.2693333333333333, "23A": 0.266, "239": 0.778, "3KK": 0.33666666666666667, "33K": 0.302, "37K": 0.295, "3AK": 0.28633333333333333, "39K": 0.7226666666666667, "337": 0.318, "333": 0.3486666666666667, "33A": 0.29333333333333333, "339": 0.7533333333333333, "37A": 0.286, "379": 0.7503333333333333, "377": 0.323, "39A": 0.7006666666666667, "3AA": 0.323, "399": 0.96, "48J": 0.2836666666666667, "46J": 0.6406666666666667, "24J": 0.2613333333333333, "4JK": 0.24033333333333334, "44J": 0.29633333333333334, "47J": 0.24966666666666668, "4AJ": 0.2853333333333333, "49J": 0.6616666666666666, "4JJ": 0.33, "68J": 0.645, "28J": 0.3253333333333333, "8JK": 0.30366666666666664, "78J": 0.44066666666666665, "8AJ": 0.31566666666666665, "89J": 0.6416666666666667, "88J": 0.3446666666666667, "8JJ": 0.36533333333333334, "26J": 0.695, "6JK": 0.6066666666666667, "67J": 0.6143333333333333, "6AJ": 0.614, "69J": 0.8626666666666667, "66J": 0.9153333333333333, "6JJ": 0.7006666666666667, "2JK": 0.288, "22J": 0.2976666666666667, "27J": 0.2713333333333333, "2AJ": 0.29933333333333334, "29J": 0.6936666666666667, "2JJ": 0.338, "JKK": 0.3413333333333333, "7JK": 0.272, "AJK": 0.322, "9JK": 0.603, "JJK": 0.3586666666666667, "7AJ": 0.31133333333333335, "79J": 0.6366666666666667, "77J": 0.313, "7JJ": 0.3443333333333333, "9AJ": 0.6466666666666666, "AAJ": 0.37133333333333335, "AJJ": 0.36233333333333334, "9JJ": 0.7233333333333334, "99J": 0.8956666666666667, "JJJ": 0.395, "468": 0.6303333333333333, "248": 0.2836666666666667, "48K": 0.2753333333333333, "448": 0.291, "478": 0.4493333333333333, "48A": 0.30366666666666664, "489": 0.7396666666666667, "488": 0.3006666666666667, "246": 0.6786666666666666, "46K": 0.6463333333333333, "446": 0.6413333333333333, "467": 0.583, "46A": 0.66, "469": 0.8813333333333333, "466": 0.9143333333333333, "24K": 0.26766666666666666, "244": 0.2826666666666667,