{"5JQ": 0.21466666666666667, "5AQ": 0.21966666666666668, "5QT": 0.21566666666666667, "57Q": 0.414, "5KQ": 0.21966666666666668, "25Q": 0.30766666666666664, "55Q": 0.21433333333333332, "45Q": 0.5953333333333334, "5QQ": 0.235, "56Q": 0.6313333333333333, "59Q": 0.20333333333333334, "58Q": 0.31366666666666665, "35Q": 0.449, "AJQ": 0.18666666666666668, "JQT": 0.18066666666666667, "7JQ": 0.21233333333333335, "JJQ": 0.21533333333333332, "JKQ": 0.184, "2JQ": 0.17733333333333334, "4JQ": 0.5456666666666666, "JQQ": 0.215, "6JQ": 0.587, "9JQ": 0.152, "8JQ": 0.209, "3JQ": 0.187, "AAQ": 0.21733333333333332, "AQT": 0.207, "7AQ": 0.21533333333333332, "AKQ": 0.215, "2AQ": 0.187, "4AQ": 0.6103333333333333, "AQQ": 0.23266666666666666, "6AQ": 0.6013333333333334, "9AQ": 0.19, "8AQ": 0.22566666666666665, "3AQ": 0.18966666666666668, "7QT": 0.229, "KQT": 0.211, "2QT": 0.18833333333333332, "QTT": 0.22533333333333333, "4QT": 0.5786666666666667, "QQT": 0.244, "6QT": 0.575, "9QT": 0.18566666666666667, "8QT": 0.22733333333333333, "3QT": 0.203, "7KQ": 0.21233333333333335, "77Q": 0.238, "27Q": 0.19733333333333333, "47Q": 0.576, "7QQ": 0.24066666666666667, "67Q": 0.5836666666666667, "79Q": 0.211, "78Q": 0.334, "37Q": 0.30866666666666664, "KKQ": 0.21433333333333332, "2KQ": 0.182, "4KQ": 0.5733333333333334, "KQQ": 0.234, "6KQ": 0.5986666666666667, "9KQ": 0.19066666666666668, "8KQ": 0.22333333333333333, "3KQ": 0.208, "22Q": 0.19233333333333333, "24Q": 0.627, "2QQ": 0.221, "26Q": 0.6396666666666667, "29Q": 0.18266666666666667, "28Q": 0.19333333333333333, "23Q": 0.284, "4QQ": 0.65, "44Q": 0.9336666666666666, "46Q": 0.852, "49Q": 0.5896666666666667, "48Q": 0.582, "34Q": 0.6423333333333333, "6QQ": 0.6516666666666666, "9QQ": 0.219, "8QQ": 0.24266666666666667, "3QQ": 0.22766666666666666, "QQQ": 0.24366666666666667, "69Q": 0.5796666666666667, "68Q": 0.585, "36Q": 0.6576666666666666, "66Q": 0.9163333333333333, "89Q": 0.199, "39Q": 0.19033333333333333, "99Q": 0.20433333333333334, "88Q": 0.21766666666666667, "38Q": 0.21766666666666667, "33Q": 0.22433333333333333, "5AJ": 0.22433333333333333, "5JT": 0.21366666666666667, "57J": 0.4076666666666667, "5JJ": 0.22666666666666666, "5JK": 0.22766666666666666, "25J": 0.323, "55J": 0.22433333333333333, "45J": 0.5773333333333334, "56J": 0.6553333333333333, "59J": 0.19666666666666666, "58J": 0.313, "35J": 0.4216666666666667, "5AA": 0.24233333333333335, "5AT": 0.23666666666666666, "57A": 0.43666666666666665, "5AK": 0.23633333333333334, "25A": 0.3323333333333333, "55A": 0.24166666666666667, "45A": 0.601, "56A": 0.6503333333333333, "59A": 0.22566666666666665, "58A": 0.316, "35A": 0.4563333333333333, "57T": 0.43166666666666664, "5KT": 0.243, "25T": 0.32066666666666666, "5TT": 0.23833333333333334, "55T": 0.232, "45T": 0.5866666666666667, "56T": 0.637, "59T": 0.215, "58T": 0.3283333333333333, "35T": 0.435, "57K": 0.439, "577": 0.43266666666666664, "257": 0.435, "557": 0.42533333333333334, "457": 0.6373333333333333, "567": 0.616, "579": 0.375, "578": 0.8783333333333333, "357": 0.8993333333333333, "5KK": 0.2733333333333333, "25K": 0.33466666666666667, "55K": 0.235, "45K": 0.5783333333333334, "56K": 0.6453333333333333, "59K": 0.208, "58K": 0.338, "35K": 0.44466666666666665, "225": 0.31666666666666665, "255": 0.322, "245": 0.6526666666666666, "256": 0.69, "259": 0.3273333333333333, "258": 0.448, "235": 0.939, "455": 0.6253333333333333, "555": 0.24133333333333334, "556": 0.651, "559": 0.23133333333333334, "558": 0.33066666666666666, "355": 0.45666666666666667, "445": 0.9283333333333333, "456": 0.7226666666666667, "459": 0.5766666666666667, "458": 0.6166666666666667, "345": 0.6663333333333333, "569": 0.6073333333333333, "568": 0.616, "356": 0.6933333333333334, "566": 0.9146666666666666, "589": 0.29033333333333333, "359": 0.41233333333333333, "599": 0.232, "588": 0.344, "358": 0.42866666666666664, "335": 0.42833333333333334, "AAJ": 0.20066666666666666, "AJT": 0.205, "7AJ": 0.21266666666666667, "AJJ": 0.23233333333333334, "AJK": 0.20733333333333334, "2AJ": 0.19133333333333333, "4AJ": 0.589, "6AJ": 0.6016666666666667, "9AJ": 0.18633333333333332, "8AJ": 0.21266666666666667, "3AJ": 0.19966666666666666, "7JT": 0.19366666666666665, "JJT": 0.24033333333333334, "JKT": 0.19833333333333333, "2JT": 0.18866666666666668, "JTT": 0.194, "4JT": 0.567, "6JT": 0.5733333333333334, "9JT": 0.17333333333333334, "8JT": 0.20933333333333334, "3JT": 0.191, "7JJ": 0.23066666666666666, "7JK": 0.20666666666666667, "77J": 0.23166666666666666, "27J": 0.206, "47J": 0.5713333333333334, "67J": 0.572, "79J": 0.14633333333333334, "78J": 0.30333333333333334, "37J": 0.23933333333333334, "JJK": 0.21066666666666667, "2JJ": 0.22033333333333333, "4JJ": 0.6433333333333333, "JJJ": 0.25766666666666665, "6JJ": 0.6413333333333333, "9JJ": 0.20633333333333334, "8JJ": 0.248, "3JJ": 0.22666666666666666, "JKK": 0.21733333333333332, "2JK": 0.18866666666666668, "4JK": 0.5813333333333334, "6JK": 0.607, "9JK": 0.18666666666666668, "8JK": 0.22533333333333333, "3JK": 0.19666666666666666, "22J": 0.19833333333333333, "24J": 0.6576666666666666, "26J": 0.6593333333333333, "29J": 0.186, "28J": 0.211, "23J": 0.29233333333333333, "44J": 0.913, "46J": 0.85, "49J": 0.5633333333333334, "48J": 0.5906666666666667, "34J": 0.6186666666666667, "69J": 0.5613333333333334, "68J": 0.58, "36J": 0.6373333333333333, "66J": 0.935, "89J": 0.187, "39J": 0.177, "99J": 0.20033333333333334, "88J": 0.21533333333333332, "38J": 0.189, "33J": 0.19, "AAT": 0.23566666666666666, "7AA": 0.23, "AAK": 0.23933333333333334, "2AA": 0.22233333333333333, "4AA": 0.6343333333333333, "6AA": 0.653, "9AA": 0.20633333333333334, "8AA": 0.23766666666666666, "3AA": 0.22433333333333333, "AAA": 0.24833333333333332, "7AT": 0.23866666666666667, "AKT": 0.3413333333333333, "2AT": 0.218, "ATT": 0.235, "4AT": 0.597, "6AT": 0.5883333333333334, "9AT": 0.212, "8AT": 0.35533333333333333, "3AT": 0.22133333333333333, "7AK": 0.25833333333333336, "77A": 0.23433333333333334, "27A": 0.213, "47A": 0.5976666666666667, "67A": 0.5843333333333334, "79A": 0.22266666666666668, "78A": 0.3446666666666667, "37A": 0.31066666666666665, "AKK": 0.22533333333333333, "2AK": 0.221, "4AK": 0.6113333333333333, "6AK": 0.6056666666666667, "9AK": 0.215, "8AK": 0.35833333333333334, "3AK": 0.223, "22A": 0.197, "24A": 0.64, "26A": 0.6536666666666666, "29A": 0.19933333333333333, "28A": 0.232, "23A": 0.30866666666666664, "44A": 0.9253333333333333, "46A": 0.8503333333333334, "49A": 0.6266666666666667, "48A": 0.622, "34A": 0.6546666666666666, "69A": 0.5973333333333334, "68A": 0.6113333333333333, "36A": 0.6646666666666666, "66A": 0.934, "89A": 0.21433333333333332, "39A": 0.199, "99A": 0.22, "88A": 0.242, "38A": 0.23266666666666666, "33A": 0.21866666666666668, "7KT": 0.25933333333333336, "77T": 0.25566666666666665, "27T": 0.213, "7TT": 0.22933333333333333, "47T": 0.595, "67T": 0.5576666666666666, "79T": 0.24666666666666667, "78T": 0.37466666666666665, "37T": 0.31233333333333335, "KKT": 0.23166666666666666, "2KT": 0.213, "KTT": 0.23, "4KT": 0.5906666666666667, "6KT": 0.5843333333333334, "9KT": 0.214, "8KT": 0.3596666666666667, "3KT": 0.214, "22T": 0.20033333333333334, "2TT": 0.22, "24T": 0.6583333333333333, "26T": 0.6456666666666667, "29T": 0.21333333333333335, "28T": 0.22966666666666666, "23T": 0.30533333333333335, "4TT": 0.634, "6TT": 0.645, "9TT": 0.213, "8TT": 0.24366666666666667, "3TT": 0.223, "TTT": 0.23633333333333334, "44T": 0.92, "46T": 0.8303333333333334, "49T": 0.564, "48T": 0.6043333333333333, "34T": 0.6263333333333333, "69T": 0.5473333333333333, "68T": 0.5726666666666667, "36T": 0.6393333333333333, "66T": 0.9246666666666666, "89T": 0.26366666666666666, "39T": 0.20566666666666666, "99T": 0.22233333333333333, "88T": 0.24366666666666667, "38T": 0.218, "33T": 0.209, "77K": 0.24833333333333332, "7KK": 0.241, "27K": 0.20833333333333334, "47K": 0.5916666666666667, "67K": 0.5826666666666667, "79K": 0.217, "78K": 0.3293333333333333, "37K": 0.32266666666666666, "277": 0.24866666666666667, "777": 0.27066666666666667,