{"7JQ": 0.48733333333333334, "8JQ": 0.45166666666666666, "5JQ": 0.6613333333333333, "AJQ": 0.7983333333333333, "3JQ": 0.4666666666666667, "JQT": 0.501, "2JQ": 0.454, "9JQ": 0.4103333333333333, "JKQ": 0.5073333333333333, "6JQ": 0.4483333333333333, "4JQ": 0.44633333333333336, "JJQ": 0.5716666666666667, "JQQ": 0.579, "78Q": 0.463, "57Q": 0.6466666666666666, "77Q": 0.5726666666666667, "7AQ": 0.8616666666666667, "37Q": 0.49433333333333335, "7QT": 0.4633333333333333, "27Q": 0.437, "79Q": 0.42733333333333334, "7KQ": 0.477, "67Q": 0.46166666666666667, "47Q": 0.47833333333333333, "7QQ": 0.562, "58Q": 0.624, "8AQ": 0.8113333333333334, "38Q": 0.4523333333333333, "8QT": 0.41933333333333334, "28Q": 0.388, "89Q": 0.37, "8KQ": 0.43466666666666665, "68Q": 0.442, "48Q": 0.41433333333333333, "88Q": 0.534, "8QQ": 0.5383333333333333, "5AQ": 0.9293333333333333, "35Q": 0.6956666666666667, "5QT": 0.641, "25Q": 0.6793333333333333, "59Q": 0.6066666666666667, "5KQ": 0.638, "56Q": 0.5996666666666667, "45Q": 0.6653333333333333, "55Q": 0.94, "5QQ": 0.7513333333333333, "3AQ": 0.8466666666666667, "AAQ": 0.943, "AQT": 0.7733333333333333, "2AQ": 0.8346666666666667, "9AQ": 0.8226666666666667, "AKQ": 0.7913333333333333, "6AQ": 0.851, "4AQ": 0.8283333333333334, "AQQ": 0.8466666666666667, "3QT": 0.45866666666666667, "23Q": 0.472, "39Q": 0.44633333333333336, "3KQ": 0.46166666666666667, "36Q": 0.4866666666666667, "34Q": 0.4646666666666667, "33Q": 0.5626666666666666, "3QQ": 0.5876666666666667, "2QT": 0.45266666666666666, "9QT": 0.3973333333333333, "KQT": 0.491, "6QT": 0.45166666666666666, "QTT": 0.5513333333333333, "4QT": 0.44366666666666665, "QQT": 0.5613333333333334, "29Q": 0.39366666666666666, "2KQ": 0.4583333333333333, "26Q": 0.4483333333333333, "24Q": 0.41833333333333333, "22Q": 0.5376666666666666, "2QQ": 0.5423333333333333, "9KQ": 0.417, "69Q": 0.45266666666666666, "49Q": 0.3903333333333333, "99Q": 0.5283333333333333, "9QQ": 0.5403333333333333, "6KQ": 0.46066666666666667, "4KQ": 0.4716666666666667, "KKQ": 0.5643333333333334, "KQQ": 0.5803333333333334, "46Q": 0.458, "66Q": 0.5503333333333333, "6QQ": 0.563, "44Q": 0.5323333333333333, "4QQ": 0.5356666666666666, "QQQ": 0.6603333333333333, "78J": 0.4633333333333333, "57J": 0.7676666666666667, "77J": 0.5673333333333334, "7AJ": 0.8363333333333334, "37J": 0.48966666666666664, "7JT": 0.44266666666666665, "27J": 0.482, "79J": 0.4593333333333333, "7JK": 0.49366666666666664, "67J": 0.5046666666666667, "47J": 0.49766666666666665, "7JJ": 0.5736666666666667, "58J": 0.6386666666666667, "8AJ": 0.8346666666666667, "38J": 0.457, "8JT": 0.41133333333333333, "28J": 0.45266666666666666, "89J": 0.402, "8JK": 0.46366666666666667, "68J": 0.47, "48J": 0.44666666666666666, "88J": 0.544, "8JJ": 0.552, "5AJ": 0.9266666666666666, "35J": 0.693, "5JT": 0.6386666666666667, "25J": 0.7166666666666667, "59J": 0.6293333333333333, "5JK": 0.6716666666666666, "56J": 0.649, "45J": 0.6836666666666666, "5JJ": 0.7363333333333333, "55J": 0.9543333333333334, "3AJ": 0.858, "AAJ": 0.9406666666666667, "AJT": 0.7793333333333333, "2AJ": 0.8493333333333334, "9AJ": 0.8453333333333334, "AJK": 0.798, "6AJ": 0.8623333333333333, "4AJ": 0.8593333333333333, "AJJ": 0.8173333333333334, "3JT": 0.44966666666666666, "23J": 0.48633333333333334, "39J": 0.4686666666666667, "3JK": 0.498, "36J": 0.498, "34J": 0.476, "33J": 0.555, "3JJ": 0.5706666666666667, "2JT": 0.4563333333333333, "9JT": 0.4116666666666667, "JKT": 0.49266666666666664, "6JT": 0.44233333333333336, "JTT": 0.5396666666666666, "4JT": 0.462, "JJT": 0.5176666666666667, "29J": 0.44266666666666665, "2JK": 0.474, "26J": 0.4716666666666667, "24J": 0.46066666666666667, "2JJ": 0.5616666666666666, "22J": 0.5596666666666666, "9JK": 0.43966666666666665, "69J": 0.46066666666666667, "49J": 0.42133333333333334, "99J": 0.5566666666666666, "9JJ": 0.5423333333333333, "6JK": 0.482, "4JK": 0.4656666666666667, "JKK": 0.5756666666666667, "JJK": 0.5566666666666666, "46J": 0.49166666666666664, "6JJ": 0.558, "66J": 0.5736666666666667, "44J": 0.551, "4JJ": 0.579, "JJJ": 0.6606666666666666, "578": 0.597, "778": 0.5493333333333333, "78A": 0.83, "378": 0.46066666666666667, "78T": 0.4166666666666667, "278": 0.435, "789": 0.443, "78K": 0.4493333333333333, "678": 0.5636666666666666, "478": 0.5126666666666667, "788": 0.5533333333333333, "577": 0.7093333333333334, "57A": 0.9103333333333333, "357": 0.664, "57T": 0.6473333333333333, "257": 0.6933333333333334, "579": 0.6103333333333333, "57K": 0.6553333333333333, "567": 0.5583333333333333, "457": 0.635, "557": 0.923, "77A": 0.8483333333333334, "377": 0.576, "77T": 0.546, "277": 0.5433333333333333, "779": 0.5373333333333333, "77K": 0.5593333333333333, "677": 0.58, "477": 0.5876666666666667, "777": 0.6676666666666666, "37A": 0.859, "7AA": 0.9586666666666667, "7AT": 0.8056666666666666, "27A": 0.87, "79A": 0.8423333333333334, "7AK": 0.837, "67A": 0.8366666666666667, "47A": 0.851, "37T": 0.455, "237": 0.49066666666666664, "379": 0.4603333333333333, "37K": 0.4713333333333333, "367": 0.5546666666666666, "347": 0.5313333333333333, "337": 0.5576666666666666, "27T": 0.4663333333333333, "79T": 0.41633333333333333, "7KT": 0.438, "67T": 0.44866666666666666, "7TT": 0.562, "47T": 0.4663333333333333, "279": 0.43, "27K": 0.475, "267": 0.48233333333333334, "247": 0.4723333333333333, "227": 0.5733333333333334, "79K": 0.43866666666666665, "679": 0.49733333333333335, "479": 0.4553333333333333, "799": 0.5473333333333333, "67K": 0.4706666666666667, "47K": 0.4696666666666667, "7KK": 0.579, "467": 0.6033333333333334, "667": 0.5593333333333333, "447": 0.5566666666666666, "58A": 0.921, "358": 0.6873333333333334, "58T": 0.6156666666666667, "258": 0.6536666666666666, "589": 0.582, "58K": 0.652, "568": 0.5666666666666667, "458": 0.6503333333333333, "588": 0.7233333333333334, "558": 0.9146666666666666, "38A": 0.858, "8AA": 0.956, "8AT": 0.7943333333333333, "28A": 0.8383333333333334, "89A": 0.8106666666666666, "8AK": 0.8243333333333334, "68A": 0.8406666666666667, "48A": 0.833, "88A": 0.8236666666666667, "38T": 0.449, "238": 0.44466666666666665, "389": 0.427, "38K": 0.4713333333333333, "368": 0.494, "348": 0.459, "388": 0.579, "338": 0.552, "28T": 0.42933333333333334, "89T": 0.38333333333333336, "8KT": 0.439, "68T": 0.435, "8TT": 0.5173333333333333, "48T": 0.4266666666666667, "88T": 0.5303333333333333, "289": 0.39466666666666667, "28K": 0.4723333333333333, "268": 0.48133333333333334, "248": 0.4083333333333333, "288": 0.5383333333333333, "228": 0.5143333333333333, "89K": 0.4256666666666667, "689": 0.464, "489": 0.37933333333333336, "899": 0.5096666666666667, "889": 0.5093333333333333, "68K": 0.479, "48K": 0.4573333333333333, "88K": 0.5633333333333334, "8KK": 0.573, "468": 0.5123333333333333, "688": 0.5603333333333333, "668": 0.554, "488": 0.561, "448": 0.5333333333333333, "888": 0.661, "35A": 0.937, "5AA": 0.9923333333333333, "5AT": 0.9046666666666666, "25A": 0.9373333333333334, "59A": 0.9286666666666666, "5AK": 0.915, "56A": 0.9046666666666666, "45A": 0.9236666666666666, "55A": 0.9863333333333333, "35T": 0.684, "235": 0.71, "359": 0.679, "35K": 0.6863333333333334, "356": 0.6186666666666667, "345": 0.6593333333333333, "335": 0.7313333333333333, "355": 0.9623333333333334, "25T": 0.7026666666666667, "59T": 0.6326666666666667, "5KT": 0.624, "56T": 0.6166666666666667, "5TT": 0.7386666666666667, "45T": 0.688, "55T": 0.962, "259": 0.676, "25K": 0.683, "256": 0.6406666666666667, "245": 0.676, "225": 0.734, "255": 0.941, "59K": 0.625, "569": 0.6013333333333334, "459": 0.6586666666666666, "599": 0.726, "559": 0.9256666666666666, "56K": 0.619, "45K": 0.6696666666666666, "5KK": 0.7433333333333333, "55K": 0.958, "456": 0.586, "566": 0.692, "556": 0.9216666666666666, "445": 0.6873333333333334, "455": 0.9163333333333333, "555": 1.0, "3AA": 0.948, "3AT": 0.826, "23A": 0.8656666666666667, "39A": 0.8743333333333333, "3AK": 0.8376666666666667, "36A": 0.843, "34A": 0.8426666666666667, "33A": 0.8543333333333333, "AAT": 0.9203333333333333, "2AA": 0.956,