{"6JT": 0.18166666666666667, "5JT": 0.5433333333333333, "JQT": 0.16233333333333333, "JKT": 0.14966666666666667, "4JT": 0.17966666666666667, "JJT": 0.18266666666666667, "8JT": 0.162, "AJT": 0.17233333333333334, "JTT": 0.16666666666666666, "3JT": 0.15933333333333333, "9JT": 0.13833333333333334, "2JT": 0.5103333333333333, "7JT": 0.13466666666666666, "56T": 0.5566666666666666, "6QT": 0.17733333333333334, "6KT": 0.33366666666666667, "46T": 0.3883333333333333, "66T": 0.213, "68T": 0.18933333333333333, "6AT": 0.31533333333333335, "6TT": 0.187, "36T": 0.296, "69T": 0.17266666666666666, "26T": 0.554, "67T": 0.17433333333333334, "5QT": 0.5476666666666666, "5KT": 0.5713333333333334, "45T": 0.6073333333333333, "58T": 0.5406666666666666, "5AT": 0.5783333333333334, "5TT": 0.6013333333333334, "35T": 0.645, "59T": 0.5483333333333333, "25T": 0.8406666666666667, "57T": 0.5206666666666667, "55T": 0.9253333333333333, "KQT": 0.15166666666666667, "4QT": 0.16333333333333333, "8QT": 0.15666666666666668, "AQT": 0.16266666666666665, "QTT": 0.191, "3QT": 0.172, "9QT": 0.16, "QQT": 0.15766666666666668, "2QT": 0.525, "7QT": 0.13866666666666666, "4KT": 0.312, "8KT": 0.16133333333333333, "AKT": 0.31766666666666665, "KTT": 0.187, "3KT": 0.17766666666666667, "9KT": 0.164, "KKT": 0.18666666666666668, "2KT": 0.5453333333333333, "7KT": 0.16533333333333333, "48T": 0.161, "4AT": 0.315, "4TT": 0.188, "44T": 0.188, "34T": 0.298, "49T": 0.18133333333333335, "24T": 0.5536666666666666, "47T": 0.169, "8AT": 0.16533333333333333, "8TT": 0.18733333333333332, "38T": 0.18533333333333332, "88T": 0.18666666666666668, "89T": 0.14933333333333335, "28T": 0.5356666666666666, "78T": 0.14266666666666666, "ATT": 0.18433333333333332, "3AT": 0.171, "9AT": 0.17066666666666666, "AAT": 0.184, "2AT": 0.5356666666666666, "7AT": 0.17966666666666667, "3TT": 0.20633333333333334, "9TT": 0.18233333333333332, "2TT": 0.5823333333333334, "TTT": 0.20866666666666667, "7TT": 0.15466666666666667, "39T": 0.16766666666666666, "33T": 0.17933333333333334, "23T": 0.5546666666666666, "37T": 0.14666666666666667, "99T": 0.187, "29T": 0.5253333333333333, "79T": 0.148, "27T": 0.5346666666666666, "22T": 0.921, "77T": 0.16866666666666666, "56J": 0.5463333333333333, "6JQ": 0.19333333333333333, "6JK": 0.17766666666666667, "46J": 0.29033333333333333, "66J": 0.181, "6JJ": 0.19866666666666666, "68J": 0.20333333333333334, "6AJ": 0.185, "36J": 0.285, "69J": 0.16766666666666666, "26J": 0.557, "67J": 0.17133333333333334, "5JQ": 0.5576666666666666, "5JK": 0.567, "45J": 0.6136666666666667, "5JJ": 0.6, "58J": 0.5413333333333333, "5AJ": 0.5746666666666667, "35J": 0.6266666666666667, "59J": 0.5396666666666666, "25J": 0.8483333333333334, "57J": 0.5136666666666667, "55J": 0.9186666666666666, "JKQ": 0.16166666666666665, "4JQ": 0.18766666666666668, "JJQ": 0.18866666666666668, "8JQ": 0.307, "AJQ": 0.17166666666666666, "3JQ": 0.306, "9JQ": 0.321, "JQQ": 0.19566666666666666, "2JQ": 0.5376666666666666, "7JQ": 0.16933333333333334, "4JK": 0.17566666666666667, "JJK": 0.177, "8JK": 0.168, "AJK": 0.15966666666666668, "3JK": 0.18233333333333332, "9JK": 0.176, "JKK": 0.167, "2JK": 0.547, "7JK": 0.13933333333333334, "4JJ": 0.19166666666666668, "48J": 0.17833333333333334, "4AJ": 0.17533333333333334, "44J": 0.16166666666666665, "34J": 0.2816666666666667, "49J": 0.17566666666666667, "24J": 0.54, "47J": 0.161, "8JJ": 0.191, "AJJ": 0.186, "3JJ": 0.18966666666666668, "9JJ": 0.18166666666666667, "JJJ": 0.19633333333333333, "2JJ": 0.5783333333333334, "7JJ": 0.17266666666666666, "8AJ": 0.15633333333333332, "38J": 0.31766666666666665, "88J": 0.17266666666666666, "89J": 0.3273333333333333, "28J": 0.5156666666666667, "78J": 0.17833333333333334, "3AJ": 0.16933333333333334, "9AJ": 0.17233333333333334, "AAJ": 0.17533333333333334, "2AJ": 0.551, "7AJ": 0.14166666666666666, "39J": 0.31866666666666665, "33J": 0.18133333333333335, "23J": 0.5413333333333333, "37J": 0.172, "99J": 0.2, "29J": 0.536, "79J": 0.168, "27J": 0.5283333333333333, "22J": 0.9183333333333333, "77J": 0.187, "56Q": 0.564, "56K": 0.547, "456": 0.5373333333333333, "566": 0.5766666666666667, "568": 0.4683333333333333, "56A": 0.5486666666666666, "356": 0.5866666666666667, "569": 0.5186666666666667, "256": 0.7836666666666666, "567": 0.4216666666666667, "556": 0.9086666666666666, "6KQ": 0.181, "46Q": 0.31466666666666665, "66Q": 0.18133333333333335, "68Q": 0.20733333333333334, "6AQ": 0.17466666666666666, "36Q": 0.2916666666666667, "69Q": 0.18, "6QQ": 0.16566666666666666, "26Q": 0.5656666666666667, "67Q": 0.17066666666666666, "46K": 0.401, "66K": 0.194, "68K": 0.18466666666666667, "6AK": 0.3263333333333333, "36K": 0.2956666666666667, "69K": 0.182, "6KK": 0.201, "26K": 0.5423333333333333, "67K": 0.197, "466": 0.30733333333333335, "468": 0.378, "46A": 0.38566666666666666, "446": 0.2956666666666667, "346": 0.8776666666666667, "469": 0.288, "246": 0.572, "467": 0.3363333333333333, "666": 0.21666666666666667, "668": 0.18533333333333332, "66A": 0.19466666666666665, "366": 0.29333333333333333, "669": 0.19766666666666666, "266": 0.558, "667": 0.18533333333333332, "68A": 0.19433333333333333, "368": 0.2866666666666667, "688": 0.20966666666666667, "689": 0.255, "268": 0.5556666666666666, "678": 0.296, "36A": 0.29333333333333333, "69A": 0.17833333333333334, "6AA": 0.195, "26A": 0.545, "67A": 0.194, "369": 0.30566666666666664, "336": 0.28633333333333333, "236": 0.5976666666666667, "367": 0.24366666666666667, "699": 0.21066666666666667, "269": 0.5526666666666666, "679": 0.227, "267": 0.524, "226": 0.9293333333333333, "677": 0.20533333333333334, "5KQ": 0.5626666666666666, "45Q": 0.6203333333333333, "58Q": 0.537, "5AQ": 0.5763333333333334, "35Q": 0.6303333333333333, "59Q": 0.559, "5QQ": 0.5963333333333334, "25Q": 0.8276666666666667, "57Q": 0.529, "55Q": 0.9306666666666666, "45K": 0.605, "58K": 0.5366666666666666, "5AK": 0.5846666666666667, "35K": 0.633, "59K": 0.557, "5KK": 0.6146666666666667, "25K": 0.854, "57K": 0.5386666666666666, "55K": 0.9293333333333333, "458": 0.5776666666666667, "45A": 0.6193333333333333, "445": 0.6376666666666667, "345": 0.642, "459": 0.6203333333333333, "245": 0.7996666666666666, "457": 0.537, "455": 0.912, "58A": 0.571, "358": 0.609, "588": 0.6106666666666667, "589": 0.5256666666666666, "258": 0.8346666666666667, "578": 0.4766666666666667, "558": 0.9063333333333333, "35A": 0.6426666666666667, "59A": 0.576, "5AA": 0.593, "25A": 0.857, "57A": 0.5296666666666666, "55A": 0.929, "359": 0.5976666666666667, "335": 0.621, "235": 0.8073333333333333, "357": 0.5493333333333333, "355": 0.929, "599": 0.6053333333333333, "259": 0.837, "579": 0.49933333333333335, "559": 0.9263333333333333, "257": 0.7083333333333334, "255": 0.9766666666666667, "225": 0.9783333333333334, "557": 0.8786666666666667, "577": 0.5726666666666667, "555": 0.9996666666666667, "4KQ": 0.167, "8KQ": 0.17566666666666667, "AKQ": 0.16533333333333333, "3KQ": 0.18366666666666667, "9KQ": 0.15333333333333332, "KKQ": 0.164, "KQQ": 0.155, "2KQ": 0.5356666666666666, "7KQ": 0.14333333333333334, "48Q": 0.184, "4AQ": 0.17066666666666666, "44Q": 0.162, "34Q": 0.2926666666666667, "49Q": 0.189, "4QQ": 0.177, "24Q": 0.5633333333333334, "47Q": 0.16533333333333333, "8AQ": 0.17166666666666666, "38Q": 0.32566666666666666, "88Q": 0.181, "89Q": 0.2856666666666667, "8QQ": 0.19133333333333333, "28Q": 0.5596666666666666, "78Q": 0.18166666666666667, "3AQ": 0.18, "9AQ": 0.17866666666666667, "AQQ": 0.16333333333333333, "AAQ": 0.17633333333333334, "2AQ": 0.566, "7AQ": 0.146, "39Q": 0.306, "33Q": 0.19933333333333333, "3QQ": 0.19533333333333333, "23Q": 0.549, "37Q": 0.18566666666666667, "9QQ": 0.18766666666666668, "99Q": 0.17433333333333334, "29Q": 0.5363333333333333, "79Q": 0.18266666666666667, "2QQ": 0.5513333333333333, "7QQ": 0.15533333333333332, "QQQ": 0.19633333333333333, "27Q": 0.5366666666666666, "22Q": 0.9196666666666666, "77Q": 0.178, "48K": 0.183, "4AK": 0.32133333333333336, "44K": 0.191, "34K": 0.2916666666666667, "49K": 0.16833333333333333, "4KK": 0.207,