{"6JQ": 0.20466666666666666, "JQT": 0.2996666666666667, "3JQ": 0.561, "JKQ": 0.16766666666666666, "7JQ": 0.19, "2JQ": 0.322, "AJQ": 0.31533333333333335, "8JQ": 0.15966666666666668, "9JQ": 0.31733333333333336, "4JQ": 0.196, "JQQ": 0.18, "5JQ": 0.5746666666666667, "JJQ": 0.191, "6JT": 0.20133333333333334, "36J": 0.5676666666666667, "6JK": 0.209, "67J": 0.3283333333333333, "26J": 0.31466666666666665, "6AJ": 0.196, "68J": 0.192, "69J": 0.20433333333333334, "46J": 0.41933333333333334, "66J": 0.23133333333333334, "56J": 0.5576666666666666, "6JJ": 0.188, "3JT": 0.5353333333333333, "JKT": 0.16666666666666666, "JTT": 0.193, "7JT": 0.18033333333333335, "2JT": 0.31233333333333335, "AJT": 0.315, "8JT": 0.17466666666666666, "9JT": 0.327, "4JT": 0.20933333333333334, "5JT": 0.5753333333333334, "JJT": 0.19866666666666666, "3JK": 0.5536666666666666, "37J": 0.5636666666666666, "23J": 0.6166666666666667, "3AJ": 0.5583333333333333, "38J": 0.564, "39J": 0.5503333333333333, "34J": 0.543, "35J": 0.83, "3JJ": 0.5963333333333334, "33J": 0.9276666666666666, "7JK": 0.191, "2JK": 0.19, "AJK": 0.189, "8JK": 0.154, "9JK": 0.17566666666666667, "4JK": 0.17833333333333334, "5JK": 0.579, "JKK": 0.19433333333333333, "JJK": 0.17766666666666667, "27J": 0.18366666666666667, "7AJ": 0.19766666666666666, "78J": 0.169, "77J": 0.19533333333333333, "79J": 0.19333333333333333, "47J": 0.2853333333333333, "57J": 0.5666666666666667, "7JJ": 0.19366666666666665, "2AJ": 0.32966666666666666, "28J": 0.192, "29J": 0.3283333333333333, "24J": 0.30666666666666664, "25J": 0.6183333333333333, "22J": 0.19266666666666668, "2JJ": 0.203, "8AJ": 0.18366666666666667, "9AJ": 0.31466666666666665, "4AJ": 0.19466666666666665, "5AJ": 0.564, "AAJ": 0.19733333333333333, "AJJ": 0.19766666666666666, "88J": 0.181, "89J": 0.16466666666666666, "48J": 0.16866666666666666, "58J": 0.5373333333333333, "8JJ": 0.16566666666666666, "49J": 0.198, "99J": 0.19233333333333333, "59J": 0.5496666666666666, "9JJ": 0.19133333333333333, "45J": 0.6116666666666667, "4JJ": 0.20766666666666667, "44J": 0.18666666666666668, "5JJ": 0.586, "55J": 0.926, "JJJ": 0.218, "6QT": 0.20166666666666666, "36Q": 0.5806666666666667, "6KQ": 0.21333333333333335, "67Q": 0.31866666666666665, "26Q": 0.314, "6AQ": 0.20833333333333334, "68Q": 0.18266666666666667, "69Q": 0.20533333333333334, "46Q": 0.4186666666666667, "66Q": 0.21933333333333332, "6QQ": 0.221, "56Q": 0.5736666666666667, "3QT": 0.56, "KQT": 0.157, "QTT": 0.2, "7QT": 0.19466666666666665, "2QT": 0.31633333333333336, "AQT": 0.31566666666666665, "8QT": 0.162, "9QT": 0.329, "4QT": 0.199, "QQT": 0.19233333333333333, "5QT": 0.5663333333333334, "3KQ": 0.5493333333333333, "37Q": 0.5873333333333334, "23Q": 0.6143333333333333, "3AQ": 0.562, "38Q": 0.5713333333333334, "39Q": 0.5436666666666666, "34Q": 0.55, "3QQ": 0.6206666666666667, "35Q": 0.838, "33Q": 0.9373333333333334, "7KQ": 0.19533333333333333, "2KQ": 0.18066666666666667, "AKQ": 0.17766666666666667, "8KQ": 0.15566666666666668, "9KQ": 0.181, "4KQ": 0.178, "KQQ": 0.20033333333333334, "5KQ": 0.5716666666666667, "KKQ": 0.20533333333333334, "27Q": 0.176, "7AQ": 0.188, "78Q": 0.181, "77Q": 0.19766666666666666, "79Q": 0.20933333333333334, "47Q": 0.2906666666666667, "7QQ": 0.21033333333333334, "57Q": 0.5693333333333334, "2AQ": 0.32566666666666666, "28Q": 0.19666666666666666, "29Q": 0.319, "24Q": 0.298, "2QQ": 0.21033333333333334, "25Q": 0.624, "22Q": 0.19066666666666668, "8AQ": 0.17433333333333334, "9AQ": 0.31866666666666665, "4AQ": 0.2, "AQQ": 0.17633333333333334, "5AQ": 0.5786666666666667, "AAQ": 0.182, "88Q": 0.16733333333333333, "89Q": 0.18733333333333332, "48Q": 0.16766666666666666, "8QQ": 0.17866666666666667, "58Q": 0.5603333333333333, "49Q": 0.19666666666666666, "99Q": 0.184, "9QQ": 0.2, "59Q": 0.5573333333333333, "4QQ": 0.20166666666666666, "45Q": 0.6116666666666667, "44Q": 0.18533333333333332, "QQQ": 0.21133333333333335, "5QQ": 0.614, "55Q": 0.9223333333333333, "36T": 0.5616666666666666, "6KT": 0.209, "6TT": 0.198, "67T": 0.313, "26T": 0.30466666666666664, "6AT": 0.20033333333333334, "68T": 0.183, "69T": 0.21266666666666667, "46T": 0.42233333333333334, "66T": 0.21966666666666668, "56T": 0.5656666666666667, "36K": 0.572, "367": 0.6053333333333333, "236": 0.6403333333333333, "36A": 0.5773333333333334, "368": 0.547, "369": 0.5596666666666666, "346": 0.5936666666666667, "366": 0.6083333333333333, "356": 0.7543333333333333, "336": 0.9316666666666666, "67K": 0.4003333333333333, "26K": 0.31133333333333335, "6AK": 0.195, "68K": 0.20666666666666667, "69K": 0.19966666666666666, "46K": 0.4236666666666667, "66K": 0.21466666666666667, "56K": 0.563, "6KK": 0.21166666666666667, "267": 0.30733333333333335, "67A": 0.302, "678": 0.3426666666666667, "677": 0.3273333333333333, "679": 0.35033333333333333, "467": 0.863, "667": 0.314, "567": 0.5276666666666666, "26A": 0.308, "268": 0.2813333333333333, "269": 0.30533333333333335, "246": 0.9256666666666666, "266": 0.30833333333333335, "256": 0.6296666666666667, "226": 0.2916666666666667, "68A": 0.20333333333333334, "69A": 0.20633333333333334, "46A": 0.413, "66A": 0.20466666666666666, "56A": 0.5483333333333333, "6AA": 0.20933333333333334, "688": 0.199, "689": 0.243, "468": 0.3596666666666667, "668": 0.193, "568": 0.494, "469": 0.4013333333333333, "699": 0.20833333333333334, "669": 0.22366666666666668, "569": 0.5273333333333333, "466": 0.403, "456": 0.607, "446": 0.42133333333333334, "566": 0.6093333333333333, "666": 0.233, "556": 0.8873333333333333, "3KT": 0.5513333333333333, "3TT": 0.5753333333333334, "37T": 0.5666666666666667, "23T": 0.625, "3AT": 0.5636666666666666, "38T": 0.5353333333333333, "39T": 0.5406666666666666, "34T": 0.552, "35T": 0.836, "33T": 0.9346666666666666, "KTT": 0.19266666666666668, "7KT": 0.19433333333333333, "2KT": 0.198, "AKT": 0.17433333333333334, "8KT": 0.16, "9KT": 0.17133333333333334, "4KT": 0.169, "5KT": 0.5573333333333333, "KKT": 0.20166666666666666, "7TT": 0.181, "2TT": 0.20433333333333334, "ATT": 0.207, "8TT": 0.17333333333333334, "TTT": 0.21166666666666667, "9TT": 0.20666666666666667, "4TT": 0.19866666666666666, "5TT": 0.6143333333333333, "27T": 0.18066666666666667, "7AT": 0.199, "78T": 0.15533333333333332, "77T": 0.18033333333333335, "79T": 0.17266666666666666, "47T": 0.2783333333333333, "57T": 0.5436666666666666, "2AT": 0.3233333333333333, "28T": 0.181, "29T": 0.31933333333333336, "24T": 0.30433333333333334, "25T": 0.632, "22T": 0.19433333333333333, "8AT": 0.191, "9AT": 0.319, "4AT": 0.18566666666666667, "5AT": 0.564, "AAT": 0.19033333333333333, "88T": 0.16733333333333333, "89T": 0.17466666666666666, "48T": 0.177, "58T": 0.5516666666666666, "49T": 0.19033333333333333, "99T": 0.193, "59T": 0.5503333333333333, "45T": 0.612, "44T": 0.18066666666666667, "55T": 0.9313333333333333, "37K": 0.5896666666666667, "23K": 0.6163333333333333, "3AK": 0.588, "38K": 0.5716666666666667, "39K": 0.5753333333333334, "34K": 0.5543333333333333, "35K": 0.8386666666666667, "3KK": 0.601, "33K": 0.941, "237": 0.6283333333333333, "37A": 0.5753333333333334, "378": 0.5393333333333333, "377": 0.5813333333333334, "379": 0.5583333333333333, "347": 0.5766666666666667, "357": 0.7896666666666666, "337": 0.9246666666666666, "23A": 0.613, "238": 0.622, "239": 0.6173333333333333, "234": 0.6286666666666667, "235": 0.833, "223": 0.615, "233": 0.948, "38A": 0.56, "39A": 0.592, "34A": 0.5613333333333334, "35A": 0.842, "3AA": 0.602, "33A": 0.9413333333333334, "388": 0.572, "389": 0.5353333333333333, "348": 0.5566666666666666, "358": 0.8346666666666667, "338": 0.9213333333333333, "349": 0.5503333333333333, "399": 0.615, "359": 0.8333333333333334, "339": 0.9353333333333333, "345": 0.652, "344": 0.569, "334": 0.9126666666666666, "355": 0.9796666666666667, "335": 0.978, "333": 1.0, "27K": 0.19233333333333333, "7AK": 0.19266666666666668, "78K": 0.187, "77K": 0.217, "79K": 0.198, "47K": 0.31266666666666665, "57K": 0.5636666666666666, "7KK": 0.20466666666666666, "2AK": 0.17566666666666667, "28K": 0.17566666666666667, "29K": 0.19666666666666666,