{"7JT": 0.20733333333333334, "7KT": 0.20366666666666666, "67T": 0.531, "78T": 0.24833333333333332, "27T": 0.19133333333333333, "79T": 0.252, "7TT": 0.209, "47T": 0.31266666666666665, "57T": 0.31033333333333335, "7AT": 0.20233333333333334, "7QT": 0.20366666666666666, "77T": 0.22566666666666665, "37T": 0.548, "JKT": 0.188, "JJT": 0.21666666666666667, "6JT": 0.5703333333333334, "8JT": 0.18166666666666667, "2JT": 0.21033333333333334, "9JT": 0.18566666666666667, "JTT": 0.21866666666666668, "4JT": 0.21466666666666667, "5JT": 0.22133333333333333, "AJT": 0.203, "JQT": 0.33466666666666667, "3JT": 0.532, "6KT": 0.5956666666666667, "8KT": 0.19766666666666666, "2KT": 0.17933333333333334, "9KT": 0.19433333333333333, "KTT": 0.18366666666666667, "4KT": 0.206, "5KT": 0.196, "AKT": 0.19233333333333333, "KQT": 0.197, "KKT": 0.217, "3KT": 0.565, "68T": 0.5466666666666666, "26T": 0.6576666666666666, "69T": 0.5216666666666666, "6TT": 0.6406666666666667, "46T": 0.6146666666666667, "56T": 0.629, "6AT": 0.5826666666666667, "6QT": 0.59, "36T": 0.8296666666666667, "66T": 0.9253333333333333, "28T": 0.19166666666666668, "89T": 0.23933333333333334, "8TT": 0.222, "48T": 0.2, "58T": 0.20333333333333334, "8AT": 0.209, "8QT": 0.20233333333333334, "88T": 0.22933333333333333, "38T": 0.5466666666666666, "29T": 0.18666666666666668, "2TT": 0.22066666666666668, "24T": 0.303, "25T": 0.295, "2AT": 0.198, "2QT": 0.20933333333333334, "22T": 0.19066666666666668, "23T": 0.648, "9TT": 0.20333333333333334, "49T": 0.17766666666666667, "59T": 0.206, "9AT": 0.18466666666666667, "99T": 0.199, "9QT": 0.18866666666666668, "39T": 0.5483333333333333, "4TT": 0.22833333333333333, "5TT": 0.20966666666666667, "ATT": 0.20333333333333334, "QTT": 0.22166666666666668, "TTT": 0.23233333333333334, "3TT": 0.59, "45T": 0.419, "4AT": 0.19633333333333333, "4QT": 0.20733333333333334, "44T": 0.204, "34T": 0.552, "5AT": 0.20566666666666666, "5QT": 0.209, "35T": 0.5736666666666667, "55T": 0.20233333333333334, "AQT": 0.19433333333333333, "AAT": 0.20733333333333334, "3AT": 0.575, "3QT": 0.554, "QQT": 0.20466666666666666, "33T": 0.9403333333333334, "7JK": 0.18166666666666667, "7JJ": 0.21533333333333332, "67J": 0.5386666666666666, "78J": 0.18533333333333332, "27J": 0.17333333333333334, "79J": 0.18933333333333333, "47J": 0.281, "57J": 0.2976666666666667, "7AJ": 0.19, "7JQ": 0.20566666666666666, "77J": 0.215, "37J": 0.541, "67K": 0.5836666666666667, "78K": 0.224, "27K": 0.17666666666666667, "79K": 0.2, "47K": 0.3, "57K": 0.30866666666666664, "7AK": 0.19533333333333333, "7KQ": 0.19166666666666668, "7KK": 0.219, "77K": 0.20766666666666667, "37K": 0.5526666666666666, "678": 0.457, "267": 0.5893333333333334, "679": 0.4073333333333333, "467": 0.481, "567": 0.54, "67A": 0.543, "67Q": 0.5456666666666666, "677": 0.5986666666666667, "367": 0.6556666666666666, "667": 0.8803333333333333, "278": 0.21333333333333335, "789": 0.33366666666666667, "478": 0.25533333333333336, "578": 0.352, "78A": 0.227, "78Q": 0.21833333333333332, "778": 0.231, "788": 0.22566666666666665, "378": 0.5506666666666666, "279": 0.18733333333333332, "247": 0.2796666666666667, "257": 0.305, "27A": 0.205, "27Q": 0.191, "227": 0.17933333333333334, "277": 0.225, "237": 0.6086666666666667, "479": 0.24133333333333334, "579": 0.38166666666666665, "79A": 0.197, "799": 0.21066666666666667, "79Q": 0.203, "779": 0.204, "379": 0.46266666666666667, "457": 0.8686666666666667, "47A": 0.289, "47Q": 0.2843333333333333, "447": 0.30433333333333334, "477": 0.31066666666666665, "347": 0.491, "57A": 0.31533333333333335, "57Q": 0.299, "577": 0.31833333333333336, "357": 0.57, "557": 0.29933333333333334, "7AQ": 0.19966666666666666, "7AA": 0.19633333333333333, "77A": 0.21166666666666667, "37A": 0.5546666666666666, "77Q": 0.22033333333333333, "37Q": 0.5656666666666667, "7QQ": 0.22333333333333333, "777": 0.23933333333333334, "377": 0.5886666666666667, "337": 0.9176666666666666, "JJK": 0.201, "6JK": 0.5813333333333334, "8JK": 0.17733333333333334, "2JK": 0.18866666666666668, "9JK": 0.173, "4JK": 0.18966666666666668, "5JK": 0.194, "AJK": 0.166, "JKQ": 0.20466666666666666, "JKK": 0.21333333333333335, "3JK": 0.571, "6JJ": 0.6503333333333333, "8JJ": 0.22166666666666668, "2JJ": 0.222, "9JJ": 0.20533333333333334, "4JJ": 0.23233333333333334, "5JJ": 0.22133333333333333, "AJJ": 0.22233333333333333, "JJQ": 0.222, "JJJ": 0.232, "3JJ": 0.6136666666666667, "68J": 0.5633333333333334, "26J": 0.6613333333333333, "69J": 0.5486666666666666, "46J": 0.615, "56J": 0.626, "6AJ": 0.5966666666666667, "6JQ": 0.569, "36J": 0.841, "66J": 0.937, "28J": 0.21166666666666667, "89J": 0.17733333333333334, "48J": 0.19666666666666666, "58J": 0.20133333333333334, "8AJ": 0.202, "8JQ": 0.197, "88J": 0.21433333333333332, "38J": 0.5586666666666666, "29J": 0.185, "24J": 0.306, "25J": 0.30933333333333335, "2AJ": 0.20333333333333334, "2JQ": 0.20433333333333334, "22J": 0.19233333333333333, "23J": 0.6356666666666667, "49J": 0.19466666666666665, "59J": 0.19666666666666666, "9AJ": 0.201, "99J": 0.21, "9JQ": 0.199, "39J": 0.5193333333333333, "45J": 0.423, "4AJ": 0.202, "4JQ": 0.204, "44J": 0.21566666666666667, "34J": 0.566, "5AJ": 0.21233333333333335, "5JQ": 0.20266666666666666, "35J": 0.569, "55J": 0.21566666666666667, "AJQ": 0.20666666666666667, "AAJ": 0.20733333333333334, "3AJ": 0.566, "3JQ": 0.5356666666666666, "JQQ": 0.212, "33J": 0.9486666666666667, "68K": 0.5706666666666667, "26K": 0.6376666666666667, "69K": 0.5553333333333333, "46K": 0.61, "56K": 0.62, "6AK": 0.586, "6KQ": 0.589, "6KK": 0.6473333333333333, "36K": 0.8463333333333334, "66K": 0.9056666666666666, "28K": 0.193, "89K": 0.185, "48K": 0.18933333333333333, "58K": 0.20133333333333334, "8AK": 0.211, "8KQ": 0.17, "8KK": 0.199, "88K": 0.20466666666666666, "38K": 0.5753333333333334, "29K": 0.17766666666666667, "24K": 0.2916666666666667, "25K": 0.2763333333333333, "2AK": 0.22333333333333333, "2KQ": 0.18, "22K": 0.18566666666666667, "2KK": 0.213, "23K": 0.6376666666666667, "49K": 0.16466666666666666, "59K": 0.199, "9AK": 0.191, "99K": 0.19466666666666665, "9KQ": 0.17666666666666667, "9KK": 0.20166666666666666, "39K": 0.5453333333333333, "45K": 0.415, "4AK": 0.191, "4KQ": 0.19966666666666666, "44K": 0.20333333333333334, "4KK": 0.22433333333333333, "34K": 0.5523333333333333, "5AK": 0.17766666666666667, "5KQ": 0.18233333333333332, "5KK": 0.22, "35K": 0.554, "55K": 0.191, "AKQ": 0.175, "AAK": 0.212, "AKK": 0.2, "3AK": 0.5743333333333334, "KKQ": 0.228, "3KQ": 0.561, "KQQ": 0.21, "3KK": 0.6166666666666667, "KKK": 0.22966666666666666, "33K": 0.9166666666666666, "268": 0.6246666666666667, "689": 0.4886666666666667, "468": 0.579, "568": 0.539, "68A": 0.5723333333333334, "68Q": 0.588, "688": 0.6093333333333333, "368": 0.8233333333333334, "668": 0.8986666666666666, "269": 0.6103333333333333, "246": 0.67, "256": 0.688, "26A": 0.6523333333333333, "26Q": 0.6426666666666667, "226": 0.6403333333333333, "236": 0.8333333333333334, "266": 0.9386666666666666, "469": 0.5186666666666667, "569": 0.5866666666666667, "69A": 0.5743333333333334, "699": 0.5963333333333334, "69Q": 0.548, "369": 0.713, "669": 0.8916666666666667, "456": 0.626, "46A": 0.6343333333333333, "46Q": 0.6136666666666667, "446": 0.6333333333333333, "346": 0.6526666666666666, "466": 0.905, "56A": 0.6403333333333333, "56Q": 0.6303333333333333, "356": 0.7403333333333333, "556": 0.6366666666666667, "566": 0.907, "6AQ": 0.597, "6AA": 0.6233333333333333, "36A": 0.8476666666666667, "66A": 0.9426666666666667, "36Q": 0.8396666666666667, "6QQ": 0.6563333333333333, "66Q": 0.9266666666666666, "336": 0.979, "366": 0.9816666666666667, "666": 0.9996666666666667, "289": 0.213, "248": 0.32066666666666666, "258": 0.325, "28A": 0.3363333333333333, "28Q": 0.21066666666666667, "228": 0.20633333333333334, "288": 0.23066666666666666, "238": 0.6263333333333333, "489": 0.17733333333333334, "589": 0.269, "89A": 0.23666666666666666, "899": 0.21533333333333332, "89Q": 0.19866666666666666, "889": 0.22, "389": 0.514, "458": 0.3953333333333333,