{"3KQ": 0.529, "KQQ": 0.6176666666666667, "JKQ": 0.576, "9KQ": 0.4723333333333333, "7KQ": 0.5243333333333333, "KKQ": 0.5913333333333334, "2KQ": 0.5336666666666666, "KQT": 0.55, "5KQ": 0.5163333333333333, "8KQ": 0.7016666666666667, "AKQ": 0.8426666666666667, "4KQ": 0.509, "6KQ": 0.504, "3JK": 0.6506666666666666, "39K": 0.5086666666666667, "37K": 0.506, "3KK": 0.6066666666666667, "23K": 0.5333333333333333, "3KT": 0.521, "35K": 0.5126666666666667, "38K": 0.758, "33K": 0.5886666666666667, "3AK": 0.867, "34K": 0.5116666666666667, "36K": 0.5086666666666667, "9JK": 0.486, "7JK": 0.5266666666666666, "JKK": 0.6243333333333333, "2JK": 0.5306666666666666, "JKT": 0.56, "5JK": 0.5103333333333333, "8JK": 0.697, "AJK": 0.826, "4JK": 0.5073333333333333, "JJK": 0.5926666666666667, "6JK": 0.5053333333333333, "79K": 0.5, "9KK": 0.5936666666666667, "29K": 0.49466666666666664, "9KT": 0.4836666666666667, "59K": 0.4846666666666667, "89K": 0.6733333333333333, "9AK": 0.843, "49K": 0.5043333333333333, "69K": 0.4746666666666667, "99K": 0.6083333333333333, "7KK": 0.5856666666666667, "27K": 0.5036666666666667, "7KT": 0.518, "57K": 0.49733333333333335, "78K": 0.7053333333333334, "77K": 0.5843333333333334, "7AK": 0.8783333333333333, "47K": 0.4746666666666667, "67K": 0.5013333333333333, "2KK": 0.5963333333333334, "KKT": 0.599, "5KK": 0.58, "8KK": 0.766, "AKK": 0.8703333333333333, "4KK": 0.589, "KKK": 0.6976666666666667, "6KK": 0.6053333333333333, "2KT": 0.5163333333333333, "22K": 0.5713333333333334, "25K": 0.499, "28K": 0.7566666666666667, "2AK": 0.8763333333333333, "24K": 0.49033333333333334, "26K": 0.506, "5KT": 0.49666666666666665, "8KT": 0.6943333333333334, "KTT": 0.5846666666666667, "AKT": 0.8263333333333334, "4KT": 0.5136666666666667, "6KT": 0.504, "58K": 0.739, "55K": 0.5696666666666667, "5AK": 0.851, "45K": 0.49833333333333335, "56K": 0.472, "8AK": 0.9446666666666667, "48K": 0.7276666666666667, "88K": 0.9613333333333334, "68K": 0.736, "AAK": 0.9513333333333334, "4AK": 0.8646666666666667, "6AK": 0.8426666666666667, "44K": 0.5946666666666667, "46K": 0.49833333333333335, "66K": 0.5913333333333334, "3QQ": 0.6063333333333333, "3JQ": 0.5296666666666666, "39Q": 0.49166666666666664, "37Q": 0.49433333333333335, "23Q": 0.512, "3QT": 0.5356666666666666, "35Q": 0.4876666666666667, "38Q": 0.753, "33Q": 0.5696666666666667, "3AQ": 0.862, "34Q": 0.4693333333333333, "36Q": 0.507, "JQQ": 0.613, "QQQ": 0.701, "9QQ": 0.5966666666666667, "7QQ": 0.6023333333333334, "2QQ": 0.62, "QQT": 0.6103333333333333, "5QQ": 0.5973333333333334, "8QQ": 0.802, "AQQ": 0.8623333333333333, "4QQ": 0.6153333333333333, "6QQ": 0.6063333333333333, "9JQ": 0.527, "7JQ": 0.49666666666666665, "2JQ": 0.539, "JQT": 0.6046666666666667, "5JQ": 0.5076666666666667, "8JQ": 0.6623333333333333, "AJQ": 0.8403333333333334, "4JQ": 0.49933333333333335, "JJQ": 0.5856666666666667, "6JQ": 0.505, "79Q": 0.5146666666666667, "29Q": 0.5186666666666667, "9QT": 0.5466666666666666, "59Q": 0.502, "89Q": 0.6546666666666666, "9AQ": 0.8483333333333334, "49Q": 0.48966666666666664, "69Q": 0.47733333333333333, "99Q": 0.6093333333333333, "27Q": 0.5243333333333333, "7QT": 0.5266666666666666, "57Q": 0.5246666666666666, "78Q": 0.684, "77Q": 0.582, "7AQ": 0.858, "47Q": 0.498, "67Q": 0.48933333333333334, "2QT": 0.668, "22Q": 0.5933333333333334, "25Q": 0.509, "28Q": 0.753, "2AQ": 0.8623333333333333, "24Q": 0.502, "26Q": 0.496, "5QT": 0.5206666666666667, "8QT": 0.6783333333333333, "QTT": 0.6116666666666667, "AQT": 0.8363333333333334, "4QT": 0.5316666666666666, "6QT": 0.53, "58Q": 0.7313333333333333, "55Q": 0.5926666666666667, "5AQ": 0.8456666666666667, "45Q": 0.506, "56Q": 0.4726666666666667, "8AQ": 0.926, "48Q": 0.73, "88Q": 0.951, "68Q": 0.721, "AAQ": 0.9553333333333334, "4AQ": 0.8746666666666667, "6AQ": 0.851, "44Q": 0.5756666666666667, "46Q": 0.506, "66Q": 0.5743333333333334, "39J": 0.5103333333333333, "37J": 0.511, "23J": 0.524, "3JT": 0.508, "35J": 0.49533333333333335, "38J": 0.7466666666666667, "33J": 0.5866666666666667, "3AJ": 0.8673333333333333, "34J": 0.499, "3JJ": 0.603, "36J": 0.49966666666666665, "379": 0.5126666666666667, "239": 0.49333333333333335, "39T": 0.5033333333333333, "359": 0.48533333333333334, "389": 0.7333333333333333, "339": 0.575, "39A": 0.853, "349": 0.4836666666666667, "369": 0.473, "399": 0.5883333333333334, "237": 0.49866666666666665, "37T": 0.51, "357": 0.48333333333333334, "378": 0.737, "377": 0.5933333333333334, "337": 0.546, "37A": 0.848, "347": 0.4633333333333333, "367": 0.486, "23T": 0.517, "223": 0.5646666666666667, "235": 0.475, "238": 0.81, "233": 0.578, "23A": 0.8603333333333333, "234": 0.455, "236": 0.4713333333333333, "35T": 0.473, "38T": 0.7336666666666667, "3TT": 0.5973333333333334, "33T": 0.5783333333333334, "3AT": 0.857, "34T": 0.49466666666666664, "36T": 0.49133333333333334, "358": 0.7856666666666666, "355": 0.5763333333333334, "335": 0.5666666666666667, "35A": 0.8313333333333334, "345": 0.45366666666666666, "356": 0.42933333333333334, "338": 0.7723333333333333, "38A": 0.9506666666666667, "348": 0.7726666666666666, "388": 0.973, "368": 0.7676666666666667, "33A": 0.8653333333333333, "334": 0.522, "333": 0.6943333333333334, "336": 0.5623333333333334, "3AA": 0.9606666666666667, "34A": 0.8553333333333333, "36A": 0.8273333333333334, "344": 0.5773333333333334, "346": 0.43966666666666665, "366": 0.578, "79J": 0.5506666666666666, "29J": 0.498, "9JT": 0.5883333333333334, "59J": 0.479, "89J": 0.6333333333333333, "9AJ": 0.8313333333333334, "49J": 0.509, "9JJ": 0.5816666666666667, "69J": 0.486, "99J": 0.595, "27J": 0.49133333333333334, "7JT": 0.5496666666666666, "57J": 0.49666666666666665, "78J": 0.6733333333333333, "77J": 0.6063333333333333, "7AJ": 0.873, "47J": 0.49133333333333334, "7JJ": 0.6033333333333334, "67J": 0.5276666666666666, "2JT": 0.509, "22J": 0.5676666666666667, "25J": 0.49433333333333335, "28J": 0.749, "2AJ": 0.864, "24J": 0.49233333333333335, "2JJ": 0.599, "26J": 0.49566666666666664, "5JT": 0.5153333333333333, "8JT": 0.622, "JTT": 0.602, "AJT": 0.8326666666666667, "4JT": 0.5083333333333333, "JJT": 0.597, "6JT": 0.5086666666666667, "58J": 0.7143333333333334, "55J": 0.5876666666666667, "5AJ": 0.8406666666666667, "45J": 0.491, "5JJ": 0.5833333333333334, "56J": 0.472, "8AJ": 0.9216666666666666, "48J": 0.7126666666666667, "8JJ": 0.7826666666666666, "88J": 0.9403333333333334, "68J": 0.7216666666666667, "AAJ": 0.9546666666666667, "4AJ": 0.8726666666666667, "AJJ": 0.843, "6AJ": 0.8316666666666667, "4JJ": 0.5973333333333334, "44J": 0.5886666666666667, "46J": 0.4683333333333333, "JJJ": 0.711, "6JJ": 0.5656666666666667, "66J": 0.571, "279": 0.49966666666666665, "79T": 0.604, "579": 0.5583333333333333, "789": 0.62, "779": 0.5766666666666667, "79A": 0.854, "479": 0.504, "679": 0.5926666666666667, "799": 0.6096666666666667, "29T": 0.516, "229": 0.5596666666666666, "259": 0.496, "289": 0.7156666666666667, "29A": 0.8523333333333334, "249": 0.4796666666666667, "269": 0.4736666666666667, "299": 0.5956666666666667, "59T": 0.4683333333333333, "89T": 0.5946666666666667, "9TT": 0.612, "9AT": 0.8273333333333334, "49T": 0.487, "69T": 0.5426666666666666, "99T": 0.5863333333333334, "589": 0.6623333333333333, "559": 0.5616666666666666, "59A": 0.7313333333333333, "459": 0.4643333333333333, "569": 0.4683333333333333, "599": 0.5606666666666666, "89A": 0.8873333333333333, "489": 0.696, "889": 0.8963333333333333, "689": 0.6326666666666667, "899": 0.7583333333333333, "9AA": 0.9343333333333333, "49A": 0.851, "69A": 0.7386666666666667, "99A": 0.8453333333333334, "449": 0.5666666666666667, "469": 0.47833333333333333, "499": 0.5976666666666667, "699": 0.5793333333333334, "669": 0.556, "999": 0.724, "27T": 0.522, "227": 0.5976666666666667, "257": 0.503, "278": 0.7543333333333333, "277": 0.594, "27A": 0.8726666666666667, "247": 0.48033333333333333, "267": 0.5056666666666667, "57T": 0.5053333333333333, "78T": 0.655, "77T": 0.582, "7TT": 0.586, "7AT": 0.869, "47T": 0.4856666666666667, "67T": 0.561, "578": 0.6836666666666666, "577": 0.595,