{"3JQ": 0.4726666666666667, "JQQ": 0.5406666666666666, "5JQ": 0.484, "8JQ": 0.45766666666666667, "JQT": 0.49766666666666665, "2JQ": 0.49033333333333334, "4JQ": 0.47733333333333333, "JKQ": 0.5206666666666667, "AJQ": 0.795, "7JQ": 0.462, "6JQ": 0.64, "9JQ": 0.42333333333333334, "JJQ": 0.5783333333333334, "33J": 0.5573333333333333, "35J": 0.4866666666666667, "38J": 0.459, "3JT": 0.462, "23J": 0.479, "34J": 0.49466666666666664, "3JK": 0.49833333333333335, "3AJ": 0.8356666666666667, "37J": 0.4513333333333333, "36J": 0.6963333333333334, "39J": 0.4666666666666667, "3JJ": 0.5626666666666666, "58J": 0.47933333333333333, "55J": 0.5533333333333333, "5JT": 0.4746666666666667, "25J": 0.5136666666666667, "45J": 0.5106666666666667, "5JK": 0.4593333333333333, "5AJ": 0.809, "57J": 0.4666666666666667, "56J": 0.6703333333333333, "59J": 0.4583333333333333, "5JJ": 0.5836666666666667, "8JT": 0.411, "88J": 0.5673333333333334, "28J": 0.48533333333333334, "48J": 0.4676666666666667, "8JK": 0.482, "8AJ": 0.8073333333333333, "78J": 0.43466666666666665, "68J": 0.604, "89J": 0.41233333333333333, "8JJ": 0.563, "2JT": 0.478, "4JT": 0.4673333333333333, "JKT": 0.517, "AJT": 0.7806666666666666, "JTT": 0.538, "7JT": 0.442, "6JT": 0.6273333333333333, "9JT": 0.394, "JJT": 0.57, "24J": 0.49633333333333335, "2JK": 0.4713333333333333, "2AJ": 0.8423333333333334, "22J": 0.552, "27J": 0.4686666666666667, "26J": 0.689, "29J": 0.4676666666666667, "2JJ": 0.567, "4JK": 0.489, "4AJ": 0.837, "47J": 0.479, "46J": 0.6586666666666666, "49J": 0.455, "44J": 0.572, "4JJ": 0.6046666666666667, "AJK": 0.8033333333333333, "7JK": 0.438, "6JK": 0.6316666666666667, "9JK": 0.4483333333333333, "JKK": 0.57, "JJK": 0.5856666666666667, "AAJ": 0.9246666666666666, "7AJ": 0.734, "6AJ": 0.808, "9AJ": 0.8263333333333334, "AJJ": 0.8186666666666667, "67J": 0.5366666666666666, "77J": 0.5306666666666666, "79J": 0.43266666666666664, "7JJ": 0.5576666666666666, "66J": 0.941, "69J": 0.6276666666666667, "6JJ": 0.7276666666666667, "99J": 0.5286666666666666, "9JJ": 0.5506666666666666, "JJJ": 0.6783333333333333, "3QQ": 0.5753333333333334, "33Q": 0.5653333333333334, "35Q": 0.51, "38Q": 0.4746666666666667, "3QT": 0.463, "23Q": 0.49166666666666664, "34Q": 0.5116666666666667, "3KQ": 0.482, "3AQ": 0.8676666666666667, "37Q": 0.48733333333333334, "36Q": 0.7046666666666667, "39Q": 0.463, "5QQ": 0.6026666666666667, "8QQ": 0.5633333333333334, "QQT": 0.5713333333333334, "2QQ": 0.5966666666666667, "4QQ": 0.5983333333333334, "KQQ": 0.5883333333333334, "AQQ": 0.82, "QQQ": 0.6923333333333334, "7QQ": 0.557, "6QQ": 0.7416666666666667, "9QQ": 0.5596666666666666, "58Q": 0.5, "55Q": 0.5753333333333334, "5QT": 0.4856666666666667, "25Q": 0.632, "45Q": 0.6493333333333333, "5KQ": 0.5096666666666667, "5AQ": 0.847, "57Q": 0.5106666666666667, "56Q": 0.7, "59Q": 0.495, "8QT": 0.452, "88Q": 0.5656666666666667, "28Q": 0.49333333333333335, "48Q": 0.49433333333333335, "8KQ": 0.4776666666666667, "8AQ": 0.8613333333333333, "78Q": 0.473, "68Q": 0.6386666666666667, "89Q": 0.44766666666666666, "2QT": 0.49366666666666664, "4QT": 0.48733333333333334, "KQT": 0.528, "AQT": 0.8106666666666666, "QTT": 0.5653333333333334, "7QT": 0.479, "6QT": 0.6453333333333333, "9QT": 0.42133333333333334, "24Q": 0.6323333333333333, "2KQ": 0.5146666666666667, "2AQ": 0.8636666666666667, "22Q": 0.5773333333333334, "27Q": 0.494, "26Q": 0.7313333333333333, "29Q": 0.476, "4KQ": 0.508, "4AQ": 0.8623333333333333, "47Q": 0.5123333333333333, "46Q": 0.7026666666666667, "49Q": 0.483, "44Q": 0.573, "AKQ": 0.8176666666666667, "7KQ": 0.5003333333333333, "6KQ": 0.6606666666666666, "9KQ": 0.4593333333333333, "KKQ": 0.5896666666666667, "AAQ": 0.9483333333333334, "7AQ": 0.8243333333333334, "6AQ": 0.895, "9AQ": 0.8496666666666667, "67Q": 0.621, "77Q": 0.5856666666666667, "79Q": 0.48933333333333334, "66Q": 0.954, "69Q": 0.641, "99Q": 0.5543333333333333, "335": 0.5753333333333334, "338": 0.5806666666666667, "33T": 0.5673333333333334, "233": 0.5953333333333334, "334": 0.5876666666666667, "33K": 0.5553333333333333, "33A": 0.8546666666666667, "333": 0.664, "337": 0.562, "336": 0.727, "339": 0.5593333333333333, "358": 0.5046666666666667, "355": 0.604, "35T": 0.49666666666666665, "235": 0.5596666666666666, "345": 0.6146666666666667, "35K": 0.512, "35A": 0.8573333333333333, "357": 0.5433333333333333, "356": 0.674, "359": 0.5096666666666667, "38T": 0.45366666666666666, "388": 0.587, "238": 0.49733333333333335, "348": 0.49233333333333335, "38K": 0.49533333333333335, "38A": 0.875, "378": 0.482, "368": 0.682, "389": 0.44366666666666665, "23T": 0.49033333333333334, "34T": 0.486, "3KT": 0.509, "3AT": 0.8646666666666667, "3TT": 0.575, "37T": 0.497, "36T": 0.6733333333333333, "39T": 0.451, "234": 0.5736666666666667, "23K": 0.513, "23A": 0.854, "223": 0.576, "237": 0.4766666666666667, "236": 0.725, "239": 0.4886666666666667, "34K": 0.5063333333333333, "34A": 0.868, "347": 0.563, "346": 0.6826666666666666, "349": 0.5123333333333333, "344": 0.5853333333333334, "3AK": 0.8583333333333333, "37K": 0.5083333333333333, "36K": 0.7153333333333334, "39K": 0.49066666666666664, "3KK": 0.582, "3AA": 0.9613333333333334, "37A": 0.8536666666666667, "36A": 0.9143333333333333, "39A": 0.8616666666666667, "367": 0.626, "377": 0.594, "379": 0.4876666666666667, "366": 0.9476666666666667, "369": 0.6996666666666667, "399": 0.5783333333333334, "558": 0.5623333333333334, "58T": 0.4563333333333333, "588": 0.5686666666666667, "258": 0.5283333333333333, "458": 0.5623333333333334, "58K": 0.4886666666666667, "58A": 0.869, "578": 0.621, "568": 0.638, "589": 0.515, "55T": 0.563, "255": 0.5983333333333334, "455": 0.5913333333333334, "55K": 0.5766666666666667, "55A": 0.848, "557": 0.5726666666666667, "556": 0.7206666666666667, "559": 0.5716666666666667, "555": 0.6946666666666667, "25T": 0.49333333333333335, "45T": 0.513, "5KT": 0.488, "5AT": 0.853, "5TT": 0.5686666666666667, "57T": 0.4736666666666667, "56T": 0.677, "59T": 0.45666666666666667, "245": 0.6543333333333333, "25K": 0.5076666666666667, "25A": 0.8623333333333333, "225": 0.571, "257": 0.5196666666666667, "256": 0.6963333333333334, "259": 0.49566666666666664, "45K": 0.514, "45A": 0.847, "457": 0.618, "456": 0.6613333333333333, "459": 0.5096666666666667, "445": 0.575, "5AK": 0.8533333333333334, "57K": 0.506, "56K": 0.6843333333333333, "59K": 0.477, "5KK": 0.574, "5AA": 0.955, "57A": 0.84, "56A": 0.8906666666666667, "59A": 0.8703333333333333, "567": 0.5746666666666667, "577": 0.572, "579": 0.5463333333333333, "566": 0.9296666666666666, "569": 0.6473333333333333, "599": 0.5613333333333334, "88T": 0.5406666666666666, "28T": 0.4593333333333333, "48T": 0.4623333333333333, "8KT": 0.45066666666666666, "8AT": 0.8076666666666666, "8TT": 0.528, "78T": 0.481, "68T": 0.59, "89T": 0.4246666666666667, "288": 0.5733333333333334, "488": 0.5866666666666667, "88K": 0.585, "88A": 0.853, "888": 0.686, "788": 0.5746666666666667, "688": 0.738, "889": 0.5453333333333333, "248": 0.5073333333333333, "28K": 0.4646666666666667, "28A": 0.873, "228": 0.5573333333333333, "278": 0.483, "268": 0.69, "289": 0.45866666666666667, "48K": 0.5006666666666667, "48A": 0.8713333333333333, "478": 0.5546666666666666, "468": 0.664, "489": 0.481, "448": 0.5646666666666667, "8AK": 0.8673333333333333, "78K": 0.479, "68K": 0.6463333333333333, "89K": 0.44233333333333336, "8KK": 0.55, "8AA": 0.9316666666666666, "78A": 0.826, "68A": 0.893, "89A": 0.8073333333333333, "678": 0.5466666666666666, "778": 0.5646666666666667, "789": 0.5453333333333333, "668": 0.9263333333333333, "689": 0.5706666666666667, "899": 0.5413333333333333, "24T": 0.5036666666666667, "2KT": 0.49, "2AT": 0.873, "22T": 0.5603333333333333, "2TT": 0.5756666666666667, "27T": 0.4706666666666667, "26T": 0.713, "29T": 0.458, "4KT": 0.4676666666666667, "4AT": 0.8673333333333333, "4TT": 0.5806666666666667, "47T": 0.475, "46T": 0.6823333333333333, "49T": 0.44433333333333336, "44T": 0.5646666666666667, "AKT": 0.8263333333333334, "KTT": 0.578, "7KT": 0.485, "6KT": 0.673, "9KT": 0.43266666666666664,