{"4JT": 0.147, "49J": 0.159, "4JJ": 0.15866666666666668, "4JQ": 0.15833333333333333, "45J": 0.26966666666666667, "4JK": 0.15266666666666667, "24J": 0.5656666666666667, "46J": 0.39566666666666667, "4AJ": 0.14966666666666667, "48J": 0.151, "47J": 0.14433333333333334, "34J": 0.525, "44J": 0.17, "9JT": 0.10733333333333334, "JJT": 0.12966666666666668, "JQT": 0.09933333333333333, "5JT": 0.12166666666666667, "JTT": 0.16466666666666666, "JKT": 0.11066666666666666, "2JT": 0.4866666666666667, "6JT": 0.15766666666666668, "AJT": 0.11366666666666667, "8JT": 0.09466666666666666, "7JT": 0.10766666666666666, "3JT": 0.49466666666666664, "9JJ": 0.13333333333333333, "9JQ": 0.097, "59J": 0.12166666666666667, "9JK": 0.10233333333333333, "29J": 0.5243333333333333, "69J": 0.16166666666666665, "9AJ": 0.10833333333333334, "89J": 0.104, "79J": 0.121, "39J": 0.5193333333333333, "99J": 0.12233333333333334, "JJQ": 0.12733333333333333, "5JJ": 0.148, "JJK": 0.14266666666666666, "2JJ": 0.5456666666666666, "6JJ": 0.167, "AJJ": 0.139, "8JJ": 0.13166666666666665, "7JJ": 0.132, "3JJ": 0.5293333333333333, "JJJ": 0.179, "5JQ": 0.13566666666666666, "JKQ": 0.105, "2JQ": 0.5073333333333333, "6JQ": 0.16366666666666665, "AJQ": 0.12033333333333333, "8JQ": 0.11266666666666666, "7JQ": 0.11466666666666667, "3JQ": 0.49133333333333334, "JQQ": 0.15933333333333333, "5JK": 0.12733333333333333, "25J": 0.56, "55J": 0.14566666666666667, "56J": 0.26966666666666667, "5AJ": 0.132, "58J": 0.12766666666666668, "57J": 0.12633333333333333, "35J": 0.527, "2JK": 0.5436666666666666, "6JK": 0.154, "AJK": 0.10966666666666666, "8JK": 0.11266666666666666, "7JK": 0.11833333333333333, "3JK": 0.5223333333333333, "JKK": 0.15366666666666667, "26J": 0.5226666666666666, "2AJ": 0.5293333333333333, "28J": 0.5066666666666667, "27J": 0.5126666666666667, "23J": 0.8466666666666667, "22J": 0.9036666666666666, "6AJ": 0.15366666666666667, "68J": 0.15933333333333333, "67J": 0.15066666666666667, "66J": 0.16366666666666665, "36J": 0.535, "8AJ": 0.122, "7AJ": 0.117, "3AJ": 0.537, "AAJ": 0.15533333333333332, "88J": 0.12933333333333333, "78J": 0.11166666666666666, "38J": 0.5106666666666667, "37J": 0.5153333333333333, "77J": 0.14533333333333334, "33J": 0.9283333333333333, "49T": 0.126, "4QT": 0.13166666666666665, "45T": 0.242, "4TT": 0.17, "4KT": 0.12166666666666667, "24T": 0.523, "46T": 0.27, "4AT": 0.135, "48T": 0.12066666666666667, "47T": 0.137, "34T": 0.5163333333333333, "44T": 0.13766666666666666, "49Q": 0.133, "459": 0.264, "49K": 0.13766666666666666, "249": 0.5383333333333333, "469": 0.2653333333333333, "49A": 0.13566666666666666, "489": 0.127, "479": 0.125, "349": 0.5223333333333333, "449": 0.158, "499": 0.154, "45Q": 0.2613333333333333, "4KQ": 0.14633333333333334, "24Q": 0.54, "46Q": 0.263, "4AQ": 0.14166666666666666, "48Q": 0.12533333333333332, "47Q": 0.12833333333333333, "34Q": 0.5166666666666667, "44Q": 0.13833333333333334, "4QQ": 0.16033333333333333, "45K": 0.256, "245": 0.572, "455": 0.25466666666666665, "456": 0.8113333333333334, "45A": 0.255, "458": 0.22266666666666668, "457": 0.2, "345": 0.5173333333333333, "445": 0.2806666666666667, "24K": 0.552, "46K": 0.2703333333333333, "4AK": 0.13666666666666666, "48K": 0.134, "47K": 0.12966666666666668, "34K": 0.5383333333333333, "44K": 0.14333333333333334, "4KK": 0.16533333333333333, "246": 0.552, "24A": 0.536, "248": 0.521, "247": 0.5143333333333333, "234": 0.787, "224": 0.9053333333333333, "244": 0.5606666666666666, "46A": 0.27466666666666667, "468": 0.24333333333333335, "467": 0.21266666666666667, "466": 0.27466666666666667, "346": 0.514, "446": 0.258, "48A": 0.14166666666666666, "47A": 0.12033333333333333, "34A": 0.5383333333333333, "44A": 0.15933333333333333, "4AA": 0.168, "488": 0.145, "478": 0.10866666666666666, "348": 0.506, "448": 0.15266666666666667, "347": 0.4856666666666667, "447": 0.14366666666666666, "477": 0.14533333333333334, "344": 0.5596666666666666, "334": 0.9186666666666666, "444": 0.177, "9QT": 0.10566666666666667, "59T": 0.13633333333333333, "9TT": 0.131, "9KT": 0.10866666666666666, "29T": 0.4786666666666667, "69T": 0.132, "9AT": 0.12166666666666667, "89T": 0.09366666666666666, "79T": 0.108, "39T": 0.505, "99T": 0.13133333333333333, "5QT": 0.13033333333333333, "QTT": 0.12366666666666666, "KQT": 0.10466666666666667, "2QT": 0.4116666666666667, "6QT": 0.11933333333333333, "AQT": 0.11633333333333333, "8QT": 0.08533333333333333, "7QT": 0.08866666666666667, "3QT": 0.41833333333333333, "QQT": 0.126, "5TT": 0.166, "5KT": 0.12833333333333333, "25T": 0.5226666666666666, "55T": 0.151, "56T": 0.25033333333333335, "5AT": 0.13566666666666666, "58T": 0.12133333333333333, "57T": 0.11133333333333334, "35T": 0.514, "KTT": 0.13633333333333333, "2TT": 0.5486666666666666, "6TT": 0.162, "ATT": 0.13466666666666666, "8TT": 0.11733333333333333, "7TT": 0.12566666666666668, "3TT": 0.54, "TTT": 0.16466666666666666, "2KT": 0.497, "6KT": 0.14133333333333334, "AKT": 0.107, "8KT": 0.11366666666666667, "7KT": 0.112, "3KT": 0.5066666666666667, "KKT": 0.13133333333333333, "26T": 0.5206666666666667, "2AT": 0.527, "28T": 0.4116666666666667, "27T": 0.4216666666666667, "23T": 0.7176666666666667, "22T": 0.9056666666666666, "6AT": 0.12333333333333334, "68T": 0.11366666666666667, "67T": 0.11633333333333333, "66T": 0.153, "36T": 0.49533333333333335, "8AT": 0.10566666666666667, "7AT": 0.10666666666666667, "3AT": 0.518, "AAT": 0.12666666666666668, "88T": 0.12466666666666666, "78T": 0.07866666666666666, "38T": 0.43, "37T": 0.4063333333333333, "77T": 0.12133333333333333, "33T": 0.9006666666666666, "59Q": 0.13733333333333334, "9KQ": 0.11166666666666666, "29Q": 0.5113333333333333, "69Q": 0.13333333333333333, "9AQ": 0.12133333333333333, "89Q": 0.108, "79Q": 0.121, "39Q": 0.501, "99Q": 0.12566666666666668, "9QQ": 0.13666666666666666, "59K": 0.12433333333333334, "259": 0.538, "559": 0.14466666666666667, "569": 0.25466666666666665, "59A": 0.13366666666666666, "589": 0.124, "579": 0.129, "359": 0.5233333333333333, "599": 0.17233333333333334, "29K": 0.5183333333333333, "69K": 0.127, "9AK": 0.09666666666666666, "89K": 0.117, "79K": 0.12266666666666666, "39K": 0.515, "9KK": 0.12066666666666667, "99K": 0.13133333333333333, "269": 0.5293333333333333, "29A": 0.5263333333333333, "289": 0.49833333333333335, "279": 0.49633333333333335, "239": 0.835, "229": 0.925, "299": 0.555, "69A": 0.11266666666666666, "689": 0.11866666666666667, "679": 0.10833333333333334, "669": 0.13833333333333334, "369": 0.5266666666666666, "699": 0.13966666666666666, "89A": 0.11433333333333333, "79A": 0.11833333333333333, "39A": 0.5483333333333333, "99A": 0.12933333333333333, "9AA": 0.12933333333333333, "889": 0.13166666666666665, "789": 0.09833333333333333, "389": 0.49166666666666664, "899": 0.13833333333333334, "379": 0.5006666666666667, "779": 0.138, "799": 0.135, "399": 0.5563333333333333, "339": 0.9286666666666666, "999": 0.169, "5KQ": 0.145, "25Q": 0.535, "55Q": 0.138, "56Q": 0.24766666666666667, "5AQ": 0.129, "58Q": 0.13066666666666665, "57Q": 0.12266666666666666, "35Q": 0.5136666666666667, "5QQ": 0.147, "2KQ": 0.5066666666666667, "6KQ": 0.13466666666666666, "AKQ": 0.105, "8KQ": 0.106, "7KQ": 0.11566666666666667, "3KQ": 0.5143333333333333, "KKQ": 0.14433333333333334, "KQQ": 0.12833333333333333, "26Q": 0.5266666666666666, "2AQ": 0.5026666666666667, "28Q": 0.426, "27Q": 0.4523333333333333, "23Q": 0.7043333333333334, "22Q": 0.9116666666666666, "2QQ": 0.5516666666666666, "6AQ": 0.12833333333333333, "68Q": 0.128, "67Q": 0.12933333333333333, "66Q": 0.154, "36Q": 0.517, "6QQ": 0.17533333333333334, "8AQ": 0.115, "7AQ": 0.10466666666666667, "3AQ": 0.5223333333333333, "AAQ": 0.13733333333333334, "AQQ": 0.145, "88Q": 0.12633333333333333, "78Q": 0.073, "38Q": 0.4186666666666667, "8QQ": 0.126, "37Q": 0.411, "77Q": 0.11233333333333333, "7QQ": 0.13566666666666666, "3QQ": 0.5426666666666666, "33Q": 0.8943333333333333, "QQQ": 0.17, "25K": 0.5306666666666666, "55K": 0.14666666666666667, "56K": 0.26466666666666666, "5AK": 0.12333333333333334,