{"ATT": 0.9046666666666666, "7TT": 0.9256666666666666, "5TT": 0.927, "9TT": 0.9243333333333333, "3TT": 0.952, "2TT": 0.9356666666666666, "6TT": 0.9876666666666667, "4TT": 0.948, "JTT": 0.9093333333333333, "KTT": 0.9323333333333333, "8TT": 0.914, "QTT": 0.8796666666666667, "TTT": 1.0, "7AT": 0.693, "5AT": 0.7136666666666667, "9AT": 0.7183333333333334, "3AT": 0.7466666666666667, "2AT": 0.7086666666666667, "6AT": 0.859, "4AT": 0.7393333333333333, "AJT": 0.623, "AAT": 0.7853333333333333, "AKT": 0.651, "8AT": 0.6956666666666667, "AQT": 0.6323333333333333, "57T": 0.7456666666666667, "79T": 0.7263333333333334, "37T": 0.766, "27T": 0.756, "67T": 0.8146666666666667, "47T": 0.784, "7JT": 0.666, "7KT": 0.7136666666666667, "77T": 0.724, "78T": 0.705, "7QT": 0.7026666666666667, "59T": 0.7723333333333333, "35T": 0.7896666666666666, "25T": 0.7586666666666667, "56T": 0.8653333333333333, "45T": 0.7876666666666666, "55T": 0.721, "5JT": 0.703, "5KT": 0.7293333333333333, "58T": 0.746, "5QT": 0.6896666666666667, "39T": 0.7653333333333333, "29T": 0.7656666666666667, "69T": 0.8453333333333334, "49T": 0.7543333333333333, "9JT": 0.6296666666666667, "9KT": 0.6823333333333333, "99T": 0.7316666666666667, "89T": 0.646, "9QT": 0.6473333333333333, "23T": 0.794, "33T": 0.7663333333333333, "36T": 0.9056666666666666, "34T": 0.7876666666666666, "3JT": 0.71, "3KT": 0.7126666666666667, "38T": 0.7403333333333333, "3QT": 0.721, "26T": 0.8893333333333333, "22T": 0.733, "24T": 0.7843333333333333, "2JT": 0.704, "2KT": 0.7286666666666667, "28T": 0.7396666666666667, "2QT": 0.699, "46T": 0.8896666666666667, "6JT": 0.8736666666666667, "66T": 0.991, "6KT": 0.874, "68T": 0.8066666666666666, "6QT": 0.8476666666666667, "4JT": 0.6916666666666667, "44T": 0.765, "4KT": 0.725, "48T": 0.7543333333333333, "4QT": 0.7203333333333334, "JKT": 0.6016666666666667, "JJT": 0.741, "8JT": 0.64, "JQT": 0.561, "KKT": 0.749, "8KT": 0.694, "KQT": 0.622, "88T": 0.732, "8QT": 0.6606666666666666, "QQT": 0.739, "57A": 0.26566666666666666, "79A": 0.3913333333333333, "37A": 0.311, "27A": 0.251, "67A": 0.5013333333333333, "47A": 0.319, "7AJ": 0.341, "7AA": 0.36633333333333334, "7AK": 0.3546666666666667, "77A": 0.361, "78A": 0.4073333333333333, "7AQ": 0.30033333333333334, "59A": 0.30766666666666664, "35A": 0.297, "25A": 0.25, "56A": 0.5456666666666666, "45A": 0.317, "55A": 0.3453333333333333, "5AJ": 0.3303333333333333, "5AA": 0.37133333333333335, "5AK": 0.338, "58A": 0.301, "5AQ": 0.29433333333333334, "39A": 0.31033333333333335, "29A": 0.303, "69A": 0.6276666666666667, "49A": 0.3453333333333333, "9AJ": 0.39266666666666666, "9AA": 0.392, "9AK": 0.3526666666666667, "99A": 0.3863333333333333, "89A": 0.4056666666666667, "9AQ": 0.3456666666666667, "23A": 0.307, "33A": 0.3526666666666667, "36A": 0.6756666666666666, "34A": 0.33566666666666667, "3AJ": 0.358, "3AA": 0.4023333333333333, "3AK": 0.38133333333333336, "38A": 0.32266666666666666, "3AQ": 0.31866666666666665, "26A": 0.5603333333333333, "22A": 0.33366666666666667, "24A": 0.292, "2AJ": 0.3243333333333333, "2AA": 0.3536666666666667, "2AK": 0.32233333333333336, "28A": 0.30133333333333334, "2AQ": 0.29133333333333333, "46A": 0.649, "6AJ": 0.6373333333333333, "6AA": 0.6826666666666666, "66A": 0.924, "6AK": 0.6416666666666667, "68A": 0.6046666666666667, "6AQ": 0.5313333333333333, "4AJ": 0.37766666666666665, "4AA": 0.386, "44A": 0.34933333333333333, "4AK": 0.348, "48A": 0.30333333333333334, "4AQ": 0.346, "AAJ": 0.42433333333333334, "AJK": 0.4613333333333333, "AJJ": 0.411, "8AJ": 0.36766666666666664, "AJQ": 0.43266666666666664, "AAK": 0.43966666666666665, "8AA": 0.3883333333333333, "AAA": 0.451, "AAQ": 0.4146666666666667, "AKK": 0.428, "8AK": 0.373, "AKQ": 0.431, "88A": 0.38566666666666666, "8AQ": 0.3466666666666667, "AQQ": 0.42833333333333334, "579": 0.3556666666666667, "357": 0.36466666666666664, "257": 0.23766666666666666, "567": 0.4716666666666667, "457": 0.44, "557": 0.326, "57J": 0.302, "57K": 0.325, "577": 0.3363333333333333, "578": 0.44866666666666666, "57Q": 0.277, "379": 0.389, "279": 0.37433333333333335, "679": 0.6073333333333333, "479": 0.42233333333333334, "79J": 0.40166666666666667, "79K": 0.43333333333333335, "779": 0.4236666666666667, "799": 0.42633333333333334, "789": 0.907, "79Q": 0.4023333333333333, "237": 0.28, "337": 0.32766666666666666, "367": 0.609, "347": 0.39166666666666666, "37J": 0.3363333333333333, "37K": 0.345, "377": 0.347, "378": 0.4063333333333333, "37Q": 0.29833333333333334, "267": 0.5656666666666667, "227": 0.31233333333333335, "247": 0.28733333333333333, "27J": 0.29933333333333334, "27K": 0.307, "277": 0.32166666666666666, "278": 0.38066666666666665, "27Q": 0.262, "467": 0.586, "67J": 0.598, "667": 0.891, "67K": 0.6066666666666667, "677": 0.647, "678": 0.5726666666666667, "67Q": 0.5333333333333333, "47J": 0.3436666666666667, "447": 0.33266666666666667, "47K": 0.329, "477": 0.3526666666666667, "478": 0.47733333333333333, "47Q": 0.316, "7JK": 0.37, "77J": 0.377, "7JJ": 0.3546666666666667, "78J": 0.4, "7JQ": 0.3463333333333333, "77K": 0.37566666666666665, "7KK": 0.384, "78K": 0.427, "7KQ": 0.36766666666666664, "778": 0.4256666666666667, "777": 0.3993333333333333, "77Q": 0.36, "788": 0.43633333333333335, "78Q": 0.4166666666666667, "7QQ": 0.36733333333333335, "359": 0.30666666666666664, "259": 0.29433333333333334, "569": 0.6116666666666667, "459": 0.30966666666666665, "559": 0.31633333333333336, "59J": 0.35133333333333333, "59K": 0.31066666666666665, "599": 0.34933333333333333, "589": 0.39566666666666667, "59Q": 0.31566666666666665, "235": 0.35433333333333333, "335": 0.33266666666666667, "356": 0.613, "345": 0.45, "355": 0.34933333333333333, "35J": 0.312, "35K": 0.33866666666666667, "358": 0.29633333333333334, "35Q": 0.299, "256": 0.5613333333333334, "225": 0.31533333333333335, "245": 0.372, "255": 0.308, "25J": 0.30433333333333334, "25K": 0.303, "258": 0.26866666666666666, "25Q": 0.249, "456": 0.5946666666666667, "556": 0.6606666666666666, "56J": 0.634, "566": 0.8996666666666666, "56K": 0.6386666666666667, "568": 0.5843333333333334, "56Q": 0.547, "455": 0.3393333333333333, "45J": 0.35833333333333334, "445": 0.34, "45K": 0.32866666666666666, "458": 0.37166666666666665, "45Q": 0.30133333333333334, "55J": 0.351, "55K": 0.33866666666666667, "558": 0.32766666666666666, "55Q": 0.3446666666666667, "555": 0.38166666666666665, "5JK": 0.36533333333333334, "5JJ": 0.3456666666666667, "58J": 0.32233333333333336, "5JQ": 0.358, "5KK": 0.3913333333333333, "58K": 0.325, "5KQ": 0.3433333333333333, "588": 0.3506666666666667, "58Q": 0.316, "5QQ": 0.36533333333333334, "239": 0.3006666666666667, "339": 0.347, "369": 0.6776666666666666, "349": 0.3263333333333333, "39J": 0.3433333333333333, "39K": 0.3353333333333333, "399": 0.36933333333333335, "389": 0.4126666666666667, "39Q": 0.3406666666666667, "269": 0.6473333333333333, "229": 0.31733333333333336, "249": 0.3293333333333333, "29J": 0.348, "29K": 0.3333333333333333, "299": 0.331, "289": 0.40066666666666667, "29Q": 0.33366666666666667, "469": 0.662, "69J": 0.647, "669": 0.931, "69K": 0.6446666666666667, "699": 0.7, "689": 0.6506666666666666, "69Q": 0.619, "49J": 0.4686666666666667, "449": 0.356, "49K": 0.35733333333333334, "499": 0.3566666666666667, "489": 0.408, "49Q": 0.3606666666666667, "9JK": 0.44233333333333336, "9JJ": 0.41833333333333333, "99J": 0.406, "89J": 0.4696666666666667, "9JQ": 0.5083333333333333, "99K": 0.4043333333333333, "9KK": 0.388, "89K": 0.4226666666666667, "9KQ": 0.435, "899": 0.43266666666666664, "99Q": 0.3933333333333333, "999": 0.4093333333333333, "889": 0.432, "89Q": 0.5196666666666667, "9QQ": 0.396, "233": 0.32666666666666666, "236": 0.6716666666666666, "223": 0.31933333333333336, "234": 0.36666666666666664, "23J": 0.31433333333333335, "23K": 0.3263333333333333, "238": 0.30266666666666664, "23Q": 0.316, "336": 0.686, "334": 0.351, "333": 0.4066666666666667, "33J": 0.373, "33K": 0.37233333333333335, "338": 0.32166666666666666, "33Q": 0.3463333333333333, "346": 0.6643333333333333, "36J": 0.683,