{"5JQ": 0.861, "JQT": 0.8186666666666667, "2JQ": 0.866, "6JQ": 0.8466666666666667, "AJQ": 0.9073333333333333, "8JQ": 0.836, "JKQ": 0.7966666666666666, "JQQ": 0.9616666666666667, "3JQ": 0.8616666666666667, "4JQ": 0.857, "7JQ": 0.8496666666666667, "9JQ": 0.7823333333333333, "JJQ": 0.8643333333333333, "5QT": 0.8266666666666667, "25Q": 0.88, "56Q": 0.8296666666666667, "5AQ": 0.951, "58Q": 0.8173333333333334, "5KQ": 0.803, "5QQ": 0.9733333333333334, "35Q": 0.8683333333333333, "45Q": 0.8456666666666667, "57Q": 0.8273333333333334, "59Q": 0.8486666666666667, "55Q": 0.8726666666666667, "2QT": 0.8586666666666667, "QTT": 0.854, "6QT": 0.8496666666666667, "AQT": 0.9123333333333333, "8QT": 0.7986666666666666, "KQT": 0.783, "QQT": 0.9583333333333334, "3QT": 0.8556666666666667, "4QT": 0.851, "7QT": 0.823, "9QT": 0.7626666666666667, "26Q": 0.882, "2AQ": 0.9296666666666666, "28Q": 0.8713333333333333, "2KQ": 0.8233333333333334, "22Q": 0.8796666666666667, "2QQ": 0.9516666666666667, "23Q": 0.874, "24Q": 0.8533333333333334, "27Q": 0.8836666666666667, "29Q": 0.8276666666666667, "6AQ": 0.9513333333333334, "68Q": 0.8463333333333334, "6KQ": 0.823, "6QQ": 0.9723333333333334, "66Q": 0.8713333333333333, "36Q": 0.8613333333333333, "46Q": 0.849, "67Q": 0.834, "69Q": 0.8456666666666667, "8AQ": 0.9343333333333333, "AKQ": 0.9103333333333333, "AQQ": 0.9973333333333333, "3AQ": 0.9466666666666667, "AAQ": 0.9996666666666667, "4AQ": 0.9233333333333333, "7AQ": 0.9483333333333334, "9AQ": 0.9203333333333333, "8KQ": 0.7923333333333333, "88Q": 0.86, "8QQ": 0.9623333333333334, "38Q": 0.8803333333333333, "48Q": 0.865, "78Q": 0.808, "89Q": 0.81, "KQQ": 0.9566666666666667, "3KQ": 0.8123333333333334, "KKQ": 0.88, "4KQ": 0.8236666666666667, "7KQ": 0.792, "9KQ": 0.7783333333333333, "3QQ": 0.9736666666666667, "QQQ": 0.9996666666666667, "4QQ": 0.9456666666666667, "7QQ": 0.9713333333333334, "9QQ": 0.934, "34Q": 0.8596666666666667, "33Q": 0.873, "37Q": 0.869, "39Q": 0.8596666666666667, "47Q": 0.8753333333333333, "49Q": 0.8366666666666667, "44Q": 0.8533333333333334, "79Q": 0.837, "77Q": 0.8723333333333333, "99Q": 0.858, "5JT": 0.5956666666666667, "25J": 0.5546666666666666, "56J": 0.5126666666666667, "5AJ": 0.8916666666666667, "58J": 0.5293333333333333, "5JK": 0.6003333333333334, "35J": 0.532, "45J": 0.541, "57J": 0.5026666666666667, "59J": 0.524, "5JJ": 0.6383333333333333, "55J": 0.6316666666666667, "2JT": 0.6326666666666667, "JTT": 0.6883333333333334, "6JT": 0.616, "AJT": 0.8803333333333333, "8JT": 0.6453333333333333, "JKT": 0.9426666666666667, "3JT": 0.61, "4JT": 0.635, "7JT": 0.5756666666666667, "9JT": 0.648, "JJT": 0.6956666666666667, "26J": 0.566, "2AJ": 0.8723333333333333, "28J": 0.5486666666666666, "2JK": 0.6286666666666667, "22J": 0.618, "23J": 0.5653333333333334, "24J": 0.5363333333333333, "27J": 0.5233333333333333, "29J": 0.5113333333333333, "2JJ": 0.623, "6AJ": 0.8953333333333333, "68J": 0.561, "6JK": 0.615, "66J": 0.6473333333333333, "36J": 0.5463333333333333, "46J": 0.53, "67J": 0.5393333333333333, "69J": 0.5386666666666666, "6JJ": 0.645, "8AJ": 0.8856666666666667, "AJK": 0.9036666666666666, "3AJ": 0.9013333333333333, "AAJ": 0.973, "4AJ": 0.8533333333333334, "7AJ": 0.8863333333333333, "9AJ": 0.8533333333333334, "AJJ": 0.8573333333333333, "8JK": 0.6, "88J": 0.637, "38J": 0.547, "48J": 0.538, "78J": 0.478, "89J": 0.576, "8JJ": 0.63, "3JK": 0.6243333333333333, "JKK": 0.7026666666666667, "4JK": 0.6273333333333333, "7JK": 0.6016666666666667, "9JK": 0.6003333333333334, "JJK": 0.691, "34J": 0.5576666666666666, "33J": 0.641, "37J": 0.545, "39J": 0.548, "3JJ": 0.617, "47J": 0.5086666666666667, "49J": 0.5343333333333333, "4JJ": 0.6006666666666667, "44J": 0.621, "79J": 0.5053333333333333, "7JJ": 0.6083333333333333, "77J": 0.6223333333333333, "99J": 0.63, "9JJ": 0.604, "JJJ": 0.7376666666666667, "25T": 0.53, "5TT": 0.6076666666666667, "56T": 0.492, "5AT": 0.858, "58T": 0.44466666666666665, "5KT": 0.527, "35T": 0.5143333333333333, "45T": 0.5016666666666667, "57T": 0.447, "59T": 0.514, "55T": 0.603, "256": 0.49933333333333335, "25A": 0.8583333333333333, "258": 0.5016666666666667, "25K": 0.5236666666666666, "225": 0.5813333333333334, "235": 0.5146666666666667, "245": 0.49, "257": 0.487, "259": 0.5063333333333333, "255": 0.61, "56A": 0.8563333333333333, "568": 0.4573333333333333, "56K": 0.5246666666666666, "566": 0.5983333333333334, "356": 0.4663333333333333, "456": 0.4513333333333333, "567": 0.438, "569": 0.4886666666666667, "556": 0.5913333333333334, "58A": 0.854, "5AK": 0.8713333333333333, "35A": 0.8806666666666667, "5AA": 0.954, "45A": 0.8443333333333334, "57A": 0.8263333333333334, "59A": 0.8566666666666667, "55A": 0.8816666666666667, "58K": 0.45466666666666666, "588": 0.5946666666666667, "358": 0.5053333333333333, "458": 0.4633333333333333, "578": 0.40166666666666667, "589": 0.497, "558": 0.5836666666666667, "35K": 0.5213333333333333, "5KK": 0.6116666666666667, "45K": 0.5126666666666667, "57K": 0.444, "59K": 0.5176666666666667, "55K": 0.6123333333333333, "345": 0.4633333333333333, "335": 0.6033333333333334, "357": 0.49, "359": 0.508, "355": 0.6136666666666667, "457": 0.4613333333333333, "459": 0.508, "455": 0.6096666666666667, "445": 0.581, "579": 0.48933333333333334, "557": 0.5616666666666666, "577": 0.5736666666666667, "599": 0.615, "559": 0.6266666666666667, "555": 0.7173333333333334, "2TT": 0.6303333333333333, "26T": 0.5423333333333333, "2AT": 0.8623333333333333, "28T": 0.5166666666666667, "2KT": 0.59, "22T": 0.6036666666666667, "23T": 0.5443333333333333, "24T": 0.5163333333333333, "27T": 0.5123333333333333, "29T": 0.5226666666666666, "6TT": 0.618, "ATT": 0.8756666666666667, "8TT": 0.5966666666666667, "KTT": 0.6523333333333333, "3TT": 0.642, "TTT": 0.7413333333333333, "4TT": 0.634, "7TT": 0.588, "9TT": 0.628, "6AT": 0.8813333333333333, "68T": 0.4703333333333333, "6KT": 0.5823333333333334, "66T": 0.62, "36T": 0.5213333333333333, "46T": 0.5126666666666667, "67T": 0.4653333333333333, "69T": 0.513, "8AT": 0.8476666666666667, "AKT": 0.8603333333333333, "3AT": 0.895, "AAT": 0.952, "4AT": 0.8743333333333333, "7AT": 0.8346666666666667, "9AT": 0.8373333333333334, "8KT": 0.508, "88T": 0.6, "38T": 0.5063333333333333, "48T": 0.5173333333333333, "78T": 0.412, "89T": 0.5373333333333333, "3KT": 0.5963333333333334, "KKT": 0.6766666666666666, "4KT": 0.597, "7KT": 0.5216666666666666, "9KT": 0.5863333333333334, "34T": 0.5286666666666666, "33T": 0.6213333333333333, "37T": 0.5353333333333333, "39T": 0.5363333333333333, "47T": 0.505, "49T": 0.5196666666666667, "44T": 0.5966666666666667, "79T": 0.4653333333333333, "77T": 0.5923333333333334, "99T": 0.6033333333333334, "26A": 0.8506666666666667, "268": 0.5096666666666667, "26K": 0.5366666666666666, "226": 0.6133333333333333, "266": 0.6, "236": 0.506, "246": 0.48533333333333334, "267": 0.519, "269": 0.4816666666666667, "28A": 0.877, "2AK": 0.874, "22A": 0.8663333333333333, "23A": 0.8813333333333333, "2AA": 0.9566666666666667, "24A": 0.756, "27A": 0.8756666666666667, "29A": 0.7726666666666666, "28K": 0.5463333333333333, "288": 0.6396666666666667, "228": 0.5966666666666667, "238": 0.522, "248": 0.511, "278": 0.4723333333333333, "289": 0.496, "22K": 0.5926666666666667, "23K": 0.556, "2KK": 0.6213333333333333, "24K": 0.541, "27K": 0.536, "29K": 0.5376666666666666, "222": 0.7416666666666667, "223": 0.6083333333333333, "224": 0.6033333333333334, "227": 0.5723333333333334, "229": 0.5873333333333334, "234": 0.4856666666666667, "233": 0.634, "237": 0.5256666666666666, "239": 0.518, "247": 0.5163333333333333, "249": 0.44966666666666666, "244": 0.5913333333333334, "279": 0.5063333333333333, "277": 0.634, "299": 0.598, "68A": 0.8716666666666667, "6AK": 0.887, "66A": 0.8513333333333334, "36A": 0.8763333333333333, "6AA": 0.9713333333333334, "46A": 0.834, "67A": 0.856, "69A": 0.858, "68K": 0.49566666666666664, "688": 0.583, "668": 0.599, "368": 0.5213333333333333, "468": 0.49066666666666664, "678": 0.44166666666666665, "689": 0.48, "66K": 0.6343333333333333, "36K": 0.5566666666666666,