{"9KQ": 0.155, "9AK": 0.13166666666666665, "49K": 0.5413333333333333, "59K": 0.132, "9KT": 0.12466666666666666, "69K": 0.14333333333333334, "79K": 0.13533333333333333, "99K": 0.14966666666666667, "89K": 0.12566666666666668, "9KK": 0.14333333333333334, "29K": 0.5243333333333333, "9JK": 0.15466666666666667, "39K": 0.15866666666666668, "AKQ": 0.12333333333333334, "4KQ": 0.5316666666666666, "KQQ": 0.13366666666666666, "5KQ": 0.132, "KQT": 0.10933333333333334, "6KQ": 0.139, "7KQ": 0.13933333333333334, "8KQ": 0.11833333333333333, "KKQ": 0.147, "2KQ": 0.515, "JKQ": 0.14766666666666667, "3KQ": 0.16766666666666666, "4AK": 0.43133333333333335, "AAK": 0.13433333333333333, "5AK": 0.11066666666666666, "AKT": 0.08966666666666667, "6AK": 0.13533333333333333, "7AK": 0.11933333333333333, "8AK": 0.08666666666666667, "AKK": 0.14733333333333334, "2AK": 0.439, "AJK": 0.13533333333333333, "3AK": 0.138, "45K": 0.42933333333333334, "4KT": 0.425, "46K": 0.535, "47K": 0.5256666666666666, "48K": 0.4483333333333333, "4KK": 0.5516666666666666, "24K": 0.7216666666666667, "44K": 0.9106666666666666, "4JK": 0.5283333333333333, "34K": 0.6056666666666667, "55K": 0.14733333333333334, "5KT": 0.11033333333333334, "56K": 0.25433333333333336, "57K": 0.14566666666666667, "58K": 0.10666666666666667, "5KK": 0.146, "25K": 0.43, "5JK": 0.133, "35K": 0.262, "6KT": 0.148, "7KT": 0.11166666666666666, "8KT": 0.10133333333333333, "KKT": 0.13366666666666666, "2KT": 0.4103333333333333, "JKT": 0.10866666666666666, "3KT": 0.13633333333333333, "KTT": 0.12966666666666668, "67K": 0.13766666666666666, "68K": 0.136, "6KK": 0.14133333333333334, "66K": 0.155, "26K": 0.5306666666666666, "6JK": 0.13733333333333334, "36K": 0.245, "78K": 0.12566666666666668, "7KK": 0.14833333333333334, "77K": 0.14966666666666667, "27K": 0.5313333333333333, "7JK": 0.13533333333333333, "37K": 0.13566666666666666, "8KK": 0.13966666666666666, "88K": 0.13, "28K": 0.445, "8JK": 0.12633333333333333, "38K": 0.139, "KKK": 0.17466666666666666, "2KK": 0.5433333333333333, "JKK": 0.15333333333333332, "3KK": 0.17233333333333334, "2JK": 0.5026666666666667, "23K": 0.5383333333333333, "22K": 0.9083333333333333, "3JK": 0.16666666666666666, "JJK": 0.13866666666666666, "33K": 0.14233333333333334, "9AQ": 0.14533333333333334, "49Q": 0.528, "9QQ": 0.15766666666666668, "59Q": 0.165, "9QT": 0.129, "69Q": 0.17666666666666667, "79Q": 0.14966666666666667, "99Q": 0.15966666666666668, "89Q": 0.14066666666666666, "29Q": 0.524, "9JQ": 0.2803333333333333, "39Q": 0.285, "49A": 0.5453333333333333, "9AA": 0.152, "59A": 0.129, "9AT": 0.12033333333333333, "69A": 0.158, "79A": 0.12933333333333333, "99A": 0.147, "89A": 0.11666666666666667, "29A": 0.5266666666666666, "9AJ": 0.14833333333333334, "39A": 0.16133333333333333, "459": 0.5326666666666666, "49T": 0.5056666666666667, "469": 0.552, "479": 0.5333333333333333, "499": 0.602, "489": 0.49233333333333335, "249": 0.8466666666666667, "449": 0.927, "49J": 0.542, "349": 0.6173333333333333, "559": 0.18, "59T": 0.141, "569": 0.24, "579": 0.144, "599": 0.162, "589": 0.124, "259": 0.5263333333333333, "59J": 0.16466666666666666, "359": 0.2793333333333333, "69T": 0.13, "79T": 0.12333333333333334, "99T": 0.14866666666666667, "89T": 0.10066666666666667, "29T": 0.5123333333333333, "9JT": 0.12833333333333333, "39T": 0.16733333333333333, "9TT": 0.13566666666666666, "679": 0.12, "699": 0.15533333333333332, "689": 0.135, "669": 0.17033333333333334, "269": 0.5383333333333333, "69J": 0.179, "369": 0.2816666666666667, "799": 0.15933333333333333, "789": 0.118, "779": 0.16266666666666665, "279": 0.5063333333333333, "79J": 0.133, "379": 0.16533333333333333, "899": 0.14633333333333334, "299": 0.5643333333333334, "99J": 0.17, "399": 0.18333333333333332, "999": 0.172, "889": 0.15066666666666667, "289": 0.49633333333333335, "89J": 0.15233333333333332, "389": 0.16866666666666666, "29J": 0.518, "239": 0.5446666666666666, "229": 0.922, "39J": 0.31166666666666665, "9JJ": 0.165, "339": 0.165, "4AQ": 0.543, "AQQ": 0.13233333333333333, "AAQ": 0.14166666666666666, "5AQ": 0.14166666666666666, "AQT": 0.11466666666666667, "6AQ": 0.14066666666666666, "7AQ": 0.12966666666666668, "8AQ": 0.13133333333333333, "2AQ": 0.5063333333333333, "AJQ": 0.15233333333333332, "3AQ": 0.169, "4QQ": 0.5616666666666666, "45Q": 0.5256666666666666, "4QT": 0.5193333333333333, "46Q": 0.5473333333333333, "47Q": 0.556, "48Q": 0.5276666666666666, "24Q": 0.845, "44Q": 0.9226666666666666, "4JQ": 0.5416666666666666, "34Q": 0.594, "5QQ": 0.151, "QQT": 0.138, "6QQ": 0.16366666666666665, "7QQ": 0.14466666666666667, "8QQ": 0.14333333333333334, "2QQ": 0.539, "JQQ": 0.166, "3QQ": 0.18166666666666667, "QQQ": 0.18166666666666667, "55Q": 0.18566666666666667, "5QT": 0.14266666666666666, "56Q": 0.2723333333333333, "57Q": 0.147, "58Q": 0.153, "25Q": 0.5266666666666666, "5JQ": 0.16266666666666665, "35Q": 0.2773333333333333, "6QT": 0.13566666666666666, "7QT": 0.12333333333333334, "8QT": 0.11366666666666667, "2QT": 0.5026666666666667, "JQT": 0.139, "3QT": 0.165, "QTT": 0.14033333333333334, "67Q": 0.14, "68Q": 0.148, "66Q": 0.15666666666666668, "26Q": 0.5346666666666666, "6JQ": 0.161, "36Q": 0.2783333333333333, "78Q": 0.12966666666666668, "77Q": 0.17966666666666667, "27Q": 0.5443333333333333, "7JQ": 0.15566666666666668, "37Q": 0.16166666666666665, "88Q": 0.15066666666666667, "28Q": 0.5326666666666666, "8JQ": 0.147, "38Q": 0.16766666666666666, "2JQ": 0.532, "23Q": 0.579, "22Q": 0.926, "3JQ": 0.2906666666666667, "JJQ": 0.16566666666666666, "33Q": 0.16933333333333334, "4AA": 0.561, "45A": 0.44666666666666666, "4AT": 0.424, "46A": 0.5216666666666666, "47A": 0.5243333333333333, "48A": 0.44033333333333335, "24A": 0.7106666666666667, "44A": 0.9086666666666666, "4AJ": 0.5433333333333333, "34A": 0.5793333333333334, "5AA": 0.142, "AAT": 0.141, "6AA": 0.143, "7AA": 0.14066666666666666, "AAA": 0.189, "8AA": 0.14133333333333334, "2AA": 0.545, "AAJ": 0.15566666666666668, "3AA": 0.16866666666666666, "55A": 0.16066666666666668, "5AT": 0.11466666666666667, "56A": 0.2643333333333333, "57A": 0.14333333333333334, "58A": 0.10333333333333333, "25A": 0.42633333333333334, "5AJ": 0.14333333333333334, "35A": 0.261, "6AT": 0.13933333333333334, "7AT": 0.127, "8AT": 0.085, "2AT": 0.42333333333333334, "AJT": 0.118, "3AT": 0.135, "ATT": 0.136, "67A": 0.144, "68A": 0.14166666666666666, "66A": 0.16566666666666666, "26A": 0.5313333333333333, "6AJ": 0.149, "36A": 0.266, "78A": 0.133, "77A": 0.14966666666666667, "27A": 0.5233333333333333, "7AJ": 0.13066666666666665, "37A": 0.14466666666666667, "88A": 0.13533333333333333, "28A": 0.4206666666666667, "8AJ": 0.12566666666666668, "38A": 0.14266666666666666, "2AJ": 0.5276666666666666, "23A": 0.533, "22A": 0.913, "3AJ": 0.15333333333333332, "AJJ": 0.14066666666666666, "33A": 0.14766666666666667, "455": 0.5443333333333333, "45T": 0.43333333333333335, "456": 0.4583333333333333, "457": 0.486, "458": 0.41333333333333333, "245": 0.6673333333333333, "445": 0.8773333333333333, "45J": 0.514, "345": 0.569, "46T": 0.5116666666666667, "47T": 0.5116666666666667, "48T": 0.43133333333333335, "24T": 0.7263333333333334, "44T": 0.9136666666666666, "4JT": 0.522, "34T": 0.5896666666666667, "4TT": 0.5813333333333334, "467": 0.456, "468": 0.486, "466": 0.5546666666666666, "246": 0.7816666666666666, "446": 0.8836666666666667, "46J": 0.5473333333333333, "346": 0.5803333333333334, "478": 0.482, "477": 0.576, "247": 0.837, "447": 0.9166666666666666, "47J": 0.5296666666666666, "347": 0.5746666666666667, "488": 0.5673333333333334, "248": 0.709, "448": 0.8866666666666667, "48J": 0.5283333333333333, "348": 0.586, "244": 0.983, "24J": 0.8353333333333334, "234": 0.7973333333333333, "224": 0.977, "44J": 0.9246666666666666, "344": 0.9326666666666666, "444": 1.0, "34J": 0.603, "4JJ": 0.581, "334": 0.602, "55T": 0.15866666666666668, "556": 0.2743333333333333, "557": 0.16533333333333333, "558": 0.156, "255": 0.546, "55J": 0.177, "355": 0.30033333333333334, "555": 0.19533333333333333, "56T": 0.25566666666666665,