{"6KQ": 0.565, "2KQ": 0.5706666666666667, "5KQ": 0.5886666666666667, "9KQ": 0.5903333333333334, "AKQ": 0.8916666666666667, "KKQ": 0.6803333333333333, "7KQ": 0.606, "3KQ": 0.5733333333333334, "KQQ": 0.6923333333333334, "4KQ": 0.6013333333333334, "8KQ": 0.6133333333333333, "JKQ": 0.941, "KQT": 0.7556666666666667, "26K": 0.49833333333333335, "56K": 0.497, "69K": 0.5226666666666666, "6AK": 0.8773333333333333, "6KK": 0.6326666666666667, "67K": 0.517, "36K": 0.502, "66K": 0.596, "46K": 0.5186666666666667, "68K": 0.526, "6JK": 0.5933333333333334, "6KT": 0.795, "25K": 0.52, "29K": 0.5346666666666666, "2AK": 0.9006666666666666, "2KK": 0.6193333333333333, "27K": 0.5383333333333333, "23K": 0.5056666666666667, "24K": 0.53, "22K": 0.6306666666666667, "28K": 0.5306666666666666, "2JK": 0.5836666666666667, "2KT": 0.783, "59K": 0.49266666666666664, "5AK": 0.89, "5KK": 0.6123333333333333, "57K": 0.5053333333333333, "35K": 0.5216666666666666, "45K": 0.512, "55K": 0.623, "58K": 0.5053333333333333, "5JK": 0.6053333333333333, "5KT": 0.7993333333333333, "9AK": 0.8913333333333333, "9KK": 0.6116666666666667, "99K": 0.6113333333333333, "79K": 0.5396666666666666, "39K": 0.5293333333333333, "49K": 0.504, "89K": 0.5166666666666667, "9JK": 0.5903333333333334, "9KT": 0.7383333333333333, "AKK": 0.8773333333333333, "7AK": 0.8806666666666667, "3AK": 0.886, "4AK": 0.8976666666666666, "8AK": 0.8913333333333333, "AJK": 0.8936666666666667, "AKT": 0.9, "AAK": 0.976, "7KK": 0.629, "KKK": 0.7446666666666667, "3KK": 0.6233333333333333, "4KK": 0.6086666666666667, "8KK": 0.614, "JKK": 0.6993333333333334, "KKT": 0.8293333333333334, "37K": 0.5193333333333333, "47K": 0.521, "78K": 0.5326666666666666, "7JK": 0.598, "7KT": 0.7586666666666667, "77K": 0.622, "33K": 0.6223333333333333, "34K": 0.5233333333333333, "38K": 0.5373333333333333, "3JK": 0.5793333333333334, "3KT": 0.7863333333333333, "48K": 0.5093333333333333, "4JK": 0.6046666666666667, "4KT": 0.797, "44K": 0.6206666666666667, "8JK": 0.606, "8KT": 0.7756666666666666, "88K": 0.606, "JKT": 0.737, "JJK": 0.6873333333333334, "KTT": 0.9436666666666667, "26Q": 0.4513333333333333, "56Q": 0.47433333333333333, "69Q": 0.5073333333333333, "6AQ": 0.86, "67Q": 0.499, "36Q": 0.439, "6QQ": 0.612, "66Q": 0.5953333333333334, "46Q": 0.5026666666666667, "68Q": 0.5133333333333333, "6JQ": 0.5226666666666666, "6QT": 0.752, "25Q": 0.5176666666666667, "29Q": 0.5156666666666667, "2AQ": 0.872, "27Q": 0.5263333333333333, "23Q": 0.45366666666666666, "2QQ": 0.5906666666666667, "24Q": 0.49566666666666664, "22Q": 0.5916666666666667, "28Q": 0.5056666666666667, "2JQ": 0.5126666666666667, "2QT": 0.7676666666666667, "59Q": 0.492, "5AQ": 0.878, "57Q": 0.5143333333333333, "35Q": 0.49866666666666665, "5QQ": 0.6196666666666667, "45Q": 0.502, "55Q": 0.5913333333333334, "58Q": 0.521, "5JQ": 0.59, "5QT": 0.7903333333333333, "9AQ": 0.8896666666666667, "99Q": 0.5903333333333334, "79Q": 0.519, "39Q": 0.5126666666666667, "9QQ": 0.6333333333333333, "49Q": 0.5186666666666667, "89Q": 0.5576666666666666, "9JQ": 0.6253333333333333, "9QT": 0.6866666666666666, "7AQ": 0.8766666666666667, "3AQ": 0.8703333333333333, "AQQ": 0.877, "4AQ": 0.882, "8AQ": 0.8726666666666667, "AJQ": 0.8773333333333333, "AQT": 0.888, "AAQ": 0.973, "37Q": 0.5013333333333333, "7QQ": 0.6393333333333333, "47Q": 0.5013333333333333, "78Q": 0.533, "7JQ": 0.582, "7QT": 0.7746666666666666, "77Q": 0.6226666666666667, "33Q": 0.596, "3QQ": 0.6026666666666667, "34Q": 0.5203333333333333, "38Q": 0.49366666666666664, "3JQ": 0.5273333333333333, "3QT": 0.748, "4QQ": 0.6243333333333333, "8QQ": 0.645, "JQQ": 0.6696666666666666, "QQT": 0.8286666666666667, "QQQ": 0.7276666666666667, "48Q": 0.5033333333333333, "4JQ": 0.5943333333333334, "4QT": 0.7653333333333333, "44Q": 0.6226666666666667, "8JQ": 0.6363333333333333, "8QT": 0.7383333333333333, "88Q": 0.6056666666666667, "JQT": 0.682, "JJQ": 0.6786666666666666, "QTT": 0.9426666666666667, "256": 0.463, "269": 0.489, "26A": 0.8573333333333333, "267": 0.4876666666666667, "236": 0.4166666666666667, "266": 0.5856666666666667, "246": 0.4513333333333333, "226": 0.5786666666666667, "268": 0.48933333333333334, "26J": 0.44133333333333336, "26T": 0.803, "569": 0.46066666666666667, "56A": 0.846, "567": 0.443, "356": 0.43766666666666665, "566": 0.5336666666666666, "456": 0.41833333333333333, "556": 0.56, "568": 0.43633333333333335, "56J": 0.47333333333333333, "56T": 0.7893333333333333, "69A": 0.8666666666666667, "699": 0.5806666666666667, "679": 0.5516666666666666, "369": 0.4856666666666667, "669": 0.5796666666666667, "469": 0.49, "689": 0.5306666666666666, "69J": 0.48433333333333334, "69T": 0.7676666666666667, "67A": 0.8603333333333333, "36A": 0.8456666666666667, "66A": 0.88, "46A": 0.866, "68A": 0.873, "6AJ": 0.851, "6AT": 0.9413333333333334, "6AA": 0.9606666666666667, "367": 0.45166666666666666, "667": 0.6, "467": 0.478, "678": 0.533, "67J": 0.48633333333333334, "67T": 0.7813333333333333, "677": 0.5996666666666667, "336": 0.5573333333333333, "366": 0.569, "346": 0.437, "368": 0.4836666666666667, "36J": 0.43966666666666665, "36T": 0.7913333333333333, "466": 0.5646666666666667, "668": 0.5593333333333333, "66J": 0.5806666666666667, "66T": 0.8253333333333334, "666": 0.7056666666666667, "468": 0.4693333333333333, "46J": 0.48, "46T": 0.8046666666666666, "446": 0.5636666666666666, "68J": 0.5083333333333333, "68T": 0.7866666666666666, "688": 0.6016666666666667, "6JT": 0.7426666666666667, "6JJ": 0.6063333333333333, "6TT": 0.957, "259": 0.477, "25A": 0.8736666666666667, "257": 0.49633333333333335, "235": 0.4613333333333333, "245": 0.46366666666666667, "225": 0.587, "255": 0.585, "258": 0.4836666666666667, "25J": 0.5073333333333333, "25T": 0.8363333333333334, "29A": 0.8886666666666667, "299": 0.5896666666666667, "279": 0.522, "239": 0.501, "249": 0.48833333333333334, "229": 0.596, "289": 0.5123333333333333, "29J": 0.5163333333333333, "29T": 0.8103333333333333, "27A": 0.873, "23A": 0.8543333333333333, "24A": 0.872, "22A": 0.8743333333333333, "28A": 0.889, "2AJ": 0.863, "2AT": 0.9536666666666667, "2AA": 0.9746666666666667, "237": 0.5126666666666667, "247": 0.5026666666666667, "227": 0.5966666666666667, "278": 0.5193333333333333, "27J": 0.522, "27T": 0.8276666666666667, "277": 0.599, "233": 0.5763333333333334, "234": 0.45566666666666666, "223": 0.569, "238": 0.4856666666666667, "23J": 0.43533333333333335, "23T": 0.8146666666666667, "224": 0.588, "248": 0.49066666666666664, "24J": 0.5073333333333333, "24T": 0.8353333333333334, "244": 0.5966666666666667, "228": 0.5886666666666667, "22J": 0.569, "22T": 0.8286666666666667, "222": 0.725, "28J": 0.5006666666666667, "28T": 0.8166666666666667, "288": 0.6086666666666667, "2JT": 0.7406666666666667, "2JJ": 0.5916666666666667, "2TT": 0.972, "59A": 0.847, "599": 0.5793333333333334, "579": 0.479, "359": 0.4786666666666667, "459": 0.445, "559": 0.575, "589": 0.42733333333333334, "59J": 0.49666666666666665, "59T": 0.769, "57A": 0.8473333333333334, "35A": 0.8653333333333333, "45A": 0.8303333333333334, "55A": 0.883, "58A": 0.8473333333333334, "5AJ": 0.8763333333333333, "5AT": 0.946, "5AA": 0.939, "357": 0.4756666666666667, "457": 0.425, "557": 0.576, "578": 0.45466666666666666, "57J": 0.507, "57T": 0.8106666666666666, "577": 0.5683333333333334, "335": 0.5916666666666667, "345": 0.467, "355": 0.5556666666666666, "358": 0.478, "35J": 0.49033333333333334, "35T": 0.832, "455": 0.547, "458": 0.4236666666666667, "45J": 0.4866666666666667, "45T": 0.792, "445": 0.5663333333333334, "558": 0.55, "555": 0.7243333333333334, "55J": 0.5676666666666667, "55T": 0.8233333333333334, "58J": 0.497, "58T": 0.7826666666666666, "588": 0.551, "5JT": 0.774, "5JJ": 0.617, "5TT": 0.949, "99A": 0.8783333333333333, "79A": 0.87, "39A": 0.8766666666666667, "49A": 0.869, "89A": 0.8386666666666667, "9AJ": 0.8786666666666667, "9AT": 0.9233333333333333, "9AA": 0.9433333333333334, "799": 0.603, "399": 0.58, "999": 0.7123333333333334, "499": 0.5936666666666667, "899": 0.5833333333333334, "99J": 0.5976666666666667,