{"AJJ": 0.5453333333333333, "5AJ": 0.44366666666666665, "6AJ": 0.6296666666666667, "7AJ": 0.4623333333333333, "3AJ": 0.64, "AJT": 0.608, "2AJ": 0.469, "4AJ": 0.651, "9AJ": 0.527, "AAJ": 0.5733333333333334, "AJQ": 0.7583333333333333, "AJK": 0.58, "8AJ": 0.7203333333333334, "56A": 0.439, "57A": 0.43666666666666665, "55A": 0.49933333333333335, "35A": 0.429, "5AT": 0.44333333333333336, "25A": 0.397, "45A": 0.42733333333333334, "59A": 0.41633333333333333, "5AA": 0.528, "5AQ": 0.7713333333333333, "5AK": 0.48233333333333334, "58A": 0.716, "67A": 0.467, "36A": 0.6243333333333333, "6AT": 0.467, "26A": 0.4533333333333333, "66A": 0.5213333333333333, "46A": 0.6206666666666667, "69A": 0.4876666666666667, "6AA": 0.5493333333333333, "6AQ": 0.789, "6AK": 0.5106666666666667, "68A": 0.7456666666666667, "37A": 0.459, "7AT": 0.43266666666666664, "27A": 0.43966666666666665, "47A": 0.4646666666666667, "79A": 0.456, "77A": 0.5296666666666666, "7AA": 0.5246666666666666, "7AQ": 0.784, "7AK": 0.48433333333333334, "78A": 0.699, "3AT": 0.495, "23A": 0.45566666666666666, "34A": 0.6196666666666667, "33A": 0.517, "39A": 0.467, "3AA": 0.5663333333333334, "3AQ": 0.7856666666666666, "3AK": 0.5146666666666667, "38A": 0.7596666666666667, "2AT": 0.461, "4AT": 0.478, "9AT": 0.5136666666666667, "AAT": 0.5186666666666667, "AQT": 0.7323333333333333, "AKT": 0.5216666666666666, "ATT": 0.5086666666666667, "8AT": 0.6493333333333333, "24A": 0.436, "29A": 0.43733333333333335, "22A": 0.5016666666666667, "2AA": 0.536, "2AQ": 0.77, "2AK": 0.48833333333333334, "28A": 0.742, "44A": 0.5233333333333333, "49A": 0.4716666666666667, "4AA": 0.542, "4AQ": 0.7966666666666666, "4AK": 0.5233333333333333, "48A": 0.7496666666666667, "9AA": 0.5383333333333333, "9AQ": 0.764, "9AK": 0.48833333333333334, "99A": 0.551, "89A": 0.679, "AAQ": 0.8316666666666667, "AAK": 0.577, "AAA": 0.6196666666666667, "8AA": 0.7756666666666666, "AKQ": 0.697, "8AQ": 0.9003333333333333, "AQQ": 0.9466666666666667, "8AK": 0.6866666666666666, "AKK": 0.6006666666666667, "88A": 0.9356666666666666, "5JJ": 0.48333333333333334, "6JJ": 0.6416666666666667, "7JJ": 0.5096666666666667, "3JJ": 0.647, "JJT": 0.5556666666666666, "2JJ": 0.4826666666666667, "4JJ": 0.659, "9JJ": 0.5286666666666666, "JJQ": 0.7813333333333333, "JJK": 0.542, "JJJ": 0.5586666666666666, "8JJ": 0.7886666666666666, "56J": 0.6056666666666667, "57J": 0.416, "55J": 0.6336666666666667, "35J": 0.6123333333333333, "5JT": 0.5056666666666667, "25J": 0.41933333333333334, "45J": 0.5966666666666667, "59J": 0.5116666666666667, "5JQ": 0.835, "5JK": 0.4643333333333333, "58J": 0.7283333333333334, "67J": 0.609, "36J": 0.9506666666666667, "6JT": 0.6636666666666666, "26J": 0.6253333333333333, "66J": 0.624, "46J": 0.9423333333333334, "69J": 0.6563333333333333, "6JQ": 0.883, "6JK": 0.635, "68J": 0.8053333333333333, "37J": 0.6003333333333334, "7JT": 0.4856666666666667, "27J": 0.421, "47J": 0.6133333333333333, "79J": 0.492, "77J": 0.633, "7JQ": 0.833, "7JK": 0.43866666666666665, "78J": 0.675, "3JT": 0.6826666666666666, "23J": 0.6013333333333334, "34J": 0.9476666666666667, "33J": 0.638, "39J": 0.6643333333333333, "3JQ": 0.8783333333333333, "3JK": 0.6406666666666667, "38J": 0.8483333333333334, "2JT": 0.5256666666666666, "4JT": 0.6543333333333333, "9JT": 0.936, "JQT": 0.7606666666666667, "JKT": 0.5743333333333334, "JTT": 0.5673333333333334, "8JT": 0.683, "24J": 0.606, "29J": 0.48, "22J": 0.6206666666666667, "2JQ": 0.8013333333333333, "2JK": 0.4686666666666667, "28J": 0.7563333333333333, "44J": 0.6313333333333333, "49J": 0.664, "4JQ": 0.8783333333333333, "4JK": 0.647, "48J": 0.8186666666666667, "9JQ": 0.7846666666666666, "9JK": 0.5393333333333333, "99J": 0.6803333333333333, "89J": 0.717, "JKQ": 0.7213333333333334, "8JQ": 0.8903333333333333, "JQQ": 0.947, "8JK": 0.6823333333333333, "JKK": 0.7003333333333334, "88J": 0.9523333333333334, "567": 0.5533333333333333, "556": 0.6133333333333333, "356": 0.5726666666666667, "56T": 0.4266666666666667, "256": 0.39766666666666667, "566": 0.4663333333333333, "456": 0.6186666666666667, "569": 0.494, "56Q": 0.8243333333333334, "56K": 0.44966666666666666, "568": 0.7113333333333334, "557": 0.471, "357": 0.39166666666666666, "57T": 0.377, "257": 0.408, "457": 0.45866666666666667, "579": 0.4623333333333333, "577": 0.4846666666666667, "57Q": 0.826, "57K": 0.41333333333333333, "578": 0.6553333333333333, "355": 0.6203333333333333, "55T": 0.47533333333333333, "255": 0.48133333333333334, "455": 0.62, "559": 0.498, "55Q": 0.818, "55K": 0.5186666666666667, "555": 0.5463333333333333, "558": 0.7703333333333333, "35T": 0.4046666666666667, "235": 0.39466666666666667, "345": 0.5943333333333334, "335": 0.442, "359": 0.4146666666666667, "35Q": 0.828, "35K": 0.44733333333333336, "358": 0.7746666666666666, "25T": 0.3953333333333333, "45T": 0.4206666666666667, "59T": 0.48033333333333333, "5QT": 0.8126666666666666, "5KT": 0.428, "5TT": 0.45066666666666666, "58T": 0.69, "245": 0.3973333333333333, "259": 0.36533333333333334, "225": 0.4593333333333333, "25Q": 0.802, "25K": 0.4196666666666667, "258": 0.7733333333333333, "445": 0.466, "459": 0.4176666666666667, "45Q": 0.825, "45K": 0.43, "458": 0.7496666666666667, "59Q": 0.796, "59K": 0.42833333333333334, "599": 0.49666666666666665, "589": 0.6966666666666667, "5KQ": 0.7753333333333333, "58Q": 0.9146666666666666, "5QQ": 0.958, "58K": 0.7046666666666667, "5KK": 0.5323333333333333, "588": 0.9216666666666666, "367": 0.6036666666666667, "67T": 0.4686666666666667, "267": 0.433, "667": 0.4806666666666667, "467": 0.635, "679": 0.5583333333333333, "677": 0.649, "67Q": 0.8226666666666667, "67K": 0.4543333333333333, "678": 0.6523333333333333, "36T": 0.6286666666666667, "236": 0.598, "366": 0.6203333333333333, "346": 0.9333333333333333, "336": 0.6123333333333333, "369": 0.6093333333333333, "36Q": 0.8836666666666667, "36K": 0.6216666666666667, "368": 0.831, "26T": 0.426, "66T": 0.47, "46T": 0.6086666666666667, "69T": 0.5603333333333333, "6QT": 0.81, "6KT": 0.44566666666666666, "6TT": 0.48966666666666664, "68T": 0.6786666666666666, "266": 0.4563333333333333, "246": 0.5986666666666667, "269": 0.40166666666666667, "226": 0.6013333333333334, "26Q": 0.8153333333333334, "26K": 0.44366666666666665, "268": 0.7666666666666667, "666": 0.5486666666666666, "466": 0.6323333333333333, "669": 0.4716666666666667, "66Q": 0.8143333333333334, "66K": 0.5266666666666666, "668": 0.7583333333333333, "446": 0.6243333333333333, "469": 0.608, "46Q": 0.8753333333333333, "46K": 0.6483333333333333, "468": 0.811, "69Q": 0.8023333333333333, "69K": 0.4856666666666667, "699": 0.662, "689": 0.661, "6KQ": 0.778, "68Q": 0.9126666666666666, "6QQ": 0.9633333333333334, "68K": 0.712, "6KK": 0.6773333333333333, "688": 0.937, "37T": 0.4166666666666667, "237": 0.417, "347": 0.5766666666666667, "337": 0.436, "379": 0.4216666666666667, "377": 0.6186666666666667, "37Q": 0.835, "37K": 0.428, "378": 0.7366666666666667, "27T": 0.36666666666666664, "47T": 0.3963333333333333, "79T": 0.5323333333333333, "77T": 0.456, "7QT": 0.794, "7KT": 0.347, "7TT": 0.44333333333333336, "78T": 0.5473333333333333, "247": 0.4246666666666667, "279": 0.4083333333333333, "277": 0.48233333333333334, "227": 0.48233333333333334, "27Q": 0.82, "27K": 0.42433333333333334, "278": 0.7376666666666667, "447": 0.474, "479": 0.43866666666666665, "477": 0.643, "47Q": 0.831, "47K": 0.439, "478": 0.7003333333333334, "779": 0.485, "79Q": 0.7956666666666666, "79K": 0.42833333333333334, "799": 0.5036666666666667, "789": 0.6146666666666667, "77Q": 0.8313333333333334, "77K": 0.48833333333333334, "778": 0.7243333333333334, "777": 0.56, "7KQ": 0.7463333333333333, "78Q": 0.891, "7QQ": 0.94, "78K": 0.5936666666666667, "7KK": 0.5393333333333333, "788": 0.9036666666666666, "23T": 0.413, "34T": 0.602, "33T": 0.4563333333333333, "39T": 0.504, "3QT": 0.8213333333333334, "3KT": 0.457, "3TT": 0.509, "38T": 0.7336666666666667, "234": 0.5986666666666667, "233": 0.458, "239": 0.3903333333333333, "223": 0.625, "23Q": 0.803, "23K": 0.47833333333333333,