{"3AJ": 0.206, "3AT": 0.18666666666666668, "36A": 0.20866666666666667, "34A": 0.21, "37A": 0.179, "35A": 0.21466666666666667, "3AA": 0.25933333333333336, "3AK": 0.21633333333333332, "23A": 0.5716666666666667, "3AQ": 0.20333333333333334, "38A": 0.6813333333333333, "39A": 0.20666666666666667, "33A": 0.22733333333333333, "AJT": 0.23466666666666666, "6AJ": 0.212, "4AJ": 0.21966666666666668, "AJJ": 0.2693333333333333, "7AJ": 0.22933333333333333, "5AJ": 0.20966666666666667, "AAJ": 0.267, "AJK": 0.22833333333333333, "2AJ": 0.5586666666666666, "AJQ": 0.23533333333333334, "8AJ": 0.612, "9AJ": 0.25133333333333335, "6AT": 0.20733333333333334, "4AT": 0.219, "7AT": 0.18766666666666668, "5AT": 0.21, "AAT": 0.27066666666666667, "AKT": 0.23366666666666666, "2AT": 0.552, "AQT": 0.19433333333333333, "8AT": 0.5926666666666667, "9AT": 0.25833333333333336, "ATT": 0.26033333333333336, "46A": 0.228, "67A": 0.21966666666666668, "56A": 0.24666666666666667, "6AA": 0.23433333333333334, "6AK": 0.21333333333333335, "66A": 0.22966666666666666, "26A": 0.567, "6AQ": 0.208, "68A": 0.6466666666666666, "69A": 0.24, "44A": 0.23666666666666666, "47A": 0.197, "45A": 0.22166666666666668, "4AA": 0.23933333333333334, "4AK": 0.226, "24A": 0.5753333333333334, "4AQ": 0.20033333333333334, "48A": 0.6813333333333333, "49A": 0.21466666666666667, "57A": 0.18233333333333332, "7AA": 0.223, "7AK": 0.19566666666666666, "27A": 0.5353333333333333, "7AQ": 0.18, "78A": 0.6183333333333333, "79A": 0.22333333333333333, "77A": 0.219, "55A": 0.21466666666666667, "5AA": 0.24666666666666667, "5AK": 0.22366666666666668, "25A": 0.566, "5AQ": 0.20133333333333334, "58A": 0.681, "59A": 0.212, "AAK": 0.268, "2AA": 0.6153333333333333, "AAQ": 0.258, "8AA": 0.7026666666666667, "9AA": 0.2803333333333333, "AAA": 0.331, "2AK": 0.5646666666666667, "AKQ": 0.227, "AKK": 0.26866666666666666, "8AK": 0.622, "9AK": 0.22733333333333333, "2AQ": 0.5596666666666666, "28A": 0.8866666666666667, "29A": 0.556, "22A": 0.9386666666666666, "8AQ": 0.579, "9AQ": 0.23633333333333334, "AQQ": 0.265, "89A": 0.6056666666666667, "88A": 0.91, "99A": 0.2776666666666667, "3JT": 0.23066666666666666, "36J": 0.21666666666666667, "34J": 0.23066666666666666, "3JJ": 0.23866666666666667, "37J": 0.20233333333333334, "35J": 0.21933333333333332, "3JK": 0.19566666666666666, "23J": 0.5396666666666666, "3JQ": 0.22466666666666665, "38J": 0.684, "39J": 0.224, "33J": 0.22233333333333333, "36T": 0.22733333333333333, "34T": 0.219, "37T": 0.205, "35T": 0.21033333333333334, "3KT": 0.21033333333333334, "23T": 0.558, "3QT": 0.19633333333333333, "38T": 0.6753333333333333, "39T": 0.219, "33T": 0.225, "3TT": 0.24, "346": 0.395, "367": 0.21466666666666667, "356": 0.4003333333333333, "36K": 0.23, "366": 0.23166666666666666, "236": 0.5206666666666667, "36Q": 0.20433333333333334, "368": 0.6916666666666667, "369": 0.23666666666666666, "336": 0.22033333333333333, "344": 0.237, "347": 0.18866666666666668, "345": 0.3883333333333333, "34K": 0.21333333333333335, "234": 0.5286666666666666, "34Q": 0.214, "348": 0.7106666666666667, "349": 0.22733333333333333, "334": 0.22333333333333333, "357": 0.20466666666666666, "37K": 0.187, "237": 0.5693333333333334, "37Q": 0.181, "378": 0.7, "379": 0.21933333333333332, "337": 0.19, "377": 0.21866666666666668, "355": 0.223, "35K": 0.22, "235": 0.5223333333333333, "35Q": 0.22566666666666665, "358": 0.6873333333333334, "359": 0.22833333333333333, "335": 0.22633333333333333, "23K": 0.5316666666666666, "3KQ": 0.22066666666666668, "3KK": 0.268, "38K": 0.6913333333333334, "39K": 0.206, "33K": 0.22933333333333333, "23Q": 0.5756666666666667, "238": 0.8813333333333333, "239": 0.5523333333333333, "233": 0.596, "223": 0.9323333333333333, "38Q": 0.6823333333333333, "39Q": 0.214, "33Q": 0.22533333333333333, "3QQ": 0.265, "389": 0.6453333333333333, "338": 0.69, "388": 0.9156666666666666, "339": 0.23533333333333334, "399": 0.24333333333333335, "333": 0.26566666666666666, "6JT": 0.23666666666666666, "4JT": 0.24033333333333334, "JJT": 0.26666666666666666, "7JT": 0.2856666666666667, "5JT": 0.21966666666666668, "JKT": 0.23933333333333334, "2JT": 0.527, "JQT": 0.2786666666666667, "8JT": 0.5353333333333333, "9JT": 0.36333333333333334, "JTT": 0.265, "46J": 0.212, "6JJ": 0.25333333333333335, "67J": 0.218, "56J": 0.232, "6JK": 0.19766666666666666, "66J": 0.22933333333333333, "26J": 0.5476666666666666, "6JQ": 0.23266666666666666, "68J": 0.65, "69J": 0.22766666666666666, "4JJ": 0.236, "44J": 0.23733333333333334, "47J": 0.21166666666666667, "45J": 0.22533333333333333, "4JK": 0.20133333333333334, "24J": 0.5483333333333333, "4JQ": 0.22666666666666666, "48J": 0.6646666666666666, "49J": 0.219, "JJJ": 0.29033333333333333, "7JJ": 0.24166666666666667, "5JJ": 0.253, "JJK": 0.25133333333333335, "2JJ": 0.5866666666666667, "JJQ": 0.271, "8JJ": 0.673, "9JJ": 0.26666666666666666, "57J": 0.21666666666666667, "7JK": 0.209, "27J": 0.5396666666666666, "7JQ": 0.219, "78J": 0.622, "79J": 0.302, "77J": 0.22966666666666666, "55J": 0.22266666666666668, "5JK": 0.208, "25J": 0.5366666666666666, "5JQ": 0.21366666666666667, "58J": 0.654, "59J": 0.236, "2JK": 0.4543333333333333, "JKQ": 0.239, "JKK": 0.2633333333333333, "8JK": 0.5823333333333334, "9JK": 0.193, "2JQ": 0.5243333333333333, "28J": 0.8476666666666667, "29J": 0.466, "22J": 0.9233333333333333, "8JQ": 0.6083333333333333, "9JQ": 0.289, "JQQ": 0.2633333333333333, "89J": 0.5233333333333333, "88J": 0.9133333333333333, "99J": 0.273, "46T": 0.23466666666666666, "67T": 0.28633333333333333, "56T": 0.242, "6KT": 0.232, "66T": 0.23966666666666667, "26T": 0.5493333333333333, "6QT": 0.22, "68T": 0.617, "69T": 0.31766666666666665, "6TT": 0.244, "44T": 0.23333333333333334, "47T": 0.21033333333333334, "45T": 0.20566666666666666, "4KT": 0.222, "24T": 0.555, "4QT": 0.21333333333333335, "48T": 0.634, "49T": 0.23833333333333334, "4TT": 0.25833333333333336, "57T": 0.20966666666666667, "7KT": 0.21133333333333335, "27T": 0.54, "7QT": 0.18633333333333332, "78T": 0.5506666666666666, "79T": 0.369, "7TT": 0.24333333333333335, "77T": 0.236, "55T": 0.212, "5KT": 0.19666666666666666, "25T": 0.5453333333333333, "5QT": 0.207, "58T": 0.6473333333333333, "59T": 0.23066666666666666, "5TT": 0.22733333333333333, "2KT": 0.54, "KQT": 0.226, "KKT": 0.25733333333333336, "8KT": 0.6033333333333334, "9KT": 0.249, "KTT": 0.26666666666666666, "2QT": 0.5363333333333333, "28T": 0.868, "29T": 0.5346666666666666, "2TT": 0.6146666666666667, "22T": 0.9353333333333333, "8QT": 0.5406666666666666, "9QT": 0.30133333333333334, "QQT": 0.26266666666666666, "QTT": 0.2723333333333333, "89T": 0.5083333333333333, "8TT": 0.6746666666666666, "88T": 0.8803333333333333, "9TT": 0.308, "99T": 0.2956666666666667, "TTT": 0.2733333333333333, "446": 0.23466666666666666, "467": 0.288, "456": 0.43566666666666665, "46K": 0.232, "466": 0.237, "246": 0.5153333333333333, "46Q": 0.22333333333333333, "468": 0.6533333333333333, "469": 0.251, "567": 0.37633333333333335, "67K": 0.208, "667": 0.22766666666666666, "267": 0.563, "67Q": 0.20866666666666667, "678": 0.5936666666666667, "679": 0.37133333333333335, "677": 0.25266666666666665, "556": 0.244, "56K": 0.225, "566": 0.23266666666666666, "256": 0.53, "56Q": 0.23166666666666666, "568": 0.6366666666666667, "569": 0.30533333333333335, "66K": 0.22933333333333333, "26K": 0.5403333333333333, "6KQ": 0.22266666666666668, "6KK": 0.2643333333333333, "68K": 0.6536666666666666, "69K": 0.21833333333333332, "266": 0.603, "66Q": 0.244, "668": 0.6606666666666666, "669": 0.24966666666666668, "666": 0.262, "26Q": 0.565, "268": 0.851, "269": 0.527, "226": 0.931, "68Q": 0.661, "69Q": 0.23466666666666666, "6QQ": 0.257, "689": 0.5823333333333334, "688": 0.9096666666666666, "699": 0.262, "447": 0.21466666666666667, "445": 0.22333333333333333, "444": 0.274, "44K": 0.22133333333333333, "244": 0.6003333333333334, "44Q": 0.23666666666666666, "448": 0.678, "449": 0.22866666666666666, "457": 0.293, "47K": 0.203, "247": 0.5666666666666667, "47Q": 0.194, "478": 0.662, "479": 0.21666666666666667,