{"5AT": 0.27666666666666667, "3AT": 0.2806666666666667, "7AT": 0.38233333333333336, "AAT": 0.30733333333333335, "9AT": 0.389, "2AT": 0.29233333333333333, "8AT": 0.613, "ATT": 0.33, "AKT": 0.291, "4AT": 0.27366666666666667, "AJT": 0.30366666666666664, "AQT": 0.2816666666666667, "6AT": 0.6186666666666667, "35T": 0.259, "55T": 0.282, "57T": 0.448, "59T": 0.358, "25T": 0.273, "58T": 0.6776666666666666, "5TT": 0.32466666666666666, "5KT": 0.27066666666666667, "45T": 0.361, "5JT": 0.266, "5QT": 0.2816666666666667, "56T": 0.6663333333333333, "33T": 0.25233333333333335, "37T": 0.36766666666666664, "39T": 0.36966666666666664, "23T": 0.2776666666666667, "38T": 0.6813333333333333, "3TT": 0.29733333333333334, "3KT": 0.2613333333333333, "34T": 0.2623333333333333, "3JT": 0.2693333333333333, "3QT": 0.25933333333333336, "36T": 0.655, "79T": 0.8736666666666667, "27T": 0.3596666666666667, "78T": 0.6663333333333333, "77T": 0.387, "7TT": 0.3903333333333333, "7KT": 0.3473333333333333, "47T": 0.4503333333333333, "7JT": 0.3453333333333333, "7QT": 0.36766666666666664, "67T": 0.6276666666666667, "29T": 0.37066666666666664, "89T": 0.5706666666666667, "9TT": 0.422, "9KT": 0.378, "49T": 0.37766666666666665, "99T": 0.4136666666666667, "9JT": 0.4093333333333333, "9QT": 0.42766666666666664, "69T": 0.637, "22T": 0.256, "28T": 0.6906666666666667, "2TT": 0.30966666666666665, "2KT": 0.25, "24T": 0.256, "2JT": 0.266, "2QT": 0.24333333333333335, "26T": 0.6613333333333333, "8TT": 0.6963333333333334, "8KT": 0.607, "48T": 0.6706666666666666, "8JT": 0.5636666666666666, "8QT": 0.5656666666666667, "88T": 0.9036666666666666, "68T": 0.8006666666666666, "KTT": 0.304, "4TT": 0.304, "JTT": 0.317, "QTT": 0.31466666666666665, "6TT": 0.6733333333333333, "TTT": 0.3486666666666667, "4KT": 0.22366666666666668, "KKT": 0.30733333333333335, "JKT": 0.26966666666666667, "KQT": 0.234, "6KT": 0.5113333333333333, "44T": 0.2906666666666667, "4JT": 0.25566666666666665, "4QT": 0.22666666666666666, "46T": 0.5346666666666666, "JJT": 0.32233333333333336, "JQT": 0.33266666666666667, "6JT": 0.6013333333333334, "6QT": 0.531, "QQT": 0.31766666666666665, "66T": 0.9123333333333333, "35A": 0.2853333333333333, "55A": 0.29033333333333333, "57A": 0.4623333333333333, "5AA": 0.31733333333333336, "59A": 0.36733333333333335, "25A": 0.281, "58A": 0.6963333333333334, "5AK": 0.28933333333333333, "45A": 0.38066666666666665, "5AJ": 0.27, "5AQ": 0.2853333333333333, "56A": 0.672, "33A": 0.281, "37A": 0.29, "3AA": 0.3233333333333333, "39A": 0.301, "23A": 0.4023333333333333, "38A": 0.7073333333333334, "3AK": 0.2773333333333333, "34A": 0.2633333333333333, "3AJ": 0.2776666666666667, "3AQ": 0.282, "36A": 0.675, "7AA": 0.31733333333333336, "79A": 0.4706666666666667, "27A": 0.29133333333333333, "78A": 0.6896666666666667, "77A": 0.33266666666666667, "7AK": 0.30633333333333335, "47A": 0.374, "7AJ": 0.284, "7AQ": 0.2773333333333333, "67A": 0.623, "9AA": 0.3496666666666667, "2AA": 0.322, "8AA": 0.7373333333333333, "AAK": 0.29633333333333334, "4AA": 0.3, "AAJ": 0.31966666666666665, "AAQ": 0.309, "AAA": 0.348, "6AA": 0.6653333333333333, "29A": 0.2916666666666667, "89A": 0.637, "9AK": 0.31933333333333336, "49A": 0.29233333333333333, "99A": 0.3313333333333333, "9AJ": 0.30266666666666664, "9AQ": 0.31966666666666665, "69A": 0.6476666666666666, "22A": 0.2856666666666667, "28A": 0.7036666666666667, "2AK": 0.26, "24A": 0.2723333333333333, "2AJ": 0.2753333333333333, "2AQ": 0.27566666666666667, "26A": 0.6733333333333333, "8AK": 0.651, "48A": 0.7026666666666667, "8AJ": 0.639, "8AQ": 0.649, "88A": 0.944, "68A": 0.864, "4AK": 0.25333333333333335, "AKK": 0.31833333333333336, "AJK": 0.288, "AKQ": 0.281, "6AK": 0.608, "44A": 0.2996666666666667, "4AJ": 0.266, "4AQ": 0.265, "46A": 0.6603333333333333, "AJJ": 0.30333333333333334, "AJQ": 0.2826666666666667, "6AJ": 0.627, "6AQ": 0.6196666666666667, "AQQ": 0.30866666666666664, "66A": 0.9446666666666667, "355": 0.2753333333333333, "335": 0.27366666666666667, "357": 0.43166666666666664, "359": 0.3586666666666667, "235": 0.351, "358": 0.731, "35K": 0.25466666666666665, "345": 0.42966666666666664, "35J": 0.24533333333333332, "35Q": 0.25766666666666665, "356": 0.6523333333333333, "557": 0.45166666666666666, "559": 0.372, "255": 0.27666666666666667, "558": 0.72, "55K": 0.2826666666666667, "455": 0.36466666666666664, "55J": 0.2733333333333333, "55Q": 0.27166666666666667, "555": 0.312, "556": 0.6683333333333333, "579": 0.7726666666666666, "257": 0.45466666666666666, "578": 0.728, "577": 0.4713333333333333, "57K": 0.46, "457": 0.924, "57J": 0.394, "57Q": 0.44, "567": 0.675, "259": 0.36533333333333334, "589": 0.661, "59K": 0.37933333333333336, "459": 0.356, "599": 0.388, "59J": 0.3006666666666667, "59Q": 0.37166666666666665, "569": 0.6876666666666666, "225": 0.2856666666666667, "258": 0.747, "25K": 0.25933333333333336, "245": 0.44133333333333336, "25J": 0.25866666666666666, "25Q": 0.25733333333333336, "256": 0.677, "58K": 0.699, "458": 0.7496666666666667, "58J": 0.6586666666666666, "58Q": 0.6806666666666666, "588": 0.9513333333333334, "568": 0.8046666666666666, "45K": 0.35033333333333333, "5KK": 0.30833333333333335, "5JK": 0.2713333333333333, "5KQ": 0.25966666666666666, "56K": 0.6613333333333333, "445": 0.37866666666666665, "45J": 0.36866666666666664, "45Q": 0.357, "456": 0.631, "5JJ": 0.308, "5JQ": 0.26466666666666666, "56J": 0.66, "56Q": 0.6536666666666666, "5QQ": 0.299, "566": 0.906, "337": 0.2806666666666667, "339": 0.29, "233": 0.28933333333333333, "338": 0.722, "33K": 0.25166666666666665, "333": 0.31233333333333335, "334": 0.23333333333333334, "33J": 0.264, "33Q": 0.26266666666666666, "336": 0.672, "379": 0.43566666666666665, "237": 0.27266666666666667, "378": 0.7503333333333333, "377": 0.30433333333333334, "37K": 0.2673333333333333, "347": 0.3383333333333333, "37J": 0.251, "37Q": 0.256, "367": 0.6506666666666666, "239": 0.2826666666666667, "389": 0.6896666666666667, "39K": 0.26966666666666667, "349": 0.248, "399": 0.324, "39J": 0.279, "39Q": 0.2946666666666667, "369": 0.6893333333333334, "223": 0.264, "238": 0.7403333333333333, "23K": 0.25433333333333336, "234": 0.32566666666666666, "23J": 0.267, "23Q": 0.265, "236": 0.6743333333333333, "38K": 0.7063333333333334, "348": 0.7496666666666667, "38J": 0.698, "38Q": 0.706, "388": 0.955, "368": 0.8826666666666667, "34K": 0.23266666666666666, "3KK": 0.273, "3JK": 0.25333333333333335, "3KQ": 0.23866666666666667, "36K": 0.646, "344": 0.28, "34J": 0.262, "34Q": 0.23933333333333334, "346": 0.623, "3JJ": 0.285, "3JQ": 0.26266666666666666, "36J": 0.6823333333333333, "36Q": 0.649, "3QQ": 0.2813333333333333, "366": 0.928, "279": 0.442, "789": 0.651, "779": 0.45266666666666666, "79K": 0.454, "479": 0.469, "799": 0.4816666666666667, "79J": 0.376, "79Q": 0.463, "679": 0.6483333333333333, "227": 0.2763333333333333, "278": 0.7423333333333333, "277": 0.30666666666666664, "27K": 0.2693333333333333, "247": 0.359, "27J": 0.251, "27Q": 0.28, "267": 0.6856666666666666, "778": 0.7026666666666667, "78K": 0.704, "478": 0.735, "78J": 0.638, "78Q": 0.704, "788": 0.9343333333333333, "678": 0.7546666666666667, "77K": 0.298, "477": 0.39, "77J": 0.28633333333333333, "77Q": 0.2916666666666667, "777": 0.3413333333333333, "677": 0.686, "47K": 0.351, "7KK": 0.30133333333333334, "7JK": 0.2663333333333333, "7KQ": 0.2806666666666667, "67K": 0.6036666666666667, "447": 0.37633333333333335, "47J": 0.357, "47Q": 0.36333333333333334, "467": 0.6576666666666666, "7JJ": 0.30833333333333335, "7JQ": 0.275, "67J": 0.6093333333333333, "67Q": 0.6033333333333334, "7QQ": 0.31633333333333336, "667": 0.9136666666666666, "229": 0.269, "289": 0.6886666666666666, "29K": 0.2763333333333333, "249": 0.26666666666666666, "299": 0.309, "29J": 0.259, "29Q": 0.2976666666666667, "269": 0.67, "89K": 0.6303333333333333, "489": 0.681, "899": 0.7016666666666667, "89J": 0.558, "89Q": 0.6103333333333333, "889": 0.9146666666666666, "689": 0.783, "49K": 0.2813333333333333, "99K": 0.30966666666666665, "9KK": 0.321, "9JK": 0.29133333333333333,