{"6AJ": 0.6256666666666667, "3AJ": 0.63, "AJQ": 0.796, "9AJ": 0.612, "AAJ": 0.7003333333333334, "AJK": 0.8503333333333334, "5AJ": 0.622, "2AJ": 0.6146666666666667, "AJJ": 0.692, "AJT": 0.977, "8AJ": 0.6156666666666667, "7AJ": 0.6083333333333333, "4AJ": 0.6156666666666667, "36A": 0.538, "6AQ": 0.8343333333333334, "69A": 0.5526666666666666, "6AA": 0.6246666666666667, "6AK": 0.8106666666666666, "56A": 0.488, "66A": 0.615, "26A": 0.5133333333333333, "6AT": 0.6136666666666667, "68A": 0.525, "67A": 0.48833333333333334, "46A": 0.516, "3AQ": 0.8273333333333334, "39A": 0.699, "3AA": 0.657, "3AK": 0.8163333333333334, "33A": 0.6223333333333333, "35A": 0.5433333333333333, "23A": 0.5493333333333333, "3AT": 0.63, "38A": 0.552, "37A": 0.54, "34A": 0.546, "9AQ": 0.8093333333333333, "AAQ": 0.8893333333333333, "AKQ": 0.8896666666666667, "5AQ": 0.8213333333333334, "2AQ": 0.831, "AQT": 0.83, "8AQ": 0.8276666666666667, "7AQ": 0.828, "AQQ": 0.973, "4AQ": 0.84, "9AA": 0.653, "9AK": 0.832, "59A": 0.5336666666666666, "29A": 0.5653333333333334, "9AT": 0.6056666666666667, "89A": 0.529, "79A": 0.5066666666666667, "99A": 0.616, "49A": 0.5666666666666667, "AAK": 0.869, "5AA": 0.62, "2AA": 0.6426666666666667, "AAT": 0.7153333333333334, "8AA": 0.6496666666666666, "7AA": 0.6206666666666667, "AAA": 0.749, "4AA": 0.6496666666666666, "AKK": 0.9676666666666667, "5AK": 0.8076666666666666, "2AK": 0.8073333333333333, "AKT": 0.8476666666666667, "8AK": 0.8433333333333334, "7AK": 0.8066666666666666, "4AK": 0.8243333333333334, "25A": 0.524, "55A": 0.6236666666666667, "5AT": 0.616, "58A": 0.5556666666666666, "57A": 0.49433333333333335, "45A": 0.53, "22A": 0.61, "2AT": 0.6293333333333333, "28A": 0.5256666666666666, "27A": 0.5173333333333333, "24A": 0.5376666666666666, "ATT": 0.679, "8AT": 0.6113333333333333, "7AT": 0.6103333333333333, "4AT": 0.62, "78A": 0.5156666666666667, "88A": 0.608, "48A": 0.5513333333333333, "47A": 0.5393333333333333, "77A": 0.62, "44A": 0.624, "36J": 0.4796666666666667, "6JQ": 0.8323333333333334, "69J": 0.549, "6JK": 0.8466666666666667, "56J": 0.4603333333333333, "66J": 0.5513333333333333, "26J": 0.4746666666666667, "6JJ": 0.541, "6JT": 0.637, "68J": 0.45166666666666666, "67J": 0.4643333333333333, "46J": 0.4786666666666667, "3JQ": 0.8246666666666667, "39J": 0.582, "3JK": 0.8723333333333333, "33J": 0.5656666666666667, "35J": 0.49766666666666665, "23J": 0.488, "3JJ": 0.5656666666666667, "3JT": 0.6263333333333333, "38J": 0.481, "37J": 0.4723333333333333, "34J": 0.486, "9JQ": 0.803, "JKQ": 0.846, "5JQ": 0.8296666666666667, "2JQ": 0.8286666666666667, "JJQ": 0.8183333333333334, "JQT": 0.8353333333333334, "8JQ": 0.7953333333333333, "7JQ": 0.8456666666666667, "JQQ": 0.9406666666666667, "4JQ": 0.8326666666666667, "9JK": 0.8666666666666667, "59J": 0.5613333333333334, "29J": 0.5526666666666666, "9JJ": 0.629, "9JT": 0.9713333333333334, "89J": 0.5186666666666667, "79J": 0.536, "99J": 0.6156666666666667, "49J": 0.562, "JKK": 0.9446666666666667, "5JK": 0.839, "2JK": 0.8576666666666667, "JJK": 0.8396666666666667, "JKT": 0.865, "8JK": 0.869, "7JK": 0.835, "4JK": 0.867, "25J": 0.47333333333333333, "55J": 0.55, "5JJ": 0.5433333333333333, "5JT": 0.6393333333333333, "58J": 0.46, "57J": 0.449, "45J": 0.471, "2JJ": 0.5403333333333333, "22J": 0.5423333333333333, "2JT": 0.6443333333333333, "28J": 0.47633333333333333, "27J": 0.47933333333333333, "24J": 0.495, "JJT": 0.6926666666666667, "8JJ": 0.568, "7JJ": 0.548, "JJJ": 0.6743333333333333, "4JJ": 0.5646666666666667, "JTT": 0.6673333333333333, "8JT": 0.6173333333333333, "7JT": 0.6233333333333333, "4JT": 0.6383333333333333, "78J": 0.444, "88J": 0.5546666666666666, "48J": 0.49666666666666665, "47J": 0.49433333333333335, "77J": 0.5446666666666666, "44J": 0.5476666666666666, "36Q": 0.851, "369": 0.4846666666666667, "36K": 0.8443333333333334, "336": 0.534, "356": 0.4063333333333333, "366": 0.554, "236": 0.4226666666666667, "36T": 0.477, "368": 0.45166666666666666, "367": 0.4126666666666667, "346": 0.4156666666666667, "69Q": 0.84, "6KQ": 0.9156666666666666, "56Q": 0.8073333333333333, "66Q": 0.8676666666666667, "26Q": 0.8386666666666667, "6QT": 0.8506666666666667, "68Q": 0.8233333333333334, "67Q": 0.8016666666666666, "6QQ": 0.9653333333333334, "46Q": 0.836, "69K": 0.8243333333333334, "569": 0.4103333333333333, "669": 0.5733333333333334, "269": 0.45666666666666667, "69T": 0.5616666666666666, "689": 0.427, "679": 0.425, "699": 0.5626666666666666, "469": 0.463, "6KK": 0.9526666666666667, "56K": 0.707, "66K": 0.8146666666666667, "26K": 0.7303333333333333, "6KT": 0.8166666666666667, "68K": 0.8156666666666667, "67K": 0.7133333333333334, "46K": 0.8196666666666667, "566": 0.518, "256": 0.37266666666666665, "556": 0.502, "56T": 0.4483333333333333, "568": 0.4043333333333333, "567": 0.3416666666666667, "456": 0.379, "266": 0.5193333333333333, "66T": 0.5573333333333333, "668": 0.5196666666666667, "667": 0.5166666666666667, "466": 0.528, "666": 0.6536666666666666, "226": 0.521, "26T": 0.4786666666666667, "268": 0.43066666666666664, "267": 0.375, "246": 0.429, "6TT": 0.585, "68T": 0.462, "67T": 0.421, "46T": 0.488, "678": 0.38, "688": 0.5313333333333333, "468": 0.4483333333333333, "467": 0.407, "677": 0.508, "446": 0.5213333333333333, "39Q": 0.8743333333333333, "3KQ": 0.9383333333333334, "33Q": 0.8543333333333333, "35Q": 0.855, "23Q": 0.8693333333333333, "3QT": 0.8486666666666667, "38Q": 0.8646666666666667, "37Q": 0.8643333333333333, "3QQ": 0.9706666666666667, "34Q": 0.849, "39K": 0.8703333333333333, "339": 0.5596666666666666, "359": 0.49366666666666664, "239": 0.5006666666666667, "39T": 0.5793333333333334, "389": 0.48233333333333334, "379": 0.482, "399": 0.5576666666666666, "349": 0.49166666666666664, "33K": 0.8683333333333333, "3KK": 0.9753333333333334, "35K": 0.839, "23K": 0.8456666666666667, "3KT": 0.879, "38K": 0.885, "37K": 0.8486666666666667, "34K": 0.8633333333333333, "335": 0.5246666666666666, "233": 0.557, "33T": 0.5686666666666667, "338": 0.5576666666666666, "337": 0.52, "334": 0.5396666666666666, "333": 0.661, "235": 0.43233333333333335, "355": 0.54, "35T": 0.482, "358": 0.45566666666666666, "357": 0.42233333333333334, "345": 0.436, "223": 0.5493333333333333, "23T": 0.4866666666666667, "238": 0.4706666666666667, "237": 0.42633333333333334, "234": 0.4643333333333333, "3TT": 0.5643333333333334, "38T": 0.5123333333333333, "37T": 0.48133333333333334, "34T": 0.497, "378": 0.458, "388": 0.5416666666666666, "348": 0.4703333333333333, "347": 0.45066666666666666, "377": 0.558, "344": 0.5396666666666666, "9KQ": 0.9086666666666666, "59Q": 0.847, "29Q": 0.842, "9QT": 0.8293333333333334, "89Q": 0.8066666666666666, "79Q": 0.843, "99Q": 0.8356666666666667, "9QQ": 0.962, "49Q": 0.8573333333333333, "KKQ": 0.9976666666666667, "5KQ": 0.9076666666666666, "2KQ": 0.912, "KQT": 0.872, "8KQ": 0.9296666666666666, "7KQ": 0.907, "KQQ": 0.9983333333333333, "4KQ": 0.9296666666666666, "25Q": 0.83, "55Q": 0.8376666666666667, "5QT": 0.8553333333333333, "58Q": 0.841, "57Q": 0.8146666666666667, "5QQ": 0.9726666666666667, "45Q": 0.8346666666666667, "22Q": 0.831, "2QT": 0.87, "28Q": 0.8583333333333333, "27Q": 0.8523333333333334, "2QQ": 0.9733333333333334, "24Q": 0.8643333333333333, "QTT": 0.826, "8QT": 0.8093333333333333, "7QT": 0.8463333333333334, "QQT": 0.951, "4QT": 0.8516666666666667, "78Q": 0.8386666666666667, "88Q": 0.8443333333333334, "8QQ": 0.956, "48Q": 0.8456666666666667, "7QQ": 0.9753333333333334, "47Q": 0.8623333333333333, "77Q": 0.833, "4QQ": 0.958, "QQQ": 1.0, "44Q": 0.8383333333333334, "9KK": 0.9733333333333334, "59K": 0.8326666666666667, "29K": 0.857, "9KT": 0.8653333333333333, "89K": 0.846, "79K": 0.82, "99K": 0.8786666666666667, "49K": 0.8863333333333333, "259": 0.465, "559": 0.5466666666666666, "59T": 0.5403333333333333, "589": 0.44966666666666666, "579": 0.43833333333333335, "599": 0.5703333333333334, "459": 0.4806666666666667, "229": 0.5473333333333333, "29T": 0.5766666666666667, "289": 0.45, "279": 0.45266666666666666, "299": 0.551, "249": 0.4866666666666667,