{"4JK": 0.7976666666666666, "4JT": 0.83, "47J": 0.8283333333333334, "4JQ": 0.914, "45J": 0.8206666666666667, "24J": 0.8236666666666667, "4JJ": 0.9716666666666667, "46J": 0.828, "4AJ": 0.8026666666666666, "44J": 0.8356666666666667, "48J": 0.8436666666666667, "34J": 0.833, "49J": 0.8453333333333334, "JKT": 0.8113333333333334, "7JK": 0.7786666666666666, "JKQ": 0.8456666666666667, "5JK": 0.8086666666666666, "2JK": 0.791, "JKK": 0.8416666666666667, "JJK": 0.951, "6JK": 0.8036666666666666, "AJK": 0.7693333333333333, "8JK": 0.8013333333333333, "3JK": 0.7963333333333333, "9JK": 0.823, "7JT": 0.7703333333333333, "JTT": 0.832, "JQT": 0.781, "5JT": 0.809, "2JT": 0.8086666666666666, "JJT": 0.9606666666666667, "6JT": 0.8283333333333334, "AJT": 0.7883333333333333, "8JT": 0.7803333333333333, "3JT": 0.823, "9JT": 0.8226666666666667, "7JQ": 0.8896666666666667, "57J": 0.789, "27J": 0.816, "7JJ": 0.9563333333333334, "77J": 0.819, "67J": 0.8056666666666666, "7AJ": 0.754, "78J": 0.7566666666666667, "37J": 0.823, "79J": 0.7946666666666666, "5JQ": 0.8936666666666667, "JQQ": 0.9976666666666667, "2JQ": 0.8856666666666667, "JJQ": 0.9926666666666667, "6JQ": 0.9176666666666666, "AJQ": 0.843, "8JQ": 0.866, "3JQ": 0.9236666666666666, "9JQ": 0.8643333333333333, "25J": 0.8006666666666666, "5JJ": 0.966, "55J": 0.8396666666666667, "56J": 0.8056666666666666, "5AJ": 0.7866666666666666, "58J": 0.7926666666666666, "35J": 0.8483333333333334, "59J": 0.813, "2JJ": 0.9693333333333334, "22J": 0.8333333333333334, "26J": 0.8443333333333334, "2AJ": 0.7736666666666666, "28J": 0.8276666666666667, "23J": 0.847, "29J": 0.8523333333333334, "6JJ": 0.949, "AJJ": 0.9683333333333334, "8JJ": 0.966, "3JJ": 0.945, "JJJ": 1.0, "9JJ": 0.9416666666666667, "6AJ": 0.8033333333333333, "66J": 0.8363333333333334, "68J": 0.8056666666666666, "36J": 0.809, "69J": 0.8206666666666667, "AAJ": 0.858, "8AJ": 0.7593333333333333, "3AJ": 0.8016666666666666, "9AJ": 0.793, "38J": 0.823, "88J": 0.831, "89J": 0.8073333333333333, "33J": 0.8343333333333334, "39J": 0.8163333333333334, "99J": 0.817, "4KT": 0.6386666666666667, "47K": 0.4686666666666667, "4KQ": 0.797, "45K": 0.44633333333333336, "24K": 0.4663333333333333, "4KK": 0.5783333333333334, "46K": 0.453, "4AK": 0.6063333333333333, "44K": 0.5573333333333333, "48K": 0.471, "34K": 0.4746666666666667, "49K": 0.5756666666666667, "47T": 0.39866666666666667, "4TT": 0.5133333333333333, "4QT": 0.8046666666666666, "45T": 0.424, "24T": 0.43233333333333335, "46T": 0.4166666666666667, "4AT": 0.526, "44T": 0.5033333333333333, "48T": 0.49633333333333335, "34T": 0.43533333333333335, "49T": 0.6, "47Q": 0.802, "457": 0.3446666666666667, "247": 0.37733333333333335, "477": 0.455, "467": 0.35333333333333333, "47A": 0.43633333333333335, "447": 0.459, "478": 0.377, "347": 0.39766666666666667, "479": 0.401, "45Q": 0.8106666666666666, "4QQ": 0.9566666666666667, "24Q": 0.8213333333333334, "46Q": 0.8346666666666667, "4AQ": 0.7843333333333333, "44Q": 0.8286666666666667, "48Q": 0.819, "34Q": 0.8353333333333334, "49Q": 0.8356666666666667, "245": 0.364, "455": 0.4696666666666667, "456": 0.3473333333333333, "45A": 0.415, "445": 0.44466666666666665, "458": 0.37033333333333335, "345": 0.37366666666666665, "459": 0.43333333333333335, "224": 0.4756666666666667, "246": 0.372, "24A": 0.45266666666666666, "244": 0.4716666666666667, "248": 0.3903333333333333, "234": 0.39166666666666666, "249": 0.43033333333333335, "46A": 0.44366666666666665, "466": 0.49633333333333335, "446": 0.45166666666666666, "468": 0.39566666666666667, "346": 0.3536666666666667, "469": 0.41, "4AA": 0.5573333333333333, "44A": 0.5436666666666666, "48A": 0.45166666666666666, "34A": 0.44233333333333336, "49A": 0.4806666666666667, "448": 0.48433333333333334, "344": 0.4683333333333333, "444": 0.567, "449": 0.499, "348": 0.402, "488": 0.4826666666666667, "489": 0.509, "334": 0.45366666666666666, "349": 0.4146666666666667, "499": 0.492, "7KT": 0.5946666666666667, "KTT": 0.664, "KQT": 0.8173333333333334, "5KT": 0.609, "2KT": 0.6076666666666667, "KKT": 0.652, "6KT": 0.6146666666666667, "AKT": 0.9393333333333334, "8KT": 0.6023333333333334, "3KT": 0.6383333333333333, "9KT": 0.957, "7KQ": 0.7783333333333333, "57K": 0.44266666666666665, "27K": 0.46266666666666667, "7KK": 0.5583333333333333, "77K": 0.5416666666666666, "67K": 0.4663333333333333, "7AK": 0.5766666666666667, "78K": 0.43366666666666664, "37K": 0.48, "79K": 0.547, "5KQ": 0.7886666666666666, "KQQ": 0.9646666666666667, "2KQ": 0.773, "KKQ": 0.8383333333333334, "6KQ": 0.7946666666666666, "AKQ": 0.7546666666666667, "8KQ": 0.7916666666666666, "3KQ": 0.7906666666666666, "9KQ": 0.8183333333333334, "25K": 0.4573333333333333, "5KK": 0.5623333333333334, "55K": 0.551, "56K": 0.445, "5AK": 0.562, "58K": 0.453, "35K": 0.4776666666666667, "59K": 0.5553333333333333, "2KK": 0.543, "22K": 0.5493333333333333, "26K": 0.462, "2AK": 0.5823333333333334, "28K": 0.4646666666666667, "23K": 0.4756666666666667, "29K": 0.5686666666666667, "KKK": 0.6723333333333333, "6KK": 0.5656666666666667, "AKK": 0.6563333333333333, "8KK": 0.5686666666666667, "3KK": 0.5603333333333333, "9KK": 0.637, "6AK": 0.6016666666666667, "66K": 0.542, "68K": 0.4613333333333333, "36K": 0.4533333333333333, "69K": 0.564, "AAK": 0.691, "8AK": 0.583, "3AK": 0.6046666666666667, "9AK": 0.6033333333333334, "38K": 0.47433333333333333, "88K": 0.5483333333333333, "89K": 0.5616666666666666, "33K": 0.538, "39K": 0.5896666666666667, "99K": 0.6153333333333333, "7TT": 0.461, "7QT": 0.7, "57T": 0.36533333333333334, "27T": 0.349, "77T": 0.4766666666666667, "67T": 0.37733333333333335, "7AT": 0.451, "78T": 0.4013333333333333, "37T": 0.40066666666666667, "79T": 0.549, "QTT": 0.8213333333333334, "5TT": 0.489, "2TT": 0.4866666666666667, "TTT": 0.587, "6TT": 0.49533333333333335, "ATT": 0.587, "8TT": 0.5483333333333333, "3TT": 0.5006666666666667, "9TT": 0.6356666666666667, "5QT": 0.6996666666666667, "QQT": 0.946, "2QT": 0.712, "6QT": 0.8166666666666667, "AQT": 0.7026666666666667, "8QT": 0.7163333333333334, "3QT": 0.8246666666666667, "9QT": 0.8243333333333334, "25T": 0.3616666666666667, "55T": 0.472, "56T": 0.4093333333333333, "5AT": 0.4523333333333333, "58T": 0.43633333333333335, "35T": 0.414, "59T": 0.5736666666666667, "22T": 0.48733333333333334, "26T": 0.41833333333333333, "2AT": 0.47933333333333333, "28T": 0.4216666666666667, "23T": 0.41, "29T": 0.598, "6AT": 0.5336666666666666, "66T": 0.5003333333333333, "68T": 0.493, "36T": 0.4093333333333333, "69T": 0.5976666666666667, "AAT": 0.609, "8AT": 0.518, "3AT": 0.5296666666666666, "9AT": 0.5973333333333334, "38T": 0.495, "88T": 0.5443333333333333, "89T": 0.9316666666666666, "33T": 0.48733333333333334, "39T": 0.5883333333333334, "99T": 0.614, "57Q": 0.69, "7QQ": 0.9493333333333334, "27Q": 0.7116666666666667, "77Q": 0.8183333333333334, "67Q": 0.772, "7AQ": 0.6686666666666666, "78Q": 0.6813333333333333, "37Q": 0.8183333333333334, "79Q": 0.8016666666666666, "257": 0.32666666666666666, "557": 0.426, "577": 0.436, "567": 0.32266666666666666, "57A": 0.37433333333333335, "578": 0.30933333333333335, "357": 0.365, "579": 0.38466666666666666, "227": 0.446, "277": 0.43733333333333335, "267": 0.369, "27A": 0.3893333333333333, "278": 0.3496666666666667, "237": 0.389, "279": 0.3993333333333333, "677": 0.44066666666666665, "77A": 0.5106666666666667, "777": 0.5646666666666667, "778": 0.446, "377": 0.45366666666666666, "779": 0.4666666666666667, "67A": 0.4156666666666667, "667": 0.43966666666666665, "678": 0.3463333333333333, "367": 0.36, "679": 0.38033333333333336, "7AA": 0.546, "78A": 0.37633333333333335, "37A": 0.43366666666666664, "79A": 0.455, "378": 0.39766666666666667, "788": 0.433, "789": 0.434, "337": 0.4553333333333333, "379": 0.394, "799": 0.4533333333333333, "5QQ": 0.9486666666666667, "25Q": 0.71, "55Q": 0.8093333333333333, "56Q": 0.7976666666666666, "5AQ": 0.6946666666666667, "58Q": 0.7013333333333334, "35Q": 0.8036666666666666, "59Q": 0.8176666666666667, "2QQ": 0.9473333333333334, "6QQ": 0.965, "AQQ": 0.9486666666666667,