{"9KK": 0.413, "AKK": 0.49533333333333335, "3KK": 0.42633333333333334, "8KK": 0.40166666666666667, "KKT": 0.43533333333333335, "KKQ": 0.49333333333333335, "6KK": 0.4166666666666667, "7KK": 0.42733333333333334, "4KK": 0.6813333333333333, "5KK": 0.42633333333333334, "KKK": 0.49033333333333334, "2KK": 0.407, "JKK": 0.779, "9AK": 0.39566666666666667, "39K": 0.34833333333333333, "89K": 0.33366666666666667, "9KT": 0.424, "9KQ": 0.464, "69K": 0.33766666666666667, "79K": 0.3393333333333333, "49K": 0.6183333333333333, "59K": 0.3506666666666667, "29K": 0.3333333333333333, "9JK": 0.6946666666666667, "99K": 0.41733333333333333, "3AK": 0.3933333333333333, "8AK": 0.3963333333333333, "AKT": 0.468, "AKQ": 0.49633333333333335, "6AK": 0.395, "7AK": 0.368, "4AK": 0.6023333333333334, "5AK": 0.3943333333333333, "2AK": 0.395, "AJK": 0.6403333333333333, "AAK": 0.49133333333333334, "38K": 0.33366666666666667, "3KT": 0.36833333333333335, "3KQ": 0.4186666666666667, "36K": 0.34933333333333333, "37K": 0.32866666666666666, "34K": 0.6453333333333333, "35K": 0.37166666666666665, "23K": 0.36033333333333334, "3JK": 0.7203333333333334, "33K": 0.38766666666666666, "8KT": 0.36966666666666664, "8KQ": 0.41133333333333333, "68K": 0.3243333333333333, "78K": 0.33866666666666667, "48K": 0.619, "58K": 0.352, "28K": 0.32866666666666666, "8JK": 0.7286666666666667, "88K": 0.42433333333333334, "KQT": 0.626, "6KT": 0.3556666666666667, "KTT": 0.4096666666666667, "7KT": 0.3943333333333333, "4KT": 0.6133333333333333, "5KT": 0.5046666666666667, "2KT": 0.3506666666666667, "JKT": 0.642, "6KQ": 0.4036666666666667, "7KQ": 0.4126666666666667, "4KQ": 0.6243333333333333, "5KQ": 0.55, "2KQ": 0.419, "JKQ": 0.6193333333333333, "KQQ": 0.49666666666666665, "67K": 0.334, "46K": 0.5993333333333334, "56K": 0.36933333333333335, "66K": 0.3913333333333333, "26K": 0.359, "6JK": 0.737, "47K": 0.5786666666666667, "57K": 0.34933333333333333, "27K": 0.347, "7JK": 0.7036666666666667, "77K": 0.407, "45K": 0.5963333333333334, "24K": 0.6663333333333333, "44K": 0.9546666666666667, "4JK": 0.8533333333333334, "25K": 0.36933333333333335, "5JK": 0.7313333333333333, "55K": 0.4093333333333333, "2JK": 0.734, "22K": 0.3963333333333333, "JJK": 0.9196666666666666, "39A": 0.338, "89A": 0.3243333333333333, "9AT": 0.344, "9AQ": 0.3933333333333333, "69A": 0.334, "79A": 0.316, "49A": 0.5983333333333334, "59A": 0.32233333333333336, "29A": 0.3363333333333333, "9AJ": 0.704, "99A": 0.4043333333333333, "9AA": 0.414, "389": 0.28933333333333333, "39T": 0.30733333333333335, "39Q": 0.32866666666666666, "369": 0.30533333333333335, "379": 0.302, "349": 0.6586666666666666, "359": 0.28633333333333333, "239": 0.3263333333333333, "39J": 0.7653333333333333, "399": 0.3436666666666667, "339": 0.334, "89T": 0.44166666666666665, "89Q": 0.37833333333333335, "689": 0.257, "789": 0.3313333333333333, "489": 0.579, "589": 0.2793333333333333, "289": 0.267, "89J": 0.6713333333333333, "889": 0.3446666666666667, "899": 0.36433333333333334, "9QT": 0.49933333333333335, "69T": 0.2926666666666667, "9TT": 0.36933333333333335, "79T": 0.371, "49T": 0.6053333333333333, "59T": 0.31366666666666665, "29T": 0.319, "9JT": 0.675, "99T": 0.392, "69Q": 0.334, "79Q": 0.34, "49Q": 0.6266666666666667, "59Q": 0.358, "29Q": 0.35133333333333333, "9JQ": 0.658, "99Q": 0.422, "9QQ": 0.41533333333333333, "679": 0.2733333333333333, "469": 0.5846666666666667, "569": 0.2806666666666667, "669": 0.33866666666666667, "269": 0.29933333333333334, "69J": 0.7693333333333333, "699": 0.34933333333333333, "479": 0.5766666666666667, "579": 0.2856666666666667, "279": 0.2886666666666667, "79J": 0.7126666666666667, "799": 0.344, "779": 0.325, "459": 0.587, "249": 0.6653333333333333, "449": 0.9213333333333333, "49J": 0.8603333333333333, "499": 0.6843333333333333, "259": 0.30933333333333335, "59J": 0.7686666666666667, "559": 0.33166666666666667, "599": 0.368, "29J": 0.7666666666666667, "299": 0.35533333333333333, "229": 0.35533333333333333, "99J": 0.735, "9JJ": 0.9223333333333333, "999": 0.41933333333333334, "38A": 0.33866666666666667, "3AT": 0.34, "3AQ": 0.40066666666666667, "36A": 0.354, "37A": 0.3263333333333333, "34A": 0.632, "35A": 0.3383333333333333, "23A": 0.36566666666666664, "3AJ": 0.721, "3AA": 0.421, "33A": 0.38133333333333336, "8AT": 0.3393333333333333, "8AQ": 0.3863333333333333, "68A": 0.31433333333333335, "78A": 0.32133333333333336, "48A": 0.5903333333333334, "58A": 0.324, "28A": 0.3363333333333333, "8AJ": 0.712, "88A": 0.401, "8AA": 0.428, "AQT": 0.45266666666666666, "6AT": 0.326, "ATT": 0.40166666666666667, "7AT": 0.32366666666666666, "4AT": 0.6106666666666667, "5AT": 0.348, "2AT": 0.3343333333333333, "AJT": 0.6613333333333333, "AAT": 0.42, "6AQ": 0.39766666666666667, "7AQ": 0.37266666666666665, "4AQ": 0.628, "5AQ": 0.4026666666666667, "2AQ": 0.36933333333333335, "AJQ": 0.626, "AQQ": 0.458, "AAQ": 0.504, "67A": 0.312, "46A": 0.5696666666666667, "56A": 0.33, "66A": 0.38966666666666666, "26A": 0.355, "6AJ": 0.7183333333333334, "6AA": 0.41533333333333333, "47A": 0.511, "57A": 0.331, "27A": 0.327, "7AJ": 0.6016666666666667, "7AA": 0.402, "77A": 0.3943333333333333, "45A": 0.5796666666666667, "24A": 0.6496666666666666, "44A": 0.9316666666666666, "4AJ": 0.7616666666666667, "4AA": 0.6656666666666666, "25A": 0.3476666666666667, "5AJ": 0.7196666666666667, "55A": 0.38766666666666666, "5AA": 0.4196666666666667, "2AJ": 0.7136666666666667, "2AA": 0.426, "22A": 0.38133333333333336, "AAJ": 0.7513333333333333, "AJJ": 0.903, "AAA": 0.507, "38T": 0.30266666666666664, "38Q": 0.33266666666666667, "368": 0.31333333333333335, "378": 0.297, "348": 0.655, "358": 0.312, "238": 0.32766666666666666, "38J": 0.783, "388": 0.37933333333333336, "338": 0.336, "3QT": 0.369, "36T": 0.329, "3TT": 0.36466666666666664, "37T": 0.30733333333333335, "34T": 0.6693333333333333, "35T": 0.3303333333333333, "23T": 0.3323333333333333, "3JT": 0.7643333333333333, "33T": 0.3426666666666667, "36Q": 0.3566666666666667, "37Q": 0.327, "34Q": 0.6613333333333333, "35Q": 0.37, "23Q": 0.363, "3JQ": 0.7203333333333334, "3QQ": 0.421, "33Q": 0.39366666666666666, "367": 0.38866666666666666, "346": 0.59, "356": 0.456, "366": 0.38066666666666665, "236": 0.5006666666666667, "36J": 0.7973333333333333, "336": 0.37966666666666665, "347": 0.6216666666666667, "357": 0.377, "237": 0.3313333333333333, "37J": 0.7726666666666666, "337": 0.3516666666666667, "377": 0.36966666666666664, "345": 0.5843333333333334, "234": 0.6816666666666666, "344": 0.941, "34J": 0.8786666666666667, "334": 0.6606666666666666, "235": 0.38966666666666666, "35J": 0.803, "355": 0.371, "335": 0.364, "23J": 0.799, "223": 0.37666666666666665, "233": 0.384, "33J": 0.7886666666666666, "3JJ": 0.935, "333": 0.417, "8QT": 0.418, "68T": 0.2846666666666667, "8TT": 0.387, "78T": 0.379, "48T": 0.6063333333333333, "58T": 0.326, "28T": 0.304, "8JT": 0.7066666666666667, "88T": 0.38533333333333336, "68Q": 0.336, "78Q": 0.333, "48Q": 0.6016666666666667, "58Q": 0.37166666666666665, "28Q": 0.338, "8JQ": 0.6913333333333334, "88Q": 0.416, "8QQ": 0.43633333333333335, "678": 0.32766666666666666, "468": 0.563, "568": 0.354, "668": 0.338, "268": 0.31266666666666665, "68J": 0.775, "688": 0.343, "478": 0.5516666666666666, "578": 0.347, "278": 0.3016666666666667, "78J": 0.7173333333333334, "788": 0.3566666666666667, "778": 0.3343333333333333, "458": 0.5593333333333333, "248": 0.65, "448": 0.9226666666666666, "48J": 0.8626666666666667, "488": 0.6866666666666666, "258": 0.30833333333333335, "58J": 0.783, "558": 0.352, "588": 0.36333333333333334, "28J": 0.7853333333333333, "288": 0.36, "228": 0.34, "88J": 0.7593333333333333, "8JJ": 0.9266666666666666, "888": 0.436, "6QT": 0.36466666666666664, "QTT": 0.42333333333333334, "7QT": 0.36, "4QT": 0.6393333333333333, "5QT": 0.509, "2QT": 0.368, "JQT": 0.6323333333333333, "QQT": 0.434, "6TT": 0.3556666666666667, "67T": 0.29733333333333334, "46T": 0.5816666666666667, "56T": 0.33666666666666667, "66T": 0.35333333333333333, "26T": 0.31566666666666665, "6JT": 0.7646666666666667,