{"4KT": 0.25, "4JK": 0.23833333333333334, "49K": 0.25366666666666665, "46K": 0.24033333333333334, "4KK": 0.27166666666666667, "48K": 0.6756666666666666, "4KQ": 0.24866666666666667, "4AK": 0.3903333333333333, "24K": 0.22366666666666668, "45K": 0.39, "47K": 0.228, "44K": 0.26166666666666666, "34K": 0.586, "JKT": 0.26466666666666666, "9KT": 0.2693333333333333, "6KT": 0.23266666666666666, "KKT": 0.2803333333333333, "8KT": 0.5976666666666667, "KQT": 0.266, "AKT": 0.2763333333333333, "2KT": 0.20966666666666667, "5KT": 0.26266666666666666, "7KT": 0.267, "KTT": 0.2956666666666667, "3KT": 0.5863333333333334, "9JK": 0.25366666666666665, "6JK": 0.22866666666666666, "JKK": 0.281, "8JK": 0.6253333333333333, "JJK": 0.2886666666666667, "JKQ": 0.2853333333333333, "AJK": 0.2633333333333333, "2JK": 0.22733333333333333, "5JK": 0.23833333333333334, "7JK": 0.23966666666666667, "3JK": 0.567, "69K": 0.23966666666666667, "9KK": 0.28733333333333333, "89K": 0.582, "99K": 0.29, "9KQ": 0.25166666666666665, "9AK": 0.2836666666666667, "29K": 0.23566666666666666, "59K": 0.241, "79K": 0.246, "39K": 0.5613333333333334, "6KK": 0.262, "68K": 0.6416666666666667, "6KQ": 0.21533333333333332, "6AK": 0.244, "26K": 0.217, "56K": 0.239, "67K": 0.226, "66K": 0.23433333333333334, "36K": 0.548, "8KK": 0.687, "KKQ": 0.2896666666666667, "AKK": 0.298, "2KK": 0.24966666666666668, "5KK": 0.26466666666666666, "7KK": 0.24966666666666668, "KKK": 0.318, "3KK": 0.632, "88K": 0.934, "8KQ": 0.619, "8AK": 0.6343333333333333, "28K": 0.683, "58K": 0.6726666666666666, "78K": 0.6556666666666666, "38K": 0.8646666666666667, "AKQ": 0.2683333333333333, "2KQ": 0.224, "5KQ": 0.24466666666666667, "7KQ": 0.24966666666666668, "KQQ": 0.2786666666666667, "3KQ": 0.5803333333333334, "2AK": 0.24533333333333332, "5AK": 0.399, "7AK": 0.25666666666666665, "AAK": 0.30566666666666664, "3AK": 0.5856666666666667, "25K": 0.234, "27K": 0.21066666666666667, "22K": 0.26, "23K": 0.639, "57K": 0.23966666666666667, "35K": 0.5856666666666667, "55K": 0.26666666666666666, "37K": 0.582, "77K": 0.24633333333333332, "33K": 0.929, "4JT": 0.256, "49T": 0.24266666666666667, "46T": 0.23766666666666666, "48T": 0.655, "4QT": 0.253, "4AT": 0.25, "24T": 0.21466666666666667, "45T": 0.23266666666666666, "47T": 0.25733333333333336, "4TT": 0.2713333333333333, "44T": 0.242, "34T": 0.5656666666666667, "49J": 0.23733333333333334, "46J": 0.21433333333333332, "48J": 0.667, "4JJ": 0.255, "4JQ": 0.24433333333333335, "4AJ": 0.25266666666666665, "24J": 0.203, "45J": 0.23633333333333334, "47J": 0.229, "44J": 0.23833333333333334, "34J": 0.57, "469": 0.217, "489": 0.6343333333333333, "499": 0.2633333333333333, "49Q": 0.22533333333333333, "49A": 0.244, "249": 0.20933333333333334, "459": 0.23133333333333334, "479": 0.22333333333333333, "449": 0.243, "349": 0.5506666666666666, "468": 0.6603333333333333, "46Q": 0.21333333333333335, "46A": 0.22133333333333333, "246": 0.2876666666666667, "456": 0.36033333333333334, "467": 0.2673333333333333, "466": 0.223, "446": 0.22033333333333333, "346": 0.48733333333333334, "488": 0.9316666666666666, "48Q": 0.68, "48A": 0.6813333333333333, "248": 0.7263333333333334, "458": 0.6786666666666666, "478": 0.6773333333333333, "448": 0.6766666666666666, "348": 0.8553333333333333, "4AQ": 0.2643333333333333, "24Q": 0.216, "45Q": 0.23266666666666666, "47Q": 0.229, "4QQ": 0.23933333333333334, "44Q": 0.23766666666666666, "34Q": 0.5646666666666667, "24A": 0.22833333333333333, "45A": 0.37733333333333335, "47A": 0.224, "4AA": 0.2663333333333333, "44A": 0.25066666666666665, "34A": 0.5763333333333334, "245": 0.29733333333333334, "247": 0.18466666666666667, "224": 0.23033333333333333, "244": 0.229, "234": 0.589, "457": 0.2813333333333333, "445": 0.26033333333333336, "345": 0.49766666666666665, "455": 0.24166666666666667, "447": 0.22933333333333333, "347": 0.5533333333333333, "477": 0.21833333333333332, "444": 0.27366666666666667, "344": 0.6003333333333334, "334": 0.8996666666666666, "9JT": 0.399, "6JT": 0.253, "8JT": 0.555, "JJT": 0.31766666666666665, "JQT": 0.43666666666666665, "AJT": 0.2906666666666667, "2JT": 0.23966666666666667, "5JT": 0.26, "7JT": 0.43133333333333335, "JTT": 0.31766666666666665, "3JT": 0.5866666666666667, "69T": 0.31733333333333336, "89T": 0.48633333333333334, "99T": 0.30733333333333335, "9QT": 0.331, "9AT": 0.28633333333333333, "29T": 0.25266666666666665, "59T": 0.248, "79T": 0.414, "9TT": 0.309, "39T": 0.565, "68T": 0.5973333333333334, "6QT": 0.25633333333333336, "6AT": 0.234, "26T": 0.20833333333333334, "56T": 0.21266666666666667, "67T": 0.319, "6TT": 0.27566666666666667, "66T": 0.25066666666666665, "36T": 0.543, "88T": 0.8926666666666667, "8QT": 0.5806666666666667, "8AT": 0.611, "28T": 0.6596666666666666, "58T": 0.6473333333333333, "78T": 0.5836666666666667, "8TT": 0.679, "38T": 0.8306666666666667, "AQT": 0.2683333333333333, "2QT": 0.24366666666666667, "5QT": 0.25766666666666665, "7QT": 0.4103333333333333, "QTT": 0.293, "QQT": 0.2996666666666667, "3QT": 0.5676666666666667, "2AT": 0.22333333333333333, "5AT": 0.24833333333333332, "7AT": 0.25866666666666666, "ATT": 0.2976666666666667, "AAT": 0.29, "3AT": 0.576, "25T": 0.20566666666666666, "27T": 0.24566666666666667, "2TT": 0.26266666666666666, "22T": 0.23533333333333334, "23T": 0.631, "57T": 0.23633333333333334, "5TT": 0.2723333333333333, "35T": 0.5586666666666666, "55T": 0.22366666666666668, "7TT": 0.292, "37T": 0.583, "77T": 0.271, "3TT": 0.6276666666666667, "TTT": 0.32566666666666666, "33T": 0.9413333333333334, "69J": 0.25133333333333335, "89J": 0.5016666666666667, "99J": 0.281, "9JJ": 0.2936666666666667, "9JQ": 0.3353333333333333, "9AJ": 0.2673333333333333, "29J": 0.237, "59J": 0.24566666666666667, "79J": 0.32766666666666666, "39J": 0.5663333333333334, "68J": 0.6386666666666667, "6JJ": 0.24, "6JQ": 0.23766666666666666, "6AJ": 0.225, "26J": 0.217, "56J": 0.22, "67J": 0.23833333333333334, "66J": 0.24066666666666667, "36J": 0.559, "8JJ": 0.686, "88J": 0.9096666666666666, "8JQ": 0.5896666666666667, "8AJ": 0.625, "28J": 0.6833333333333333, "58J": 0.6596666666666666, "78J": 0.6293333333333333, "38J": 0.8506666666666667, "JJQ": 0.30766666666666664, "AJJ": 0.2866666666666667, "2JJ": 0.24933333333333332, "5JJ": 0.24266666666666667, "7JJ": 0.2776666666666667, "JJJ": 0.323, "3JJ": 0.6283333333333333, "AJQ": 0.2803333333333333, "2JQ": 0.24833333333333332, "5JQ": 0.24733333333333332, "7JQ": 0.39366666666666666, "JQQ": 0.30533333333333335, "3JQ": 0.5743333333333334, "2AJ": 0.23233333333333334, "5AJ": 0.241, "7AJ": 0.24666666666666667, "AAJ": 0.289, "3AJ": 0.5866666666666667, "25J": 0.18866666666666668, "27J": 0.24933333333333332, "22J": 0.22466666666666665, "23J": 0.631, "57J": 0.24566666666666667, "35J": 0.5726666666666667, "55J": 0.22966666666666666, "37J": 0.576, "77J": 0.2633333333333333, "33J": 0.942, "689": 0.4846666666666667, "699": 0.2623333333333333, "69Q": 0.243, "69A": 0.226, "269": 0.22633333333333333, "569": 0.30666666666666664, "679": 0.37433333333333335, "669": 0.24733333333333332, "369": 0.4646666666666667, "899": 0.646, "889": 0.869, "89Q": 0.555, "89A": 0.5923333333333334, "289": 0.6296666666666667, "589": 0.6136666666666667, "789": 0.5413333333333333, "389": 0.7006666666666667, "99Q": 0.295, "99A": 0.302, "299": 0.24833333333333332, "599": 0.2753333333333333, "799": 0.2846666666666667, "999": 0.31466666666666665, "399": 0.6216666666666667, "9AQ": 0.26766666666666666, "29Q": 0.23033333333333333, "59Q": 0.23, "79Q": 0.27, "9QQ": 0.2693333333333333, "39Q": 0.554, "29A": 0.21833333333333332, "59A": 0.26566666666666666, "79A": 0.25466666666666665, "9AA": 0.258, "39A": 0.5653333333333334, "259": 0.217, "279": 0.21633333333333332, "229": 0.24266666666666667, "239": 0.6133333333333333, "579": 0.30733333333333335, "359": 0.546, "559": 0.227, "379": 0.5483333333333333, "779": 0.264, "339": 0.9203333333333333, "688": 0.896, "68Q": 0.6463333333333333, "68A": 0.6353333333333333, "268": 0.6836666666666666, "568": 0.623, "678": 0.5633333333333334, "668": 0.6566666666666666,