{"9QT": 0.4683333333333333, "9KT": 0.41933333333333334, "99T": 0.39166666666666666, "79T": 0.40066666666666667, "29T": 0.29933333333333334, "59T": 0.30966666666666665, "49T": 0.5826666666666667, "89T": 0.44133333333333336, "9TT": 0.36766666666666664, "9JT": 0.5453333333333333, "39T": 0.27666666666666667, "69T": 0.25266666666666665, "9AT": 0.3353333333333333, "KQT": 0.5426666666666666, "7QT": 0.38966666666666666, "2QT": 0.348, "5QT": 0.351, "4QT": 0.6183333333333333, "8QT": 0.4036666666666667, "QTT": 0.4136666666666667, "JQT": 0.6066666666666667, "3QT": 0.333, "6QT": 0.343, "QQT": 0.42033333333333334, "AQT": 0.43033333333333335, "7KT": 0.566, "2KT": 0.38533333333333336, "5KT": 0.3506666666666667, "4KT": 0.628, "8KT": 0.3566666666666667, "KTT": 0.432, "KKT": 0.43633333333333335, "JKT": 0.6606666666666666, "3KT": 0.38066666666666665, "6KT": 0.36033333333333334, "AKT": 0.493, "27T": 0.333, "57T": 0.3496666666666667, "47T": 0.6216666666666667, "78T": 0.4063333333333333, "7TT": 0.38033333333333336, "7JT": 0.7213333333333334, "77T": 0.37733333333333335, "37T": 0.326, "67T": 0.31733333333333336, "7AT": 0.368, "25T": 0.297, "24T": 0.6526666666666666, "28T": 0.2906666666666667, "2TT": 0.35, "2JT": 0.7443333333333333, "23T": 0.2826666666666667, "26T": 0.28, "2AT": 0.34, "22T": 0.361, "45T": 0.572, "58T": 0.31366666666666665, "5TT": 0.352, "5JT": 0.7343333333333333, "35T": 0.305, "56T": 0.2896666666666667, "55T": 0.3313333333333333, "5AT": 0.341, "48T": 0.5763333333333334, "4TT": 0.6473333333333333, "4JT": 0.8636666666666667, "34T": 0.625, "46T": 0.5523333333333333, "44T": 0.948, "4AT": 0.613, "8TT": 0.3426666666666667, "8JT": 0.671, "38T": 0.29833333333333334, "68T": 0.293, "8AT": 0.336, "88T": 0.3606666666666667, "JTT": 0.7033333333333334, "3TT": 0.3516666666666667, "6TT": 0.3323333333333333, "TTT": 0.421, "ATT": 0.424, "3JT": 0.6223333333333333, "6JT": 0.6396666666666667, "JJT": 0.8893333333333333, "AJT": 0.6703333333333333, "36T": 0.25533333333333336, "3AT": 0.331, "33T": 0.36133333333333334, "66T": 0.33666666666666667, "6AT": 0.32066666666666666, "AAT": 0.43166666666666664, "9KQ": 0.49033333333333334, "99Q": 0.43566666666666665, "79Q": 0.36933333333333335, "29Q": 0.3443333333333333, "59Q": 0.335, "49Q": 0.6203333333333333, "89Q": 0.4003333333333333, "9JQ": 0.6303333333333333, "39Q": 0.32233333333333336, "69Q": 0.316, "9QQ": 0.42533333333333334, "9AQ": 0.38266666666666665, "99K": 0.6143333333333333, "79K": 0.571, "29K": 0.36733333333333335, "59K": 0.361, "49K": 0.631, "89K": 0.36933333333333335, "9KK": 0.43266666666666664, "9JK": 0.6916666666666667, "39K": 0.36533333333333334, "69K": 0.3473333333333333, "9AK": 0.41433333333333333, "799": 0.5646666666666667, "299": 0.39566666666666667, "599": 0.37633333333333335, "499": 0.6916666666666667, "899": 0.39066666666666666, "99J": 0.7223333333333334, "399": 0.383, "699": 0.35333333333333333, "999": 0.44966666666666666, "99A": 0.433, "279": 0.3233333333333333, "579": 0.318, "479": 0.6193333333333333, "789": 0.404, "79J": 0.7106666666666667, "779": 0.386, "379": 0.325, "679": 0.3, "79A": 0.3636666666666667, "259": 0.2773333333333333, "249": 0.6463333333333333, "289": 0.2836666666666667, "29J": 0.749, "239": 0.283, "269": 0.2776666666666667, "29A": 0.339, "229": 0.34833333333333333, "459": 0.5716666666666667, "589": 0.27566666666666667, "59J": 0.7443333333333333, "359": 0.293, "569": 0.2816666666666667, "559": 0.31933333333333336, "59A": 0.3283333333333333, "489": 0.587, "49J": 0.8693333333333333, "349": 0.6383333333333333, "469": 0.571, "449": 0.9506666666666667, "49A": 0.6273333333333333, "89J": 0.679, "389": 0.2836666666666667, "689": 0.257, "89A": 0.34, "889": 0.37666666666666665, "39J": 0.6383333333333333, "69J": 0.6493333333333333, "9JJ": 0.9013333333333333, "9AJ": 0.6963333333333334, "369": 0.23566666666666666, "39A": 0.31566666666666665, "339": 0.369, "669": 0.33166666666666667, "69A": 0.30533333333333335, "9AA": 0.431, "7KQ": 0.594, "2KQ": 0.42733333333333334, "5KQ": 0.422, "4KQ": 0.664, "8KQ": 0.44366666666666665, "KKQ": 0.51, "JKQ": 0.6296666666666667, "3KQ": 0.4136666666666667, "6KQ": 0.41233333333333333, "KQQ": 0.5253333333333333, "AKQ": 0.517, "27Q": 0.363, "57Q": 0.374, "47Q": 0.6306666666666667, "78Q": 0.37166666666666665, "7JQ": 0.7433333333333333, "77Q": 0.4073333333333333, "37Q": 0.37933333333333336, "67Q": 0.35833333333333334, "7QQ": 0.44066666666666665, "7AQ": 0.42133333333333334, "25Q": 0.30666666666666664, "24Q": 0.651, "28Q": 0.32133333333333336, "2JQ": 0.71, "23Q": 0.341, "26Q": 0.3473333333333333, "2QQ": 0.4093333333333333, "2AQ": 0.37366666666666665, "22Q": 0.365, "45Q": 0.5673333333333334, "58Q": 0.317, "5JQ": 0.7133333333333334, "35Q": 0.35433333333333333, "56Q": 0.3496666666666667, "55Q": 0.3993333333333333, "5QQ": 0.4093333333333333, "5AQ": 0.375, "48Q": 0.5903333333333334, "4JQ": 0.877, "34Q": 0.6666666666666666, "46Q": 0.5916666666666667, "4QQ": 0.6543333333333333, "44Q": 0.933, "4AQ": 0.6223333333333333, "8JQ": 0.7066666666666667, "38Q": 0.36333333333333334, "68Q": 0.32766666666666666, "8QQ": 0.41533333333333333, "8AQ": 0.375, "88Q": 0.3943333333333333, "3JQ": 0.7093333333333334, "6JQ": 0.699, "JJQ": 0.915, "JQQ": 0.7726666666666666, "AJQ": 0.6283333333333333, "36Q": 0.33466666666666667, "3QQ": 0.421, "3AQ": 0.36966666666666664, "33Q": 0.424, "66Q": 0.36733333333333335, "6QQ": 0.4186666666666667, "6AQ": 0.3576666666666667, "AQQ": 0.4673333333333333, "QQQ": 0.5193333333333333, "AAQ": 0.4533333333333333, "27K": 0.5626666666666666, "57K": 0.5756666666666667, "47K": 0.7466666666666667, "78K": 0.58, "7KK": 0.617, "7JK": 0.814, "77K": 0.5946666666666667, "37K": 0.5803333333333334, "67K": 0.567, "7AK": 0.597, "25K": 0.37766666666666665, "24K": 0.6716666666666666, "28K": 0.3516666666666667, "2KK": 0.45, "2JK": 0.7383333333333333, "23K": 0.359, "26K": 0.388, "2AK": 0.4043333333333333, "22K": 0.41633333333333333, "45K": 0.614, "58K": 0.351, "5KK": 0.448, "5JK": 0.748, "35K": 0.37633333333333335, "56K": 0.37433333333333335, "55K": 0.41833333333333333, "5AK": 0.4093333333333333, "48K": 0.6186666666666667, "4KK": 0.6966666666666667, "4JK": 0.894, "34K": 0.6663333333333333, "46K": 0.6256666666666667, "44K": 0.9586666666666667, "4AK": 0.6526666666666666, "8KK": 0.466, "8JK": 0.743, "38K": 0.3426666666666667, "68K": 0.35133333333333333, "8AK": 0.4046666666666667, "88K": 0.431, "JKK": 0.772, "3KK": 0.42933333333333334, "6KK": 0.426, "AKK": 0.497, "KKK": 0.507, "3JK": 0.7213333333333334, "6JK": 0.7396666666666667, "JJK": 0.919, "AJK": 0.6746666666666666, "36K": 0.37266666666666665, "3AK": 0.417, "33K": 0.587, "66K": 0.435, "6AK": 0.4, "AAK": 0.5126666666666667, "257": 0.3323333333333333, "247": 0.6763333333333333, "278": 0.321, "27J": 0.8156666666666667, "277": 0.38333333333333336, "237": 0.3606666666666667, "267": 0.326, "27A": 0.36333333333333334, "227": 0.385, "457": 0.551, "578": 0.36466666666666664, "57J": 0.7936666666666666, "577": 0.3973333333333333, "357": 0.3983333333333333, "567": 0.44366666666666665, "557": 0.375, "57A": 0.37066666666666664, "478": 0.572, "47J": 0.897, "477": 0.6723333333333333, "347": 0.6456666666666667, "467": 0.5463333333333333, "447": 0.931, "47A": 0.6143333333333333, "78J": 0.7376666666666667, "778": 0.37766666666666665, "378": 0.328, "678": 0.35733333333333334, "78A": 0.35733333333333334, "788": 0.387, "77J": 0.7703333333333333, "37J": 0.7726666666666666, "67J": 0.7693333333333333, "7JJ": 0.9406666666666667, "7AJ": 0.7506666666666667, "377": 0.4043333333333333, "677": 0.3863333333333333, "77A": 0.398, "777": 0.44366666666666665, "367": 0.38133333333333336, "37A": 0.381, "337": 0.5633333333333334, "667": 0.378, "67A": 0.35433333333333333, "7AA": 0.44566666666666666, "245": 0.514, "258": 0.2683333333333333, "25J": 0.7643333333333333, "235": 0.37266666666666665, "256": 0.375, "255": 0.35, "25A": 0.317, "225": 0.32466666666666666, "248": 0.5513333333333333, "24J": 0.8953333333333333, "234": 0.6483333333333333, "246": 0.5886666666666667, "244": 0.9356666666666666,