{"7AK": 0.4643333333333333, "AKK": 0.5756666666666667, "AAK": 0.5576666666666666, "AKT": 0.5016666666666667, "6AK": 0.4623333333333333, "8AK": 0.499, "3AK": 0.448, "9AK": 0.489, "2AK": 0.44733333333333336, "AJK": 0.49866666666666665, "5AK": 0.6553333333333333, "AKQ": 0.6846666666666666, "4AK": 0.4836666666666667, "7AA": 0.49466666666666664, "7AT": 0.392, "67A": 0.402, "78A": 0.3993333333333333, "37A": 0.41233333333333333, "79A": 0.398, "27A": 0.4106666666666667, "7AJ": 0.4063333333333333, "57A": 0.6186666666666667, "7AQ": 0.7683333333333333, "77A": 0.49433333333333335, "47A": 0.412, "AAT": 0.4766666666666667, "6AA": 0.496, "8AA": 0.5006666666666667, "3AA": 0.4656666666666667, "9AA": 0.48933333333333334, "2AA": 0.5166666666666667, "AAA": 0.5796666666666667, "AAJ": 0.47833333333333333, "5AA": 0.7126666666666667, "AAQ": 0.8146666666666667, "4AA": 0.5036666666666667, "6AT": 0.39466666666666667, "8AT": 0.4246666666666667, "3AT": 0.38233333333333336, "9AT": 0.408, "2AT": 0.4086666666666667, "AJT": 0.44066666666666665, "5AT": 0.659, "AQT": 0.7276666666666667, "ATT": 0.48833333333333334, "4AT": 0.422, "68A": 0.42033333333333334, "36A": 0.41533333333333333, "69A": 0.396, "26A": 0.4256666666666667, "6AJ": 0.40166666666666667, "56A": 0.5883333333333334, "6AQ": 0.7646666666666667, "46A": 0.4156666666666667, "66A": 0.481, "38A": 0.4073333333333333, "89A": 0.426, "88A": 0.49066666666666664, "28A": 0.4256666666666667, "8AJ": 0.42333333333333334, "58A": 0.625, "8AQ": 0.7823333333333333, "48A": 0.531, "39A": 0.4146666666666667, "23A": 0.4156666666666667, "3AJ": 0.39466666666666667, "35A": 0.6833333333333333, "33A": 0.48233333333333334, "3AQ": 0.766, "34A": 0.432, "29A": 0.431, "9AJ": 0.3903333333333333, "59A": 0.64, "9AQ": 0.77, "49A": 0.426, "99A": 0.4836666666666667, "2AJ": 0.4166666666666667, "25A": 0.69, "22A": 0.45666666666666667, "2AQ": 0.7733333333333333, "24A": 0.4176666666666667, "5AJ": 0.6446666666666667, "AJQ": 0.7276666666666667, "AJJ": 0.49, "4AJ": 0.43066666666666664, "5AQ": 0.891, "55A": 0.9546666666666667, "45A": 0.6806666666666666, "AQQ": 0.925, "4AQ": 0.7986666666666666, "44A": 0.488, "7KK": 0.49566666666666664, "7KT": 0.3923333333333333, "67K": 0.41333333333333333, "78K": 0.3893333333333333, "37K": 0.3903333333333333, "79K": 0.413, "27K": 0.424, "7JK": 0.39566666666666667, "57K": 0.6343333333333333, "7KQ": 0.7483333333333333, "77K": 0.4836666666666667, "47K": 0.425, "KKT": 0.48933333333333334, "6KK": 0.487, "8KK": 0.49766666666666665, "3KK": 0.47933333333333333, "9KK": 0.5136666666666667, "2KK": 0.5113333333333333, "JKK": 0.49, "5KK": 0.7246666666666667, "KKQ": 0.798, "4KK": 0.5, "KKK": 0.591, "6KT": 0.4013333333333333, "8KT": 0.3903333333333333, "3KT": 0.3453333333333333, "9KT": 0.44366666666666665, "2KT": 0.3943333333333333, "JKT": 0.437, "5KT": 0.6253333333333333, "KQT": 0.6523333333333333, "KTT": 0.4746666666666667, "4KT": 0.4106666666666667, "68K": 0.39466666666666667, "36K": 0.386, "69K": 0.40166666666666667, "26K": 0.4023333333333333, "6JK": 0.39266666666666666, "56K": 0.5846666666666667, "6KQ": 0.7593333333333333, "46K": 0.426, "66K": 0.472, "38K": 0.38066666666666665, "89K": 0.403, "88K": 0.469, "28K": 0.39666666666666667, "8JK": 0.389, "58K": 0.624, "8KQ": 0.7636666666666667, "48K": 0.4103333333333333, "39K": 0.39, "23K": 0.4003333333333333, "3JK": 0.3446666666666667, "35K": 0.655, "33K": 0.456, "3KQ": 0.7376666666666667, "34K": 0.3973333333333333, "29K": 0.43166666666666664, "9JK": 0.46166666666666667, "59K": 0.6366666666666667, "9KQ": 0.717, "49K": 0.4003333333333333, "99K": 0.471, "2JK": 0.3973333333333333, "25K": 0.697, "22K": 0.49066666666666664, "2KQ": 0.7696666666666667, "24K": 0.42433333333333334, "5JK": 0.6176666666666667, "JKQ": 0.6783333333333333, "JJK": 0.47733333333333333, "4JK": 0.392, "5KQ": 0.8876666666666667, "55K": 0.936, "45K": 0.6673333333333333, "KQQ": 0.9106666666666666, "4KQ": 0.7503333333333333, "44K": 0.4563333333333333, "67T": 0.319, "78T": 0.308, "37T": 0.34, "79T": 0.348, "27T": 0.35533333333333333, "7JT": 0.31966666666666665, "57T": 0.6053333333333333, "7QT": 0.794, "7TT": 0.4043333333333333, "77T": 0.41833333333333333, "47T": 0.36466666666666664, "678": 0.4766666666666667, "367": 0.43366666666666664, "679": 0.4206666666666667, "267": 0.372, "67J": 0.367, "567": 0.5193333333333333, "67Q": 0.8083333333333333, "677": 0.44566666666666666, "467": 0.5, "667": 0.4166666666666667, "378": 0.3473333333333333, "789": 0.405, "788": 0.43066666666666664, "278": 0.376, "78J": 0.3453333333333333, "578": 0.554, "78Q": 0.7983333333333333, "778": 0.437, "478": 0.428, "379": 0.36633333333333334, "237": 0.374, "37J": 0.33766666666666667, "357": 0.631, "337": 0.43, "37Q": 0.8283333333333334, "377": 0.42533333333333334, "347": 0.441, "279": 0.5296666666666666, "79J": 0.37066666666666664, "579": 0.5943333333333334, "79Q": 0.792, "779": 0.42766666666666664, "479": 0.37866666666666665, "799": 0.43166666666666664, "27J": 0.38066666666666665, "257": 0.682, "227": 0.43066666666666664, "27Q": 0.8166666666666667, "277": 0.43133333333333335, "247": 0.3953333333333333, "57J": 0.6223333333333333, "7JQ": 0.8053333333333333, "7JJ": 0.44033333333333335, "77J": 0.42133333333333334, "47J": 0.367, "57Q": 0.9036666666666666, "557": 0.9226666666666666, "577": 0.6873333333333334, "457": 0.606, "77Q": 0.805, "7QQ": 0.9473333333333334, "47Q": 0.8256666666666667, "777": 0.5353333333333333, "477": 0.453, "447": 0.426, "68T": 0.335, "36T": 0.3303333333333333, "69T": 0.3343333333333333, "26T": 0.3466666666666667, "6JT": 0.3426666666666667, "56T": 0.5766666666666667, "6QT": 0.7916666666666666, "6TT": 0.412, "46T": 0.36133333333333334, "66T": 0.3893333333333333, "38T": 0.3426666666666667, "89T": 0.38233333333333336, "88T": 0.4216666666666667, "28T": 0.35933333333333334, "8JT": 0.414, "58T": 0.617, "8QT": 0.7533333333333333, "8TT": 0.4186666666666667, "48T": 0.3626666666666667, "39T": 0.34933333333333333, "23T": 0.3586666666666667, "3JT": 0.306, "35T": 0.6686666666666666, "33T": 0.399, "3QT": 0.752, "3TT": 0.4126666666666667, "34T": 0.3626666666666667, "29T": 0.37233333333333335, "9JT": 0.4766666666666667, "59T": 0.63, "9QT": 0.721, "9TT": 0.42433333333333334, "49T": 0.3556666666666667, "99T": 0.42133333333333334, "2JT": 0.36966666666666664, "25T": 0.696, "22T": 0.4146666666666667, "2QT": 0.813, "2TT": 0.42, "24T": 0.37466666666666665, "5JT": 0.6103333333333333, "JQT": 0.6693333333333333, "JTT": 0.4226666666666667, "JJT": 0.443, "4JT": 0.345, "5QT": 0.8913333333333333, "5TT": 0.693, "55T": 0.9306666666666666, "45T": 0.6776666666666666, "QTT": 0.7756666666666666, "QQT": 0.9116666666666666, "4QT": 0.7973333333333333, "TTT": 0.5276666666666666, "4TT": 0.42333333333333334, "44T": 0.42133333333333334, "368": 0.36866666666666664, "689": 0.4093333333333333, "688": 0.408, "268": 0.37366666666666665, "68J": 0.37466666666666665, "568": 0.5383333333333333, "68Q": 0.806, "468": 0.44633333333333336, "668": 0.43366666666666664, "369": 0.38, "236": 0.42866666666666664, "36J": 0.339, "356": 0.5556666666666666, "336": 0.4226666666666667, "36Q": 0.8136666666666666, "346": 0.5103333333333333, "366": 0.433, "269": 0.37833333333333335, "69J": 0.37266666666666665, "569": 0.5733333333333334, "69Q": 0.805, "469": 0.3536666666666667, "669": 0.4096666666666667, "699": 0.4056666666666667, "26J": 0.36233333333333334, "256": 0.6076666666666667, "226": 0.40166666666666667, "26Q": 0.834, "246": 0.44366666666666665, "266": 0.43166666666666664, "56J": 0.5763333333333334, "6JQ": 0.7986666666666666, "6JJ": 0.4096666666666667, "46J": 0.377, "66J": 0.4086666666666667, "56Q": 0.861, "556": 0.8953333333333333, "456": 0.5546666666666666, "566": 0.652, "6QQ": 0.955, "46Q": 0.798, "66Q": 0.8043333333333333, "466": 0.466, "446": 0.406, "666": 0.505, "389": 0.35133333333333333, "388": 0.4266666666666667, "238": 0.36666666666666664, "38J": 0.339, "358": 0.677, "338": 0.43766666666666665, "38Q": 0.8053333333333333, "348": 0.3973333333333333, "889": 0.422, "289": 0.373, "89J": 0.41133333333333333,