{"QQT": 0.2926666666666667, "JQQ": 0.3, "4QQ": 0.25066666666666665, "7QQ": 0.498, "KQQ": 0.3, "5QQ": 0.49766666666666665, "3QQ": 0.495, "6QQ": 0.2683333333333333, "AQQ": 0.32866666666666666, "8QQ": 0.6973333333333334, "2QQ": 0.6286666666666667, "9QQ": 0.5033333333333333, "QQQ": 0.32566666666666666, "JQT": 0.23833333333333334, "4QT": 0.20066666666666666, "7QT": 0.246, "KQT": 0.225, "5QT": 0.24266666666666667, "3QT": 0.24933333333333332, "6QT": 0.21833333333333332, "QTT": 0.2673333333333333, "AQT": 0.25533333333333336, "8QT": 0.5486666666666666, "2QT": 0.537, "9QT": 0.31666666666666665, "4JQ": 0.21733333333333332, "7JQ": 0.24, "JKQ": 0.22966666666666666, "5JQ": 0.24266666666666667, "3JQ": 0.24466666666666667, "6JQ": 0.209, "AJQ": 0.23433333333333334, "8JQ": 0.5586666666666666, "2JQ": 0.5403333333333333, "9JQ": 0.32466666666666666, "JJQ": 0.268, "47Q": 0.23533333333333334, "44Q": 0.23733333333333334, "4KQ": 0.214, "45Q": 0.23166666666666666, "34Q": 0.22133333333333333, "46Q": 0.18433333333333332, "4AQ": 0.206, "48Q": 0.6626666666666666, "24Q": 0.546, "49Q": 0.261, "7KQ": 0.24266666666666667, "57Q": 0.482, "37Q": 0.451, "67Q": 0.25133333333333335, "7AQ": 0.243, "77Q": 0.255, "78Q": 0.6836666666666666, "27Q": 0.5953333333333334, "79Q": 0.48533333333333334, "5KQ": 0.25733333333333336, "KKQ": 0.30033333333333334, "3KQ": 0.24666666666666667, "6KQ": 0.234, "AKQ": 0.234, "8KQ": 0.5933333333333334, "2KQ": 0.566, "9KQ": 0.2886666666666667, "55Q": 0.2673333333333333, "35Q": 0.474, "56Q": 0.24566666666666667, "5AQ": 0.25066666666666665, "58Q": 0.6893333333333334, "25Q": 0.5833333333333334, "59Q": 0.48966666666666664, "36Q": 0.22833333333333333, "3AQ": 0.26566666666666666, "33Q": 0.24466666666666667, "38Q": 0.6993333333333334, "23Q": 0.5723333333333334, "39Q": 0.49566666666666664, "6AQ": 0.214, "68Q": 0.6383333333333333, "26Q": 0.5426666666666666, "69Q": 0.26966666666666667, "66Q": 0.21266666666666667, "8AQ": 0.6096666666666667, "2AQ": 0.5453333333333333, "AAQ": 0.291, "9AQ": 0.28633333333333333, "28Q": 0.8803333333333333, "89Q": 0.579, "88Q": 0.9053333333333333, "29Q": 0.5866666666666667, "22Q": 0.9173333333333333, "99Q": 0.31366666666666665, "4JT": 0.20733333333333334, "7JT": 0.3323333333333333, "JKT": 0.226, "5JT": 0.25233333333333335, "3JT": 0.252, "6JT": 0.22166666666666668, "JTT": 0.273, "AJT": 0.23533333333333334, "8JT": 0.5263333333333333, "2JT": 0.5436666666666666, "9JT": 0.38866666666666666, "JJT": 0.25733333333333336, "47T": 0.245, "44T": 0.22, "4KT": 0.22333333333333333, "45T": 0.225, "34T": 0.23766666666666666, "46T": 0.20433333333333334, "4TT": 0.24533333333333332, "4AT": 0.21, "48T": 0.6416666666666667, "24T": 0.5206666666666667, "49T": 0.27066666666666667, "7KT": 0.259, "57T": 0.49166666666666664, "37T": 0.48833333333333334, "67T": 0.313, "7TT": 0.28833333333333333, "7AT": 0.268, "77T": 0.2936666666666667, "78T": 0.618, "27T": 0.5876666666666667, "79T": 0.584, "5KT": 0.24566666666666667, "KKT": 0.304, "3KT": 0.24533333333333332, "6KT": 0.21366666666666667, "KTT": 0.271, "AKT": 0.24633333333333332, "8KT": 0.592, "2KT": 0.5466666666666666, "9KT": 0.2876666666666667, "55T": 0.27166666666666667, "35T": 0.461, "56T": 0.24866666666666667, "5TT": 0.2643333333333333, "5AT": 0.25033333333333335, "58T": 0.6583333333333333, "25T": 0.587, "59T": 0.503, "36T": 0.23266666666666666, "3TT": 0.271, "3AT": 0.241, "33T": 0.25933333333333336, "38T": 0.6763333333333333, "23T": 0.5883333333333334, "39T": 0.49933333333333335, "6TT": 0.25433333333333336, "6AT": 0.20533333333333334, "68T": 0.6123333333333333, "26T": 0.5456666666666666, "69T": 0.335, "66T": 0.21533333333333332, "ATT": 0.2653333333333333, "8TT": 0.6436666666666667, "2TT": 0.6, "9TT": 0.31966666666666665, "TTT": 0.3313333333333333, "8AT": 0.5873333333333334, "2AT": 0.535, "AAT": 0.29433333333333334, "9AT": 0.299, "28T": 0.8636666666666667, "89T": 0.5226666666666666, "88T": 0.8716666666666667, "29T": 0.5886666666666667, "22T": 0.92, "99T": 0.31966666666666665, "47J": 0.242, "44J": 0.22466666666666665, "4JK": 0.207, "45J": 0.253, "34J": 0.22033333333333333, "46J": 0.19433333333333333, "4AJ": 0.209, "48J": 0.681, "24J": 0.5356666666666666, "49J": 0.2776666666666667, "4JJ": 0.236, "7JK": 0.26266666666666666, "57J": 0.4776666666666667, "37J": 0.4806666666666667, "67J": 0.24066666666666667, "7AJ": 0.2693333333333333, "77J": 0.29133333333333333, "78J": 0.6576666666666666, "27J": 0.5783333333333334, "79J": 0.524, "7JJ": 0.293, "5JK": 0.25633333333333336, "JKK": 0.303, "3JK": 0.249, "6JK": 0.21766666666666667, "AJK": 0.23766666666666666, "8JK": 0.586, "2JK": 0.5566666666666666, "9JK": 0.27166666666666667, "JJK": 0.26466666666666666, "55J": 0.25966666666666666, "35J": 0.45366666666666666, "56J": 0.23333333333333334, "5AJ": 0.245, "58J": 0.673, "25J": 0.584, "59J": 0.5003333333333333, "5JJ": 0.274, "36J": 0.22833333333333333, "3AJ": 0.25433333333333336, "33J": 0.26033333333333336, "38J": 0.6836666666666666, "23J": 0.5943333333333334, "39J": 0.4886666666666667, "3JJ": 0.28, "6AJ": 0.198, "68J": 0.649, "26J": 0.5523333333333333, "69J": 0.2786666666666667, "66J": 0.21033333333333334, "6JJ": 0.23566666666666666, "8AJ": 0.6106666666666667, "2AJ": 0.527, "AAJ": 0.32233333333333336, "9AJ": 0.292, "AJJ": 0.27566666666666667, "28J": 0.8666666666666667, "89J": 0.5656666666666667, "8JJ": 0.655, "88J": 0.8866666666666667, "29J": 0.584, "2JJ": 0.6013333333333334, "22J": 0.917, "9JJ": 0.305, "99J": 0.30433333333333334, "JJJ": 0.31866666666666665, "447": 0.24933333333333332, "47K": 0.23466666666666666, "457": 0.527, "347": 0.4543333333333333, "467": 0.29133333333333333, "47A": 0.226, "477": 0.23966666666666667, "478": 0.6673333333333333, "247": 0.5743333333333334, "479": 0.48433333333333334, "44K": 0.23366666666666666, "445": 0.23333333333333334, "344": 0.239, "446": 0.20733333333333334, "44A": 0.21733333333333332, "448": 0.681, "244": 0.5636666666666666, "444": 0.259, "449": 0.26066666666666666, "45K": 0.228, "4KK": 0.2783333333333333, "34K": 0.23933333333333334, "46K": 0.183, "4AK": 0.203, "48K": 0.6426666666666667, "24K": 0.5423333333333333, "49K": 0.25766666666666665, "455": 0.24566666666666667, "345": 0.5096666666666667, "456": 0.3606666666666667, "45A": 0.23233333333333334, "458": 0.6966666666666667, "245": 0.5253333333333333, "459": 0.477, "346": 0.276, "34A": 0.22266666666666668, "334": 0.238, "348": 0.7406666666666667, "234": 0.5286666666666666, "349": 0.4656666666666667, "46A": 0.15966666666666668, "468": 0.6443333333333333, "246": 0.42533333333333334, "469": 0.241, "466": 0.20166666666666666, "48A": 0.6583333333333333, "24A": 0.4543333333333333, "4AA": 0.27066666666666667, "49A": 0.233, "248": 0.8633333333333333, "489": 0.6656666666666666, "488": 0.9296666666666666, "249": 0.565, "224": 0.9106666666666666, "499": 0.269, "57K": 0.466, "7KK": 0.484, "37K": 0.4666666666666667, "67K": 0.252, "7AK": 0.272, "77K": 0.262, "78K": 0.6466666666666666, "27K": 0.5766666666666667, "79K": 0.49966666666666665, "557": 0.479, "357": 0.876, "567": 0.5703333333333334, "57A": 0.4796666666666667, "577": 0.472, "578": 0.7466666666666667, "257": 0.727, "579": 0.8926666666666667, "367": 0.492, "37A": 0.467, "337": 0.45966666666666667, "377": 0.4686666666666667, "378": 0.806, "237": 0.7223333333333334, "379": 0.8783333333333333, "67A": 0.24766666666666667, "677": 0.25266666666666665, "678": 0.61, "267": 0.5546666666666666, "679": 0.5813333333333334, "667": 0.25233333333333335, "77A": 0.24933333333333332, "78A": 0.667, "27A": 0.584, "7AA": 0.481, "79A": 0.497, "778": 0.6936666666666667, "277": 0.5976666666666667, "779": 0.506, "777": 0.2856666666666667, "278": 0.8693333333333333, "789": 0.7123333333333334, "788": 0.909, "279": 0.7193333333333334, "227": 0.9383333333333334, "799": 0.5183333333333333, "55K": 0.24966666666666668, "5KK": 0.4796666666666667, "35K": 0.492, "56K": 0.24866666666666667, "5AK": 0.25466666666666665, "58K": 0.668, "25K": 0.5883333333333334, "59K": 0.49433333333333335, "3KK": 0.502, "6KK": 0.272, "KKK": 0.32366666666666666,