{"4AQ": 0.364, "4QT": 0.33266666666666667, "48Q": 0.3283333333333333, "47Q": 0.298, "34Q": 0.30433333333333334, "44Q": 0.3606666666666667, "49Q": 0.345, "4JQ": 0.7026666666666667, "24Q": 0.5873333333333334, "4KQ": 0.38666666666666666, "45Q": 0.32366666666666666, "46Q": 0.30033333333333334, "4QQ": 0.37666666666666665, "AQT": 0.44966666666666666, "8AQ": 0.38533333333333336, "7AQ": 0.39066666666666666, "3AQ": 0.3943333333333333, "9AQ": 0.39, "AJQ": 0.6356666666666667, "AAQ": 0.44533333333333336, "2AQ": 0.5936666666666667, "AKQ": 0.5126666666666667, "5AQ": 0.38166666666666665, "6AQ": 0.355, "AQQ": 0.468, "QTT": 0.409, "8QT": 0.424, "7QT": 0.33366666666666667, "3QT": 0.327, "9QT": 0.4736666666666667, "JQT": 0.583, "2QT": 0.5773333333333334, "KQT": 0.49366666666666664, "5QT": 0.34, "6QT": 0.30666666666666664, "QQT": 0.37833333333333335, "78Q": 0.4826666666666667, "88Q": 0.3983333333333333, "38Q": 0.3433333333333333, "89Q": 0.5276666666666666, "8JQ": 0.676, "28Q": 0.5833333333333334, "8KQ": 0.515, "58Q": 0.4686666666666667, "68Q": 0.3293333333333333, "8QQ": 0.43133333333333335, "37Q": 0.319, "79Q": 0.4706666666666667, "7JQ": 0.7206666666666667, "27Q": 0.5976666666666667, "7KQ": 0.5186666666666667, "57Q": 0.471, "67Q": 0.31766666666666665, "77Q": 0.38266666666666665, "7QQ": 0.39966666666666667, "39Q": 0.3446666666666667, "3JQ": 0.72, "23Q": 0.5903333333333334, "3KQ": 0.382, "35Q": 0.3323333333333333, "36Q": 0.31566666666666665, "33Q": 0.3873333333333333, "3QQ": 0.39066666666666666, "9JQ": 0.6436666666666667, "29Q": 0.6016666666666667, "9KQ": 0.5583333333333333, "59Q": 0.472, "69Q": 0.33766666666666667, "99Q": 0.4076666666666667, "9QQ": 0.417, "2JQ": 0.8693333333333333, "JKQ": 0.6, "5JQ": 0.7003333333333334, "6JQ": 0.7053333333333334, "JJQ": 0.9073333333333333, "JQQ": 0.7273333333333334, "2KQ": 0.6253333333333333, "25Q": 0.605, "26Q": 0.5803333333333334, "22Q": 0.9586666666666667, "2QQ": 0.6473333333333333, "5KQ": 0.5186666666666667, "6KQ": 0.38266666666666665, "KKQ": 0.4816666666666667, "KQQ": 0.469, "56Q": 0.32366666666666666, "5QQ": 0.3953333333333333, "55Q": 0.3863333333333333, "66Q": 0.394, "6QQ": 0.388, "QQQ": 0.48433333333333334, "4AT": 0.302, "48A": 0.31166666666666665, "47A": 0.30233333333333334, "34A": 0.32766666666666666, "44A": 0.372, "49A": 0.30666666666666664, "4AJ": 0.7076666666666667, "4AA": 0.38266666666666665, "24A": 0.5906666666666667, "4AK": 0.3636666666666667, "45A": 0.30333333333333334, "46A": 0.29433333333333334, "4TT": 0.31733333333333336, "48T": 0.2653333333333333, "47T": 0.24466666666666667, "34T": 0.262, "44T": 0.30266666666666664, "49T": 0.26966666666666667, "4JT": 0.6263333333333333, "24T": 0.5433333333333333, "4KT": 0.30233333333333334, "45T": 0.2633333333333333, "46T": 0.24666666666666667, "478": 0.275, "488": 0.33, "348": 0.2633333333333333, "448": 0.326, "489": 0.308, "48J": 0.737, "248": 0.5726666666666667, "48K": 0.328, "458": 0.281, "468": 0.25566666666666665, "347": 0.24866666666666667, "447": 0.321, "479": 0.2763333333333333, "47J": 0.733, "247": 0.5543333333333333, "47K": 0.315, "457": 0.26066666666666666, "467": 0.227, "477": 0.31733333333333336, "344": 0.32, "349": 0.276, "34J": 0.7593333333333333, "234": 0.545, "34K": 0.31, "345": 0.338, "346": 0.318, "334": 0.3243333333333333, "449": 0.3363333333333333, "44J": 0.7336666666666667, "244": 0.6206666666666667, "44K": 0.38333333333333336, "444": 0.4126666666666667, "445": 0.33666666666666667, "446": 0.30533333333333335, "49J": 0.7463333333333333, "249": 0.5826666666666667, "49K": 0.3463333333333333, "459": 0.282, "469": 0.2623333333333333, "499": 0.3273333333333333, "24J": 0.8893333333333333, "4JK": 0.7096666666666667, "45J": 0.742, "46J": 0.7506666666666667, "4JJ": 0.9173333333333333, "24K": 0.5943333333333334, "245": 0.5293333333333333, "246": 0.5313333333333333, "224": 0.9376666666666666, "45K": 0.3466666666666667, "46K": 0.30666666666666664, "4KK": 0.395, "456": 0.302, "455": 0.34, "466": 0.317, "ATT": 0.398, "8AT": 0.34, "7AT": 0.324, "3AT": 0.3473333333333333, "9AT": 0.32866666666666666, "AJT": 0.654, "AAT": 0.423, "2AT": 0.6076666666666667, "AKT": 0.44666666666666666, "5AT": 0.298, "6AT": 0.30633333333333335, "78A": 0.31933333333333336, "88A": 0.37966666666666665, "38A": 0.3393333333333333, "89A": 0.33066666666666666, "8AJ": 0.7243333333333334, "8AA": 0.4033333333333333, "28A": 0.6103333333333333, "8AK": 0.382, "58A": 0.306, "68A": 0.2823333333333333, "37A": 0.32966666666666666, "79A": 0.32166666666666666, "7AJ": 0.728, "7AA": 0.39866666666666667, "27A": 0.5873333333333334, "7AK": 0.382, "57A": 0.303, "67A": 0.30233333333333334, "77A": 0.3953333333333333, "39A": 0.3396666666666667, "3AJ": 0.732, "3AA": 0.414, "23A": 0.6603333333333333, "3AK": 0.3933333333333333, "35A": 0.3283333333333333, "36A": 0.33866666666666667, "33A": 0.4093333333333333, "9AJ": 0.7076666666666667, "9AA": 0.39566666666666667, "29A": 0.5893333333333334, "9AK": 0.38233333333333336, "59A": 0.33066666666666666, "69A": 0.305, "99A": 0.39866666666666667, "AAJ": 0.773, "2AJ": 0.889, "AJK": 0.649, "5AJ": 0.7336666666666667, "6AJ": 0.7353333333333333, "AJJ": 0.9276666666666666, "AAA": 0.49166666666666664, "2AA": 0.6643333333333333, "AAK": 0.451, "5AA": 0.4013333333333333, "6AA": 0.378, "2AK": 0.5946666666666667, "25A": 0.5916666666666667, "26A": 0.5843333333333334, "22A": 0.9443333333333334, "5AK": 0.368, "6AK": 0.362, "AKK": 0.43966666666666665, "56A": 0.30733333333333335, "55A": 0.4056666666666667, "66A": 0.3973333333333333, "8TT": 0.35633333333333334, "7TT": 0.3536666666666667, "3TT": 0.3283333333333333, "9TT": 0.367, "JTT": 0.7086666666666667, "TTT": 0.415, "2TT": 0.6323333333333333, "KTT": 0.4076666666666667, "5TT": 0.35333333333333333, "6TT": 0.32166666666666666, "78T": 0.373, "88T": 0.35, "38T": 0.291, "89T": 0.44333333333333336, "8JT": 0.6523333333333333, "28T": 0.5753333333333334, "8KT": 0.33066666666666666, "58T": 0.292, "68T": 0.259, "37T": 0.2713333333333333, "79T": 0.383, "7JT": 0.6953333333333334, "27T": 0.5856666666666667, "7KT": 0.351, "57T": 0.2853333333333333, "67T": 0.251, "77T": 0.32566666666666666, "39T": 0.28, "3JT": 0.7246666666666667, "23T": 0.5873333333333334, "3KT": 0.3383333333333333, "35T": 0.269, "36T": 0.281, "33T": 0.32166666666666666, "9JT": 0.619, "29T": 0.573, "9KT": 0.4136666666666667, "59T": 0.318, "69T": 0.2786666666666667, "99T": 0.35733333333333334, "2JT": 0.853, "JKT": 0.6346666666666667, "5JT": 0.721, "6JT": 0.7133333333333334, "JJT": 0.8813333333333333, "2KT": 0.5926666666666667, "25T": 0.5726666666666667, "26T": 0.575, "22T": 0.9543333333333334, "5KT": 0.3416666666666667, "6KT": 0.3243333333333333, "KKT": 0.41133333333333333, "56T": 0.25833333333333336, "55T": 0.316, "66T": 0.321, "788": 0.3423333333333333, "378": 0.2853333333333333, "789": 0.463, "78J": 0.7103333333333334, "278": 0.5713333333333334, "78K": 0.466, "578": 0.4156666666666667, "678": 0.25233333333333335, "778": 0.3373333333333333, "388": 0.3466666666666667, "889": 0.353, "88J": 0.7413333333333333, "288": 0.629, "88K": 0.403, "588": 0.3403333333333333, "688": 0.309, "888": 0.416, "389": 0.30266666666666664, "38J": 0.7826666666666666, "238": 0.5796666666666667, "38K": 0.33666666666666667, "358": 0.282, "368": 0.2633333333333333, "338": 0.3466666666666667, "89J": 0.6816666666666666, "289": 0.5956666666666667, "89K": 0.47833333333333333, "589": 0.426, "689": 0.27166666666666667, "899": 0.3456666666666667, "28J": 0.8906666666666667, "8JK": 0.7203333333333334, "58J": 0.741, "68J": 0.756, "8JJ": 0.9233333333333333, "28K": 0.5943333333333334, "258": 0.569, "268": 0.546, "228": 0.9473333333333334, "58K": 0.468, "68K": 0.30566666666666664, "8KK": 0.4136666666666667, "568": 0.26, "558": 0.32066666666666666, "668": 0.317, "379": 0.2713333333333333, "37J": 0.7893333333333333, "237": 0.593, "37K": 0.318, "357": 0.27366666666666667, "367": 0.24866666666666667, "337": 0.3443333333333333, "377": 0.3313333333333333, "79J": 0.7176666666666667, "279": 0.5536666666666666, "79K": 0.4646666666666667,