{"5JK": 0.7953333333333333, "5JT": 0.427, "5JQ": 0.4076666666666667, "56J": 0.681, "59J": 0.422, "57J": 0.45066666666666666, "58J": 0.41, "45J": 0.42733333333333334, "35J": 0.41433333333333333, "55J": 0.488, "25J": 0.43066666666666664, "5AJ": 0.48933333333333334, "5JJ": 0.507, "JKT": 0.7566666666666667, "JKQ": 0.753, "6JK": 0.9103333333333333, "9JK": 0.7966666666666666, "7JK": 0.8046666666666666, "8JK": 0.813, "4JK": 0.8106666666666666, "3JK": 0.8406666666666667, "2JK": 0.8376666666666667, "AJK": 0.753, "JJK": 0.82, "JKK": 0.9343333333333333, "JTT": 0.5223333333333333, "JQT": 0.5673333333333334, "6JT": 0.7506666666666667, "9JT": 0.471, "7JT": 0.5813333333333334, "8JT": 0.405, "4JT": 0.44366666666666665, "3JT": 0.44566666666666666, "2JT": 0.43, "AJT": 0.5456666666666666, "JJT": 0.524, "6JQ": 0.68, "9JQ": 0.478, "7JQ": 0.4643333333333333, "8JQ": 0.415, "JQQ": 0.5126666666666667, "4JQ": 0.437, "3JQ": 0.43833333333333335, "2JQ": 0.431, "AJQ": 0.529, "JJQ": 0.5056666666666667, "69J": 0.65, "67J": 0.7443333333333333, "68J": 0.6466666666666666, "46J": 0.693, "36J": 0.7073333333333334, "26J": 0.7226666666666667, "6AJ": 0.678, "6JJ": 0.7486666666666667, "66J": 0.9493333333333334, "79J": 0.42966666666666664, "89J": 0.37633333333333335, "99J": 0.4826666666666667, "49J": 0.44733333333333336, "39J": 0.4086666666666667, "29J": 0.41833333333333333, "9AJ": 0.478, "9JJ": 0.5043333333333333, "78J": 0.4146666666666667, "47J": 0.44166666666666665, "77J": 0.5126666666666667, "37J": 0.445, "27J": 0.424, "7AJ": 0.48933333333333334, "7JJ": 0.5186666666666667, "48J": 0.4156666666666667, "38J": 0.40166666666666667, "88J": 0.482, "28J": 0.37266666666666665, "8AJ": 0.489, "8JJ": 0.48933333333333334, "34J": 0.421, "24J": 0.415, "4AJ": 0.49333333333333335, "4JJ": 0.5333333333333333, "44J": 0.501, "23J": 0.42233333333333334, "3AJ": 0.473, "3JJ": 0.505, "33J": 0.4886666666666667, "22J": 0.48533333333333334, "2AJ": 0.5023333333333333, "2JJ": 0.5233333333333333, "AJJ": 0.586, "AAJ": 0.5973333333333334, "JJJ": 0.5913333333333334, "5KT": 0.7936666666666666, "5KQ": 0.6963333333333334, "56K": 0.8716666666666667, "59K": 0.8183333333333334, "57K": 0.805, "58K": 0.812, "45K": 0.802, "35K": 0.8143333333333334, "55K": 0.7903333333333333, "25K": 0.8166666666666667, "5AK": 0.7663333333333333, "5KK": 0.9253333333333333, "5TT": 0.517, "5QT": 0.4103333333333333, "56T": 0.6876666666666666, "59T": 0.41933333333333334, "57T": 0.44466666666666665, "58T": 0.4146666666666667, "45T": 0.43966666666666665, "35T": 0.45366666666666666, "55T": 0.47733333333333333, "25T": 0.406, "5AT": 0.4646666666666667, "56Q": 0.652, "59Q": 0.41133333333333333, "57Q": 0.404, "58Q": 0.402, "5QQ": 0.48533333333333334, "45Q": 0.4086666666666667, "35Q": 0.4103333333333333, "55Q": 0.4796666666666667, "25Q": 0.402, "5AQ": 0.4513333333333333, "569": 0.6693333333333333, "567": 0.5993333333333334, "568": 0.605, "456": 0.623, "356": 0.671, "556": 0.7056666666666667, "256": 0.6886666666666666, "56A": 0.6836666666666666, "566": 0.9296666666666666, "579": 0.499, "589": 0.46066666666666667, "599": 0.519, "459": 0.461, "359": 0.4493333333333333, "559": 0.49333333333333335, "259": 0.449, "59A": 0.5046666666666667, "578": 0.5643333333333334, "457": 0.5643333333333334, "577": 0.511, "357": 0.5046666666666667, "557": 0.502, "257": 0.435, "57A": 0.4806666666666667, "458": 0.502, "358": 0.421, "558": 0.49833333333333335, "588": 0.4693333333333333, "258": 0.4156666666666667, "58A": 0.4856666666666667, "345": 0.5606666666666666, "455": 0.5243333333333333, "245": 0.508, "45A": 0.505, "445": 0.506, "355": 0.5056666666666667, "235": 0.47933333333333333, "35A": 0.479, "335": 0.49066666666666664, "255": 0.4826666666666667, "555": 0.5986666666666667, "55A": 0.5743333333333334, "225": 0.5, "25A": 0.47733333333333333, "5AA": 0.574, "KTT": 0.8116666666666666, "KQT": 0.7366666666666667, "6KT": 0.8976666666666666, "9KT": 0.7723333333333333, "7KT": 0.8143333333333334, "8KT": 0.8336666666666667, "4KT": 0.8353333333333334, "3KT": 0.8336666666666667, "2KT": 0.835, "AKT": 0.7403333333333333, "KKT": 0.932, "6KQ": 0.8846666666666667, "9KQ": 0.777, "7KQ": 0.8143333333333334, "8KQ": 0.8046666666666666, "KQQ": 0.7986666666666666, "4KQ": 0.789, "3KQ": 0.802, "2KQ": 0.8146666666666667, "AKQ": 0.729, "KKQ": 0.9223333333333333, "69K": 0.9076666666666666, "67K": 0.8896666666666667, "68K": 0.9066666666666666, "46K": 0.921, "36K": 0.9246666666666666, "26K": 0.9283333333333333, "6AK": 0.918, "66K": 0.9906666666666667, "6KK": 0.9933333333333333, "79K": 0.823, "89K": 0.837, "99K": 0.826, "49K": 0.855, "39K": 0.8396666666666667, "29K": 0.84, "9AK": 0.7993333333333333, "9KK": 0.944, "78K": 0.8376666666666667, "47K": 0.8386666666666667, "77K": 0.8363333333333334, "37K": 0.8453333333333334, "27K": 0.852, "7AK": 0.788, "7KK": 0.961, "48K": 0.8506666666666667, "38K": 0.8356666666666667, "88K": 0.798, "28K": 0.8226666666666667, "8AK": 0.7876666666666666, "8KK": 0.9386666666666666, "34K": 0.8436666666666667, "24K": 0.8436666666666667, "4AK": 0.7716666666666666, "44K": 0.833, "4KK": 0.9583333333333334, "23K": 0.825, "3AK": 0.793, "33K": 0.83, "3KK": 0.94, "22K": 0.8323333333333334, "2AK": 0.7976666666666666, "2KK": 0.9403333333333334, "AAK": 0.8343333333333334, "AKK": 0.9393333333333334, "KKK": 0.9996666666666667, "QTT": 0.482, "6TT": 0.73, "9TT": 0.514, "7TT": 0.5216666666666666, "8TT": 0.49533333333333335, "4TT": 0.5206666666666667, "TTT": 0.604, "3TT": 0.5083333333333333, "2TT": 0.502, "ATT": 0.5763333333333334, "6QT": 0.651, "9QT": 0.494, "7QT": 0.43866666666666665, "8QT": 0.394, "QQT": 0.5253333333333333, "4QT": 0.4146666666666667, "3QT": 0.42733333333333334, "2QT": 0.43266666666666664, "AQT": 0.531, "69T": 0.6393333333333333, "67T": 0.7316666666666667, "68T": 0.621, "46T": 0.6923333333333334, "36T": 0.6943333333333334, "26T": 0.6946666666666667, "6AT": 0.6776666666666666, "66T": 0.9366666666666666, "79T": 0.4623333333333333, "89T": 0.43166666666666664, "99T": 0.48933333333333334, "49T": 0.449, "39T": 0.4043333333333333, "29T": 0.42, "9AT": 0.48966666666666664, "78T": 0.4673333333333333, "47T": 0.4623333333333333, "77T": 0.49533333333333335, "37T": 0.445, "27T": 0.45266666666666666, "7AT": 0.4703333333333333, "48T": 0.4126666666666667, "38T": 0.39, "88T": 0.49266666666666664, "28T": 0.3873333333333333, "8AT": 0.4746666666666667, "34T": 0.43133333333333335, "24T": 0.4216666666666667, "4AT": 0.5096666666666667, "44T": 0.513, "23T": 0.42433333333333334, "3AT": 0.48966666666666664, "33T": 0.495, "22T": 0.493, "2AT": 0.48833333333333334, "AAT": 0.582, "69Q": 0.639, "67Q": 0.6446666666666667, "68Q": 0.6246666666666667, "6QQ": 0.734, "46Q": 0.682, "36Q": 0.688, "26Q": 0.6953333333333334, "6AQ": 0.6683333333333333, "66Q": 0.946, "79Q": 0.43466666666666665, "89Q": 0.395, "9QQ": 0.5213333333333333, "99Q": 0.498, "49Q": 0.43966666666666665, "39Q": 0.42133333333333334, "29Q": 0.42133333333333334, "9AQ": 0.4766666666666667, "78Q": 0.43766666666666665, "7QQ": 0.515, "47Q": 0.417, "77Q": 0.5006666666666667, "37Q": 0.42233333333333334, "27Q": 0.435, "7AQ": 0.488, "8QQ": 0.49966666666666665, "48Q": 0.41833333333333333, "38Q": 0.394, "88Q": 0.47, "28Q": 0.40066666666666667, "8AQ": 0.469, "4QQ": 0.5243333333333333, "3QQ": 0.513, "2QQ": 0.5056666666666667, "AQQ": 0.5833333333333334, "QQQ": 0.608, "34Q": 0.419, "24Q": 0.418, "4AQ": 0.5013333333333333, "44Q": 0.49233333333333335, "23Q": 0.41, "3AQ": 0.47733333333333333, "33Q": 0.477, "22Q": 0.489, "2AQ": 0.49233333333333335, "AAQ": 0.6, "679": 0.596, "689": 0.5696666666666667, "699": 0.7153333333333334, "469": 0.6793333333333333, "369": 0.6973333333333334, "269": 0.6883333333333334, "69A": 0.653, "669": 0.9433333333333334, "678": 0.567, "467": 0.6386666666666667, "677": 0.7043333333333334, "367": 0.6573333333333333, "267": 0.6866666666666666, "67A": 0.6453333333333333, "667": 0.914, "468": 0.6466666666666666, "368": 0.6396666666666667, "688": 0.7316666666666667, "268": 0.6626666666666666, "68A": 0.6393333333333333, "668": 0.904,