{"6QT": 0.49033333333333334, "5QT": 0.468, "9QT": 0.447, "JQT": 0.535, "2QT": 0.477, "8QT": 0.457, "7QT": 0.668, "QTT": 0.593, "QQT": 0.5826666666666667, "4QT": 0.49566666666666664, "3QT": 0.483, "AQT": 0.8103333333333333, "KQT": 0.5363333333333333, "56T": 0.499, "69T": 0.5513333333333333, "6JT": 0.503, "26T": 0.491, "68T": 0.5506666666666666, "66T": 0.5453333333333333, "67T": 0.67, "6TT": 0.5793333333333334, "46T": 0.496, "36T": 0.485, "6AT": 0.8296666666666667, "6KT": 0.474, "59T": 0.46366666666666667, "5JT": 0.48233333333333334, "25T": 0.415, "58T": 0.479, "57T": 0.6783333333333333, "5TT": 0.577, "55T": 0.5396666666666666, "45T": 0.46366666666666667, "35T": 0.4776666666666667, "5AT": 0.8386666666666667, "5KT": 0.416, "9JT": 0.496, "99T": 0.561, "29T": 0.4826666666666667, "89T": 0.5776666666666667, "79T": 0.6096666666666667, "9TT": 0.5936666666666667, "49T": 0.48966666666666664, "39T": 0.483, "9AT": 0.85, "9KT": 0.46, "2JT": 0.4796666666666667, "8JT": 0.5146666666666667, "7JT": 0.6496666666666666, "JTT": 0.5943333333333334, "4JT": 0.495, "3JT": 0.481, "AJT": 0.7953333333333333, "JKT": 0.5156666666666667, "JJT": 0.573, "28T": 0.4723333333333333, "22T": 0.5483333333333333, "27T": 0.7146666666666667, "2TT": 0.5646666666666667, "24T": 0.457, "23T": 0.4673333333333333, "2AT": 0.8316666666666667, "2KT": 0.422, "78T": 0.5853333333333334, "8TT": 0.5773333333333334, "48T": 0.4856666666666667, "38T": 0.49366666666666664, "88T": 0.5603333333333333, "8AT": 0.8156666666666667, "8KT": 0.472, "7TT": 0.777, "77T": 0.9433333333333334, "47T": 0.706, "37T": 0.7003333333333334, "7AT": 0.8856666666666667, "7KT": 0.634, "4TT": 0.612, "3TT": 0.5843333333333334, "TTT": 0.6966666666666667, "ATT": 0.8583333333333333, "KTT": 0.5816666666666667, "34T": 0.49366666666666664, "4AT": 0.862, "44T": 0.5706666666666667, "4KT": 0.476, "33T": 0.5776666666666667, "3AT": 0.8713333333333333, "3KT": 0.477, "AKT": 0.8026666666666666, "AAT": 0.932, "KKT": 0.5636666666666666, "56Q": 0.497, "69Q": 0.499, "6JQ": 0.5053333333333333, "26Q": 0.483, "68Q": 0.49033333333333334, "66Q": 0.577, "67Q": 0.6733333333333333, "6QQ": 0.598, "46Q": 0.496, "36Q": 0.492, "6AQ": 0.82, "6KQ": 0.4766666666666667, "59Q": 0.49166666666666664, "5JQ": 0.49266666666666664, "25Q": 0.458, "58Q": 0.48833333333333334, "57Q": 0.7276666666666667, "55Q": 0.5726666666666667, "5QQ": 0.58, "45Q": 0.49933333333333335, "35Q": 0.48633333333333334, "5AQ": 0.8633333333333333, "5KQ": 0.4846666666666667, "9JQ": 0.5966666666666667, "99Q": 0.574, "29Q": 0.486, "89Q": 0.48733333333333334, "79Q": 0.665, "9QQ": 0.593, "49Q": 0.626, "39Q": 0.4703333333333333, "9AQ": 0.8693333333333333, "9KQ": 0.479, "2JQ": 0.502, "8JQ": 0.464, "7JQ": 0.6733333333333333, "JQQ": 0.5976666666666667, "4JQ": 0.6243333333333333, "3JQ": 0.49866666666666665, "AJQ": 0.8066666666666666, "JKQ": 0.548, "JJQ": 0.5856666666666667, "28Q": 0.49333333333333335, "22Q": 0.5703333333333334, "27Q": 0.743, "2QQ": 0.581, "24Q": 0.48933333333333334, "23Q": 0.484, "2AQ": 0.863, "2KQ": 0.4703333333333333, "78Q": 0.641, "8QQ": 0.5656666666666667, "48Q": 0.48966666666666664, "38Q": 0.484, "88Q": 0.5936666666666667, "8AQ": 0.832, "8KQ": 0.49733333333333335, "77Q": 0.96, "7QQ": 0.7743333333333333, "47Q": 0.721, "37Q": 0.725, "7AQ": 0.9086666666666666, "7KQ": 0.6976666666666667, "4QQ": 0.58, "3QQ": 0.5836666666666667, "AQQ": 0.86, "KQQ": 0.5813333333333334, "QQQ": 0.693, "34Q": 0.516, "4AQ": 0.854, "44Q": 0.5866666666666667, "4KQ": 0.5013333333333333, "33Q": 0.576, "3AQ": 0.8643333333333333, "3KQ": 0.5073333333333333, "AKQ": 0.8253333333333334, "AAQ": 0.952, "KKQ": 0.605, "569": 0.541, "56J": 0.5, "256": 0.45266666666666666, "568": 0.599, "566": 0.5463333333333333, "567": 0.6256666666666667, "556": 0.539, "456": 0.6156666666666667, "356": 0.5506666666666666, "56A": 0.8236666666666667, "56K": 0.486, "69J": 0.47533333333333333, "699": 0.589, "269": 0.5026666666666667, "689": 0.591, "669": 0.5766666666666667, "679": 0.643, "469": 0.5296666666666666, "369": 0.51, "69A": 0.8333333333333334, "69K": 0.49566666666666664, "26J": 0.49833333333333335, "68J": 0.4673333333333333, "66J": 0.5673333333333334, "67J": 0.6876666666666666, "46J": 0.49966666666666665, "36J": 0.48966666666666664, "6AJ": 0.8416666666666667, "6JK": 0.49133333333333334, "6JJ": 0.566, "268": 0.4806666666666667, "266": 0.5213333333333333, "226": 0.5656666666666667, "267": 0.735, "246": 0.471, "236": 0.4806666666666667, "26A": 0.826, "26K": 0.4216666666666667, "668": 0.5693333333333334, "678": 0.526, "468": 0.536, "368": 0.49066666666666664, "688": 0.577, "68A": 0.731, "68K": 0.4806666666666667, "666": 0.689, "667": 0.6953333333333334, "466": 0.5743333333333334, "366": 0.5866666666666667, "66A": 0.8363333333333334, "66K": 0.5593333333333333, "677": 0.9136666666666666, "467": 0.682, "367": 0.7176666666666667, "67A": 0.802, "67K": 0.689, "346": 0.5223333333333333, "46A": 0.829, "446": 0.5443333333333333, "46K": 0.49033333333333334, "336": 0.564, "36A": 0.8233333333333334, "36K": 0.477, "6AK": 0.834, "6AA": 0.937, "6KK": 0.5836666666666667, "59J": 0.504, "599": 0.57, "259": 0.463, "589": 0.5556666666666666, "579": 0.6673333333333333, "559": 0.5856666666666667, "459": 0.5153333333333333, "359": 0.47733333333333333, "59A": 0.867, "59K": 0.4746666666666667, "25J": 0.4593333333333333, "58J": 0.5086666666666667, "57J": 0.7016666666666667, "55J": 0.5673333333333334, "45J": 0.48966666666666664, "35J": 0.503, "5AJ": 0.8666666666666667, "5JK": 0.4736666666666667, "5JJ": 0.587, "258": 0.47633333333333333, "225": 0.5476666666666666, "257": 0.726, "255": 0.531, "245": 0.44033333333333335, "235": 0.44666666666666666, "25A": 0.829, "25K": 0.41533333333333333, "578": 0.6056666666666667, "558": 0.5506666666666666, "458": 0.5746666666666667, "358": 0.49333333333333335, "588": 0.553, "58A": 0.8433333333333334, "58K": 0.4693333333333333, "577": 0.941, "557": 0.7176666666666667, "457": 0.7013333333333334, "357": 0.7246666666666667, "57A": 0.8993333333333333, "57K": 0.6816666666666666, "455": 0.569, "355": 0.5793333333333334, "555": 0.6653333333333333, "55A": 0.8286666666666667, "55K": 0.5383333333333333, "345": 0.5363333333333333, "45A": 0.8536666666666667, "445": 0.5766666666666667, "45K": 0.5026666666666667, "335": 0.5666666666666667, "35A": 0.8676666666666667, "35K": 0.467, "5AK": 0.847, "5AA": 0.9366666666666666, "5KK": 0.5596666666666666, "99J": 0.576, "29J": 0.486, "89J": 0.548, "79J": 0.6496666666666666, "49J": 0.634, "39J": 0.49866666666666665, "9AJ": 0.8446666666666667, "9JK": 0.4796666666666667, "9JJ": 0.5893333333333334, "299": 0.563, "899": 0.6086666666666667, "799": 0.7603333333333333, "499": 0.5983333333333334, "399": 0.5813333333333334, "99A": 0.8563333333333333, "99K": 0.5383333333333333, "999": 0.7106666666666667, "289": 0.49733333333333335, "229": 0.5596666666666666, "279": 0.7103333333333334, "249": 0.484, "239": 0.495, "29A": 0.871, "29K": 0.48133333333333334, "789": 0.557, "489": 0.49833333333333335, "389": 0.49866666666666665, "889": 0.5893333333333334, "89A": 0.831, "89K": 0.49166666666666664, "779": 0.9366666666666666, "479": 0.7093333333333334, "379": 0.693, "79A": 0.875, "79K": 0.655, "349": 0.5126666666666667, "49A": 0.874, "449": 0.576, "49K": 0.5003333333333333, "339": 0.5693333333333334, "39A": 0.8723333333333333, "39K": 0.486, "9AK": 0.867, "9AA": 0.9646666666666667, "9KK": 0.5823333333333334, "28J": 0.49233333333333335, "22J": 0.5676666666666667, "27J": 0.734, "24J": 0.5063333333333333, "23J": 0.49666666666666665, "2AJ": 0.8596666666666667, "2JK": 0.4593333333333333, "2JJ": 0.5876666666666667, "78J": 0.6313333333333333, "48J": 0.49233333333333335, "38J": 0.508, "88J": 0.58, "8AJ": 0.8293333333333334, "8JK": 0.5063333333333333, "8JJ": 0.5606666666666666, "77J": 0.9493333333333334, "47J": 0.7113333333333334, "37J": 0.717, "7AJ": 0.8956666666666667, "7JK": 0.6766666666666666, "7JJ": 0.7436666666666667, "34J": 0.5146666666666667, "4AJ": 0.8543333333333333, "44J": 0.5886666666666667, "4JK": 0.5043333333333333,