{"5KT": 0.475, "2KT": 0.5066666666666667, "KKT": 0.563, "4KT": 0.472, "9KT": 0.462, "3KT": 0.48333333333333334, "6KT": 0.5, "8KT": 0.499, "KTT": 0.5843333333333334, "AKT": 0.8266666666666667, "7KT": 0.6913333333333334, "JKT": 0.5313333333333333, "KQT": 0.545, "25K": 0.49433333333333335, "5KK": 0.571, "45K": 0.47933333333333333, "59K": 0.4786666666666667, "35K": 0.48333333333333334, "56K": 0.5066666666666667, "58K": 0.503, "5AK": 0.856, "57K": 0.7186666666666667, "55K": 0.572, "5JK": 0.5036666666666667, "5KQ": 0.5156666666666667, "2KK": 0.5776666666666667, "24K": 0.4756666666666667, "29K": 0.49933333333333335, "23K": 0.48933333333333334, "26K": 0.472, "28K": 0.48033333333333333, "2AK": 0.8663333333333333, "27K": 0.7416666666666667, "22K": 0.576, "2JK": 0.48733333333333334, "2KQ": 0.49266666666666664, "4KK": 0.5526666666666666, "9KK": 0.563, "3KK": 0.578, "6KK": 0.5863333333333334, "8KK": 0.5963333333333334, "AKK": 0.8623333333333333, "7KK": 0.7706666666666667, "JKK": 0.5863333333333334, "KKK": 0.6946666666666667, "KKQ": 0.586, "44K": 0.5676666666666667, "49K": 0.463, "34K": 0.485, "46K": 0.5103333333333333, "48K": 0.5056666666666667, "4AK": 0.8546666666666667, "47K": 0.7366666666666667, "4JK": 0.49333333333333335, "4KQ": 0.49433333333333335, "39K": 0.49166666666666664, "69K": 0.49433333333333335, "89K": 0.49, "9AK": 0.8683333333333333, "79K": 0.6633333333333333, "99K": 0.58, "9JK": 0.44766666666666666, "9KQ": 0.46366666666666667, "36K": 0.5106666666666667, "38K": 0.48966666666666664, "3AK": 0.8673333333333333, "37K": 0.7526666666666667, "3JK": 0.5096666666666667, "33K": 0.568, "3KQ": 0.5073333333333333, "68K": 0.5006666666666667, "6AK": 0.8593333333333333, "67K": 0.7063333333333334, "66K": 0.5776666666666667, "6JK": 0.501, "6KQ": 0.5053333333333333, "8AK": 0.872, "78K": 0.666, "8JK": 0.5, "88K": 0.5956666666666667, "8KQ": 0.486, "7AK": 0.9276666666666666, "AAK": 0.9566666666666667, "AJK": 0.839, "AKQ": 0.8336666666666667, "7JK": 0.6823333333333333, "7KQ": 0.6856666666666666, "77K": 0.954, "JJK": 0.6023333333333334, "JKQ": 0.5433333333333333, "KQQ": 0.5953333333333334, "25T": 0.47633333333333333, "45T": 0.415, "59T": 0.43333333333333335, "35T": 0.451, "56T": 0.48833333333333334, "58T": 0.4666666666666667, "5TT": 0.5716666666666667, "5AT": 0.8423333333333334, "57T": 0.661, "55T": 0.5526666666666666, "5JT": 0.469, "5QT": 0.46266666666666667, "24T": 0.477, "29T": 0.4553333333333333, "23T": 0.5, "26T": 0.488, "28T": 0.467, "2TT": 0.591, "2AT": 0.868, "27T": 0.7243333333333334, "22T": 0.5466666666666666, "2JT": 0.48533333333333334, "2QT": 0.479, "44T": 0.5553333333333333, "49T": 0.405, "34T": 0.4756666666666667, "46T": 0.475, "48T": 0.4693333333333333, "4TT": 0.551, "4AT": 0.8423333333333334, "47T": 0.6853333333333333, "4JT": 0.4706666666666667, "4QT": 0.46266666666666667, "39T": 0.4656666666666667, "69T": 0.523, "89T": 0.557, "9TT": 0.5553333333333333, "9AT": 0.825, "79T": 0.5653333333333334, "99T": 0.5613333333333334, "9JT": 0.4836666666666667, "9QT": 0.44266666666666665, "36T": 0.49766666666666665, "38T": 0.49166666666666664, "3TT": 0.5736666666666667, "3AT": 0.862, "37T": 0.7223333333333334, "3JT": 0.492, "33T": 0.5633333333333334, "3QT": 0.4886666666666667, "68T": 0.5656666666666667, "6TT": 0.59, "6AT": 0.8576666666666667, "67T": 0.6833333333333333, "66T": 0.5873333333333334, "6JT": 0.5136666666666667, "6QT": 0.505, "8TT": 0.568, "8AT": 0.846, "78T": 0.626, "8JT": 0.5303333333333333, "88T": 0.5753333333333334, "8QT": 0.475, "ATT": 0.859, "TTT": 0.6813333333333333, "7TT": 0.756, "JTT": 0.578, "QTT": 0.568, "7AT": 0.9163333333333333, "AAT": 0.9253333333333333, "AJT": 0.8156666666666667, "AQT": 0.8276666666666667, "7JT": 0.6316666666666667, "7QT": 0.6663333333333333, "77T": 0.9173333333333333, "JJT": 0.5716666666666667, "JQT": 0.5183333333333333, "QQT": 0.6046666666666667, "245": 0.45766666666666667, "259": 0.467, "235": 0.461, "256": 0.466, "258": 0.47433333333333333, "25A": 0.856, "257": 0.7576666666666667, "255": 0.569, "225": 0.5353333333333333, "25J": 0.4766666666666667, "25Q": 0.492, "445": 0.5556666666666666, "459": 0.43566666666666665, "345": 0.5116666666666667, "456": 0.572, "458": 0.5426666666666666, "45A": 0.8283333333333334, "457": 0.6816666666666666, "455": 0.5516666666666666, "45J": 0.479, "45Q": 0.4716666666666667, "359": 0.4766666666666667, "569": 0.5426666666666666, "589": 0.5206666666666667, "59A": 0.8316666666666667, "579": 0.6446666666666667, "559": 0.5403333333333333, "599": 0.564, "59J": 0.45666666666666667, "59Q": 0.4706666666666667, "356": 0.5513333333333333, "358": 0.5006666666666667, "35A": 0.8633333333333333, "357": 0.7273333333333334, "355": 0.5756666666666667, "35J": 0.498, "335": 0.5713333333333334, "35Q": 0.49833333333333335, "568": 0.61, "56A": 0.8466666666666667, "567": 0.658, "556": 0.579, "566": 0.5646666666666667, "56J": 0.5073333333333333, "56Q": 0.49466666666666664, "58A": 0.8696666666666667, "578": 0.646, "558": 0.5716666666666667, "58J": 0.5083333333333333, "588": 0.5836666666666667, "58Q": 0.49833333333333335, "57A": 0.925, "55A": 0.8553333333333333, "5AA": 0.9336666666666666, "5AJ": 0.8626666666666667, "5AQ": 0.8633333333333333, "557": 0.7513333333333333, "57J": 0.7023333333333334, "57Q": 0.7176666666666667, "577": 0.931, "55J": 0.591, "55Q": 0.5793333333333334, "555": 0.6826666666666666, "5JJ": 0.59, "5JQ": 0.4866666666666667, "5QQ": 0.5846666666666667, "244": 0.541, "249": 0.4643333333333333, "234": 0.4603333333333333, "246": 0.46, "248": 0.47, "24A": 0.8566666666666667, "247": 0.773, "224": 0.5473333333333333, "24J": 0.4816666666666667, "24Q": 0.475, "239": 0.49633333333333335, "269": 0.5053333333333333, "289": 0.475, "29A": 0.8783333333333333, "279": 0.721, "229": 0.5353333333333333, "299": 0.5916666666666667, "29J": 0.4776666666666667, "29Q": 0.4816666666666667, "236": 0.4686666666666667, "238": 0.4593333333333333, "23A": 0.865, "237": 0.7706666666666667, "223": 0.58, "23J": 0.49833333333333335, "233": 0.542, "23Q": 0.5096666666666667, "268": 0.4786666666666667, "26A": 0.8603333333333333, "267": 0.757, "226": 0.5683333333333334, "266": 0.5616666666666666, "26J": 0.49266666666666664, "26Q": 0.474, "28A": 0.8513333333333334, "278": 0.6903333333333334, "228": 0.547, "28J": 0.4796666666666667, "288": 0.56, "28Q": 0.489, "27A": 0.957, "2AA": 0.951, "22A": 0.861, "2AJ": 0.873, "2AQ": 0.8673333333333333, "227": 0.7696666666666667, "27J": 0.7403333333333333, "27Q": 0.741, "277": 0.977, "22J": 0.5616666666666666, "222": 0.6943333333333334, "22Q": 0.5706666666666667, "2JJ": 0.578, "2JQ": 0.5106666666666667, "2QQ": 0.5883333333333334, "449": 0.5436666666666666, "344": 0.5756666666666667, "446": 0.5653333333333334, "448": 0.5423333333333333, "44A": 0.87, "447": 0.7473333333333333, "44J": 0.575, "44Q": 0.5666666666666667, "444": 0.686, "349": 0.472, "469": 0.4633333333333333, "489": 0.48233333333333334, "49A": 0.855, "479": 0.6803333333333333, "499": 0.5733333333333334, "49J": 0.4706666666666667, "49Q": 0.4503333333333333, "346": 0.554, "348": 0.48733333333333334, "34A": 0.845, "347": 0.753, "34J": 0.5013333333333333, "334": 0.571, "34Q": 0.509, "468": 0.5516666666666666, "46A": 0.8523333333333334, "467": 0.6846666666666666, "466": 0.5743333333333334, "46J": 0.49633333333333335, "46Q": 0.49966666666666665, "48A": 0.869, "478": 0.6793333333333333, "48J": 0.48633333333333334, "488": 0.6003333333333334, "48Q": 0.48333333333333334, "47A": 0.929, "4AA": 0.944, "4AJ": 0.85, "4AQ": 0.871, "47J": 0.705, "47Q": 0.7266666666666667, "477": 0.9316666666666666, "4JJ": 0.5673333333333334, "4JQ": 0.5023333333333333, "4QQ": 0.6, "369": 0.5113333333333333, "389": 0.48933333333333334, "39A": 0.881, "379": 0.6953333333333334, "399": 0.581, "39J": 0.48966666666666664, "339": 0.5746666666666667, "39Q": 0.48933333333333334, "689": 0.603, "69A": 0.8733333333333333, "679": 0.649, "699": 0.5973333333333334, "669": 0.577, "69J": 0.5076666666666667, "69Q": 0.49266666666666664, "89A": 0.861, "789": 0.5803333333333334, "899": 0.586,