{"8KQ": 0.46066666666666667, "5KQ": 0.4643333333333333, "AKQ": 0.7933333333333333, "KQT": 0.48966666666666664, "9KQ": 0.43566666666666665, "7KQ": 0.4483333333333333, "JKQ": 0.4826666666666667, "2KQ": 0.5916666666666667, "6KQ": 0.44566666666666666, "3KQ": 0.46266666666666667, "4KQ": 0.44266666666666665, "KKQ": 0.5436666666666666, "KQQ": 0.5486666666666666, "58Q": 0.625, "8AQ": 0.8283333333333334, "8QT": 0.422, "89Q": 0.413, "78Q": 0.4236666666666667, "8JQ": 0.43233333333333335, "28Q": 0.6026666666666667, "68Q": 0.43733333333333335, "38Q": 0.6416666666666667, "48Q": 0.44766666666666666, "8QQ": 0.531, "88Q": 0.5396666666666666, "5AQ": 0.8443333333333334, "5QT": 0.43833333333333335, "59Q": 0.44866666666666666, "55Q": 0.543, "57Q": 0.447, "5JQ": 0.44, "25Q": 0.596, "56Q": 0.4603333333333333, "35Q": 0.6396666666666667, "45Q": 0.453, "5QQ": 0.5266666666666666, "AQT": 0.785, "9AQ": 0.8413333333333334, "7AQ": 0.8306666666666667, "AJQ": 0.784, "2AQ": 0.8976666666666666, "6AQ": 0.8486666666666667, "3AQ": 0.8343333333333334, "4AQ": 0.8323333333333334, "AQQ": 0.815, "AAQ": 0.9396666666666667, "9QT": 0.389, "7QT": 0.42333333333333334, "JQT": 0.4593333333333333, "2QT": 0.598, "6QT": 0.4246666666666667, "3QT": 0.442, "QTT": 0.5133333333333333, "4QT": 0.3983333333333333, "QQT": 0.5376666666666666, "79Q": 0.397, "99Q": 0.526, "9JQ": 0.389, "29Q": 0.5883333333333334, "69Q": 0.4076666666666667, "39Q": 0.44533333333333336, "49Q": 0.439, "9QQ": 0.5283333333333333, "7JQ": 0.411, "27Q": 0.6186666666666667, "67Q": 0.399, "37Q": 0.456, "47Q": 0.4056666666666667, "7QQ": 0.53, "77Q": 0.5366666666666666, "2JQ": 0.6006666666666667, "JJQ": 0.542, "6JQ": 0.4023333333333333, "3JQ": 0.4706666666666667, "4JQ": 0.407, "JQQ": 0.5346666666666666, "22Q": 0.9433333333333334, "26Q": 0.5913333333333334, "23Q": 0.614, "24Q": 0.5986666666666667, "2QQ": 0.6546666666666666, "36Q": 0.448, "46Q": 0.412, "66Q": 0.5243333333333333, "6QQ": 0.538, "34Q": 0.45766666666666667, "33Q": 0.531, "3QQ": 0.5483333333333333, "44Q": 0.518, "4QQ": 0.5253333333333333, "QQQ": 0.6576666666666666, "58K": 0.4673333333333333, "8AK": 0.839, "8KT": 0.42533333333333334, "89K": 0.43666666666666665, "78K": 0.4226666666666667, "8JK": 0.422, "28K": 0.6116666666666667, "68K": 0.431, "38K": 0.468, "48K": 0.43833333333333335, "8KK": 0.5346666666666666, "88K": 0.531, "5AK": 0.8413333333333334, "5KT": 0.45866666666666667, "59K": 0.4533333333333333, "55K": 0.5376666666666666, "57K": 0.415, "5JK": 0.45566666666666666, "25K": 0.5996666666666667, "56K": 0.4156666666666667, "35K": 0.464, "45K": 0.419, "5KK": 0.5406666666666666, "AKT": 0.7943333333333333, "9AK": 0.8333333333333334, "7AK": 0.849, "AJK": 0.7953333333333333, "2AK": 0.9136666666666666, "6AK": 0.8403333333333334, "3AK": 0.8436666666666667, "4AK": 0.833, "AKK": 0.8243333333333334, "AAK": 0.9446666666666667, "9KT": 0.4236666666666667, "7KT": 0.396, "JKT": 0.49066666666666664, "2KT": 0.6073333333333333, "6KT": 0.42533333333333334, "3KT": 0.42333333333333334, "KTT": 0.5536666666666666, "4KT": 0.428, "KKT": 0.5113333333333333, "79K": 0.43266666666666664, "99K": 0.557, "9JK": 0.432, "29K": 0.61, "69K": 0.436, "39K": 0.44566666666666666, "49K": 0.4563333333333333, "9KK": 0.5563333333333333, "7JK": 0.4026666666666667, "27K": 0.603, "67K": 0.4023333333333333, "37K": 0.43133333333333335, "47K": 0.407, "7KK": 0.5006666666666667, "77K": 0.5553333333333333, "2JK": 0.6066666666666667, "JJK": 0.5553333333333333, "6JK": 0.43833333333333335, "3JK": 0.445, "4JK": 0.4236666666666667, "JKK": 0.523, "22K": 0.964, "26K": 0.5906666666666667, "23K": 0.6016666666666667, "24K": 0.586, "2KK": 0.6626666666666666, "36K": 0.442, "46K": 0.42333333333333334, "66K": 0.552, "6KK": 0.5156666666666667, "34K": 0.43933333333333335, "33K": 0.5086666666666667, "3KK": 0.5376666666666666, "4KK": 0.524, "44K": 0.5543333333333333, "KKK": 0.6483333333333333, "58A": 0.8286666666666667, "58T": 0.42733333333333334, "589": 0.42866666666666664, "558": 0.517, "578": 0.3913333333333333, "58J": 0.421, "258": 0.616, "568": 0.4083333333333333, "358": 0.6423333333333333, "458": 0.422, "588": 0.537, "8AT": 0.805, "89A": 0.8116666666666666, "78A": 0.8086666666666666, "8AJ": 0.8146666666666667, "28A": 0.9066666666666666, "68A": 0.8156666666666667, "38A": 0.8513333333333334, "48A": 0.8446666666666667, "88A": 0.78, "8AA": 0.9436666666666667, "89T": 0.37066666666666664, "78T": 0.3586666666666667, "8JT": 0.3913333333333333, "28T": 0.5663333333333334, "68T": 0.39166666666666666, "38T": 0.463, "8TT": 0.528, "48T": 0.401, "88T": 0.5166666666666667, "789": 0.3476666666666667, "899": 0.5066666666666667, "89J": 0.37933333333333336, "289": 0.5716666666666667, "689": 0.397, "389": 0.43333333333333335, "489": 0.416, "889": 0.5153333333333333, "78J": 0.37833333333333335, "278": 0.5696666666666667, "678": 0.3526666666666667, "378": 0.45, "478": 0.39066666666666666, "788": 0.484, "778": 0.5106666666666667, "28J": 0.5963333333333334, "8JJ": 0.5263333333333333, "68J": 0.39066666666666666, "38J": 0.445, "48J": 0.41333333333333333, "88J": 0.5163333333333333, "228": 0.953, "268": 0.56, "238": 0.604, "248": 0.6003333333333334, "288": 0.6503333333333333, "368": 0.42833333333333334, "468": 0.4026666666666667, "668": 0.51, "688": 0.49966666666666665, "348": 0.47, "338": 0.5336666666666666, "388": 0.5523333333333333, "448": 0.49533333333333335, "488": 0.515, "888": 0.6226666666666667, "5AT": 0.8336666666666667, "59A": 0.8483333333333334, "55A": 0.8206666666666667, "57A": 0.813, "5AJ": 0.8356666666666667, "25A": 0.895, "56A": 0.824, "35A": 0.8263333333333334, "45A": 0.8213333333333334, "5AA": 0.9476666666666667, "59T": 0.41233333333333333, "55T": 0.51, "57T": 0.4066666666666667, "5JT": 0.4096666666666667, "25T": 0.591, "56T": 0.401, "35T": 0.476, "5TT": 0.518, "45T": 0.4086666666666667, "559": 0.527, "579": 0.4166666666666667, "599": 0.533, "59J": 0.4036666666666667, "259": 0.5956666666666667, "569": 0.402, "359": 0.44433333333333336, "459": 0.43633333333333335, "557": 0.49533333333333335, "55J": 0.51, "555": 0.635, "255": 0.667, "556": 0.498, "355": 0.5516666666666666, "455": 0.5213333333333333, "57J": 0.4036666666666667, "257": 0.5746666666666667, "567": 0.3473333333333333, "357": 0.416, "457": 0.36133333333333334, "577": 0.5273333333333333, "25J": 0.592, "5JJ": 0.5466666666666666, "56J": 0.42333333333333334, "35J": 0.4513333333333333, "45J": 0.41933333333333334, "225": 0.9466666666666667, "256": 0.543, "235": 0.5853333333333334, "245": 0.5426666666666666, "356": 0.49833333333333335, "456": 0.4256666666666667, "566": 0.5043333333333333, "345": 0.49566666666666664, "335": 0.541, "445": 0.521, "9AT": 0.8133333333333334, "7AT": 0.7973333333333333, "AJT": 0.757, "2AT": 0.9016666666666666, "6AT": 0.8156666666666667, "3AT": 0.8313333333333334, "ATT": 0.816, "4AT": 0.8103333333333333, "AAT": 0.9126666666666666, "79A": 0.82, "99A": 0.7933333333333333, "9AJ": 0.82, "29A": 0.9093333333333333, "69A": 0.8263333333333334, "39A": 0.847, "49A": 0.8413333333333334, "9AA": 0.9446666666666667, "7AJ": 0.818, "27A": 0.901, "67A": 0.7833333333333333, "37A": 0.8386666666666667, "47A": 0.7966666666666666, "7AA": 0.919, "77A": 0.83, "2AJ": 0.8936666666666667, "AJJ": 0.8193333333333334, "6AJ": 0.8173333333333334, "3AJ": 0.8256666666666667, "4AJ": 0.8153333333333334, "AAJ": 0.917, "22A": 0.986, "26A": 0.899, "23A": 0.898, "24A": 0.8936666666666667, "2AA": 0.9883333333333333, "36A": 0.8376666666666667, "46A": 0.792, "66A": 0.8196666666666667, "6AA": 0.9146666666666666, "34A": 0.8406666666666667, "33A": 0.791, "3AA": 0.9613333333333334, "44A": 0.8193333333333334, "4AA": 0.925, "AAA": 1.0, "79T": 0.37633333333333335, "99T": 0.5123333333333333, "9JT": 0.357, "29T": 0.5686666666666667, "69T": 0.39, "39T": 0.41633333333333333, "9TT": 0.5053333333333333, "49T": 0.38766666666666666, "7JT": 0.331, "27T": 0.579, "67T": 0.3546666666666667, "37T": 0.40066666666666667, "7TT": 0.49666666666666665, "47T": 0.36866666666666664, "77T": 0.49033333333333334, "2JT": 0.5526666666666666,