{"8AQ": 0.8743333333333333, "58A": 0.734, "38A": 0.7633333333333333, "8AJ": 0.681, "8AT": 0.6843333333333333, "68A": 0.6796666666666666, "8AK": 0.7226666666666667, "28A": 0.7516666666666667, "8AA": 0.7993333333333333, "48A": 0.7473333333333333, "88A": 0.944, "89A": 0.6686666666666666, "78A": 0.7156666666666667, "5AQ": 0.7586666666666667, "3AQ": 0.7603333333333333, "AJQ": 0.63, "AQT": 0.7046666666666667, "6AQ": 0.6553333333333333, "AKQ": 0.683, "2AQ": 0.7566666666666667, "AAQ": 0.807, "4AQ": 0.7526666666666667, "9AQ": 0.6393333333333333, "7AQ": 0.7546666666666667, "AQQ": 0.9316666666666666, "35A": 0.41733333333333333, "5AJ": 0.4166666666666667, "5AT": 0.458, "56A": 0.4186666666666667, "55A": 0.48333333333333334, "5AK": 0.4836666666666667, "25A": 0.41233333333333333, "5AA": 0.5283333333333333, "45A": 0.415, "59A": 0.422, "57A": 0.432, "3AJ": 0.42766666666666664, "3AT": 0.4593333333333333, "36A": 0.39966666666666667, "3AK": 0.5026666666666667, "23A": 0.4216666666666667, "3AA": 0.55, "33A": 0.487, "34A": 0.4186666666666667, "39A": 0.4106666666666667, "37A": 0.447, "AJT": 0.554, "6AJ": 0.37266666666666665, "AJK": 0.523, "2AJ": 0.4246666666666667, "AAJ": 0.5096666666666667, "4AJ": 0.41733333333333333, "9AJ": 0.4256666666666667, "AJJ": 0.5063333333333333, "7AJ": 0.4166666666666667, "ATT": 0.5376666666666666, "6AT": 0.4106666666666667, "AKT": 0.5493333333333333, "2AT": 0.44866666666666666, "AAT": 0.5503333333333333, "4AT": 0.4513333333333333, "9AT": 0.49866666666666665, "7AT": 0.465, "6AK": 0.4633333333333333, "26A": 0.39166666666666666, "6AA": 0.49933333333333335, "46A": 0.39566666666666667, "69A": 0.3913333333333333, "66A": 0.4656666666666667, "67A": 0.4156666666666667, "2AK": 0.5023333333333333, "AAK": 0.5996666666666667, "4AK": 0.5066666666666667, "AKK": 0.5813333333333334, "9AK": 0.47633333333333333, "7AK": 0.49833333333333335, "22A": 0.47833333333333333, "2AA": 0.5306666666666666, "24A": 0.427, "29A": 0.42733333333333334, "27A": 0.4226666666666667, "AAA": 0.613, "4AA": 0.5433333333333333, "9AA": 0.518, "7AA": 0.5323333333333333, "44A": 0.5026666666666667, "49A": 0.435, "47A": 0.43733333333333335, "99A": 0.4846666666666667, "79A": 0.43033333333333335, "77A": 0.498, "58Q": 0.9173333333333333, "38Q": 0.9363333333333334, "8JQ": 0.856, "8QT": 0.8596666666666667, "68Q": 0.882, "8KQ": 0.89, "28Q": 0.9436666666666667, "48Q": 0.9263333333333333, "88Q": 0.989, "89Q": 0.8393333333333334, "78Q": 0.9006666666666666, "8QQ": 0.9926666666666667, "358": 0.766, "58J": 0.7156666666666667, "58T": 0.7176666666666667, "568": 0.6783333333333333, "558": 0.758, "58K": 0.7313333333333333, "258": 0.7433333333333333, "458": 0.7173333333333334, "588": 0.9486666666666667, "589": 0.6846666666666666, "578": 0.6866666666666666, "38J": 0.736, "38T": 0.727, "368": 0.7666666666666667, "38K": 0.7496666666666667, "238": 0.7786666666666666, "338": 0.7943333333333333, "348": 0.7826666666666666, "388": 0.967, "389": 0.7403333333333333, "378": 0.7583333333333333, "8JT": 0.691, "68J": 0.7073333333333334, "8JK": 0.7073333333333334, "28J": 0.736, "48J": 0.74, "88J": 0.9313333333333333, "89J": 0.6603333333333333, "8JJ": 0.776, "78J": 0.701, "8TT": 0.7676666666666667, "68T": 0.6763333333333333, "8KT": 0.6933333333333334, "28T": 0.7336666666666667, "48T": 0.736, "88T": 0.9386666666666666, "89T": 0.6666666666666666, "78T": 0.6543333333333333, "68K": 0.7113333333333334, "268": 0.7523333333333333, "468": 0.7296666666666667, "688": 0.916, "689": 0.6336666666666667, "668": 0.7526666666666667, "678": 0.6483333333333333, "28K": 0.7516666666666667, "48K": 0.7413333333333333, "8KK": 0.796, "88K": 0.9513333333333334, "89K": 0.6693333333333333, "78K": 0.7146666666666667, "228": 0.7846666666666666, "248": 0.755, "288": 0.9636666666666667, "289": 0.7346666666666667, "278": 0.7743333333333333, "448": 0.763, "488": 0.9586666666666667, "489": 0.7143333333333334, "478": 0.7166666666666667, "889": 0.904, "788": 0.9293333333333333, "888": 1.0, "899": 0.7616666666666667, "789": 0.6203333333333333, "778": 0.7516666666666667, "35Q": 0.8146666666666667, "5JQ": 0.7986666666666666, "5QT": 0.7983333333333333, "56Q": 0.791, "55Q": 0.799, "5KQ": 0.7656666666666667, "25Q": 0.805, "45Q": 0.7953333333333333, "59Q": 0.794, "57Q": 0.8393333333333334, "5QQ": 0.937, "3JQ": 0.7956666666666666, "3QT": 0.8083333333333333, "36Q": 0.783, "3KQ": 0.7713333333333333, "23Q": 0.8226666666666667, "33Q": 0.79, "34Q": 0.8163333333333334, "39Q": 0.8086666666666666, "37Q": 0.8176666666666667, "3QQ": 0.955, "JQT": 0.7293333333333333, "6JQ": 0.6873333333333334, "JKQ": 0.689, "2JQ": 0.809, "4JQ": 0.787, "9JQ": 0.6586666666666666, "JJQ": 0.785, "7JQ": 0.7873333333333333, "JQQ": 0.925, "QTT": 0.7896666666666666, "6QT": 0.7893333333333333, "KQT": 0.7073333333333334, "2QT": 0.811, "4QT": 0.8203333333333334, "9QT": 0.7646666666666667, "7QT": 0.8156666666666667, "QQT": 0.9466666666666667, "6KQ": 0.7463333333333333, "26Q": 0.8003333333333333, "46Q": 0.7846666666666666, "69Q": 0.69, "66Q": 0.7903333333333333, "67Q": 0.7933333333333333, "6QQ": 0.9296666666666666, "2KQ": 0.7783333333333333, "4KQ": 0.768, "KKQ": 0.794, "9KQ": 0.7216666666666667, "7KQ": 0.7756666666666666, "KQQ": 0.9376666666666666, "22Q": 0.813, "24Q": 0.8116666666666666, "29Q": 0.8046666666666666, "27Q": 0.8273333333333334, "2QQ": 0.9346666666666666, "44Q": 0.8226666666666667, "49Q": 0.8043333333333333, "47Q": 0.815, "4QQ": 0.932, "99Q": 0.7933333333333333, "79Q": 0.7793333333333333, "9QQ": 0.9276666666666666, "77Q": 0.8063333333333333, "7QQ": 0.9636666666666667, "QQQ": 0.9996666666666667, "35J": 0.37, "35T": 0.392, "356": 0.338, "355": 0.4266666666666667, "35K": 0.43133333333333335, "235": 0.325, "335": 0.43866666666666665, "345": 0.32366666666666666, "359": 0.389, "357": 0.38033333333333336, "5JT": 0.48133333333333334, "56J": 0.36133333333333334, "55J": 0.42866666666666664, "5JK": 0.427, "25J": 0.37, "45J": 0.375, "59J": 0.4756666666666667, "5JJ": 0.45, "57J": 0.4046666666666667, "5TT": 0.4696666666666667, "56T": 0.39266666666666666, "55T": 0.464, "5KT": 0.45866666666666667, "25T": 0.37366666666666665, "45T": 0.38, "59T": 0.49833333333333335, "57T": 0.42033333333333334, "556": 0.44233333333333336, "56K": 0.43966666666666665, "256": 0.35733333333333334, "456": 0.3993333333333333, "569": 0.452, "566": 0.413, "567": 0.5306666666666666, "55K": 0.49633333333333335, "255": 0.4266666666666667, "555": 0.5503333333333333, "455": 0.416, "559": 0.44266666666666665, "557": 0.4483333333333333, "25K": 0.4126666666666667, "45K": 0.39966666666666667, "5KK": 0.5343333333333333, "59K": 0.44533333333333336, "57K": 0.442, "225": 0.409, "245": 0.30666666666666664, "259": 0.395, "257": 0.37866666666666665, "445": 0.4196666666666667, "459": 0.357, "457": 0.44566666666666666, "599": 0.4766666666666667, "579": 0.469, "577": 0.4656666666666667, "3JT": 0.503, "36J": 0.35, "3JK": 0.4703333333333333, "23J": 0.38766666666666666, "33J": 0.42633333333333334, "34J": 0.358, "39J": 0.474, "3JJ": 0.49333333333333335, "37J": 0.4026666666666667, "3TT": 0.47333333333333333, "36T": 0.391, "3KT": 0.446, "23T": 0.41233333333333333, "33T": 0.476, "34T": 0.407, "39T": 0.5006666666666667, "37T": 0.5296666666666666, "36K": 0.42733333333333334, "236": 0.352, "336": 0.4013333333333333, "346": 0.35233333333333333, "369": 0.37633333333333335, "366": 0.42733333333333334, "367": 0.38666666666666666, "23K": 0.417, "33K": 0.49433333333333335, "34K": 0.4246666666666667, "3KK": 0.5286666666666666, "39K": 0.41833333333333333, "37K": 0.42833333333333334, "223": 0.44633333333333336, "233": 0.4493333333333333, "234": 0.3466666666666667, "239": 0.39466666666666667, "237": 0.39, "333": 0.5256666666666666, "334": 0.4246666666666667, "339": 0.4543333333333333, "337": 0.445, "344": 0.436, "349": 0.38766666666666666, "347": 0.374, "399": 0.4666666666666667, "379": 0.415, "377": 0.45566666666666666, "JTT": 0.5383333333333333, "6JT": 0.468, "JKT": 0.57, "2JT": 0.492, "4JT": 0.49366666666666664, "9JT": 0.896, "JJT": 0.5253333333333333,