{"ATT": 0.5936666666666667, "AJT": 0.5366666666666666, "2AT": 0.491, "4AT": 0.481, "7AT": 0.674, "6AT": 0.494, "AQT": 0.5363333333333333, "8AT": 0.46066666666666667, "AAT": 0.586, "5AT": 0.464, "9AT": 0.507, "3AT": 0.4713333333333333, "AKT": 0.7576666666666667, "JTT": 0.4886666666666667, "2TT": 0.5396666666666666, "4TT": 0.5166666666666667, "7TT": 0.7336666666666667, "TTT": 0.607, "6TT": 0.5203333333333333, "QTT": 0.526, "8TT": 0.48433333333333334, "5TT": 0.504, "9TT": 0.516, "3TT": 0.5456666666666666, "KTT": 0.813, "2JT": 0.43033333333333335, "4JT": 0.42033333333333334, "7JT": 0.6306666666666667, "6JT": 0.42, "JQT": 0.5323333333333333, "8JT": 0.422, "5JT": 0.37433333333333335, "9JT": 0.521, "3JT": 0.42033333333333334, "JJT": 0.502, "JKT": 0.7253333333333334, "24T": 0.4266666666666667, "27T": 0.743, "26T": 0.41933333333333334, "2QT": 0.45, "28T": 0.4176666666666667, "25T": 0.3883333333333333, "22T": 0.48733333333333334, "29T": 0.459, "23T": 0.4256666666666667, "2KT": 0.8453333333333334, "47T": 0.7143333333333334, "46T": 0.4563333333333333, "4QT": 0.44066666666666665, "48T": 0.4256666666666667, "45T": 0.42633333333333334, "44T": 0.49266666666666664, "49T": 0.427, "34T": 0.42133333333333334, "4KT": 0.8226666666666667, "67T": 0.6716666666666666, "7QT": 0.672, "78T": 0.5763333333333334, "57T": 0.6836666666666666, "79T": 0.623, "77T": 0.9413333333333334, "37T": 0.714, "7KT": 0.9076666666666666, "6QT": 0.43533333333333335, "66T": 0.506, "68T": 0.47633333333333333, "56T": 0.431, "69T": 0.5093333333333333, "36T": 0.43366666666666664, "6KT": 0.826, "8QT": 0.3943333333333333, "5QT": 0.42633333333333334, "9QT": 0.49966666666666665, "3QT": 0.43866666666666665, "KQT": 0.7713333333333333, "QQT": 0.496, "58T": 0.35533333333333333, "88T": 0.504, "89T": 0.508, "38T": 0.41, "8KT": 0.8043333333333333, "59T": 0.43733333333333335, "35T": 0.4083333333333333, "55T": 0.477, "5KT": 0.8143333333333334, "39T": 0.43066666666666664, "9KT": 0.794, "99T": 0.49133333333333334, "3KT": 0.836, "33T": 0.492, "KKT": 0.925, "2AJ": 0.49633333333333335, "4AJ": 0.476, "7AJ": 0.69, "6AJ": 0.483, "AJQ": 0.5536666666666666, "8AJ": 0.47433333333333333, "AAJ": 0.598, "5AJ": 0.4623333333333333, "9AJ": 0.49066666666666664, "3AJ": 0.4646666666666667, "AJJ": 0.5733333333333334, "AJK": 0.7583333333333333, "24A": 0.48966666666666664, "27A": 0.7396666666666667, "26A": 0.468, "2AQ": 0.5103333333333333, "28A": 0.5006666666666667, "2AA": 0.596, "25A": 0.4713333333333333, "22A": 0.552, "29A": 0.49866666666666665, "23A": 0.4653333333333333, "2AK": 0.798, "47A": 0.7296666666666667, "46A": 0.503, "4AQ": 0.49266666666666664, "48A": 0.48633333333333334, "4AA": 0.599, "45A": 0.4836666666666667, "44A": 0.5256666666666666, "49A": 0.499, "34A": 0.462, "4AK": 0.808, "67A": 0.703, "7AQ": 0.71, "78A": 0.6506666666666666, "7AA": 0.7743333333333333, "57A": 0.704, "79A": 0.6676666666666666, "77A": 0.937, "37A": 0.7106666666666667, "7AK": 0.915, "6AQ": 0.497, "66A": 0.5666666666666667, "68A": 0.501, "6AA": 0.5806666666666667, "56A": 0.494, "69A": 0.49133333333333334, "36A": 0.4503333333333333, "6AK": 0.787, "8AQ": 0.481, "AAQ": 0.6133333333333333, "5AQ": 0.49466666666666664, "9AQ": 0.504, "3AQ": 0.464, "AKQ": 0.7576666666666667, "AQQ": 0.5913333333333334, "8AA": 0.5813333333333334, "58A": 0.4666666666666667, "88A": 0.5663333333333334, "89A": 0.4746666666666667, "38A": 0.4726666666666667, "8AK": 0.7906666666666666, "5AA": 0.5876666666666667, "AAA": 0.703, "9AA": 0.61, "3AA": 0.5733333333333334, "AAK": 0.8483333333333334, "59A": 0.5026666666666667, "35A": 0.4653333333333333, "55A": 0.5466666666666666, "5AK": 0.8103333333333333, "39A": 0.474, "9AK": 0.799, "99A": 0.57, "3AK": 0.7796666666666666, "33A": 0.53, "AKK": 0.9496666666666667, "24J": 0.4096666666666667, "27J": 0.724, "26J": 0.41833333333333333, "2JQ": 0.423, "28J": 0.409, "25J": 0.4126666666666667, "22J": 0.5006666666666667, "29J": 0.457, "23J": 0.43033333333333335, "2JJ": 0.5253333333333333, "2JK": 0.8333333333333334, "47J": 0.7173333333333334, "46J": 0.43366666666666664, "4JQ": 0.43466666666666665, "48J": 0.418, "45J": 0.42, "44J": 0.5063333333333333, "49J": 0.416, "34J": 0.43766666666666665, "4JJ": 0.5136666666666667, "4JK": 0.834, "67J": 0.7036666666666667, "7JQ": 0.695, "78J": 0.5853333333333334, "57J": 0.683, "79J": 0.6503333333333333, "77J": 0.9493333333333334, "37J": 0.7283333333333334, "7JJ": 0.7546666666666667, "7JK": 0.9096666666666666, "6JQ": 0.44033333333333335, "66J": 0.4836666666666667, "68J": 0.4103333333333333, "56J": 0.42766666666666664, "69J": 0.446, "36J": 0.436, "6JJ": 0.5123333333333333, "6JK": 0.8266666666666667, "8JQ": 0.402, "5JQ": 0.42733333333333334, "9JQ": 0.49933333333333335, "3JQ": 0.42433333333333334, "JJQ": 0.5136666666666667, "JKQ": 0.762, "JQQ": 0.524, "58J": 0.36433333333333334, "88J": 0.4776666666666667, "89J": 0.44666666666666666, "38J": 0.415, "8JJ": 0.48333333333333334, "8JK": 0.822, "59J": 0.4266666666666667, "35J": 0.4093333333333333, "5JJ": 0.5023333333333333, "55J": 0.486, "5JK": 0.8026666666666666, "39J": 0.444, "9JJ": 0.5063333333333333, "9JK": 0.801, "99J": 0.48933333333333334, "3JJ": 0.49533333333333335, "3JK": 0.823, "33J": 0.495, "JJK": 0.8143333333333334, "JJJ": 0.6023333333333334, "JKK": 0.925, "247": 0.764, "246": 0.43166666666666664, "24Q": 0.448, "248": 0.43766666666666665, "245": 0.427, "224": 0.501, "244": 0.48233333333333334, "249": 0.43133333333333335, "234": 0.404, "24K": 0.8423333333333334, "267": 0.7513333333333333, "27Q": 0.8106666666666666, "278": 0.7263333333333334, "257": 0.758, "227": 0.769, "279": 0.787, "277": 0.9633333333333334, "237": 0.7843333333333333, "27K": 0.9333333333333333, "26Q": 0.44633333333333336, "266": 0.5143333333333333, "268": 0.44433333333333336, "256": 0.4126666666666667, "226": 0.506, "269": 0.45866666666666667, "236": 0.4073333333333333, "26K": 0.845, "28Q": 0.45366666666666666, "25Q": 0.4553333333333333, "22Q": 0.5216666666666666, "29Q": 0.6076666666666667, "23Q": 0.43033333333333335, "2KQ": 0.8386666666666667, "2QQ": 0.5403333333333333, "258": 0.39466666666666667, "228": 0.49966666666666665, "288": 0.5233333333333333, "289": 0.46166666666666667, "238": 0.43566666666666665, "28K": 0.8593333333333333, "225": 0.481, "259": 0.43266666666666664, "235": 0.41533333333333333, "255": 0.48, "25K": 0.8466666666666667, "222": 0.5896666666666667, "229": 0.5236666666666666, "223": 0.487, "22K": 0.833, "239": 0.43266666666666664, "29K": 0.844, "299": 0.5296666666666666, "23K": 0.8466666666666667, "233": 0.484, "2KK": 0.9576666666666667, "467": 0.6896666666666667, "47Q": 0.7376666666666667, "478": 0.6576666666666666, "457": 0.6786666666666666, "447": 0.7413333333333333, "479": 0.718, "477": 0.943, "347": 0.7303333333333333, "47K": 0.9143333333333333, "46Q": 0.45966666666666667, "466": 0.5176666666666667, "468": 0.5223333333333333, "456": 0.563, "446": 0.49266666666666664, "469": 0.458, "346": 0.514, "46K": 0.8493333333333334, "48Q": 0.43033333333333335, "45Q": 0.43533333333333335, "44Q": 0.49833333333333335, "49Q": 0.444, "34Q": 0.43833333333333335, "4KQ": 0.8266666666666667, "4QQ": 0.502, "458": 0.47933333333333333, "488": 0.512, "448": 0.486, "489": 0.427, "348": 0.42733333333333334, "48K": 0.8493333333333334, "445": 0.513, "459": 0.4256666666666667, "345": 0.49, "455": 0.5103333333333333, "45K": 0.845, "449": 0.49733333333333335, "344": 0.478, "44K": 0.8356666666666667, "444": 0.5883333333333334, "349": 0.42133333333333334, "49K": 0.8453333333333334, "499": 0.5256666666666666, "34K": 0.8373333333333334, "334": 0.5033333333333333, "4KK": 0.9506666666666667, "67Q": 0.6996666666666667, "667": 0.7293333333333333, "678": 0.5976666666666667, "567": 0.6613333333333333, "679": 0.6603333333333333, "677": 0.9306666666666666, "367": 0.7126666666666667, "67K": 0.897, "78Q": 0.643, "57Q": 0.7283333333333334, "79Q": 0.7606666666666667, "77Q": 0.951, "37Q": 0.7256666666666667, "7KQ": 0.9206666666666666, "7QQ": 0.7653333333333333, "578": 0.6166666666666667, "788": 0.7343333333333333,