{"8AQ": 0.261, "8KQ": 0.267, "8QQ": 0.28933333333333333, "8JQ": 0.279, "88Q": 0.2673333333333333, "58Q": 0.23166666666666666, "8QT": 0.3393333333333333, "89Q": 0.6303333333333333, "28Q": 0.243, "38Q": 0.47433333333333333, "68Q": 0.196, "78Q": 0.20133333333333334, "48Q": 0.22966666666666666, "AKQ": 0.286, "AQQ": 0.338, "AJQ": 0.2823333333333333, "AAQ": 0.3333333333333333, "5AQ": 0.267, "AQT": 0.29033333333333333, "9AQ": 0.6496666666666666, "2AQ": 0.267, "3AQ": 0.577, "6AQ": 0.24733333333333332, "7AQ": 0.25966666666666666, "4AQ": 0.26, "KQQ": 0.33266666666666667, "JKQ": 0.33066666666666666, "5KQ": 0.255, "KQT": 0.3303333333333333, "9KQ": 0.6113333333333333, "2KQ": 0.268, "3KQ": 0.571, "KKQ": 0.356, "6KQ": 0.25166666666666665, "7KQ": 0.25766666666666665, "4KQ": 0.2846666666666667, "JQQ": 0.32166666666666666, "QQQ": 0.359, "5QQ": 0.324, "QQT": 0.349, "9QQ": 0.7073333333333334, "2QQ": 0.296, "3QQ": 0.614, "6QQ": 0.2853333333333333, "7QQ": 0.29033333333333333, "4QQ": 0.31033333333333335, "5JQ": 0.262, "JQT": 0.39566666666666667, "9JQ": 0.5663333333333334, "2JQ": 0.25166666666666665, "JJQ": 0.33, "3JQ": 0.479, "6JQ": 0.222, "7JQ": 0.22033333333333333, "4JQ": 0.25133333333333335, "5QT": 0.2623333333333333, "59Q": 0.686, "25Q": 0.246, "35Q": 0.5546666666666666, "56Q": 0.23733333333333334, "57Q": 0.21933333333333332, "55Q": 0.30333333333333334, "45Q": 0.27, "9QT": 0.5753333333333334, "2QT": 0.2806666666666667, "3QT": 0.5733333333333334, "QTT": 0.317, "6QT": 0.276, "7QT": 0.2743333333333333, "4QT": 0.2803333333333333, "29Q": 0.6813333333333333, "39Q": 0.839, "69Q": 0.661, "79Q": 0.663, "99Q": 0.895, "49Q": 0.695, "23Q": 0.61, "26Q": 0.23033333333333333, "27Q": 0.22533333333333333, "22Q": 0.25633333333333336, "24Q": 0.246, "36Q": 0.4656666666666667, "37Q": 0.4856666666666667, "33Q": 0.9196666666666666, "34Q": 0.541, "67Q": 0.20266666666666666, "46Q": 0.219, "66Q": 0.283, "77Q": 0.27166666666666667, "47Q": 0.21633333333333332, "44Q": 0.273, "8AK": 0.24666666666666667, "8AJ": 0.25433333333333336, "88A": 0.287, "8AA": 0.30566666666666664, "58A": 0.24366666666666667, "8AT": 0.2793333333333333, "89A": 0.6776666666666666, "28A": 0.222, "38A": 0.5723333333333334, "68A": 0.24, "78A": 0.25566666666666665, "48A": 0.22466666666666665, "8JK": 0.256, "88K": 0.2896666666666667, "58K": 0.245, "8KT": 0.266, "89K": 0.6876666666666666, "28K": 0.24666666666666667, "38K": 0.5596666666666666, "8KK": 0.30433333333333334, "68K": 0.22666666666666666, "78K": 0.24233333333333335, "48K": 0.24633333333333332, "88J": 0.2723333333333333, "58J": 0.25266666666666665, "8JT": 0.42833333333333334, "89J": 0.5903333333333334, "28J": 0.22966666666666666, "8JJ": 0.29633333333333334, "38J": 0.478, "68J": 0.209, "78J": 0.2703333333333333, "48J": 0.24, "588": 0.2613333333333333, "88T": 0.32066666666666666, "889": 0.7033333333333334, "288": 0.28733333333333333, "388": 0.6056666666666667, "688": 0.25466666666666665, "788": 0.267, "888": 0.30366666666666664, "488": 0.23966666666666667, "58T": 0.25533333333333336, "589": 0.6886666666666666, "258": 0.22633333333333333, "358": 0.541, "568": 0.294, "578": 0.29433333333333334, "558": 0.236, "458": 0.22666666666666666, "89T": 0.559, "28T": 0.26166666666666666, "38T": 0.574, "8TT": 0.303, "68T": 0.3323333333333333, "78T": 0.3903333333333333, "48T": 0.253, "289": 0.727, "389": 0.8553333333333333, "689": 0.6336666666666667, "789": 0.5903333333333334, "899": 0.8873333333333333, "489": 0.7103333333333334, "238": 0.618, "268": 0.221, "278": 0.23233333333333334, "228": 0.234, "248": 0.21366666666666667, "368": 0.4713333333333333, "378": 0.4673333333333333, "338": 0.93, "348": 0.5403333333333333, "678": 0.31433333333333335, "468": 0.19233333333333333, "668": 0.24966666666666668, "778": 0.26466666666666666, "478": 0.22133333333333333, "448": 0.22933333333333333, "AJK": 0.26666666666666666, "AAK": 0.32133333333333336, "5AK": 0.26366666666666666, "AKT": 0.24033333333333334, "9AK": 0.6326666666666667, "2AK": 0.25566666666666665, "3AK": 0.5773333333333334, "AKK": 0.301, "6AK": 0.26166666666666666, "7AK": 0.25633333333333336, "4AK": 0.25166666666666665, "AAJ": 0.336, "5AJ": 0.25033333333333335, "AJT": 0.30233333333333334, "9AJ": 0.6443333333333333, "2AJ": 0.27, "AJJ": 0.32866666666666666, "3AJ": 0.5596666666666666, "6AJ": 0.24466666666666667, "7AJ": 0.27466666666666667, "4AJ": 0.2733333333333333, "5AA": 0.31033333333333335, "AAT": 0.309, "9AA": 0.7123333333333334, "2AA": 0.307, "3AA": 0.644, "6AA": 0.2846666666666667, "7AA": 0.297, "AAA": 0.374, "4AA": 0.31433333333333335, "5AT": 0.276, "59A": 0.7016666666666667, "25A": 0.25, "35A": 0.5843333333333334, "56A": 0.25866666666666666, "57A": 0.23133333333333334, "55A": 0.27166666666666667, "45A": 0.25033333333333335, "9AT": 0.5903333333333334, "2AT": 0.24666666666666667, "3AT": 0.5616666666666666, "ATT": 0.3293333333333333, "6AT": 0.258, "7AT": 0.2803333333333333, "4AT": 0.25366666666666665, "29A": 0.7216666666666667, "39A": 0.898, "69A": 0.7036666666666667, "79A": 0.6966666666666667, "99A": 0.939, "49A": 0.713, "23A": 0.643, "26A": 0.246, "27A": 0.24866666666666667, "22A": 0.2643333333333333, "24A": 0.24733333333333332, "36A": 0.5573333333333333, "37A": 0.5723333333333334, "33A": 0.93, "34A": 0.5863333333333334, "67A": 0.23733333333333334, "46A": 0.23666666666666666, "66A": 0.2786666666666667, "77A": 0.25166666666666665, "47A": 0.23466666666666666, "44A": 0.28, "5JK": 0.2773333333333333, "JKT": 0.348, "9JK": 0.621, "2JK": 0.2733333333333333, "JJK": 0.32166666666666666, "3JK": 0.568, "JKK": 0.3343333333333333, "6JK": 0.267, "7JK": 0.2633333333333333, "4JK": 0.259, "5KT": 0.2703333333333333, "59K": 0.702, "25K": 0.251, "35K": 0.579, "5KK": 0.293, "56K": 0.243, "57K": 0.24266666666666667, "55K": 0.2813333333333333, "45K": 0.26566666666666666, "9KT": 0.5816666666666667, "2KT": 0.2693333333333333, "3KT": 0.5556666666666666, "KKT": 0.31066666666666665, "KTT": 0.3333333333333333, "6KT": 0.27666666666666667, "7KT": 0.2633333333333333, "4KT": 0.241, "29K": 0.7043333333333334, "39K": 0.889, "9KK": 0.7213333333333334, "69K": 0.6876666666666666, "79K": 0.6756666666666666, "99K": 0.9263333333333333, "49K": 0.7013333333333334, "23K": 0.647, "2KK": 0.3343333333333333, "26K": 0.25066666666666665, "27K": 0.22933333333333333, "22K": 0.273, "24K": 0.24466666666666667, "3KK": 0.662, "36K": 0.556, "37K": 0.559, "33K": 0.933, "34K": 0.5716666666666667, "6KK": 0.303, "7KK": 0.306, "KKK": 0.372, "4KK": 0.30233333333333334, "67K": 0.247, "46K": 0.235, "66K": 0.26866666666666666, "77K": 0.268, "47K": 0.22666666666666666, "44K": 0.29, "5JT": 0.2693333333333333, "59J": 0.684, "25J": 0.24633333333333332, "5JJ": 0.2916666666666667, "35J": 0.568, "56J": 0.23533333333333334, "57J": 0.25166666666666665, "55J": 0.28633333333333333, "45J": 0.262, "9JT": 0.5403333333333333, "2JT": 0.272, "JJT": 0.33266666666666667, "3JT": 0.5636666666666666, "JTT": 0.33866666666666667, "6JT": 0.2733333333333333, "7JT": 0.3403333333333333, "4JT": 0.2803333333333333, "29J": 0.6803333333333333, "9JJ": 0.6986666666666667, "39J": 0.8516666666666667, "69J": 0.6353333333333333, "79J": 0.6276666666666667, "99J": 0.876, "49J": 0.6923333333333334, "2JJ": 0.30866666666666664, "23J": 0.6306666666666667, "26J": 0.22766666666666666, "27J": 0.25, "22J": 0.259, "24J": 0.23933333333333334, "3JJ": 0.6076666666666667, "6JJ": 0.2776666666666667, "7JJ": 0.29233333333333333, "JJJ": 0.367, "4JJ": 0.2806666666666667, "36J": 0.467, "37J": 0.4816666666666667, "33J": 0.926, "34J": 0.5716666666666667, "67J": 0.20966666666666667, "46J": 0.23533333333333334, "66J": 0.258, "77J": 0.266, "47J": 0.22766666666666666, "44J": 0.2773333333333333, "59T": 0.698, "25T": 0.244, "35T": 0.5773333333333334, "5TT": 0.292, "56T": 0.257, "57T": 0.25366666666666665, "55T": 0.2743333333333333, "45T": 0.26866666666666666, "259": 0.743, "359": 0.8583333333333333, "569": 0.689, "579": 0.68, "559": 0.718, "599": 0.9256666666666666, "459": 0.718, "235": 0.601, "256": 0.31, "257": 0.21866666666666668, "255": 0.2786666666666667,