{"KQQ": 0.13166666666666665, "3KQ": 0.528, "4KQ": 0.15566666666666668, "6KQ": 0.15766666666666668, "5KQ": 0.128, "9KQ": 0.12533333333333332, "7KQ": 0.14566666666666667, "AKQ": 0.12566666666666668, "JKQ": 0.097, "8KQ": 0.14833333333333334, "KQT": 0.11, "2KQ": 0.541, "KKQ": 0.136, "34K": 0.5373333333333333, "33K": 0.926, "36K": 0.5406666666666666, "35K": 0.5226666666666666, "39K": 0.509, "37K": 0.5346666666666666, "3AK": 0.5053333333333333, "3JK": 0.5253333333333333, "38K": 0.5393333333333333, "3KT": 0.49866666666666665, "23K": 0.8396666666666667, "3KK": 0.542, "46K": 0.2703333333333333, "45K": 0.25833333333333336, "49K": 0.16166666666666665, "47K": 0.305, "44K": 0.16566666666666666, "4AK": 0.15233333333333332, "4JK": 0.15933333333333333, "48K": 0.30233333333333334, "4KT": 0.151, "24K": 0.578, "4KK": 0.15766666666666668, "56K": 0.258, "69K": 0.136, "67K": 0.14766666666666667, "6AK": 0.129, "66K": 0.17333333333333334, "6JK": 0.13066666666666665, "68K": 0.15766666666666668, "6KT": 0.138, "26K": 0.5306666666666666, "6KK": 0.15133333333333332, "59K": 0.12266666666666666, "57K": 0.15166666666666667, "5AK": 0.137, "55K": 0.14433333333333334, "5JK": 0.125, "58K": 0.14033333333333334, "5KT": 0.12366666666666666, "25K": 0.56, "5KK": 0.14833333333333334, "79K": 0.13966666666666666, "9AK": 0.12133333333333333, "9JK": 0.126, "89K": 0.141, "9KT": 0.12, "29K": 0.5553333333333333, "9KK": 0.11966666666666667, "99K": 0.12566666666666668, "77K": 0.145, "7AK": 0.14666666666666667, "7JK": 0.14933333333333335, "78K": 0.2886666666666667, "7KT": 0.14666666666666667, "27K": 0.5773333333333334, "7KK": 0.15366666666666667, "AAK": 0.13466666666666666, "AJK": 0.112, "8AK": 0.153, "AKT": 0.11033333333333334, "2AK": 0.5533333333333333, "AKK": 0.129, "JJK": 0.143, "8JK": 0.13666666666666666, "JKT": 0.11133333333333334, "2JK": 0.5416666666666666, "JKK": 0.13866666666666666, "88K": 0.15733333333333333, "8KT": 0.13366666666666666, "28K": 0.583, "8KK": 0.16533333333333333, "2KT": 0.527, "KTT": 0.14066666666666666, "KKT": 0.12366666666666666, "2KK": 0.584, "22K": 0.9173333333333333, "KKK": 0.17133333333333334, "3QQ": 0.546, "4QQ": 0.145, "6QQ": 0.163, "5QQ": 0.137, "9QQ": 0.11966666666666667, "7QQ": 0.12933333333333333, "AQQ": 0.12866666666666668, "QQQ": 0.16666666666666666, "JQQ": 0.13333333333333333, "8QQ": 0.15366666666666667, "QQT": 0.13233333333333333, "2QQ": 0.5583333333333333, "34Q": 0.5493333333333333, "33Q": 0.925, "36Q": 0.543, "35Q": 0.5116666666666667, "39Q": 0.4836666666666667, "37Q": 0.538, "3AQ": 0.5173333333333333, "3JQ": 0.514, "38Q": 0.524, "3QT": 0.496, "23Q": 0.861, "46Q": 0.25933333333333336, "45Q": 0.25133333333333335, "49Q": 0.12933333333333333, "47Q": 0.14333333333333334, "44Q": 0.163, "4AQ": 0.13566666666666666, "4JQ": 0.137, "48Q": 0.15966666666666668, "4QT": 0.13766666666666666, "24Q": 0.5526666666666666, "56Q": 0.259, "69Q": 0.14233333333333334, "67Q": 0.15366666666666667, "6AQ": 0.15433333333333332, "66Q": 0.164, "6JQ": 0.148, "68Q": 0.15533333333333332, "6QT": 0.14566666666666667, "26Q": 0.547, "59Q": 0.12133333333333333, "57Q": 0.13466666666666666, "5AQ": 0.12866666666666668, "55Q": 0.16133333333333333, "5JQ": 0.131, "58Q": 0.13666666666666666, "5QT": 0.125, "25Q": 0.5553333333333333, "79Q": 0.12133333333333333, "9AQ": 0.117, "9JQ": 0.09466666666666666, "89Q": 0.11833333333333333, "9QT": 0.108, "29Q": 0.5156666666666667, "99Q": 0.13566666666666666, "77Q": 0.137, "7AQ": 0.11733333333333333, "7JQ": 0.11233333333333333, "78Q": 0.13966666666666666, "7QT": 0.12466666666666666, "27Q": 0.544, "AAQ": 0.164, "AJQ": 0.11033333333333334, "8AQ": 0.12033333333333333, "AQT": 0.11133333333333334, "2AQ": 0.541, "JJQ": 0.156, "8JQ": 0.117, "JQT": 0.10933333333333334, "2JQ": 0.5126666666666667, "88Q": 0.129, "8QT": 0.127, "28Q": 0.5263333333333333, "2QT": 0.511, "QTT": 0.13266666666666665, "22Q": 0.9283333333333333, "334": 0.9193333333333333, "346": 0.508, "345": 0.5183333333333333, "349": 0.508, "347": 0.49766666666666665, "344": 0.5586666666666666, "34A": 0.5113333333333333, "34J": 0.535, "348": 0.5406666666666666, "34T": 0.5353333333333333, "234": 0.8033333333333333, "336": 0.903, "335": 0.8953333333333333, "339": 0.8953333333333333, "337": 0.917, "33A": 0.901, "333": 1.0, "33J": 0.9033333333333333, "338": 0.928, "33T": 0.9013333333333333, "233": 0.977, "356": 0.481, "369": 0.5093333333333333, "367": 0.48133333333333334, "36A": 0.526, "366": 0.5493333333333333, "36J": 0.533, "368": 0.5136666666666667, "36T": 0.5163333333333333, "236": 0.8146666666666667, "359": 0.4126666666666667, "357": 0.4756666666666667, "35A": 0.434, "355": 0.5406666666666666, "35J": 0.525, "358": 0.49966666666666665, "35T": 0.444, "235": 0.794, "379": 0.504, "39A": 0.442, "39J": 0.5076666666666667, "389": 0.486, "39T": 0.41433333333333333, "239": 0.8416666666666667, "399": 0.544, "377": 0.554, "37A": 0.5283333333333333, "37J": 0.531, "378": 0.536, "37T": 0.5026666666666667, "237": 0.8413333333333334, "3AA": 0.543, "3AJ": 0.5096666666666667, "38A": 0.5446666666666666, "3AT": 0.43133333333333335, "23A": 0.852, "3JJ": 0.5446666666666666, "38J": 0.52, "3JT": 0.5126666666666667, "23J": 0.856, "388": 0.541, "38T": 0.49766666666666665, "238": 0.839, "23T": 0.8343333333333334, "3TT": 0.5416666666666666, "223": 0.9743333333333334, "456": 0.8046666666666666, "469": 0.24533333333333332, "467": 0.20833333333333334, "446": 0.272, "46A": 0.25433333333333336, "466": 0.2796666666666667, "46J": 0.25933333333333336, "468": 0.23333333333333334, "46T": 0.246, "246": 0.5466666666666666, "459": 0.247, "457": 0.20333333333333334, "445": 0.257, "45A": 0.244, "455": 0.26466666666666666, "45J": 0.246, "458": 0.236, "45T": 0.24933333333333332, "245": 0.5646666666666667, "479": 0.156, "449": 0.14633333333333334, "49A": 0.124, "49J": 0.14033333333333334, "489": 0.14933333333333335, "49T": 0.11566666666666667, "249": 0.55, "499": 0.15733333333333333, "477": 0.165, "447": 0.16266666666666665, "47A": 0.148, "47J": 0.14266666666666666, "478": 0.292, "47T": 0.14466666666666667, "247": 0.5736666666666667, "44A": 0.152, "444": 0.17033333333333334, "44J": 0.14633333333333334, "448": 0.149, "44T": 0.15933333333333333, "244": 0.5673333333333334, "4AA": 0.14433333333333334, "4AJ": 0.12566666666666668, "48A": 0.142, "4AT": 0.132, "24A": 0.5476666666666666, "4JJ": 0.15133333333333332, "48J": 0.15666666666666668, "4JT": 0.13033333333333333, "24J": 0.5573333333333333, "488": 0.16233333333333333, "48T": 0.151, "248": 0.5653333333333334, "24T": 0.5396666666666666, "4TT": 0.14066666666666666, "224": 0.9143333333333333, "569": 0.23333333333333334, "567": 0.19666666666666666, "56A": 0.24166666666666667, "566": 0.245, "556": 0.271, "56J": 0.25233333333333335, "568": 0.20266666666666666, "56T": 0.246, "256": 0.5463333333333333, "679": 0.11666666666666667, "69A": 0.13466666666666666, "669": 0.14733333333333334, "69J": 0.134, "689": 0.11966666666666667, "69T": 0.12066666666666667, "269": 0.5603333333333333, "699": 0.15166666666666667, "677": 0.14033333333333334, "67A": 0.122, "667": 0.14766666666666667, "67J": 0.131, "678": 0.12833333333333333, "67T": 0.11433333333333333, "267": 0.53, "66A": 0.146, "6AA": 0.16766666666666666, "6AJ": 0.13966666666666666, "68A": 0.13, "6AT": 0.123, "26A": 0.5743333333333334, "66J": 0.156, "668": 0.15966666666666668, "66T": 0.142, "266": 0.5636666666666666, "666": 0.184, "6JJ": 0.16433333333333333, "68J": 0.14033333333333334, "6JT": 0.129, "26J": 0.5393333333333333, "688": 0.138, "68T": 0.128, "268": 0.5273333333333333, "26T": 0.5333333333333333, "6TT": 0.14533333333333334, "226": 0.9253333333333333, "579": 0.11266666666666666, "59A": 0.104, "559": 0.13433333333333333, "59J": 0.131, "589": 0.12666666666666668, "59T": 0.10433333333333333, "259": 0.522, "599": 0.15066666666666667, "577": 0.133, "57A": 0.12, "557": 0.14466666666666667, "57J": 0.12933333333333333, "578": 0.12133333333333333, "57T": 0.11966666666666667, "257": 0.5106666666666667, "5AA": 0.13666666666666666, "55A": 0.14466666666666667,