{"8AJ": 0.6463333333333333, "3AJ": 0.515, "2AJ": 0.6566666666666666, "AJT": 0.6836666666666666, "5AJ": 0.506, "4AJ": 0.5043333333333333, "7AJ": 0.6773333333333333, "AJK": 0.7666666666666667, "6AJ": 0.508, "AJQ": 0.569, "9AJ": 0.49966666666666665, "AAJ": 0.6023333333333334, "AJJ": 0.5953333333333334, "38J": 0.43366666666666664, "28J": 0.626, "8JT": 0.6196666666666667, "58J": 0.4483333333333333, "48J": 0.43566666666666665, "78J": 0.6283333333333333, "8JK": 0.8276666666666667, "68J": 0.44733333333333336, "88J": 0.523, "8JQ": 0.44066666666666665, "89J": 0.501, "8JJ": 0.5136666666666667, "23J": 0.4493333333333333, "3JT": 0.452, "35J": 0.426, "34J": 0.4543333333333333, "37J": 0.7363333333333333, "3JK": 0.8403333333333334, "36J": 0.44166666666666665, "3JQ": 0.453, "33J": 0.503, "39J": 0.44233333333333336, "3JJ": 0.5073333333333333, "2JT": 0.6206666666666667, "25J": 0.43766666666666665, "24J": 0.44566666666666666, "27J": 0.7186666666666667, "2JK": 0.8296666666666667, "26J": 0.437, "2JQ": 0.4583333333333333, "29J": 0.44233333333333336, "22J": 0.5173333333333333, "2JJ": 0.536, "5JT": 0.4656666666666667, "4JT": 0.45266666666666666, "7JT": 0.6543333333333333, "JKT": 0.7743333333333333, "6JT": 0.454, "JQT": 0.5656666666666667, "JTT": 0.5176666666666667, "9JT": 0.5676666666666667, "JJT": 0.5513333333333333, "45J": 0.436, "57J": 0.6963333333333334, "5JK": 0.796, "56J": 0.4483333333333333, "55J": 0.5023333333333333, "5JQ": 0.42866666666666664, "59J": 0.43933333333333335, "5JJ": 0.5156666666666667, "47J": 0.683, "4JK": 0.8423333333333334, "46J": 0.439, "44J": 0.49466666666666664, "4JQ": 0.43433333333333335, "49J": 0.43233333333333335, "4JJ": 0.535, "7JK": 0.8843333333333333, "67J": 0.697, "77J": 0.949, "7JQ": 0.683, "79J": 0.6326666666666667, "7JJ": 0.7673333333333333, "6JK": 0.8293333333333334, "JKQ": 0.7736666666666666, "9JK": 0.8036666666666666, "JJK": 0.8206666666666667, "JKK": 0.9403333333333334, "6JQ": 0.43633333333333335, "66J": 0.49766666666666665, "69J": 0.42966666666666664, "6JJ": 0.5083333333333333, "JQQ": 0.5363333333333333, "9JQ": 0.4633333333333333, "JJQ": 0.5056666666666667, "9JJ": 0.508, "99J": 0.5133333333333333, "JJJ": 0.6283333333333333, "38A": 0.5003333333333333, "28A": 0.6456666666666667, "8AT": 0.649, "58A": 0.495, "48A": 0.49866666666666665, "78A": 0.665, "8AK": 0.8006666666666666, "68A": 0.512, "88A": 0.5853333333333334, "8AQ": 0.49633333333333335, "89A": 0.531, "8AA": 0.604, "23A": 0.508, "3AT": 0.5053333333333333, "35A": 0.491, "34A": 0.506, "37A": 0.736, "3AK": 0.788, "36A": 0.492, "3AQ": 0.49166666666666664, "33A": 0.57, "39A": 0.485, "3AA": 0.5886666666666667, "2AT": 0.643, "25A": 0.49266666666666664, "24A": 0.512, "27A": 0.751, "2AK": 0.8, "26A": 0.4856666666666667, "2AQ": 0.5053333333333333, "29A": 0.5113333333333333, "22A": 0.5643333333333334, "2AA": 0.6016666666666667, "5AT": 0.5163333333333333, "4AT": 0.5156666666666667, "7AT": 0.6746666666666666, "AKT": 0.7593333333333333, "6AT": 0.509, "AQT": 0.554, "ATT": 0.601, "9AT": 0.49933333333333335, "AAT": 0.6123333333333333, "45A": 0.497, "57A": 0.6803333333333333, "5AK": 0.7653333333333333, "56A": 0.488, "55A": 0.575, "5AQ": 0.48833333333333334, "59A": 0.48966666666666664, "5AA": 0.5603333333333333, "47A": 0.7193333333333334, "4AK": 0.8036666666666666, "46A": 0.49266666666666664, "44A": 0.564, "4AQ": 0.49633333333333335, "49A": 0.4836666666666667, "4AA": 0.5936666666666667, "7AK": 0.8986666666666666, "67A": 0.7113333333333334, "77A": 0.964, "7AQ": 0.6913333333333334, "79A": 0.6656666666666666, "7AA": 0.7653333333333333, "6AK": 0.8056666666666666, "AKQ": 0.7626666666666667, "9AK": 0.7966666666666666, "AAK": 0.83, "AKK": 0.941, "6AQ": 0.4816666666666667, "66A": 0.581, "69A": 0.49333333333333335, "6AA": 0.6023333333333334, "AQQ": 0.595, "9AQ": 0.48133333333333334, "AAQ": 0.602, "9AA": 0.6033333333333334, "99A": 0.572, "AAA": 0.7096666666666667, "238": 0.45366666666666666, "38T": 0.46, "358": 0.421, "348": 0.43466666666666665, "378": 0.7016666666666667, "38K": 0.864, "368": 0.45666666666666667, "388": 0.497, "38Q": 0.42533333333333334, "338": 0.484, "389": 0.438, "28T": 0.6096666666666667, "258": 0.46066666666666667, "248": 0.441, "278": 0.6963333333333334, "28K": 0.8473333333333334, "268": 0.4686666666666667, "288": 0.5356666666666666, "28Q": 0.43766666666666665, "289": 0.4593333333333333, "228": 0.5143333333333333, "58T": 0.446, "48T": 0.45566666666666666, "78T": 0.6186666666666667, "8KT": 0.8306666666666667, "68T": 0.5076666666666667, "88T": 0.5303333333333333, "8QT": 0.42333333333333334, "8TT": 0.5126666666666667, "89T": 0.5403333333333333, "458": 0.5076666666666667, "578": 0.6146666666666667, "58K": 0.814, "568": 0.5843333333333334, "588": 0.518, "558": 0.5193333333333333, "58Q": 0.43866666666666665, "589": 0.49466666666666664, "478": 0.672, "48K": 0.849, "468": 0.5273333333333333, "448": 0.49833333333333335, "488": 0.5203333333333333, "48Q": 0.4186666666666667, "489": 0.45566666666666666, "78K": 0.8703333333333333, "678": 0.6176666666666667, "778": 0.9123333333333333, "788": 0.7286666666666667, "78Q": 0.6486666666666666, "789": 0.5616666666666666, "68K": 0.8496666666666667, "88K": 0.8386666666666667, "8KQ": 0.8536666666666667, "89K": 0.8386666666666667, "8KK": 0.963, "688": 0.513, "68Q": 0.43566666666666665, "668": 0.5133333333333333, "689": 0.5456666666666666, "88Q": 0.48733333333333334, "889": 0.49366666666666664, "888": 0.615, "8QQ": 0.5136666666666667, "89Q": 0.38566666666666666, "899": 0.5133333333333333, "23T": 0.433, "235": 0.4053333333333333, "234": 0.42, "237": 0.7943333333333333, "23K": 0.8436666666666667, "236": 0.4266666666666667, "23Q": 0.431, "233": 0.48933333333333334, "239": 0.4116666666666667, "223": 0.499, "35T": 0.4226666666666667, "34T": 0.43033333333333335, "37T": 0.7103333333333334, "3KT": 0.838, "36T": 0.448, "3QT": 0.44066666666666665, "3TT": 0.5133333333333333, "33T": 0.48966666666666664, "39T": 0.432, "345": 0.5156666666666667, "357": 0.7033333333333334, "35K": 0.8116666666666666, "356": 0.49633333333333335, "355": 0.507, "35Q": 0.43833333333333335, "335": 0.4653333333333333, "359": 0.433, "347": 0.747, "34K": 0.8396666666666667, "346": 0.6046666666666667, "344": 0.5126666666666667, "34Q": 0.4593333333333333, "334": 0.5023333333333333, "349": 0.42433333333333334, "37K": 0.8996666666666666, "367": 0.71, "377": 0.959, "37Q": 0.7146666666666667, "337": 0.717, "379": 0.708, "36K": 0.8286666666666667, "3KQ": 0.8416666666666667, "33K": 0.8126666666666666, "39K": 0.8306666666666667, "3KK": 0.9506666666666667, "36Q": 0.43266666666666664, "366": 0.5186666666666667, "336": 0.511, "369": 0.43066666666666664, "3QQ": 0.5136666666666667, "33Q": 0.487, "39Q": 0.4136666666666667, "339": 0.48733333333333334, "333": 0.6036666666666667, "399": 0.5246666666666666, "25T": 0.43666666666666665, "24T": 0.43266666666666664, "27T": 0.7203333333333334, "2KT": 0.8326666666666667, "26T": 0.43233333333333335, "2QT": 0.43733333333333335, "2TT": 0.526, "29T": 0.451, "22T": 0.4876666666666667, "245": 0.409, "257": 0.729, "25K": 0.8173333333333334, "256": 0.43033333333333335, "255": 0.49933333333333335, "25Q": 0.41633333333333333, "259": 0.434, "225": 0.5016666666666667, "247": 0.7626666666666667, "24K": 0.8546666666666667, "246": 0.4266666666666667, "244": 0.5, "24Q": 0.42, "249": 0.42333333333333334, "224": 0.505, "27K": 0.925, "267": 0.7466666666666667, "277": 0.9673333333333334, "27Q": 0.7323333333333333, "279": 0.7273333333333334, "227": 0.7696666666666667, "26K": 0.833, "2KQ": 0.83, "29K": 0.8503333333333334, "22K": 0.8406666666666667, "2KK": 0.9566666666666667, "26Q": 0.4126666666666667, "266": 0.514, "269": 0.4236666666666667, "226": 0.5023333333333333, "2QQ": 0.5263333333333333, "29Q": 0.41133333333333333, "22Q": 0.4713333333333333, "229": 0.4643333333333333, "299": 0.517, "222": 0.5983333333333334, "45T": 0.43033333333333335, "57T": 0.6803333333333333, "5KT": 0.8016666666666666, "56T": 0.43633333333333335, "55T": 0.5106666666666667, "5QT": 0.424, "5TT": 0.49533333333333335,