{"AJK": 0.51, "AJQ": 0.496, "AAJ": 0.566, "AJJ": 0.5786666666666667, "7AJ": 0.527, "8AJ": 0.5203333333333333, "2AJ": 0.614, "3AJ": 0.5996666666666667, "AJT": 0.496, "5AJ": 0.603, "9AJ": 0.522, "4AJ": 0.5986666666666667, "6AJ": 0.9616666666666667, "AKQ": 0.5066666666666667, "AAK": 0.564, "7AK": 0.542, "8AK": 0.547, "AKK": 0.554, "2AK": 0.5886666666666667, "3AK": 0.6133333333333333, "AKT": 0.508, "5AK": 0.5973333333333334, "9AK": 0.5573333333333333, "4AK": 0.6093333333333333, "6AK": 0.9523333333333334, "AAQ": 0.5606666666666666, "7AQ": 0.5493333333333333, "AQQ": 0.5646666666666667, "8AQ": 0.5446666666666666, "2AQ": 0.5946666666666667, "3AQ": 0.5973333333333334, "AQT": 0.507, "5AQ": 0.5923333333333334, "9AQ": 0.5463333333333333, "4AQ": 0.6086666666666667, "6AQ": 0.9383333333333334, "7AA": 0.575, "8AA": 0.5676666666666667, "2AA": 0.701, "3AA": 0.7016666666666667, "AAT": 0.571, "5AA": 0.6846666666666666, "9AA": 0.5996666666666667, "AAA": 0.7126666666666667, "4AA": 0.706, "6AA": 0.9563333333333334, "78A": 0.568, "27A": 0.6186666666666667, "77A": 0.5643333333333334, "37A": 0.6136666666666667, "7AT": 0.527, "57A": 0.6056666666666667, "79A": 0.577, "47A": 0.6236666666666667, "67A": 0.9113333333333333, "28A": 0.618, "38A": 0.618, "8AT": 0.5423333333333333, "58A": 0.609, "89A": 0.564, "48A": 0.617, "68A": 0.9303333333333333, "88A": 0.5623333333333334, "22A": 0.6406666666666667, "23A": 0.6673333333333333, "2AT": 0.6273333333333333, "25A": 0.6483333333333333, "29A": 0.6203333333333333, "24A": 0.6856666666666666, "26A": 0.949, "3AT": 0.5886666666666667, "35A": 0.6653333333333333, "39A": 0.5963333333333334, "33A": 0.6563333333333333, "34A": 0.6846666666666666, "36A": 0.9323333333333333, "5AT": 0.5963333333333334, "9AT": 0.532, "ATT": 0.5693333333333334, "4AT": 0.6156666666666667, "6AT": 0.9473333333333334, "55A": 0.649, "59A": 0.602, "45A": 0.672, "56A": 0.9236666666666666, "49A": 0.6173333333333333, "69A": 0.93, "99A": 0.5933333333333334, "44A": 0.6366666666666667, "46A": 0.93, "66A": 0.9993333333333333, "JKQ": 0.475, "JJK": 0.5636666666666666, "7JK": 0.5233333333333333, "8JK": 0.528, "JKK": 0.5606666666666666, "2JK": 0.5956666666666667, "3JK": 0.584, "JKT": 0.52, "5JK": 0.593, "9JK": 0.5143333333333333, "4JK": 0.6006666666666667, "6JK": 0.94, "JJQ": 0.5373333333333333, "7JQ": 0.524, "JQQ": 0.5446666666666666, "8JQ": 0.5096666666666667, "2JQ": 0.559, "3JQ": 0.5613333333333334, "JQT": 0.4136666666666667, "5JQ": 0.5593333333333333, "9JQ": 0.47333333333333333, "4JQ": 0.5906666666666667, "6JQ": 0.9143333333333333, "7JJ": 0.5586666666666666, "8JJ": 0.5603333333333333, "2JJ": 0.704, "JJJ": 0.7246666666666667, "3JJ": 0.7106666666666667, "JJT": 0.545, "5JJ": 0.7016666666666667, "9JJ": 0.5586666666666666, "4JJ": 0.703, "6JJ": 0.9586666666666667, "78J": 0.48833333333333334, "27J": 0.5936666666666667, "77J": 0.5606666666666666, "37J": 0.6056666666666667, "7JT": 0.496, "57J": 0.5933333333333334, "79J": 0.501, "47J": 0.6136666666666667, "67J": 0.932, "28J": 0.6053333333333333, "38J": 0.6006666666666667, "8JT": 0.4776666666666667, "58J": 0.5906666666666667, "89J": 0.482, "48J": 0.5993333333333334, "68J": 0.925, "88J": 0.5676666666666667, "22J": 0.6366666666666667, "23J": 0.6706666666666666, "2JT": 0.5756666666666667, "25J": 0.643, "29J": 0.5873333333333334, "24J": 0.6716666666666666, "26J": 0.943, "3JT": 0.5773333333333334, "35J": 0.654, "39J": 0.579, "33J": 0.6326666666666667, "34J": 0.672, "36J": 0.9376666666666666, "5JT": 0.586, "9JT": 0.44433333333333336, "JTT": 0.5436666666666666, "4JT": 0.577, "6JT": 0.914, "55J": 0.6486666666666666, "59J": 0.5826666666666667, "45J": 0.669, "56J": 0.9203333333333333, "49J": 0.5796666666666667, "69J": 0.9276666666666666, "99J": 0.5473333333333333, "44J": 0.6353333333333333, "46J": 0.945, "66J": 1.0, "7KQ": 0.532, "KQQ": 0.5536666666666666, "8KQ": 0.5243333333333333, "KKQ": 0.581, "2KQ": 0.579, "3KQ": 0.576, "KQT": 0.47433333333333333, "5KQ": 0.5716666666666667, "9KQ": 0.49933333333333335, "4KQ": 0.5973333333333334, "6KQ": 0.93, "78K": 0.5673333333333334, "7KK": 0.5773333333333334, "27K": 0.6113333333333333, "77K": 0.5776666666666667, "37K": 0.6146666666666667, "7KT": 0.524, "57K": 0.599, "79K": 0.5416666666666666, "47K": 0.6193333333333333, "67K": 0.9326666666666666, "8KK": 0.5803333333333334, "28K": 0.6253333333333333, "38K": 0.6233333333333333, "8KT": 0.5266666666666666, "58K": 0.613, "89K": 0.538, "48K": 0.601, "68K": 0.941, "88K": 0.5866666666666667, "2KK": 0.696, "3KK": 0.692, "KKT": 0.5573333333333333, "5KK": 0.7006666666666667, "KKK": 0.7263333333333334, "9KK": 0.5653333333333334, "4KK": 0.6923333333333334, "6KK": 0.955, "22K": 0.6416666666666667, "23K": 0.6583333333333333, "2KT": 0.5946666666666667, "25K": 0.649, "29K": 0.6013333333333334, "24K": 0.6673333333333333, "26K": 0.939, "3KT": 0.6013333333333334, "35K": 0.6756666666666666, "39K": 0.6066666666666667, "33K": 0.644, "34K": 0.674, "36K": 0.933, "5KT": 0.5906666666666667, "9KT": 0.504, "KTT": 0.5593333333333333, "4KT": 0.5926666666666667, "6KT": 0.908, "55K": 0.6343333333333333, "59K": 0.5913333333333334, "45K": 0.6986666666666667, "56K": 0.913, "49K": 0.6073333333333333, "69K": 0.9423333333333334, "99K": 0.5656666666666667, "44K": 0.642, "46K": 0.9453333333333334, "66K": 0.9996666666666667, "7QQ": 0.5723333333333334, "78Q": 0.546, "27Q": 0.6003333333333334, "77Q": 0.5806666666666667, "37Q": 0.5863333333333334, "7QT": 0.52, "57Q": 0.5926666666666667, "79Q": 0.547, "47Q": 0.6, "67Q": 0.9196666666666666, "8QQ": 0.5673333333333334, "2QQ": 0.696, "3QQ": 0.673, "QQT": 0.546, "5QQ": 0.6856666666666666, "9QQ": 0.5723333333333334, "QQQ": 0.731, "4QQ": 0.699, "6QQ": 0.9576666666666667, "28Q": 0.606, "38Q": 0.5963333333333334, "8QT": 0.504, "58Q": 0.5813333333333334, "89Q": 0.5026666666666667, "48Q": 0.6053333333333333, "68Q": 0.907, "88Q": 0.5696666666666667, "22Q": 0.613, "23Q": 0.5476666666666666, "2QT": 0.5616666666666666, "25Q": 0.547, "29Q": 0.57, "24Q": 0.6423333333333333, "26Q": 0.85, "3QT": 0.567, "35Q": 0.536, "39Q": 0.566, "33Q": 0.604, "34Q": 0.64, "36Q": 0.8243333333333334, "5QT": 0.5746666666666667, "9QT": 0.4726666666666667, "QTT": 0.532, "4QT": 0.5713333333333334, "6QT": 0.903, "55Q": 0.5996666666666667, "59Q": 0.575, "45Q": 0.6286666666666667, "56Q": 0.806, "49Q": 0.5956666666666667, "69Q": 0.9106666666666666, "99Q": 0.562, "44Q": 0.6226666666666667, "46Q": 0.9253333333333333, "66Q": 0.9996666666666667, "278": 0.6126666666666667, "778": 0.5926666666666667, "378": 0.6053333333333333, "78T": 0.5546666666666666, "578": 0.6666666666666666, "789": 0.64, "478": 0.6446666666666667, "678": 0.8123333333333334, "788": 0.5686666666666667, "227": 0.6416666666666667, "277": 0.7076666666666667, "237": 0.661, "27T": 0.613, "257": 0.6523333333333333, "279": 0.605, "247": 0.6853333333333333, "267": 0.9103333333333333, "377": 0.7086666666666667, "77T": 0.57, "577": 0.7093333333333334, "777": 0.717, "779": 0.586, "477": 0.7003333333333334, "677": 0.961, "37T": 0.597, "357": 0.6793333333333333, "379": 0.6, "337": 0.6336666666666667, "347": 0.686, "367": 0.8943333333333333, "57T": 0.6063333333333333, "79T": 0.5463333333333333, "7TT": 0.5806666666666667, "47T": 0.607, "67T": 0.8976666666666666, "557": 0.6406666666666667, "579": 0.6406666666666667, "457": 0.7203333333333334, "567": 0.8016666666666666, "479": 0.6176666666666667, "679": 0.8596666666666667, "799": 0.5713333333333334, "447": 0.6486666666666666, "467": 0.8566666666666667, "667": 0.9996666666666667, "228": 0.637, "238": 0.6723333333333333, "28T": 0.61, "258": 0.661, "289": 0.6126666666666667, "248": 0.6633333333333333, "268": 0.9133333333333333, "288": 0.72, "38T": 0.5906666666666667, "358": 0.6536666666666666, "389": 0.602, "338": 0.6426666666666667, "348": 0.6696666666666666, "368": 0.9116666666666666, "388": 0.72, "58T": 0.6036666666666667, "89T": 0.5236666666666666, "8TT": 0.5576666666666666, "48T": 0.5956666666666667, "68T": 0.8966666666666666, "88T": 0.5513333333333333, "558": 0.637, "589": 0.6266666666666667, "458": 0.693,