{"9AT": 0.7853333333333333, "AKT": 0.7723333333333333, "7AT": 0.522, "AJT": 0.5693333333333334, "8AT": 0.5113333333333333, "3AT": 0.533, "6AT": 0.522, "4AT": 0.5343333333333333, "AAT": 0.631, "5AT": 0.5203333333333333, "2AT": 0.515, "ATT": 0.6273333333333333, "AQT": 0.5806666666666667, "9KT": 0.876, "79T": 0.6993333333333334, "9JT": 0.6766666666666666, "89T": 0.6506666666666666, "39T": 0.7486666666666667, "69T": 0.7193333333333334, "49T": 0.7566666666666667, "59T": 0.7533333333333333, "29T": 0.7356666666666667, "9TT": 0.79, "99T": 0.921, "9QT": 0.724, "7KT": 0.8096666666666666, "JKT": 0.8256666666666667, "8KT": 0.8383333333333334, "3KT": 0.8286666666666667, "6KT": 0.817, "4KT": 0.8593333333333333, "5KT": 0.8516666666666667, "2KT": 0.858, "KTT": 0.8473333333333334, "KQT": 0.813, "KKT": 0.9563333333333334, "7JT": 0.6046666666666667, "78T": 0.5653333333333334, "37T": 0.43933333333333335, "67T": 0.5186666666666667, "47T": 0.45266666666666666, "57T": 0.44166666666666665, "27T": 0.472, "7TT": 0.5606666666666666, "77T": 0.5446666666666666, "7QT": 0.5513333333333333, "8JT": 0.576, "3JT": 0.563, "6JT": 0.5423333333333333, "JJT": 0.605, "4JT": 0.5136666666666667, "5JT": 0.525, "2JT": 0.5273333333333333, "JTT": 0.5883333333333334, "JQT": 0.9103333333333333, "38T": 0.434, "68T": 0.49866666666666665, "48T": 0.455, "58T": 0.45466666666666666, "28T": 0.4786666666666667, "8TT": 0.543, "88T": 0.5476666666666666, "8QT": 0.5333333333333333, "36T": 0.4256666666666667, "34T": 0.44766666666666666, "35T": 0.44233333333333336, "23T": 0.45966666666666667, "3TT": 0.55, "33T": 0.535, "3QT": 0.5436666666666666, "66T": 0.53, "46T": 0.44, "56T": 0.43233333333333335, "26T": 0.4603333333333333, "6TT": 0.5496666666666666, "6QT": 0.5423333333333333, "45T": 0.424, "24T": 0.428, "4TT": 0.522, "44T": 0.5206666666666667, "4QT": 0.5216666666666666, "25T": 0.426, "5TT": 0.526, "5QT": 0.5206666666666667, "55T": 0.521, "2TT": 0.5383333333333333, "2QT": 0.49833333333333335, "22T": 0.5426666666666666, "TTT": 0.6206666666666667, "QTT": 0.586, "QQT": 0.597, "9AK": 0.909, "79A": 0.7603333333333333, "9AJ": 0.7146666666666667, "89A": 0.7533333333333333, "39A": 0.779, "69A": 0.757, "49A": 0.7676666666666667, "9AA": 0.8166666666666667, "59A": 0.7763333333333333, "29A": 0.78, "99A": 0.959, "9AQ": 0.7283333333333334, "7AK": 0.7886666666666666, "AJK": 0.772, "8AK": 0.781, "3AK": 0.778, "6AK": 0.7786666666666666, "4AK": 0.814, "AAK": 0.8623333333333333, "5AK": 0.814, "2AK": 0.8203333333333334, "AKQ": 0.7733333333333333, "AKK": 0.9516666666666667, "7AJ": 0.5173333333333333, "78A": 0.4713333333333333, "37A": 0.4706666666666667, "67A": 0.49033333333333334, "47A": 0.483, "7AA": 0.609, "57A": 0.5013333333333333, "27A": 0.5076666666666667, "77A": 0.584, "7AQ": 0.51, "8AJ": 0.5133333333333333, "3AJ": 0.502, "6AJ": 0.5066666666666667, "AJJ": 0.5926666666666667, "4AJ": 0.485, "AAJ": 0.635, "5AJ": 0.503, "2AJ": 0.5053333333333333, "AJQ": 0.5493333333333333, "38A": 0.4866666666666667, "68A": 0.4746666666666667, "48A": 0.4856666666666667, "8AA": 0.6093333333333333, "58A": 0.5013333333333333, "28A": 0.497, "88A": 0.602, "8AQ": 0.5163333333333333, "36A": 0.47533333333333333, "34A": 0.481, "3AA": 0.6026666666666667, "35A": 0.48933333333333334, "23A": 0.5093333333333333, "33A": 0.5976666666666667, "3AQ": 0.5123333333333333, "66A": 0.5963333333333334, "46A": 0.492, "6AA": 0.5996666666666667, "56A": 0.49366666666666664, "26A": 0.498, "6AQ": 0.5093333333333333, "4AA": 0.601, "45A": 0.469, "24A": 0.4656666666666667, "44A": 0.5806666666666667, "4AQ": 0.48833333333333334, "5AA": 0.6003333333333334, "2AA": 0.6183333333333333, "AAA": 0.73, "AAQ": 0.6156666666666667, "25A": 0.4673333333333333, "5AQ": 0.507, "55A": 0.5893333333333334, "2AQ": 0.49333333333333335, "22A": 0.5693333333333334, "AQQ": 0.6076666666666667, "79K": 0.886, "9JK": 0.8843333333333333, "89K": 0.8933333333333333, "39K": 0.9236666666666666, "69K": 0.8963333333333333, "49K": 0.9423333333333334, "59K": 0.9236666666666666, "29K": 0.948, "99K": 0.9943333333333333, "9KQ": 0.9043333333333333, "9KK": 0.9946666666666667, "79J": 0.7303333333333333, "789": 0.6653333333333333, "379": 0.758, "679": 0.702, "479": 0.7823333333333333, "579": 0.748, "279": 0.7936666666666666, "779": 0.7836666666666666, "799": 0.9373333333333334, "79Q": 0.737, "89J": 0.6776666666666666, "39J": 0.7543333333333333, "69J": 0.751, "9JJ": 0.806, "49J": 0.7383333333333333, "59J": 0.718, "29J": 0.731, "99J": 0.9193333333333333, "9JQ": 0.7113333333333334, "389": 0.7663333333333333, "689": 0.6796666666666666, "489": 0.7876666666666666, "589": 0.7516666666666667, "289": 0.774, "889": 0.7836666666666666, "899": 0.9316666666666666, "89Q": 0.712, "369": 0.7463333333333333, "349": 0.793, "359": 0.7976666666666666, "239": 0.818, "339": 0.802, "399": 0.9623333333333334, "39Q": 0.7783333333333333, "669": 0.787, "469": 0.7873333333333333, "569": 0.7513333333333333, "269": 0.788, "699": 0.9446666666666667, "69Q": 0.7556666666666667, "459": 0.757, "249": 0.7976666666666666, "449": 0.807, "499": 0.9433333333333334, "49Q": 0.732, "259": 0.776, "599": 0.9326666666666666, "59Q": 0.7323333333333333, "559": 0.793, "299": 0.9483333333333334, "29Q": 0.7456666666666667, "229": 0.8023333333333333, "99Q": 0.9306666666666666, "999": 0.9996666666666667, "9QQ": 0.8133333333333334, "7JK": 0.8256666666666667, "78K": 0.717, "37K": 0.7303333333333333, "67K": 0.6986666666666667, "47K": 0.8246666666666667, "57K": 0.8223333333333334, "27K": 0.8246666666666667, "77K": 0.8233333333333334, "7KQ": 0.8206666666666667, "7KK": 0.9383333333333334, "8JK": 0.8176666666666667, "3JK": 0.8173333333333334, "6JK": 0.813, "JJK": 0.818, "4JK": 0.8243333333333334, "5JK": 0.844, "2JK": 0.834, "JKQ": 0.789, "JKK": 0.931, "38K": 0.7393333333333333, "68K": 0.7273333333333334, "48K": 0.822, "58K": 0.82, "28K": 0.8363333333333334, "88K": 0.8243333333333334, "8KQ": 0.8326666666666667, "8KK": 0.9406666666666667, "36K": 0.72, "34K": 0.822, "35K": 0.8156666666666667, "23K": 0.826, "33K": 0.818, "3KQ": 0.8313333333333334, "3KK": 0.9466666666666667, "66K": 0.8203333333333334, "46K": 0.8163333333333334, "56K": 0.7986666666666666, "26K": 0.8363333333333334, "6KQ": 0.8306666666666667, "6KK": 0.9443333333333334, "45K": 0.82, "24K": 0.8233333333333334, "44K": 0.8316666666666667, "4KQ": 0.8216666666666667, "4KK": 0.941, "25K": 0.8203333333333334, "5KQ": 0.8233333333333334, "5KK": 0.9476666666666667, "55K": 0.8513333333333334, "2KQ": 0.8373333333333334, "22K": 0.849, "2KK": 0.949, "KKQ": 0.931, "KQQ": 0.8146666666666667, "KKK": 0.9996666666666667, "78J": 0.5066666666666667, "37J": 0.432, "67J": 0.43, "7JJ": 0.527, "47J": 0.43066666666666664, "57J": 0.44, "27J": 0.45166666666666666, "77J": 0.5353333333333333, "7JQ": 0.5196666666666667, "378": 0.385, "678": 0.4826666666666667, "478": 0.414, "578": 0.48966666666666664, "278": 0.456, "788": 0.5143333333333333, "778": 0.525, "78Q": 0.43533333333333335, "367": 0.369, "347": 0.38666666666666666, "357": 0.4103333333333333, "237": 0.4246666666666667, "377": 0.49, "337": 0.491, "37Q": 0.43733333333333335, "667": 0.5143333333333333, "467": 0.39266666666666666, "567": 0.4713333333333333, "267": 0.43233333333333335, "677": 0.5143333333333333, "67Q": 0.43, "457": 0.38033333333333336, "247": 0.41133333333333333, "447": 0.494, "477": 0.49866666666666665, "47Q": 0.43166666666666664, "257": 0.4256666666666667, "577": 0.5076666666666667, "57Q": 0.4206666666666667, "557": 0.5076666666666667, "277": 0.5323333333333333, "27Q": 0.45866666666666667, "227": 0.5203333333333333, "777": 0.6203333333333333, "77Q": 0.5356666666666666, "7QQ": 0.5306666666666666, "38J": 0.438, "68J": 0.445, "8JJ": 0.5173333333333333, "48J": 0.42866666666666664, "58J": 0.43666666666666665, "28J": 0.443, "88J": 0.5346666666666666, "8JQ": 0.5033333333333333, "36J": 0.43866666666666665, "3JJ": 0.5256666666666666, "34J": 0.427, "35J": 0.43833333333333335, "23J": 0.443, "33J": 0.5326666666666666, "3JQ": 0.5236666666666666, "6JJ": 0.5186666666666667,