{"6TT": 0.7833333333333333, "6KT": 0.6676666666666666, "6JT": 0.6656666666666666, "26T": 0.707, "6AT": 0.6726666666666666, "69T": 0.9073333333333333, "46T": 0.6973333333333334, "6QT": 0.6483333333333333, "36T": 0.7166666666666667, "66T": 0.6956666666666667, "68T": 0.723, "67T": 0.7316666666666667, "56T": 0.6946666666666667, "KTT": 0.6773333333333333, "JTT": 0.6693333333333333, "2TT": 0.7953333333333333, "ATT": 0.6506666666666666, "9TT": 0.9673333333333334, "4TT": 0.7716666666666666, "TTT": 0.822, "QTT": 0.6826666666666666, "3TT": 0.781, "8TT": 0.7903333333333333, "7TT": 0.8016666666666666, "5TT": 0.786, "JKT": 0.621, "2KT": 0.6373333333333333, "AKT": 0.5706666666666667, "9KT": 0.907, "4KT": 0.6653333333333333, "KQT": 0.5853333333333334, "3KT": 0.6676666666666666, "8KT": 0.6526666666666666, "7KT": 0.656, "KKT": 0.6756666666666666, "5KT": 0.656, "2JT": 0.6576666666666666, "AJT": 0.5666666666666667, "9JT": 0.8443333333333334, "JJT": 0.683, "4JT": 0.651, "JQT": 0.665, "3JT": 0.663, "8JT": 0.753, "7JT": 0.6936666666666667, "5JT": 0.659, "2AT": 0.6646666666666666, "29T": 0.9306666666666666, "24T": 0.7403333333333333, "22T": 0.6946666666666667, "2QT": 0.656, "23T": 0.7256666666666667, "28T": 0.723, "27T": 0.732, "25T": 0.7193333333333334, "9AT": 0.9256666666666666, "4AT": 0.639, "AQT": 0.5883333333333334, "3AT": 0.6296666666666667, "8AT": 0.649, "7AT": 0.6616666666666666, "5AT": 0.6716666666666666, "AAT": 0.6886666666666666, "49T": 0.922, "9QT": 0.863, "39T": 0.9133333333333333, "89T": 0.8503333333333334, "79T": 0.8716666666666667, "59T": 0.9436666666666667, "99T": 1.0, "4QT": 0.6633333333333333, "34T": 0.703, "48T": 0.7113333333333334, "47T": 0.695, "45T": 0.7113333333333334, "44T": 0.7023333333333334, "3QT": 0.667, "QQT": 0.685, "8QT": 0.694, "7QT": 0.6623333333333333, "5QT": 0.6556666666666666, "38T": 0.725, "37T": 0.7323333333333333, "35T": 0.709, "33T": 0.701, "78T": 0.772, "58T": 0.7263333333333334, "88T": 0.705, "57T": 0.7136666666666667, "77T": 0.705, "55T": 0.7033333333333334, "6JK": 0.6736666666666666, "26K": 0.6963333333333334, "6AK": 0.6633333333333333, "69K": 0.9456666666666667, "46K": 0.7003333333333334, "6KQ": 0.642, "36K": 0.717, "66K": 0.7203333333333334, "68K": 0.726, "67K": 0.6976666666666667, "6KK": 0.791, "56K": 0.697, "26J": 0.724, "6AJ": 0.6626666666666666, "69J": 0.9396666666666667, "6JJ": 0.78, "46J": 0.7046666666666667, "6JQ": 0.6753333333333333, "36J": 0.7096666666666667, "66J": 0.7113333333333334, "68J": 0.7223333333333334, "67J": 0.7243333333333334, "56J": 0.6986666666666667, "26A": 0.7093333333333334, "269": 0.9473333333333334, "246": 0.7143333333333334, "226": 0.7643333333333333, "26Q": 0.7036666666666667, "236": 0.739, "266": 0.774, "268": 0.7636666666666667, "267": 0.7536666666666667, "256": 0.702, "69A": 0.9363333333333334, "46A": 0.6663333333333333, "6AQ": 0.652, "36A": 0.6773333333333333, "66A": 0.6916666666666667, "68A": 0.7163333333333334, "67A": 0.7043333333333334, "56A": 0.6913333333333334, "6AA": 0.7873333333333333, "469": 0.922, "69Q": 0.935, "369": 0.922, "669": 0.9886666666666667, "689": 0.8823333333333333, "679": 0.8636666666666667, "569": 0.8953333333333333, "699": 1.0, "46Q": 0.6953333333333334, "346": 0.6723333333333333, "466": 0.7136666666666667, "468": 0.7273333333333334, "467": 0.688, "456": 0.639, "446": 0.7536666666666667, "36Q": 0.704, "6QQ": 0.78, "66Q": 0.7106666666666667, "68Q": 0.7243333333333334, "67Q": 0.714, "56Q": 0.7023333333333334, "366": 0.74, "368": 0.7793333333333333, "367": 0.7223333333333334, "356": 0.6683333333333333, "336": 0.7403333333333333, "668": 0.7646666666666667, "666": 0.797, "667": 0.764, "566": 0.737, "678": 0.774, "568": 0.7413333333333333, "688": 0.7766666666666666, "567": 0.7123333333333334, "677": 0.755, "556": 0.7303333333333333, "2JK": 0.663, "AJK": 0.568, "9JK": 0.9123333333333333, "JJK": 0.661, "4JK": 0.6536666666666666, "JKQ": 0.601, "3JK": 0.6633333333333333, "8JK": 0.6703333333333333, "7JK": 0.6603333333333333, "JKK": 0.6916666666666667, "5JK": 0.6666666666666666, "2AK": 0.6433333333333333, "29K": 0.952, "24K": 0.707, "22K": 0.6763333333333333, "2KQ": 0.544, "23K": 0.7173333333333334, "28K": 0.716, "27K": 0.7136666666666667, "2KK": 0.7566666666666667, "25K": 0.7006666666666667, "9AK": 0.95, "4AK": 0.6286666666666667, "AKQ": 0.5553333333333333, "3AK": 0.6466666666666666, "8AK": 0.662, "7AK": 0.6706666666666666, "AKK": 0.6616666666666666, "5AK": 0.6493333333333333, "AAK": 0.6766666666666666, "49K": 0.9473333333333334, "9KQ": 0.9013333333333333, "39K": 0.9386666666666666, "89K": 0.9466666666666667, "79K": 0.943, "9KK": 0.968, "59K": 0.9536666666666667, "99K": 1.0, "4KQ": 0.639, "34K": 0.7033333333333334, "48K": 0.727, "47K": 0.7086666666666667, "4KK": 0.8073333333333333, "45K": 0.6936666666666667, "44K": 0.6803333333333333, "3KQ": 0.6426666666666667, "KQQ": 0.6436666666666667, "8KQ": 0.6316666666666667, "7KQ": 0.62, "KKQ": 0.6656666666666666, "5KQ": 0.662, "38K": 0.7303333333333333, "37K": 0.7293333333333333, "3KK": 0.7993333333333333, "35K": 0.688, "33K": 0.6873333333333334, "78K": 0.713, "8KK": 0.7736666666666666, "58K": 0.7186666666666667, "88K": 0.7066666666666667, "7KK": 0.7783333333333333, "57K": 0.7036666666666667, "77K": 0.6883333333333334, "KKK": 0.828, "5KK": 0.7696666666666667, "55K": 0.7206666666666667, "2AJ": 0.664, "29J": 0.9446666666666667, "2JJ": 0.76, "24J": 0.7236666666666667, "22J": 0.698, "2JQ": 0.6383333333333333, "23J": 0.7253333333333334, "28J": 0.7353333333333333, "27J": 0.748, "25J": 0.725, "9AJ": 0.9213333333333333, "AJJ": 0.6723333333333333, "4AJ": 0.6416666666666667, "AJQ": 0.5856666666666667, "3AJ": 0.643, "8AJ": 0.6663333333333333, "7AJ": 0.6566666666666666, "5AJ": 0.6606666666666666, "AAJ": 0.6546666666666666, "9JJ": 0.9686666666666667, "49J": 0.9293333333333333, "9JQ": 0.8706666666666667, "39J": 0.9266666666666666, "89J": 0.8683333333333333, "79J": 0.912, "59J": 0.9456666666666667, "99J": 0.9993333333333333, "4JJ": 0.7873333333333333, "JJQ": 0.6613333333333333, "3JJ": 0.793, "8JJ": 0.7963333333333333, "7JJ": 0.7883333333333333, "5JJ": 0.7906666666666666, "JJJ": 0.829, "4JQ": 0.675, "34J": 0.6983333333333334, "48J": 0.714, "47J": 0.7163333333333334, "45J": 0.703, "44J": 0.6863333333333334, "3JQ": 0.667, "JQQ": 0.697, "8JQ": 0.6966666666666667, "7JQ": 0.675, "5JQ": 0.6666666666666666, "38J": 0.7163333333333334, "37J": 0.7146666666666667, "35J": 0.7126666666666667, "33J": 0.7093333333333334, "78J": 0.7536666666666667, "58J": 0.723, "88J": 0.7186666666666667, "57J": 0.7153333333333334, "77J": 0.718, "55J": 0.701, "29A": 0.9496666666666667, "24A": 0.689, "22A": 0.704, "2AQ": 0.6423333333333333, "23A": 0.683, "28A": 0.7406666666666667, "27A": 0.742, "25A": 0.7256666666666667, "2AA": 0.7853333333333333, "249": 0.953, "229": 0.9866666666666667, "29Q": 0.934, "239": 0.9553333333333334, "289": 0.946, "279": 0.953, "259": 0.9613333333333334, "299": 0.9993333333333333, "224": 0.7573333333333333, "24Q": 0.6786666666666666, "234": 0.718, "248": 0.7633333333333333, "247": 0.7826666666666666, "245": 0.7186666666666667, "244": 0.728, "222": 0.7906666666666666, "22Q": 0.679, "223": 0.7613333333333333, "228": 0.7633333333333333, "227": 0.777, "225": 0.7636666666666667, "23Q": 0.6893333333333334, "2QQ": 0.7556666666666667, "28Q": 0.722, "27Q": 0.6973333333333334, "25Q": 0.705, "238": 0.7913333333333333, "237": 0.782, "235": 0.723, "233": 0.7523333333333333, "278": 0.7736666666666666, "258": 0.7753333333333333, "288": 0.788, "257": 0.7713333333333333, "277": 0.752, "255": 0.7673333333333333, "49A": 0.8413333333333334, "9AQ": 0.9326666666666666, "39A": 0.8373333333333334, "89A": 0.9243333333333333, "79A": 0.932, "59A": 0.9426666666666667, "9AA": 0.9696666666666667, "99A": 1.0, "4AQ": 0.647, "34A": 0.5746666666666667, "48A": 0.6993333333333334, "47A": 0.6943333333333334, "45A": 0.674, "4AA": 0.7646666666666667, "44A": 0.671, "3AQ": 0.638, "AQQ": 0.6733333333333333, "8AQ": 0.6586666666666666, "7AQ": 0.667, "5AQ": 0.6473333333333333, "AAQ": 0.696, "38A": 0.71,