{"AJJ": 0.4673333333333333, "5AJ": 0.389, "AJT": 0.44766666666666666, "3AJ": 0.6163333333333333, "4AJ": 0.40066666666666667, "9AJ": 0.391, "AJQ": 0.718, "2AJ": 0.419, "7AJ": 0.39366666666666666, "8AJ": 0.4036666666666667, "AJK": 0.49866666666666665, "AAJ": 0.489, "6AJ": 0.413, "5AT": 0.369, "35A": 0.5866666666666667, "45A": 0.412, "59A": 0.36766666666666664, "5AQ": 0.7573333333333333, "25A": 0.4056666666666667, "57A": 0.3893333333333333, "58A": 0.35, "5AK": 0.466, "5AA": 0.453, "56A": 0.4093333333333333, "55A": 0.459, "3AT": 0.616, "4AT": 0.4036666666666667, "9AT": 0.377, "AQT": 0.6966666666666667, "2AT": 0.4103333333333333, "7AT": 0.4126666666666667, "8AT": 0.36466666666666664, "AKT": 0.5003333333333333, "AAT": 0.4706666666666667, "6AT": 0.39166666666666666, "ATT": 0.4646666666666667, "34A": 0.606, "39A": 0.6263333333333333, "3AQ": 0.8956666666666667, "23A": 0.6606666666666666, "37A": 0.6073333333333333, "38A": 0.6093333333333333, "3AK": 0.6316666666666667, "3AA": 0.675, "36A": 0.5883333333333334, "33A": 0.9586666666666667, "49A": 0.391, "4AQ": 0.7583333333333333, "24A": 0.5606666666666666, "47A": 0.5233333333333333, "48A": 0.4, "4AK": 0.5783333333333334, "4AA": 0.483, "46A": 0.539, "44A": 0.467, "9AQ": 0.755, "29A": 0.4066666666666667, "79A": 0.37366666666666665, "89A": 0.37066666666666664, "9AK": 0.44066666666666665, "99A": 0.452, "9AA": 0.468, "69A": 0.36933333333333335, "2AQ": 0.7466666666666667, "7AQ": 0.7516666666666667, "8AQ": 0.7486666666666667, "AKQ": 0.6826666666666666, "AAQ": 0.806, "6AQ": 0.7586666666666667, "AQQ": 0.924, "27A": 0.5473333333333333, "28A": 0.3903333333333333, "2AK": 0.5783333333333334, "2AA": 0.484, "22A": 0.47433333333333333, "26A": 0.5456666666666666, "78A": 0.382, "7AK": 0.5883333333333334, "77A": 0.476, "7AA": 0.48433333333333334, "67A": 0.5106666666666667, "88A": 0.49133333333333334, "8AK": 0.4683333333333333, "8AA": 0.45066666666666666, "68A": 0.38533333333333336, "AAK": 0.577, "6AK": 0.5786666666666667, "AKK": 0.5593333333333333, "6AA": 0.489, "AAA": 0.565, "66A": 0.4643333333333333, "5JJ": 0.4103333333333333, "JJT": 0.436, "3JJ": 0.6786666666666666, "4JJ": 0.4116666666666667, "JJJ": 0.49266666666666664, "9JJ": 0.4256666666666667, "JJQ": 0.7466666666666667, "2JJ": 0.4043333333333333, "7JJ": 0.42, "8JJ": 0.41, "JJK": 0.49033333333333334, "6JJ": 0.413, "5JT": 0.33166666666666667, "35J": 0.5983333333333334, "45J": 0.3273333333333333, "59J": 0.3596666666666667, "5JQ": 0.7923333333333333, "25J": 0.3396666666666667, "57J": 0.31233333333333335, "58J": 0.31733333333333336, "5JK": 0.37466666666666665, "56J": 0.33066666666666666, "55J": 0.3993333333333333, "3JT": 0.619, "4JT": 0.336, "9JT": 0.471, "JQT": 0.6856666666666666, "2JT": 0.354, "7JT": 0.31766666666666665, "8JT": 0.39566666666666667, "JKT": 0.5143333333333333, "6JT": 0.3406666666666667, "JTT": 0.44533333333333336, "34J": 0.5916666666666667, "39J": 0.7073333333333334, "3JQ": 0.8856666666666667, "23J": 0.6803333333333333, "37J": 0.5993333333333334, "38J": 0.6196666666666667, "3JK": 0.616, "36J": 0.6016666666666667, "33J": 0.945, "49J": 0.355, "4JQ": 0.7913333333333333, "24J": 0.35733333333333334, "47J": 0.3526666666666667, "48J": 0.32366666666666666, "4JK": 0.405, "46J": 0.3576666666666667, "44J": 0.396, "9JQ": 0.7323333333333333, "29J": 0.35833333333333334, "79J": 0.351, "89J": 0.401, "9JK": 0.462, "99J": 0.4116666666666667, "69J": 0.36133333333333334, "2JQ": 0.7876666666666666, "7JQ": 0.7976666666666666, "8JQ": 0.7466666666666667, "JKQ": 0.685, "6JQ": 0.7813333333333333, "JQQ": 0.923, "27J": 0.3333333333333333, "28J": 0.332, "2JK": 0.40066666666666667, "22J": 0.3883333333333333, "26J": 0.35033333333333333, "78J": 0.305, "7JK": 0.39666666666666667, "77J": 0.4166666666666667, "67J": 0.343, "88J": 0.41133333333333333, "8JK": 0.39366666666666666, "68J": 0.31433333333333335, "6JK": 0.419, "JKK": 0.49466666666666664, "66J": 0.432, "35T": 0.567, "45T": 0.31166666666666665, "59T": 0.31766666666666665, "5QT": 0.7626666666666667, "25T": 0.331, "57T": 0.31566666666666665, "58T": 0.26566666666666666, "5KT": 0.363, "56T": 0.3243333333333333, "5TT": 0.3903333333333333, "55T": 0.385, "345": 0.5276666666666666, "359": 0.5913333333333334, "35Q": 0.903, "235": 0.621, "357": 0.5556666666666666, "358": 0.5473333333333333, "35K": 0.5783333333333334, "356": 0.5313333333333333, "355": 0.667, "335": 0.9096666666666666, "459": 0.3496666666666667, "45Q": 0.8023333333333333, "245": 0.41933333333333334, "457": 0.383, "458": 0.2956666666666667, "45K": 0.4036666666666667, "456": 0.45166666666666666, "445": 0.38966666666666666, "455": 0.39766666666666667, "59Q": 0.8023333333333333, "259": 0.348, "579": 0.2936666666666667, "589": 0.31266666666666665, "59K": 0.37, "599": 0.37233333333333335, "569": 0.30266666666666664, "559": 0.406, "25Q": 0.8026666666666666, "57Q": 0.7923333333333333, "58Q": 0.757, "5KQ": 0.7436666666666667, "56Q": 0.781, "55Q": 0.765, "5QQ": 0.9493333333333334, "257": 0.365, "258": 0.31733333333333336, "25K": 0.415, "225": 0.39766666666666667, "256": 0.4083333333333333, "255": 0.4093333333333333, "578": 0.26366666666666666, "57K": 0.4043333333333333, "577": 0.3993333333333333, "567": 0.36766666666666664, "557": 0.394, "588": 0.3586666666666667, "58K": 0.361, "568": 0.2916666666666667, "558": 0.39866666666666667, "56K": 0.3913333333333333, "5KK": 0.4713333333333333, "55K": 0.45866666666666667, "566": 0.4103333333333333, "556": 0.37833333333333335, "555": 0.48633333333333334, "34T": 0.5903333333333334, "39T": 0.6106666666666667, "3QT": 0.8976666666666666, "23T": 0.6556666666666666, "37T": 0.578, "38T": 0.5583333333333333, "3KT": 0.61, "36T": 0.5833333333333334, "3TT": 0.6616666666666666, "33T": 0.931, "49T": 0.349, "4QT": 0.7866666666666666, "24T": 0.362, "47T": 0.334, "48T": 0.31766666666666665, "4KT": 0.4126666666666667, "46T": 0.3373333333333333, "44T": 0.38233333333333336, "4TT": 0.422, "9QT": 0.7033333333333334, "29T": 0.3273333333333333, "79T": 0.2846666666666667, "89T": 0.35833333333333334, "9KT": 0.437, "99T": 0.3943333333333333, "69T": 0.33666666666666667, "9TT": 0.45666666666666667, "2QT": 0.7776666666666666, "7QT": 0.7763333333333333, "8QT": 0.7236666666666667, "KQT": 0.6653333333333333, "6QT": 0.7656666666666667, "QTT": 0.773, "QQT": 0.92, "27T": 0.3353333333333333, "28T": 0.321, "2KT": 0.41, "22T": 0.3893333333333333, "26T": 0.36, "2TT": 0.4036666666666667, "78T": 0.269, "7KT": 0.4063333333333333, "77T": 0.37966666666666665, "67T": 0.31833333333333336, "7TT": 0.3993333333333333, "88T": 0.38266666666666665, "8KT": 0.3616666666666667, "68T": 0.2916666666666667, "8TT": 0.388, "6KT": 0.412, "KKT": 0.481, "KTT": 0.489, "6TT": 0.384, "66T": 0.38533333333333336, "TTT": 0.49933333333333335, "349": 0.6123333333333333, "34Q": 0.9083333333333333, "234": 0.6203333333333333, "347": 0.575, "348": 0.593, "34K": 0.602, "346": 0.5296666666666666, "344": 0.6413333333333333, "334": 0.9303333333333333, "39Q": 0.903, "239": 0.6706666666666666, "379": 0.5846666666666667, "389": 0.5856666666666667, "39K": 0.634, "399": 0.6553333333333333, "369": 0.5793333333333334, "339": 0.9383333333333334, "23Q": 0.9313333333333333, "37Q": 0.9143333333333333, "38Q": 0.908, "3KQ": 0.8906666666666667, "36Q": 0.902, "33Q": 0.987, "3QQ": 0.986, "237": 0.6603333333333333, "238": 0.6516666666666666, "23K": 0.6783333333333333, "223": 0.6753333333333333, "236": 0.6146666666666667, "233": 0.9653333333333334, "378": 0.5743333333333334, "37K": 0.6256666666666667, "377": 0.658, "367": 0.5563333333333333, "337": 0.9403333333333334, "388": 0.6663333333333333, "38K": 0.6136666666666667, "368": 0.595, "338": 0.939, "36K": 0.5946666666666667, "3KK": 0.677, "33K": 0.9626666666666667, "366": 0.6436666666666667, "336": 0.9253333333333333, "333": 1.0, "49Q": 0.8026666666666666, "249": 0.352, "479": 0.335, "489": 0.32266666666666666, "49K": 0.4026666666666667, "499": 0.39066666666666666, "469": 0.3516666666666667, "449": 0.4136666666666667, "24Q": 0.805, "47Q": 0.788, "48Q": 0.7853333333333333, "4KQ": 0.7666666666666667,