{"3AT": 0.31933333333333336, "3QT": 0.31333333333333335, "35T": 0.27666666666666667, "3TT": 0.30366666666666664, "37T": 0.246, "39T": 0.283, "3KT": 0.2826666666666667, "23T": 0.5543333333333333, "33T": 0.31766666666666665, "3JT": 0.723, "36T": 0.252, "34T": 0.25833333333333336, "38T": 0.281, "AQT": 0.44, "5AT": 0.31133333333333335, "ATT": 0.39566666666666667, "7AT": 0.31933333333333336, "9AT": 0.31366666666666665, "AKT": 0.41233333333333333, "AAT": 0.384, "2AT": 0.5783333333333334, "AJT": 0.679, "6AT": 0.29833333333333334, "4AT": 0.312, "8AT": 0.3353333333333333, "5QT": 0.32966666666666666, "QTT": 0.396, "7QT": 0.32766666666666666, "9QT": 0.45966666666666667, "KQT": 0.48233333333333334, "2QT": 0.5796666666666667, "JQT": 0.6136666666666667, "QQT": 0.406, "6QT": 0.317, "4QT": 0.328, "8QT": 0.39966666666666667, "5TT": 0.36633333333333334, "57T": 0.2683333333333333, "55T": 0.33166666666666667, "59T": 0.2936666666666667, "5KT": 0.30666666666666664, "25T": 0.5823333333333334, "5JT": 0.757, "56T": 0.27166666666666667, "45T": 0.266, "58T": 0.309, "7TT": 0.32866666666666666, "9TT": 0.34833333333333333, "TTT": 0.4246666666666667, "KTT": 0.361, "2TT": 0.631, "JTT": 0.738, "6TT": 0.30833333333333335, "4TT": 0.3536666666666667, "8TT": 0.349, "77T": 0.3373333333333333, "79T": 0.35033333333333333, "7KT": 0.31933333333333336, "27T": 0.57, "7JT": 0.7096666666666667, "67T": 0.23266666666666666, "47T": 0.26266666666666666, "78T": 0.34833333333333333, "9KT": 0.372, "29T": 0.5806666666666667, "9JT": 0.6483333333333333, "69T": 0.24933333333333332, "49T": 0.29033333333333333, "89T": 0.419, "99T": 0.3283333333333333, "2KT": 0.5806666666666667, "JKT": 0.6226666666666667, "KKT": 0.38533333333333336, "6KT": 0.30666666666666664, "4KT": 0.31133333333333335, "8KT": 0.30866666666666664, "2JT": 0.8833333333333333, "26T": 0.5633333333333334, "22T": 0.961, "24T": 0.5753333333333334, "28T": 0.5916666666666667, "6JT": 0.7563333333333333, "4JT": 0.7506666666666667, "JJT": 0.8796666666666667, "8JT": 0.682, "46T": 0.263, "68T": 0.265, "66T": 0.32, "48T": 0.274, "44T": 0.33866666666666667, "88T": 0.33666666666666667, "3AQ": 0.36966666666666664, "35A": 0.33, "37A": 0.2936666666666667, "39A": 0.306, "3AK": 0.3486666666666667, "3AA": 0.385, "23A": 0.5903333333333334, "33A": 0.3596666666666667, "3AJ": 0.7236666666666667, "36A": 0.288, "34A": 0.31266666666666665, "38A": 0.31233333333333335, "35Q": 0.3006666666666667, "37Q": 0.31433333333333335, "39Q": 0.329, "3KQ": 0.36333333333333334, "23Q": 0.5766666666666667, "33Q": 0.38566666666666666, "3JQ": 0.7116666666666667, "3QQ": 0.37366666666666665, "36Q": 0.31333333333333335, "34Q": 0.3446666666666667, "38Q": 0.31333333333333335, "357": 0.243, "355": 0.334, "359": 0.269, "35K": 0.29, "235": 0.55, "335": 0.34, "35J": 0.765, "356": 0.3303333333333333, "345": 0.327, "358": 0.2843333333333333, "377": 0.30466666666666664, "379": 0.25466666666666665, "37K": 0.286, "237": 0.5686666666666667, "337": 0.3303333333333333, "37J": 0.777, "367": 0.239, "347": 0.24433333333333335, "378": 0.2633333333333333, "39K": 0.30766666666666664, "239": 0.576, "339": 0.335, "39J": 0.7716666666666666, "369": 0.25466666666666665, "349": 0.274, "389": 0.278, "399": 0.3253333333333333, "23K": 0.555, "33K": 0.3586666666666667, "3JK": 0.693, "3KK": 0.37866666666666665, "36K": 0.30666666666666664, "34K": 0.30966666666666665, "38K": 0.29833333333333334, "233": 0.64, "23J": 0.911, "236": 0.5393333333333333, "223": 0.9386666666666666, "234": 0.5323333333333333, "238": 0.5803333333333334, "33J": 0.7643333333333333, "336": 0.3473333333333333, "334": 0.34, "333": 0.41333333333333333, "338": 0.3526666666666667, "36J": 0.7786666666666666, "34J": 0.7666666666666667, "3JJ": 0.9313333333333333, "38J": 0.7713333333333333, "346": 0.31466666666666665, "368": 0.27366666666666667, "366": 0.31666666666666665, "348": 0.269, "344": 0.3313333333333333, "388": 0.336, "5AQ": 0.38066666666666665, "7AQ": 0.36, "9AQ": 0.3556666666666667, "AKQ": 0.48533333333333334, "AAQ": 0.4573333333333333, "2AQ": 0.593, "AJQ": 0.645, "AQQ": 0.44433333333333336, "6AQ": 0.33566666666666667, "4AQ": 0.384, "8AQ": 0.379, "57A": 0.2853333333333333, "55A": 0.36633333333333334, "59A": 0.29433333333333334, "5AK": 0.364, "5AA": 0.39166666666666666, "25A": 0.589, "5AJ": 0.739, "56A": 0.29, "45A": 0.30566666666666664, "58A": 0.31733333333333336, "77A": 0.357, "79A": 0.27266666666666667, "7AK": 0.36333333333333334, "7AA": 0.38, "27A": 0.5836666666666667, "7AJ": 0.694, "67A": 0.24466666666666667, "47A": 0.289, "78A": 0.282, "9AK": 0.3556666666666667, "9AA": 0.3923333333333333, "29A": 0.563, "9AJ": 0.6926666666666667, "69A": 0.25466666666666665, "49A": 0.30266666666666664, "89A": 0.31466666666666665, "99A": 0.36533333333333334, "AAK": 0.44066666666666665, "2AK": 0.5976666666666667, "AJK": 0.6606666666666666, "AKK": 0.4643333333333333, "6AK": 0.3343333333333333, "4AK": 0.37, "8AK": 0.36466666666666664, "2AA": 0.6566666666666666, "AAJ": 0.7716666666666666, "6AA": 0.38166666666666665, "4AA": 0.39566666666666667, "8AA": 0.4063333333333333, "AAA": 0.477, "2AJ": 0.8906666666666667, "26A": 0.5586666666666666, "22A": 0.9273333333333333, "24A": 0.588, "28A": 0.62, "6AJ": 0.7096666666666667, "4AJ": 0.7286666666666667, "AJJ": 0.9223333333333333, "8AJ": 0.7106666666666667, "46A": 0.294, "68A": 0.276, "66A": 0.36633333333333334, "48A": 0.32066666666666666, "44A": 0.36433333333333334, "88A": 0.37666666666666665, "57Q": 0.29833333333333334, "55Q": 0.37533333333333335, "59Q": 0.3323333333333333, "5KQ": 0.38233333333333336, "25Q": 0.585, "5JQ": 0.7073333333333334, "5QQ": 0.4013333333333333, "56Q": 0.2846666666666667, "45Q": 0.3423333333333333, "58Q": 0.33, "77Q": 0.388, "79Q": 0.31766666666666665, "7KQ": 0.37966666666666665, "27Q": 0.5903333333333334, "7JQ": 0.6856666666666666, "7QQ": 0.4106666666666667, "67Q": 0.274, "47Q": 0.319, "78Q": 0.30666666666666664, "9KQ": 0.42633333333333334, "29Q": 0.5956666666666667, "9JQ": 0.6613333333333333, "9QQ": 0.3953333333333333, "69Q": 0.297, "49Q": 0.35033333333333333, "89Q": 0.4053333333333333, "99Q": 0.4063333333333333, "2KQ": 0.6003333333333334, "JKQ": 0.6176666666666667, "KQQ": 0.446, "KKQ": 0.475, "6KQ": 0.36733333333333335, "4KQ": 0.397, "8KQ": 0.373, "2JQ": 0.8563333333333333, "2QQ": 0.6373333333333333, "26Q": 0.574, "22Q": 0.949, "24Q": 0.5893333333333334, "28Q": 0.603, "JQQ": 0.7606666666666667, "6JQ": 0.7273333333333334, "4JQ": 0.7493333333333333, "JJQ": 0.895, "8JQ": 0.6933333333333334, "6QQ": 0.4053333333333333, "4QQ": 0.4206666666666667, "8QQ": 0.4103333333333333, "QQQ": 0.49966666666666665, "46Q": 0.3333333333333333, "68Q": 0.2996666666666667, "66Q": 0.38233333333333336, "48Q": 0.333, "44Q": 0.38366666666666666, "88Q": 0.4036666666666667, "557": 0.29633333333333334, "577": 0.31266666666666665, "579": 0.24933333333333332, "57K": 0.305, "257": 0.5693333333333334, "57J": 0.7316666666666667, "567": 0.20866666666666667, "457": 0.24, "578": 0.276, "559": 0.30966666666666665, "55K": 0.366, "255": 0.613, "55J": 0.7563333333333333, "555": 0.4, "556": 0.31666666666666665, "455": 0.33866666666666667, "558": 0.33866666666666667, "59K": 0.313, "259": 0.577, "59J": 0.749, "569": 0.232, "459": 0.27, "589": 0.28933333333333333, "599": 0.32566666666666666, "25K": 0.586, "5JK": 0.721, "5KK": 0.38233333333333336, "56K": 0.302, "45K": 0.30966666666666665, "58K": 0.31366666666666665, "25J": 0.895, "256": 0.539, "225": 0.9333333333333333, "245": 0.554, "258": 0.6643333333333333, "56J": 0.744, "45J": 0.7743333333333333, "5JJ": 0.9366666666666666, "58J": 0.7316666666666667, "456": 0.30733333333333335, "568": 0.26666666666666666, "566": 0.348, "458": 0.282, "445": 0.33366666666666667, "588": 0.33866666666666667, "779": 0.3263333333333333, "777": 0.39266666666666666, "77K": 0.36766666666666664, "277": 0.6163333333333333, "77J": 0.738, "677": 0.305, "477": 0.339, "778": 0.31566666666666665, "79K": 0.2806666666666667, "279": 0.5563333333333333, "79J": 0.6836666666666666, "679": 0.206, "479": 0.24566666666666667, "789": 0.331,