{"9KT": 0.506, "KKT": 0.5283333333333333, "6KT": 0.47833333333333333, "JKT": 0.56, "7KT": 0.4156666666666667, "3KT": 0.4593333333333333, "KTT": 0.522, "4KT": 0.41833333333333333, "2KT": 0.451, "8KT": 0.657, "5KT": 0.44733333333333336, "AKT": 0.5546666666666666, "KQT": 0.696, "9KK": 0.5443333333333333, "69K": 0.4613333333333333, "9JK": 0.49033333333333334, "79K": 0.428, "39K": 0.4646666666666667, "49K": 0.436, "29K": 0.44733333333333336, "89K": 0.6746666666666666, "99K": 0.531, "59K": 0.439, "9AK": 0.48233333333333334, "9KQ": 0.7456666666666667, "6KK": 0.53, "JKK": 0.5236666666666666, "7KK": 0.498, "3KK": 0.5343333333333333, "4KK": 0.498, "2KK": 0.5223333333333333, "8KK": 0.7836666666666666, "5KK": 0.5196666666666667, "AKK": 0.6196666666666667, "KKQ": 0.8006666666666666, "KKK": 0.6146666666666667, "6JK": 0.45566666666666666, "67K": 0.44733333333333336, "36K": 0.5686666666666667, "46K": 0.4483333333333333, "26K": 0.44433333333333336, "68K": 0.709, "66K": 0.504, "56K": 0.4553333333333333, "6AK": 0.496, "6KQ": 0.7783333333333333, "JJK": 0.528, "7JK": 0.43833333333333335, "3JK": 0.44966666666666666, "4JK": 0.442, "2JK": 0.42433333333333334, "8JK": 0.7123333333333334, "5JK": 0.4266666666666667, "AJK": 0.557, "JKQ": 0.7096666666666667, "37K": 0.45, "47K": 0.4156666666666667, "27K": 0.42933333333333334, "78K": 0.6946666666666667, "77K": 0.5223333333333333, "57K": 0.42733333333333334, "7AK": 0.473, "7KQ": 0.75, "34K": 0.44133333333333336, "23K": 0.45666666666666667, "38K": 0.7703333333333333, "35K": 0.43766666666666665, "33K": 0.5076666666666667, "3AK": 0.5253333333333333, "3KQ": 0.7826666666666666, "24K": 0.43533333333333335, "48K": 0.7073333333333334, "45K": 0.416, "4AK": 0.4593333333333333, "4KQ": 0.7466666666666667, "44K": 0.5123333333333333, "28K": 0.7523333333333333, "25K": 0.408, "2AK": 0.491, "2KQ": 0.7606666666666667, "22K": 0.502, "88K": 0.947, "58K": 0.7336666666666667, "8AK": 0.7083333333333334, "8KQ": 0.8816666666666667, "5AK": 0.49766666666666665, "5KQ": 0.772, "55K": 0.5073333333333333, "AKQ": 0.7076666666666667, "AAK": 0.5956666666666667, "KQQ": 0.941, "69T": 0.5643333333333334, "9JT": 0.929, "79T": 0.521, "39T": 0.49333333333333335, "9TT": 0.5483333333333333, "49T": 0.476, "29T": 0.4826666666666667, "89T": 0.616, "99T": 0.5426666666666666, "59T": 0.479, "9AT": 0.5383333333333333, "9QT": 0.773, "6JT": 0.4816666666666667, "67T": 0.44733333333333336, "36T": 0.4156666666666667, "6TT": 0.484, "46T": 0.38966666666666666, "26T": 0.38233333333333336, "68T": 0.6566666666666666, "66T": 0.454, "56T": 0.38533333333333336, "6AT": 0.45466666666666666, "6QT": 0.783, "JJT": 0.5403333333333333, "7JT": 0.455, "3JT": 0.48733333333333334, "JTT": 0.5533333333333333, "4JT": 0.4523333333333333, "2JT": 0.4683333333333333, "8JT": 0.6763333333333333, "5JT": 0.47833333333333333, "AJT": 0.5806666666666667, "JQT": 0.7206666666666667, "37T": 0.3636666666666667, "7TT": 0.45366666666666666, "47T": 0.31866666666666665, "27T": 0.37533333333333335, "78T": 0.555, "77T": 0.448, "57T": 0.3933333333333333, "7AT": 0.423, "7QT": 0.6916666666666667, "3TT": 0.4643333333333333, "34T": 0.37, "23T": 0.372, "38T": 0.7026666666666667, "35T": 0.38533333333333336, "33T": 0.436, "3AT": 0.44333333333333336, "3QT": 0.7806666666666666, "4TT": 0.4613333333333333, "TTT": 0.557, "2TT": 0.473, "8TT": 0.743, "5TT": 0.474, "ATT": 0.5343333333333333, "QTT": 0.759, "24T": 0.36733333333333335, "48T": 0.6023333333333334, "45T": 0.369, "4AT": 0.41733333333333333, "4QT": 0.6926666666666667, "44T": 0.452, "28T": 0.7046666666666667, "25T": 0.37233333333333335, "2AT": 0.44666666666666666, "2QT": 0.789, "22T": 0.42966666666666664, "88T": 0.9143333333333333, "58T": 0.6973333333333334, "8AT": 0.6753333333333333, "8QT": 0.737, "5AT": 0.42933333333333334, "5QT": 0.7866666666666666, "55T": 0.44366666666666665, "AQT": 0.7133333333333334, "AAT": 0.5056666666666667, "QQT": 0.9236666666666666, "69J": 0.49533333333333335, "679": 0.5513333333333333, "369": 0.426, "469": 0.4033333333333333, "269": 0.392, "689": 0.6596666666666666, "669": 0.49466666666666664, "699": 0.48833333333333334, "569": 0.45766666666666667, "69A": 0.48033333333333333, "69Q": 0.819, "9JJ": 0.5426666666666666, "79J": 0.478, "39J": 0.481, "49J": 0.462, "29J": 0.476, "89J": 0.6806666666666666, "99J": 0.5326666666666666, "59J": 0.4706666666666667, "9AJ": 0.536, "9JQ": 0.7826666666666666, "379": 0.40066666666666667, "479": 0.382, "279": 0.4, "789": 0.5946666666666667, "779": 0.45666666666666667, "799": 0.49233333333333335, "579": 0.46266666666666667, "79A": 0.4523333333333333, "79Q": 0.7873333333333333, "349": 0.3973333333333333, "239": 0.37, "389": 0.7013333333333334, "399": 0.472, "359": 0.39766666666666667, "339": 0.46066666666666667, "39A": 0.4613333333333333, "39Q": 0.8313333333333334, "249": 0.39566666666666667, "489": 0.6953333333333334, "499": 0.474, "459": 0.37833333333333335, "49A": 0.449, "49Q": 0.8063333333333333, "449": 0.4593333333333333, "289": 0.7126666666666667, "299": 0.471, "259": 0.384, "29A": 0.45766666666666667, "29Q": 0.8376666666666667, "229": 0.45766666666666667, "889": 0.9263333333333333, "899": 0.7486666666666667, "589": 0.6936666666666667, "89A": 0.661, "89Q": 0.8436666666666667, "599": 0.461, "99A": 0.535, "99Q": 0.8133333333333334, "999": 0.5473333333333333, "59A": 0.452, "59Q": 0.8273333333333334, "559": 0.4663333333333333, "9AQ": 0.7883333333333333, "9AA": 0.541, "9QQ": 0.953, "6JJ": 0.4876666666666667, "67J": 0.39666666666666667, "36J": 0.4116666666666667, "46J": 0.37466666666666665, "26J": 0.383, "68J": 0.732, "66J": 0.448, "56J": 0.36533333333333334, "6AJ": 0.44633333333333336, "6JQ": 0.8266666666666667, "367": 0.4083333333333333, "467": 0.432, "267": 0.3953333333333333, "678": 0.64, "677": 0.4656666666666667, "667": 0.44966666666666666, "567": 0.523, "67A": 0.43833333333333335, "67Q": 0.7976666666666666, "346": 0.347, "236": 0.375, "368": 0.7516666666666667, "366": 0.44733333333333336, "356": 0.3576666666666667, "336": 0.451, "36A": 0.43633333333333335, "36Q": 0.8066666666666666, "246": 0.352, "468": 0.6983333333333334, "466": 0.46, "456": 0.41133333333333333, "46A": 0.418, "46Q": 0.784, "446": 0.427, "268": 0.762, "266": 0.436, "256": 0.35633333333333334, "26A": 0.43666666666666665, "26Q": 0.828, "226": 0.43733333333333335, "668": 0.7406666666666667, "688": 0.929, "568": 0.6723333333333333, "68A": 0.7313333333333333, "68Q": 0.8606666666666667, "566": 0.43266666666666664, "66A": 0.49866666666666665, "66Q": 0.8153333333333334, "666": 0.5233333333333333, "56A": 0.41133333333333333, "56Q": 0.8096666666666666, "556": 0.4676666666666667, "6AQ": 0.7833333333333333, "6AA": 0.525, "6QQ": 0.9576666666666667, "7JJ": 0.47733333333333333, "3JJ": 0.4836666666666667, "4JJ": 0.4666666666666667, "2JJ": 0.446, "8JJ": 0.7633333333333333, "5JJ": 0.446, "AJJ": 0.5306666666666666, "JJQ": 0.8146666666666667, "JJJ": 0.5536666666666666, "37J": 0.4, "47J": 0.37333333333333335, "27J": 0.36666666666666664, "78J": 0.6623333333333333, "77J": 0.4503333333333333, "57J": 0.38966666666666666, "7AJ": 0.445, "7JQ": 0.7843333333333333, "34J": 0.38033333333333336, "23J": 0.38966666666666666, "38J": 0.7423333333333333, "35J": 0.36333333333333334, "33J": 0.42033333333333334, "3AJ": 0.43633333333333335, "3JQ": 0.828, "24J": 0.386, "48J": 0.7083333333333334, "45J": 0.37033333333333335, "4AJ": 0.45166666666666666, "4JQ": 0.782, "44J": 0.439, "28J": 0.7326666666666667, "25J": 0.319, "2AJ": 0.43533333333333335, "2JQ": 0.783, "22J": 0.45566666666666666, "88J": 0.95, "58J": 0.6963333333333334, "8AJ": 0.688, "8JQ": 0.841, "5AJ": 0.4226666666666667, "5JQ": 0.793, "55J": 0.438, "AJQ": 0.757, "AAJ": 0.5436666666666666, "JQQ": 0.9136666666666666, "347": 0.3463333333333333, "237": 0.362, "378": 0.7353333333333333, "377": 0.43933333333333335, "357": 0.36233333333333334, "337": 0.433, "37A": 0.439, "37Q": 0.7993333333333333, "247": 0.36233333333333334, "478": 0.6073333333333333, "477": 0.424, "457": 0.426, "47A": 0.4206666666666667, "47Q": 0.6913333333333334,