{"AJQ": 0.17166666666666666, "8JQ": 0.161, "6JQ": 0.5966666666666667, "9JQ": 0.16933333333333334, "7JQ": 0.187, "JQT": 0.16133333333333333, "5JQ": 0.18333333333333332, "3JQ": 0.553, "JQQ": 0.20433333333333334, "JJQ": 0.19833333333333333, "4JQ": 0.19633333333333333, "2JQ": 0.18266666666666667, "JKQ": 0.15233333333333332, "8AJ": 0.179, "6AJ": 0.6056666666666667, "9AJ": 0.17966666666666667, "7AJ": 0.19033333333333333, "AJT": 0.186, "5AJ": 0.19166666666666668, "3AJ": 0.5553333333333333, "AJJ": 0.19566666666666666, "4AJ": 0.18666666666666668, "2AJ": 0.182, "AJK": 0.164, "AAJ": 0.21766666666666667, "68J": 0.5533333333333333, "88J": 0.19033333333333333, "89J": 0.18633333333333332, "78J": 0.19533333333333333, "8JT": 0.16766666666666666, "58J": 0.19133333333333333, "38J": 0.5746666666666667, "8JJ": 0.201, "48J": 0.173, "28J": 0.18933333333333333, "8JK": 0.17366666666666666, "69J": 0.573, "67J": 0.5913333333333334, "6JT": 0.5716666666666667, "56J": 0.635, "36J": 0.8693333333333333, "6JJ": 0.6563333333333333, "46J": 0.644, "66J": 0.913, "26J": 0.6373333333333333, "6JK": 0.5876666666666667, "79J": 0.19066666666666668, "9JT": 0.17366666666666666, "59J": 0.17933333333333334, "39J": 0.568, "9JJ": 0.20033333333333334, "49J": 0.17866666666666667, "29J": 0.16433333333333333, "99J": 0.20033333333333334, "9JK": 0.16833333333333333, "7JT": 0.21633333333333332, "57J": 0.30633333333333335, "37J": 0.5586666666666666, "7JJ": 0.23433333333333334, "47J": 0.2976666666666667, "77J": 0.203, "27J": 0.18266666666666667, "7JK": 0.20466666666666666, "5JT": 0.18933333333333333, "3JT": 0.5483333333333333, "JTT": 0.184, "JJT": 0.18833333333333332, "4JT": 0.197, "2JT": 0.18733333333333332, "JKT": 0.17566666666666667, "35J": 0.563, "55J": 0.21566666666666667, "5JJ": 0.21966666666666668, "45J": 0.3963333333333333, "25J": 0.3, "5JK": 0.19233333333333333, "3JJ": 0.6226666666666667, "34J": 0.5573333333333333, "33J": 0.9403333333333334, "23J": 0.6403333333333333, "3JK": 0.574, "4JJ": 0.22666666666666666, "JJJ": 0.23333333333333334, "2JJ": 0.21966666666666668, "JJK": 0.209, "44J": 0.21466666666666667, "24J": 0.284, "4JK": 0.18666666666666668, "2JK": 0.17666666666666667, "22J": 0.18166666666666667, "JKK": 0.19466666666666665, "8AQ": 0.13766666666666666, "6AQ": 0.5666666666666667, "9AQ": 0.153, "7AQ": 0.189, "AQT": 0.17666666666666667, "5AQ": 0.14033333333333334, "3AQ": 0.558, "AQQ": 0.19366666666666665, "4AQ": 0.158, "2AQ": 0.148, "AKQ": 0.13233333333333333, "AAQ": 0.18233333333333332, "68Q": 0.5346666666666666, "88Q": 0.18933333333333333, "89Q": 0.154, "78Q": 0.21233333333333335, "8QT": 0.16466666666666666, "58Q": 0.16033333333333333, "38Q": 0.5633333333333334, "8QQ": 0.20333333333333334, "48Q": 0.14466666666666667, "28Q": 0.142, "8KQ": 0.14766666666666667, "69Q": 0.5636666666666666, "67Q": 0.5703333333333334, "6QT": 0.5653333333333334, "56Q": 0.6213333333333333, "36Q": 0.8623333333333333, "6QQ": 0.6503333333333333, "46Q": 0.6243333333333333, "66Q": 0.929, "26Q": 0.6383333333333333, "6KQ": 0.5616666666666666, "79Q": 0.20633333333333334, "9QT": 0.16933333333333334, "59Q": 0.15333333333333332, "39Q": 0.5543333333333333, "9QQ": 0.18933333333333333, "49Q": 0.14533333333333334, "29Q": 0.15233333333333332, "99Q": 0.20733333333333334, "9KQ": 0.12333333333333334, "7QT": 0.216, "57Q": 0.30333333333333334, "37Q": 0.584, "7QQ": 0.238, "47Q": 0.2956666666666667, "77Q": 0.218, "27Q": 0.18133333333333335, "7KQ": 0.19066666666666668, "5QT": 0.185, "3QT": 0.572, "QQT": 0.21933333333333332, "QTT": 0.21966666666666668, "4QT": 0.17533333333333334, "2QT": 0.17266666666666666, "KQT": 0.164, "35Q": 0.5666666666666667, "5QQ": 0.22333333333333333, "55Q": 0.202, "45Q": 0.33866666666666667, "25Q": 0.23566666666666666, "5KQ": 0.154, "3QQ": 0.618, "34Q": 0.5483333333333333, "33Q": 0.916, "23Q": 0.5956666666666667, "3KQ": 0.5453333333333333, "4QQ": 0.19733333333333333, "2QQ": 0.21633333333333332, "KQQ": 0.18433333333333332, "QQQ": 0.22766666666666666, "44Q": 0.20566666666666666, "24Q": 0.23766666666666666, "4KQ": 0.151, "2KQ": 0.134, "22Q": 0.19, "KKQ": 0.20166666666666666, "68A": 0.544, "88A": 0.19633333333333333, "89A": 0.15333333333333332, "78A": 0.191, "8AT": 0.18233333333333332, "58A": 0.16666666666666666, "38A": 0.5533333333333333, "48A": 0.14933333333333335, "28A": 0.13566666666666666, "8AK": 0.14566666666666667, "8AA": 0.19666666666666666, "69A": 0.559, "67A": 0.5803333333333334, "6AT": 0.5976666666666667, "56A": 0.6036666666666667, "36A": 0.862, "46A": 0.618, "66A": 0.9313333333333333, "26A": 0.631, "6AK": 0.5846666666666667, "6AA": 0.639, "79A": 0.19533333333333333, "9AT": 0.17433333333333334, "59A": 0.16133333333333333, "39A": 0.5633333333333334, "49A": 0.145, "29A": 0.14966666666666667, "99A": 0.18766666666666668, "9AK": 0.142, "9AA": 0.19633333333333333, "7AT": 0.231, "57A": 0.30466666666666664, "37A": 0.5936666666666667, "47A": 0.2846666666666667, "77A": 0.21266666666666667, "27A": 0.17233333333333334, "7AK": 0.18266666666666667, "7AA": 0.226, "5AT": 0.193, "3AT": 0.5706666666666667, "ATT": 0.201, "4AT": 0.18933333333333333, "2AT": 0.18633333333333332, "AKT": 0.17333333333333334, "AAT": 0.21166666666666667, "35A": 0.559, "55A": 0.19433333333333333, "45A": 0.3393333333333333, "25A": 0.24766666666666667, "5AK": 0.155, "5AA": 0.20433333333333334, "34A": 0.5636666666666666, "33A": 0.917, "23A": 0.5973333333333334, "3AK": 0.5616666666666666, "3AA": 0.609, "44A": 0.188, "24A": 0.24266666666666667, "4AK": 0.16466666666666666, "4AA": 0.20433333333333334, "2AK": 0.14566666666666667, "2AA": 0.21, "22A": 0.17533333333333334, "AAK": 0.201, "AKK": 0.19933333333333333, "AAA": 0.24433333333333335, "688": 0.6156666666666667, "689": 0.4786666666666667, "678": 0.4826666666666667, "68T": 0.5376666666666666, "568": 0.5426666666666666, "368": 0.8453333333333334, "468": 0.5656666666666667, "668": 0.898, "268": 0.6166666666666667, "68K": 0.5583333333333333, "889": 0.20566666666666666, "788": 0.20033333333333334, "88T": 0.20633333333333334, "588": 0.21733333333333332, "388": 0.6103333333333333, "488": 0.21533333333333332, "288": 0.19966666666666666, "88K": 0.18566666666666667, "888": 0.23166666666666666, "789": 0.323, "89T": 0.219, "589": 0.218, "389": 0.546, "489": 0.15266666666666667, "289": 0.16233333333333333, "899": 0.20933333333333334, "89K": 0.15466666666666667, "78T": 0.26866666666666666, "578": 0.3496666666666667, "378": 0.5656666666666667, "478": 0.277, "778": 0.23033333333333333, "278": 0.18866666666666668, "78K": 0.201, "58T": 0.19266666666666668, "38T": 0.57, "8TT": 0.20533333333333334, "48T": 0.19033333333333333, "28T": 0.19333333333333333, "8KT": 0.17833333333333334, "358": 0.552, "558": 0.20066666666666666, "458": 0.291, "258": 0.23733333333333334, "58K": 0.15766666666666668, "348": 0.5476666666666666, "338": 0.9073333333333333, "238": 0.6013333333333334, "38K": 0.5863333333333334, "448": 0.20133333333333334, "248": 0.22966666666666666, "48K": 0.14566666666666667, "28K": 0.13266666666666665, "228": 0.18333333333333332, "8KK": 0.18566666666666667, "679": 0.5143333333333333, "69T": 0.5553333333333333, "569": 0.5953333333333334, "369": 0.846, "469": 0.604, "669": 0.909, "269": 0.612, "699": 0.6213333333333333, "69K": 0.5466666666666666, "67T": 0.5443333333333333, "567": 0.5656666666666667, "367": 0.7946666666666666, "467": 0.5923333333333334, "677": 0.6183333333333333, "667": 0.899, "267": 0.6283333333333333, "67K": 0.577, "56T": 0.6303333333333333, "36T": 0.8376666666666667, "6TT": 0.6373333333333333, "46T": 0.6453333333333333, "66T": 0.9223333333333333, "26T": 0.6426666666666667, "6KT": 0.5906666666666667, "356": 0.779, "556": 0.6266666666666667, "456": 0.646, "566": 0.918, "256": 0.6573333333333333, "56K": 0.6073333333333333, "346": 0.7913333333333333, "366": 0.9816666666666667, "336": 0.9806666666666667, "236": 0.847, "36K": 0.8583333333333333, "446": 0.6443333333333333, "466": 0.9286666666666666, "246": 0.6676666666666666, "46K": 0.6176666666666667, "266": 0.9463333333333334, "66K": 0.9273333333333333,