{"6KT": 0.5406666666666666, "2KT": 0.5276666666666666, "5KT": 0.53, "JKT": 0.9363333333333334, "7KT": 0.5306666666666666, "KQT": 0.72, "3KT": 0.5243333333333333, "8KT": 0.5406666666666666, "KKT": 0.577, "4KT": 0.49666666666666665, "AKT": 0.5606666666666666, "KTT": 0.5886666666666667, "9KT": 0.7463333333333333, "26T": 0.4053333333333333, "56T": 0.3873333333333333, "6JT": 0.5893333333333334, "66T": 0.47333333333333333, "67T": 0.44966666666666666, "6QT": 0.803, "36T": 0.4073333333333333, "68T": 0.5493333333333333, "46T": 0.39066666666666666, "6AT": 0.43833333333333335, "6TT": 0.48933333333333334, "69T": 0.714, "25T": 0.388, "2JT": 0.585, "27T": 0.391, "2QT": 0.8153333333333334, "23T": 0.3913333333333333, "22T": 0.44533333333333336, "28T": 0.4836666666666667, "24T": 0.3933333333333333, "2AT": 0.439, "2TT": 0.497, "29T": 0.7463333333333333, "5JT": 0.586, "57T": 0.36966666666666664, "5QT": 0.816, "35T": 0.4033333333333333, "58T": 0.48233333333333334, "45T": 0.37166666666666665, "55T": 0.479, "5AT": 0.42866666666666664, "5TT": 0.4846666666666667, "59T": 0.7573333333333333, "7JT": 0.56, "JQT": 0.7766666666666666, "3JT": 0.581, "8JT": 0.9603333333333334, "4JT": 0.5643333333333334, "JJT": 0.6013333333333334, "AJT": 0.5766666666666667, "JTT": 0.6253333333333333, "9JT": 0.7293333333333333, "7QT": 0.8053333333333333, "37T": 0.3993333333333333, "78T": 0.5353333333333333, "47T": 0.37733333333333335, "77T": 0.4713333333333333, "7AT": 0.44266666666666665, "7TT": 0.502, "79T": 0.6703333333333333, "3QT": 0.8076666666666666, "8QT": 0.8023333333333333, "4QT": 0.6933333333333334, "AQT": 0.6353333333333333, "QQT": 0.929, "QTT": 0.7906666666666666, "9QT": 0.821, "38T": 0.513, "33T": 0.47, "34T": 0.38233333333333336, "3AT": 0.427, "3TT": 0.493, "39T": 0.7533333333333333, "48T": 0.4806666666666667, "8AT": 0.533, "8TT": 0.5696666666666667, "88T": 0.5576666666666666, "89T": 0.7073333333333334, "4AT": 0.39266666666666666, "4TT": 0.45966666666666667, "44T": 0.4553333333333333, "49T": 0.7416666666666667, "AAT": 0.527, "ATT": 0.5076666666666667, "9AT": 0.681, "TTT": 0.5626666666666666, "9TT": 0.7886666666666666, "99T": 0.906, "26K": 0.413, "56K": 0.43233333333333335, "6JK": 0.532, "66K": 0.533, "67K": 0.432, "6KQ": 0.7773333333333333, "36K": 0.43, "68K": 0.42766666666666664, "6KK": 0.5443333333333333, "46K": 0.42733333333333334, "6AK": 0.479, "69K": 0.7506666666666667, "25K": 0.43566666666666665, "2JK": 0.5416666666666666, "27K": 0.44266666666666665, "2KQ": 0.7873333333333333, "23K": 0.43733333333333335, "22K": 0.513, "28K": 0.434, "2KK": 0.5316666666666666, "24K": 0.457, "2AK": 0.496, "29K": 0.7616666666666667, "5JK": 0.5326666666666666, "57K": 0.42966666666666664, "5KQ": 0.7813333333333333, "35K": 0.44266666666666665, "58K": 0.44, "5KK": 0.5373333333333333, "45K": 0.44, "55K": 0.5216666666666666, "5AK": 0.5066666666666667, "59K": 0.759, "7JK": 0.528, "JKQ": 0.7593333333333333, "3JK": 0.536, "8JK": 0.5323333333333333, "JKK": 0.612, "4JK": 0.5373333333333333, "JJK": 0.5893333333333334, "AJK": 0.5763333333333334, "9JK": 0.749, "7KQ": 0.7793333333333333, "37K": 0.44966666666666666, "78K": 0.43533333333333335, "7KK": 0.525, "47K": 0.437, "77K": 0.519, "7AK": 0.5006666666666667, "79K": 0.745, "3KQ": 0.796, "8KQ": 0.795, "KKQ": 0.8073333333333333, "4KQ": 0.77, "AKQ": 0.669, "KQQ": 0.951, "9KQ": 0.866, "38K": 0.44733333333333336, "3KK": 0.5423333333333333, "33K": 0.5026666666666667, "34K": 0.439, "3AK": 0.5023333333333333, "39K": 0.776, "8KK": 0.542, "48K": 0.42766666666666664, "8AK": 0.5156666666666667, "88K": 0.5343333333333333, "89K": 0.7416666666666667, "4KK": 0.5263333333333333, "AKK": 0.5796666666666667, "KKK": 0.6453333333333333, "9KK": 0.807, "4AK": 0.4826666666666667, "44K": 0.5236666666666666, "49K": 0.7673333333333333, "AAK": 0.599, "9AK": 0.7293333333333333, "99K": 0.9643333333333334, "256": 0.309, "26J": 0.4103333333333333, "266": 0.42533333333333334, "267": 0.329, "26Q": 0.8056666666666666, "236": 0.366, "226": 0.4086666666666667, "268": 0.344, "246": 0.3406666666666667, "26A": 0.413, "269": 0.7583333333333333, "56J": 0.388, "566": 0.42433333333333334, "567": 0.37666666666666665, "56Q": 0.7853333333333333, "356": 0.3443333333333333, "568": 0.387, "456": 0.31066666666666665, "556": 0.4073333333333333, "56A": 0.395, "569": 0.721, "66J": 0.44966666666666666, "67J": 0.386, "6JQ": 0.8193333333333334, "36J": 0.409, "68J": 0.4696666666666667, "46J": 0.4086666666666667, "6JJ": 0.47833333333333333, "6AJ": 0.45466666666666666, "69J": 0.749, "667": 0.4226666666666667, "66Q": 0.8343333333333334, "366": 0.45266666666666666, "668": 0.4523333333333333, "466": 0.42866666666666664, "66A": 0.484, "666": 0.5343333333333333, "669": 0.76, "67Q": 0.7976666666666666, "367": 0.36533333333333334, "678": 0.44366666666666665, "467": 0.341, "677": 0.43666666666666665, "67A": 0.4013333333333333, "679": 0.6656666666666666, "36Q": 0.817, "68Q": 0.7976666666666666, "46Q": 0.7836666666666666, "6AQ": 0.7596666666666667, "6QQ": 0.945, "69Q": 0.899, "368": 0.389, "336": 0.431, "346": 0.33766666666666667, "36A": 0.43233333333333335, "369": 0.7786666666666666, "468": 0.37166666666666665, "68A": 0.44333333333333336, "688": 0.45866666666666667, "689": 0.702, "46A": 0.3943333333333333, "446": 0.416, "469": 0.7786666666666666, "6AA": 0.5363333333333333, "69A": 0.7503333333333333, "699": 0.948, "25J": 0.3933333333333333, "257": 0.328, "25Q": 0.7926666666666666, "235": 0.36466666666666664, "225": 0.41733333333333333, "258": 0.343, "245": 0.36866666666666664, "255": 0.44766666666666666, "25A": 0.42, "259": 0.7693333333333333, "27J": 0.393, "2JQ": 0.8286666666666667, "23J": 0.43266666666666664, "22J": 0.48933333333333334, "28J": 0.4766666666666667, "24J": 0.402, "2JJ": 0.49466666666666664, "2AJ": 0.4553333333333333, "29J": 0.7566666666666667, "27Q": 0.8263333333333334, "237": 0.37933333333333336, "227": 0.4226666666666667, "278": 0.339, "247": 0.37233333333333335, "277": 0.44266666666666665, "27A": 0.43233333333333335, "279": 0.759, "23Q": 0.828, "22Q": 0.8103333333333333, "28Q": 0.8106666666666666, "24Q": 0.8143333333333334, "2AQ": 0.7803333333333333, "2QQ": 0.9496666666666667, "29Q": 0.9303333333333333, "223": 0.462, "238": 0.37533333333333335, "233": 0.44033333333333335, "234": 0.36866666666666664, "23A": 0.44, "239": 0.8016666666666666, "222": 0.5363333333333333, "228": 0.434, "224": 0.426, "22A": 0.49533333333333335, "229": 0.805, "248": 0.37333333333333335, "28A": 0.42766666666666664, "288": 0.4603333333333333, "289": 0.771, "24A": 0.4043333333333333, "244": 0.442, "249": 0.7946666666666666, "2AA": 0.541, "29A": 0.7716666666666666, "299": 0.9716666666666667, "57J": 0.38333333333333336, "5JQ": 0.8393333333333334, "35J": 0.42633333333333334, "58J": 0.47, "45J": 0.387, "5JJ": 0.503, "55J": 0.481, "5AJ": 0.4543333333333333, "59J": 0.7446666666666667, "57Q": 0.7986666666666666, "357": 0.348, "578": 0.38766666666666666, "457": 0.318, "577": 0.43166666666666664, "557": 0.4206666666666667, "57A": 0.4033333333333333, "579": 0.724, "35Q": 0.828, "58Q": 0.8043333333333333, "45Q": 0.786, "55Q": 0.8223333333333334, "5AQ": 0.7653333333333333, "5QQ": 0.938, "59Q": 0.92, "358": 0.39666666666666667, "335": 0.41133333333333333, "345": 0.3463333333333333, "355": 0.461, "35A": 0.431, "359": 0.7723333333333333, "458": 0.357, "558": 0.45566666666666666, "58A": 0.43633333333333335, "588": 0.45966666666666667, "589": 0.7223333333333334, "455": 0.436, "45A": 0.392, "445": 0.43866666666666665, "459": 0.7886666666666666, "55A": 0.496, "555": 0.5446666666666666, "559": 0.7696666666666667, "5AA": 0.5506666666666666, "59A": 0.7593333333333333, "599": 0.9523333333333334, "7JQ": 0.8253333333333334, "37J": 0.421, "78J": 0.4826666666666667, "47J": 0.39666666666666667, "7JJ": 0.48633333333333334, "77J": 0.49666666666666665, "7AJ": 0.45466666666666666, "79J": 0.727, "3JQ": 0.8153333333333334, "8JQ": 0.8386666666666667, "4JQ": 0.7966666666666666, "JJQ": 0.7903333333333333, "AJQ": 0.743, "JQQ": 0.9526666666666667, "9JQ": 0.8503333333333334,