{"JQT": 0.7253333333333334, "9JQ": 0.7696666666666667, "3JQ": 0.788, "AJQ": 0.7423333333333333, "6JQ": 0.7983333333333333, "JKQ": 0.5866666666666667, "5JQ": 0.7903333333333333, "7JQ": 0.69, "2JQ": 0.8023333333333333, "4JQ": 0.7913333333333333, "JJQ": 0.777, "8JQ": 0.859, "JQQ": 0.927, "9QT": 0.7843333333333333, "3QT": 0.8243333333333334, "AQT": 0.7603333333333333, "6QT": 0.7836666666666666, "KQT": 0.685, "5QT": 0.8216666666666667, "QTT": 0.7743333333333333, "7QT": 0.7773333333333333, "2QT": 0.8233333333333334, "4QT": 0.7983333333333333, "8QT": 0.8556666666666667, "QQT": 0.921, "39Q": 0.821, "9AQ": 0.8026666666666666, "99Q": 0.8106666666666666, "69Q": 0.821, "9KQ": 0.7116666666666667, "59Q": 0.7893333333333333, "79Q": 0.7773333333333333, "29Q": 0.8093333333333333, "49Q": 0.837, "89Q": 0.847, "9QQ": 0.9416666666666667, "3AQ": 0.7926666666666666, "36Q": 0.8166666666666667, "3KQ": 0.748, "35Q": 0.7943333333333333, "37Q": 0.8213333333333334, "23Q": 0.797, "33Q": 0.8153333333333334, "34Q": 0.814, "38Q": 0.915, "3QQ": 0.9563333333333334, "6AQ": 0.7976666666666666, "AKQ": 0.6976666666666667, "5AQ": 0.7903333333333333, "7AQ": 0.7586666666666667, "2AQ": 0.7953333333333333, "AAQ": 0.8276666666666667, "4AQ": 0.7873333333333333, "8AQ": 0.9043333333333333, "AQQ": 0.944, "6KQ": 0.7416666666666667, "56Q": 0.798, "67Q": 0.807, "26Q": 0.8303333333333334, "46Q": 0.7866666666666666, "66Q": 0.8323333333333334, "68Q": 0.8946666666666667, "6QQ": 0.9413333333333334, "5KQ": 0.7403333333333333, "7KQ": 0.6496666666666666, "KKQ": 0.7893333333333333, "2KQ": 0.7436666666666667, "4KQ": 0.7483333333333333, "8KQ": 0.878, "KQQ": 0.9156666666666666, "57Q": 0.7886666666666666, "25Q": 0.8063333333333333, "45Q": 0.8163333333333334, "55Q": 0.7786666666666666, "58Q": 0.8936666666666667, "5QQ": 0.964, "27Q": 0.8223333333333334, "47Q": 0.7896666666666666, "78Q": 0.871, "77Q": 0.802, "7QQ": 0.9446666666666667, "22Q": 0.8226666666666667, "24Q": 0.8223333333333334, "28Q": 0.9143333333333333, "2QQ": 0.9603333333333334, "44Q": 0.7913333333333333, "48Q": 0.9226666666666666, "4QQ": 0.937, "88Q": 0.9923333333333333, "8QQ": 0.9943333333333333, "QQQ": 1.0, "9JT": 0.9363333333333334, "3JT": 0.48333333333333334, "AJT": 0.5883333333333334, "6JT": 0.4593333333333333, "JKT": 0.553, "5JT": 0.48433333333333334, "JTT": 0.508, "7JT": 0.4673333333333333, "2JT": 0.491, "4JT": 0.4726666666666667, "JJT": 0.53, "8JT": 0.696, "39J": 0.472, "9AJ": 0.556, "99J": 0.5323333333333333, "69J": 0.4856666666666667, "9JK": 0.487, "59J": 0.476, "79J": 0.4563333333333333, "29J": 0.4563333333333333, "49J": 0.465, "9JJ": 0.5533333333333333, "89J": 0.6696666666666666, "3AJ": 0.47433333333333333, "36J": 0.37266666666666665, "3JK": 0.427, "35J": 0.37, "37J": 0.37166666666666665, "23J": 0.37633333333333335, "33J": 0.4583333333333333, "34J": 0.382, "3JJ": 0.4663333333333333, "38J": 0.7293333333333333, "6AJ": 0.469, "AJK": 0.5356666666666666, "5AJ": 0.47533333333333333, "7AJ": 0.459, "2AJ": 0.47433333333333333, "AAJ": 0.5536666666666666, "4AJ": 0.47933333333333333, "AJJ": 0.5586666666666666, "8AJ": 0.7066666666666667, "6JK": 0.42933333333333334, "56J": 0.38666666666666666, "67J": 0.398, "26J": 0.405, "46J": 0.364, "66J": 0.4786666666666667, "6JJ": 0.45966666666666667, "68J": 0.7226666666666667, "5JK": 0.4216666666666667, "7JK": 0.36433333333333334, "JKK": 0.528, "2JK": 0.437, "4JK": 0.41, "JJK": 0.5006666666666667, "8JK": 0.673, "57J": 0.37266666666666665, "25J": 0.38233333333333336, "45J": 0.3953333333333333, "5JJ": 0.467, "55J": 0.438, "58J": 0.695, "27J": 0.371, "47J": 0.379, "7JJ": 0.44733333333333336, "78J": 0.6666666666666666, "77J": 0.43666666666666665, "22J": 0.49166666666666664, "24J": 0.381, "2JJ": 0.46, "28J": 0.7243333333333334, "4JJ": 0.4646666666666667, "44J": 0.436, "48J": 0.7323333333333333, "JJJ": 0.5713333333333334, "8JJ": 0.7763333333333333, "88J": 0.927, "39T": 0.4756666666666667, "9AT": 0.5426666666666666, "99T": 0.526, "69T": 0.529, "9KT": 0.5053333333333333, "59T": 0.45866666666666667, "9TT": 0.559, "79T": 0.555, "29T": 0.485, "49T": 0.484, "89T": 0.6323333333333333, "3AT": 0.473, "36T": 0.38133333333333336, "3KT": 0.438, "35T": 0.36133333333333334, "3TT": 0.44666666666666666, "37T": 0.38766666666666666, "23T": 0.365, "33T": 0.43133333333333335, "34T": 0.379, "38T": 0.7086666666666667, "6AT": 0.46266666666666667, "AKT": 0.5696666666666667, "5AT": 0.4686666666666667, "ATT": 0.561, "7AT": 0.47533333333333333, "2AT": 0.49, "AAT": 0.5476666666666666, "4AT": 0.4493333333333333, "8AT": 0.7103333333333334, "6KT": 0.422, "56T": 0.38233333333333336, "6TT": 0.468, "67T": 0.44166666666666665, "26T": 0.37033333333333335, "46T": 0.32033333333333336, "66T": 0.4836666666666667, "68T": 0.653, "5KT": 0.44266666666666665, "KTT": 0.5053333333333333, "7KT": 0.43333333333333335, "KKT": 0.549, "2KT": 0.447, "4KT": 0.43866666666666665, "8KT": 0.6853333333333333, "5TT": 0.4866666666666667, "57T": 0.39366666666666666, "25T": 0.38566666666666666, "45T": 0.36866666666666664, "55T": 0.45, "58T": 0.6923333333333334, "7TT": 0.4553333333333333, "2TT": 0.47633333333333333, "4TT": 0.441, "TTT": 0.562, "8TT": 0.7543333333333333, "27T": 0.384, "47T": 0.399, "78T": 0.6486666666666666, "77T": 0.4643333333333333, "22T": 0.48133333333333334, "24T": 0.37433333333333335, "28T": 0.7046666666666667, "44T": 0.436, "48T": 0.6863333333333334, "88T": 0.9343333333333333, "39A": 0.4493333333333333, "399": 0.4623333333333333, "369": 0.39466666666666667, "39K": 0.4236666666666667, "359": 0.31633333333333336, "379": 0.37766666666666665, "239": 0.31666666666666665, "339": 0.43933333333333335, "349": 0.3536666666666667, "389": 0.6103333333333333, "99A": 0.5343333333333333, "69A": 0.4716666666666667, "9AK": 0.5233333333333333, "59A": 0.462, "79A": 0.4683333333333333, "29A": 0.4693333333333333, "9AA": 0.562, "49A": 0.4713333333333333, "89A": 0.6733333333333333, "699": 0.4533333333333333, "99K": 0.5126666666666667, "599": 0.4503333333333333, "799": 0.4836666666666667, "299": 0.44166666666666665, "499": 0.44033333333333335, "899": 0.742, "999": 0.548, "69K": 0.45166666666666666, "569": 0.43866666666666665, "679": 0.5376666666666666, "269": 0.388, "469": 0.37766666666666665, "669": 0.4716666666666667, "689": 0.6373333333333333, "59K": 0.4246666666666667, "79K": 0.43566666666666665, "9KK": 0.519, "29K": 0.4106666666666667, "49K": 0.4186666666666667, "89K": 0.6526666666666666, "579": 0.4603333333333333, "259": 0.3243333333333333, "459": 0.37766666666666665, "559": 0.43233333333333335, "589": 0.584, "279": 0.38966666666666666, "479": 0.403, "789": 0.6153333333333333, "779": 0.44566666666666666, "229": 0.44466666666666665, "249": 0.365, "289": 0.6206666666666667, "449": 0.4703333333333333, "489": 0.682, "889": 0.9043333333333333, "36A": 0.43533333333333335, "3AK": 0.5123333333333333, "35A": 0.42866666666666664, "37A": 0.44366666666666665, "23A": 0.43433333333333335, "33A": 0.511, "3AA": 0.5486666666666666, "34A": 0.44, "38A": 0.738, "36K": 0.436, "356": 0.322, "367": 0.379, "236": 0.3476666666666667, "336": 0.4116666666666667, "346": 0.31933333333333336, "366": 0.462, "368": 0.7416666666666667, "35K": 0.383, "37K": 0.401, "3KK": 0.5006666666666667, "23K": 0.4086666666666667, "33K": 0.503, "34K": 0.425, "38K": 0.74, "357": 0.358, "235": 0.2976666666666667, "335": 0.416, "345": 0.3273333333333333, "355": 0.4136666666666667, "358": 0.6613333333333333, "237": 0.3556666666666667, "337": 0.44433333333333336, "347": 0.35233333333333333, "378": 0.7273333333333334, "377": 0.42333333333333334, "223": 0.43733333333333335, "233": 0.42766666666666664, "234": 0.348, "238": 0.6493333333333333, "334": 0.4023333333333333, "333": 0.5386666666666666, "338": 0.7543333333333333, "344": 0.43933333333333335, "348": 0.7546666666666667, "388": 0.9373333333333334, "6AK": 0.5263333333333333, "56A": 0.458, "67A": 0.457, "26A": 0.44533333333333336, "6AA": 0.5296666666666666, "46A": 0.43433333333333335, "66A": 0.6696666666666666, "68A": 0.725, "5AK": 0.5046666666666667, "7AK": 0.5003333333333333,