{"JQT": 0.5976666666666667, "AQT": 0.43433333333333335, "8QT": 0.43033333333333335, "9QT": 0.484, "QTT": 0.4086666666666667, "7QT": 0.32866666666666666, "3QT": 0.3253333333333333, "5QT": 0.37933333333333336, "2QT": 0.595, "QQT": 0.424, "KQT": 0.492, "6QT": 0.359, "4QT": 0.318, "AJT": 0.6856666666666666, "8JT": 0.6906666666666667, "9JT": 0.6503333333333333, "JTT": 0.6906666666666667, "7JT": 0.7246666666666667, "JJT": 0.9056666666666666, "3JT": 0.764, "5JT": 0.752, "2JT": 0.8763333333333333, "JKT": 0.6206666666666667, "6JT": 0.756, "4JT": 0.724, "8AT": 0.3453333333333333, "9AT": 0.3303333333333333, "ATT": 0.38266666666666665, "7AT": 0.304, "3AT": 0.30666666666666664, "5AT": 0.33666666666666667, "2AT": 0.5603333333333333, "AKT": 0.43166666666666664, "6AT": 0.348, "4AT": 0.32033333333333336, "AAT": 0.408, "89T": 0.43133333333333335, "8TT": 0.35233333333333333, "78T": 0.3863333333333333, "38T": 0.309, "58T": 0.4646666666666667, "28T": 0.582, "8KT": 0.3556666666666667, "68T": 0.4726666666666667, "48T": 0.2776666666666667, "88T": 0.35433333333333333, "9TT": 0.3566666666666667, "99T": 0.349, "79T": 0.356, "39T": 0.2906666666666667, "59T": 0.317, "29T": 0.5693333333333334, "9KT": 0.39766666666666667, "69T": 0.2866666666666667, "49T": 0.268, "7TT": 0.336, "3TT": 0.32466666666666666, "5TT": 0.342, "TTT": 0.42233333333333334, "2TT": 0.6356666666666667, "KTT": 0.36766666666666664, "6TT": 0.3636666666666667, "4TT": 0.30933333333333335, "37T": 0.24766666666666667, "57T": 0.2846666666666667, "27T": 0.5523333333333333, "7KT": 0.3373333333333333, "67T": 0.2813333333333333, "77T": 0.34833333333333333, "47T": 0.27066666666666667, "35T": 0.2956666666666667, "23T": 0.5613333333333334, "3KT": 0.32666666666666666, "36T": 0.29133333333333333, "34T": 0.2776666666666667, "33T": 0.355, "25T": 0.5876666666666667, "55T": 0.35633333333333334, "5KT": 0.3446666666666667, "56T": 0.44733333333333336, "45T": 0.317, "2KT": 0.6103333333333333, "26T": 0.5826666666666667, "22T": 0.9326666666666666, "24T": 0.589, "6KT": 0.33566666666666667, "4KT": 0.30233333333333334, "KKT": 0.42, "46T": 0.29633333333333334, "66T": 0.362, "44T": 0.33866666666666667, "AJQ": 0.6316666666666667, "8JQ": 0.6846666666666666, "9JQ": 0.65, "7JQ": 0.7103333333333334, "JJQ": 0.905, "3JQ": 0.7193333333333334, "5JQ": 0.7143333333333334, "2JQ": 0.8703333333333333, "JQQ": 0.75, "JKQ": 0.5863333333333334, "6JQ": 0.7133333333333334, "4JQ": 0.6676666666666666, "8AQ": 0.369, "9AQ": 0.41733333333333333, "7AQ": 0.353, "3AQ": 0.3496666666666667, "5AQ": 0.36866666666666664, "2AQ": 0.5823333333333334, "AQQ": 0.456, "AKQ": 0.5, "6AQ": 0.35333333333333333, "4AQ": 0.36533333333333334, "AAQ": 0.45466666666666666, "89Q": 0.41233333333333333, "78Q": 0.3006666666666667, "38Q": 0.3233333333333333, "58Q": 0.329, "28Q": 0.5806666666666667, "8QQ": 0.425, "8KQ": 0.375, "68Q": 0.325, "48Q": 0.31266666666666665, "88Q": 0.38866666666666666, "99Q": 0.388, "79Q": 0.338, "39Q": 0.349, "59Q": 0.336, "29Q": 0.5906666666666667, "9QQ": 0.412, "9KQ": 0.43633333333333335, "69Q": 0.33, "49Q": 0.3596666666666667, "37Q": 0.31666666666666665, "57Q": 0.30266666666666664, "27Q": 0.5716666666666667, "7QQ": 0.392, "7KQ": 0.371, "67Q": 0.28, "77Q": 0.36233333333333334, "47Q": 0.301, "35Q": 0.31133333333333335, "23Q": 0.5716666666666667, "3QQ": 0.38233333333333336, "3KQ": 0.37066666666666664, "36Q": 0.3006666666666667, "34Q": 0.31, "33Q": 0.377, "25Q": 0.5686666666666667, "5QQ": 0.4066666666666667, "55Q": 0.37966666666666665, "5KQ": 0.37466666666666665, "56Q": 0.31566666666666665, "45Q": 0.3, "2QQ": 0.6413333333333333, "2KQ": 0.602, "26Q": 0.579, "22Q": 0.9593333333333334, "24Q": 0.5646666666666667, "KQQ": 0.469, "6QQ": 0.39566666666666667, "QQQ": 0.49533333333333335, "4QQ": 0.38533333333333336, "6KQ": 0.371, "4KQ": 0.3443333333333333, "KKQ": 0.4796666666666667, "46Q": 0.30033333333333334, "66Q": 0.37133333333333335, "44Q": 0.378, "8AJ": 0.715, "9AJ": 0.7123333333333334, "7AJ": 0.7053333333333334, "AJJ": 0.902, "3AJ": 0.7213333333333334, "5AJ": 0.7323333333333333, "2AJ": 0.8713333333333333, "AJK": 0.6213333333333333, "6AJ": 0.7256666666666667, "4AJ": 0.707, "AAJ": 0.757, "89J": 0.6826666666666666, "78J": 0.719, "8JJ": 0.921, "38J": 0.7766666666666666, "58J": 0.7263333333333334, "28J": 0.8993333333333333, "8JK": 0.6826666666666666, "68J": 0.751, "48J": 0.72, "88J": 0.743, "99J": 0.6993333333333334, "79J": 0.7166666666666667, "9JJ": 0.9193333333333333, "39J": 0.766, "59J": 0.767, "29J": 0.8773333333333333, "9JK": 0.6533333333333333, "69J": 0.7483333333333333, "49J": 0.7363333333333333, "7JJ": 0.922, "37J": 0.7416666666666667, "57J": 0.7483333333333333, "27J": 0.8743333333333333, "7JK": 0.697, "67J": 0.741, "77J": 0.7253333333333334, "47J": 0.7483333333333333, "3JJ": 0.919, "5JJ": 0.9436666666666667, "2JJ": 0.9863333333333333, "JJK": 0.8853333333333333, "6JJ": 0.9373333333333334, "4JJ": 0.9246666666666666, "JJJ": 1.0, "35J": 0.776, "23J": 0.882, "3JK": 0.6953333333333334, "36J": 0.7833333333333333, "34J": 0.756, "33J": 0.7493333333333333, "25J": 0.8983333333333333, "55J": 0.7686666666666667, "5JK": 0.684, "56J": 0.766, "45J": 0.748, "2JK": 0.864, "26J": 0.9023333333333333, "22J": 0.9856666666666667, "24J": 0.891, "6JK": 0.6956666666666667, "4JK": 0.594, "JKK": 0.7263333333333334, "46J": 0.7326666666666667, "66J": 0.7476666666666667, "44J": 0.7443333333333333, "89A": 0.32166666666666666, "78A": 0.2876666666666667, "38A": 0.30966666666666665, "58A": 0.32866666666666666, "28A": 0.5636666666666666, "8AK": 0.357, "68A": 0.30933333333333335, "48A": 0.31266666666666665, "88A": 0.376, "8AA": 0.4, "99A": 0.3863333333333333, "79A": 0.29633333333333334, "39A": 0.30233333333333334, "59A": 0.31866666666666665, "29A": 0.565, "9AK": 0.368, "69A": 0.3, "49A": 0.323, "9AA": 0.393, "37A": 0.25333333333333335, "57A": 0.272, "27A": 0.48833333333333334, "7AK": 0.34933333333333333, "67A": 0.27266666666666667, "77A": 0.37566666666666665, "47A": 0.2823333333333333, "7AA": 0.39566666666666667, "35A": 0.289, "23A": 0.504, "3AK": 0.359, "36A": 0.2966666666666667, "34A": 0.295, "3AA": 0.3923333333333333, "33A": 0.36233333333333334, "25A": 0.5666666666666667, "55A": 0.35533333333333333, "5AK": 0.36633333333333334, "56A": 0.3333333333333333, "45A": 0.319, "5AA": 0.401, "2AK": 0.5853333333333334, "26A": 0.559, "22A": 0.935, "24A": 0.5623333333333334, "2AA": 0.634, "6AK": 0.36533333333333334, "4AK": 0.352, "AKK": 0.46366666666666667, "AAK": 0.44066666666666665, "46A": 0.30966666666666665, "6AA": 0.41533333333333333, "66A": 0.37933333333333336, "4AA": 0.37966666666666665, "44A": 0.3913333333333333, "AAA": 0.48633333333333334, "899": 0.33166666666666667, "789": 0.33066666666666666, "389": 0.27666666666666667, "589": 0.29233333333333333, "289": 0.5583333333333333, "89K": 0.318, "689": 0.26, "489": 0.27266666666666667, "889": 0.32666666666666666, "378": 0.25333333333333335, "578": 0.26666666666666666, "278": 0.5306666666666666, "78K": 0.29833333333333334, "678": 0.23533333333333334, "778": 0.31566666666666665, "478": 0.26066666666666666, "788": 0.32566666666666666, "358": 0.28933333333333333, "238": 0.562, "38K": 0.31566666666666665, "368": 0.299, "348": 0.2866666666666667, "388": 0.313, "338": 0.3546666666666667, "258": 0.558, "558": 0.35333333333333333, "58K": 0.331, "568": 0.444, "458": 0.2803333333333333, "588": 0.3453333333333333, "28K": 0.585, "268": 0.57, "228": 0.9413333333333334, "248": 0.5596666666666666, "288": 0.602, "68K": 0.31633333333333336, "48K": 0.2853333333333333, "88K": 0.38366666666666666, "8KK": 0.42133333333333334, "468": 0.28, "688": 0.32866666666666666, "668": 0.34, "488": 0.32566666666666666, "448": 0.3263333333333333, "888": 0.409, "799": 0.32966666666666666, "399": 0.33, "599": 0.3446666666666667, "299": 0.6206666666666667, "99K": 0.37566666666666665, "699": 0.33266666666666667, "499": 0.32166666666666666, "999": 0.4136666666666667, "379": 0.25633333333333336, "579": 0.25133333333333335, "279": 0.5463333333333333, "79K": 0.31766666666666665, "679": 0.24933333333333332,