{"5AJ": 0.8706666666666667, "2AJ": 0.839, "AJK": 0.8286666666666667, "7AJ": 0.893, "AJJ": 0.8246666666666667, "AJQ": 0.8123333333333334, "6AJ": 0.8676666666666667, "3AJ": 0.8733333333333333, "9AJ": 0.8323333333333334, "4AJ": 0.8683333333333333, "AJT": 0.802, "8AJ": 0.8286666666666667, "AAJ": 0.9506666666666667, "25A": 0.8343333333333334, "5AK": 0.8616666666666667, "57A": 0.9003333333333333, "5AQ": 0.8496666666666667, "56A": 0.8456666666666667, "35A": 0.8596666666666667, "59A": 0.838, "45A": 0.8523333333333334, "5AT": 0.8553333333333333, "58A": 0.8416666666666667, "55A": 0.8566666666666667, "5AA": 0.9596666666666667, "2AK": 0.8516666666666667, "27A": 0.832, "2AQ": 0.8356666666666667, "26A": 0.842, "23A": 0.836, "29A": 0.7426666666666667, "24A": 0.8316666666666667, "2AT": 0.836, "28A": 0.746, "22A": 0.8446666666666667, "2AA": 0.939, "7AK": 0.9056666666666666, "AKK": 0.8713333333333333, "AKQ": 0.8286666666666667, "6AK": 0.8416666666666667, "3AK": 0.8463333333333334, "9AK": 0.8323333333333334, "4AK": 0.8716666666666667, "AKT": 0.819, "8AK": 0.8486666666666667, "AAK": 0.9356666666666666, "7AQ": 0.9026666666666666, "67A": 0.882, "37A": 0.9146666666666666, "79A": 0.8046666666666666, "47A": 0.91, "7AT": 0.887, "77A": 0.9946666666666667, "78A": 0.788, "7AA": 0.9956666666666667, "AQQ": 0.8413333333333334, "6AQ": 0.868, "3AQ": 0.8593333333333333, "9AQ": 0.8233333333333334, "4AQ": 0.8663333333333333, "AQT": 0.808, "8AQ": 0.826, "AAQ": 0.9523333333333334, "36A": 0.8366666666666667, "66A": 0.867, "69A": 0.8343333333333334, "46A": 0.8556666666666667, "6AT": 0.8643333333333333, "68A": 0.831, "6AA": 0.9356666666666666, "33A": 0.8583333333333333, "39A": 0.8516666666666667, "34A": 0.866, "3AT": 0.8653333333333333, "38A": 0.8516666666666667, "3AA": 0.938, "49A": 0.865, "9AT": 0.827, "89A": 0.7366666666666667, "9AA": 0.9416666666666667, "99A": 0.836, "4AT": 0.869, "48A": 0.8353333333333334, "44A": 0.8336666666666667, "4AA": 0.954, "ATT": 0.8383333333333334, "8AT": 0.823, "AAT": 0.9506666666666667, "8AA": 0.9326666666666666, "88A": 0.8223333333333334, "AAA": 1.0, "25J": 0.4886666666666667, "5JK": 0.5043333333333333, "57J": 0.704, "5JJ": 0.587, "5JQ": 0.5043333333333333, "56J": 0.5073333333333333, "35J": 0.4806666666666667, "59J": 0.4746666666666667, "45J": 0.5076666666666667, "5JT": 0.503, "58J": 0.48733333333333334, "55J": 0.584, "2JK": 0.485, "27J": 0.726, "2JJ": 0.5623333333333334, "2JQ": 0.5083333333333333, "26J": 0.481, "23J": 0.49366666666666664, "29J": 0.465, "24J": 0.5036666666666667, "2JT": 0.48833333333333334, "28J": 0.47433333333333333, "22J": 0.5616666666666666, "7JK": 0.6833333333333333, "JJK": 0.573, "JKK": 0.5973333333333334, "JKQ": 0.548, "6JK": 0.4746666666666667, "3JK": 0.489, "9JK": 0.472, "4JK": 0.5196666666666667, "JKT": 0.5543333333333333, "8JK": 0.498, "7JJ": 0.752, "7JQ": 0.6846666666666666, "67J": 0.7013333333333334, "37J": 0.7206666666666667, "79J": 0.6086666666666667, "47J": 0.7346666666666667, "7JT": 0.654, "77J": 0.953, "78J": 0.627, "JJQ": 0.5766666666666667, "6JJ": 0.59, "3JJ": 0.5806666666666667, "9JJ": 0.5513333333333333, "4JJ": 0.606, "JJT": 0.5856666666666667, "8JJ": 0.563, "JJJ": 0.684, "JQQ": 0.5896666666666667, "6JQ": 0.47833333333333333, "3JQ": 0.513, "9JQ": 0.42933333333333334, "4JQ": 0.49066666666666664, "JQT": 0.543, "8JQ": 0.4666666666666667, "36J": 0.469, "66J": 0.5736666666666667, "69J": 0.48933333333333334, "46J": 0.49366666666666664, "6JT": 0.496, "68J": 0.497, "33J": 0.5743333333333334, "39J": 0.48633333333333334, "34J": 0.48633333333333334, "3JT": 0.512, "38J": 0.4756666666666667, "49J": 0.49666666666666665, "9JT": 0.501, "89J": 0.5186666666666667, "99J": 0.576, "4JT": 0.6276666666666667, "48J": 0.495, "44J": 0.5633333333333334, "JTT": 0.5903333333333334, "8JT": 0.5183333333333333, "88J": 0.5713333333333334, "25K": 0.48633333333333334, "257": 0.7546666666666667, "25Q": 0.5096666666666667, "256": 0.475, "235": 0.4613333333333333, "259": 0.475, "245": 0.493, "25T": 0.48233333333333334, "258": 0.4693333333333333, "255": 0.5803333333333334, "225": 0.5636666666666666, "57K": 0.7236666666666667, "5KK": 0.5916666666666667, "5KQ": 0.5386666666666666, "56K": 0.4806666666666667, "35K": 0.459, "59K": 0.489, "45K": 0.49566666666666664, "5KT": 0.4826666666666667, "58K": 0.509, "55K": 0.5783333333333334, "57Q": 0.7223333333333334, "567": 0.6593333333333333, "357": 0.7306666666666667, "579": 0.6376666666666667, "457": 0.7026666666666667, "57T": 0.7156666666666667, "577": 0.938, "578": 0.6406666666666667, "557": 0.7426666666666667, "5QQ": 0.595, "56Q": 0.524, "35Q": 0.5093333333333333, "59Q": 0.51, "45Q": 0.5203333333333333, "5QT": 0.511, "58Q": 0.514, "55Q": 0.5833333333333334, "356": 0.5193333333333333, "566": 0.5863333333333334, "569": 0.5786666666666667, "456": 0.6103333333333333, "56T": 0.5043333333333333, "568": 0.6153333333333333, "556": 0.5936666666666667, "335": 0.5806666666666667, "359": 0.49, "345": 0.5476666666666666, "35T": 0.48733333333333334, "358": 0.5023333333333333, "355": 0.584, "459": 0.5, "59T": 0.48733333333333334, "589": 0.5296666666666666, "559": 0.582, "599": 0.5953333333333334, "45T": 0.521, "458": 0.5373333333333333, "455": 0.5886666666666667, "445": 0.574, "5TT": 0.595, "58T": 0.494, "55T": 0.578, "558": 0.57, "588": 0.5823333333333334, "555": 0.692, "27K": 0.7216666666666667, "2KK": 0.5903333333333334, "2KQ": 0.5033333333333333, "26K": 0.4846666666666667, "23K": 0.48233333333333334, "29K": 0.462, "24K": 0.49866666666666665, "2KT": 0.49233333333333335, "28K": 0.47533333333333333, "22K": 0.5773333333333334, "27Q": 0.719, "267": 0.7373333333333333, "237": 0.7533333333333333, "279": 0.6123333333333333, "247": 0.7536666666666667, "27T": 0.7053333333333334, "277": 0.9513333333333334, "278": 0.6013333333333334, "227": 0.753, "2QQ": 0.5636666666666666, "26Q": 0.48133333333333334, "23Q": 0.4836666666666667, "29Q": 0.461, "24Q": 0.48133333333333334, "2QT": 0.4673333333333333, "28Q": 0.4593333333333333, "22Q": 0.5806666666666667, "236": 0.44166666666666665, "266": 0.57, "269": 0.45666666666666667, "246": 0.47, "26T": 0.49666666666666665, "268": 0.485, "226": 0.547, "233": 0.594, "239": 0.4553333333333333, "234": 0.4653333333333333, "23T": 0.494, "238": 0.4676666666666667, "223": 0.555, "249": 0.46, "29T": 0.466, "289": 0.4063333333333333, "229": 0.5413333333333333, "299": 0.567, "24T": 0.493, "248": 0.47, "244": 0.5396666666666666, "224": 0.568, "2TT": 0.543, "28T": 0.5096666666666667, "22T": 0.5626666666666666, "228": 0.559, "288": 0.5696666666666667, "222": 0.6843333333333333, "7KK": 0.787, "7KQ": 0.6986666666666667, "67K": 0.6836666666666666, "37K": 0.702, "79K": 0.634, "47K": 0.726, "7KT": 0.6713333333333333, "77K": 0.936, "78K": 0.6453333333333333, "KKQ": 0.5873333333333334, "6KK": 0.5523333333333333, "3KK": 0.5686666666666667, "9KK": 0.579, "4KK": 0.607, "KKT": 0.6103333333333333, "8KK": 0.5936666666666667, "KKK": 0.7146666666666667, "KQQ": 0.575, "6KQ": 0.4643333333333333, "3KQ": 0.4726666666666667, "9KQ": 0.4713333333333333, "4KQ": 0.49733333333333335, "KQT": 0.54, "8KQ": 0.48, "36K": 0.4206666666666667, "66K": 0.5546666666666666, "69K": 0.4796666666666667, "46K": 0.4686666666666667, "6KT": 0.47333333333333333, "68K": 0.48633333333333334, "33K": 0.5563333333333333, "39K": 0.4696666666666667, "34K": 0.4756666666666667, "3KT": 0.4713333333333333, "38K": 0.469, "49K": 0.47733333333333333, "9KT": 0.4666666666666667, "89K": 0.4846666666666667, "99K": 0.578, "4KT": 0.5033333333333333, "48K": 0.49966666666666665, "44K": 0.5716666666666667, "KTT": 0.579, "8KT": 0.5103333333333333, "88K": 0.599, "7QQ": 0.7526666666666667, "67Q": 0.6916666666666667, "37Q": 0.7423333333333333, "79Q": 0.634, "47Q": 0.7273333333333334, "7QT": 0.6666666666666666, "77Q": 0.952, "78Q": 0.6316666666666667, "367": 0.709, "667": 0.742, "679": 0.634, "467": 0.6853333333333333, "67T": 0.6756666666666666, "677": 0.9133333333333333, "678": 0.5906666666666667, "337": 0.771, "379": 0.6733333333333333, "347": 0.746, "37T": 0.7186666666666667,