{"5JQ": 0.8526666666666667, "2JQ": 0.86, "JQT": 0.8483333333333334, "3JQ": 0.8656666666666667, "9JQ": 0.8433333333333334, "8JQ": 0.8243333333333334, "AJQ": 0.816, "6JQ": 0.8516666666666667, "JKQ": 0.8703333333333333, "JJQ": 0.8536666666666667, "4JQ": 0.8566666666666667, "7JQ": 0.831, "JQQ": 0.9373333333333334, "25Q": 0.8643333333333333, "5QT": 0.825, "35Q": 0.832, "59Q": 0.8346666666666667, "58Q": 0.8146666666666667, "5AQ": 0.7853333333333333, "56Q": 0.8313333333333334, "5KQ": 0.9026666666666666, "55Q": 0.8716666666666667, "45Q": 0.8413333333333334, "57Q": 0.8356666666666667, "5QQ": 0.9686666666666667, "2QT": 0.868, "23Q": 0.863, "29Q": 0.865, "28Q": 0.8733333333333333, "2AQ": 0.825, "26Q": 0.8643333333333333, "2KQ": 0.933, "22Q": 0.86, "24Q": 0.8673333333333333, "27Q": 0.88, "2QQ": 0.972, "3QT": 0.8306666666666667, "9QT": 0.797, "8QT": 0.7873333333333333, "AQT": 0.7843333333333333, "6QT": 0.85, "KQT": 0.829, "4QT": 0.8606666666666667, "7QT": 0.8476666666666667, "QQT": 0.9646666666666667, "QTT": 0.8576666666666667, "39Q": 0.8356666666666667, "38Q": 0.839, "33Q": 0.8623333333333333, "3AQ": 0.805, "36Q": 0.8583333333333333, "3KQ": 0.9166666666666666, "34Q": 0.8553333333333333, "37Q": 0.8626666666666667, "3QQ": 0.97, "89Q": 0.7933333333333333, "9AQ": 0.7883333333333333, "69Q": 0.8366666666666667, "9KQ": 0.8933333333333333, "49Q": 0.8546666666666667, "79Q": 0.84, "9QQ": 0.9663333333333334, "99Q": 0.8403333333333334, "88Q": 0.8596666666666667, "8AQ": 0.778, "68Q": 0.8273333333333334, "8KQ": 0.9123333333333333, "48Q": 0.8696666666666667, "78Q": 0.8203333333333334, "8QQ": 0.961, "6AQ": 0.8216666666666667, "AKQ": 0.8636666666666667, "AAQ": 0.891, "4AQ": 0.8336666666666667, "7AQ": 0.8236666666666667, "AQQ": 0.9676666666666667, "66Q": 0.8573333333333333, "6KQ": 0.9213333333333333, "46Q": 0.84, "67Q": 0.8336666666666667, "6QQ": 0.963, "KKQ": 0.9996666666666667, "4KQ": 0.9326666666666666, "7KQ": 0.9236666666666666, "KQQ": 0.997, "47Q": 0.8576666666666667, "4QQ": 0.975, "44Q": 0.865, "7QQ": 0.9443333333333334, "77Q": 0.8613333333333333, "QQQ": 1.0, "25J": 0.4866666666666667, "5JT": 0.6206666666666667, "35J": 0.47433333333333333, "59J": 0.528, "58J": 0.43466666666666665, "5AJ": 0.589, "56J": 0.4633333333333333, "5JK": 0.842, "55J": 0.5606666666666666, "5JJ": 0.5733333333333334, "45J": 0.482, "57J": 0.445, "2JT": 0.64, "23J": 0.499, "29J": 0.5716666666666667, "28J": 0.486, "2AJ": 0.6256666666666667, "26J": 0.5013333333333333, "2JK": 0.88, "22J": 0.5403333333333333, "2JJ": 0.5766666666666667, "24J": 0.501, "27J": 0.47733333333333333, "3JT": 0.6133333333333333, "9JT": 0.941, "8JT": 0.5993333333333334, "AJT": 0.9353333333333333, "6JT": 0.636, "JKT": 0.8506666666666667, "JJT": 0.6663333333333333, "4JT": 0.633, "7JT": 0.624, "JTT": 0.676, "39J": 0.532, "38J": 0.47, "33J": 0.553, "3AJ": 0.5933333333333334, "36J": 0.48333333333333334, "3JK": 0.8483333333333334, "3JJ": 0.5766666666666667, "34J": 0.465, "37J": 0.4806666666666667, "89J": 0.507, "9AJ": 0.5733333333333334, "69J": 0.552, "9JK": 0.835, "9JJ": 0.626, "49J": 0.5713333333333334, "79J": 0.5293333333333333, "99J": 0.6223333333333333, "88J": 0.578, "8AJ": 0.5893333333333334, "68J": 0.463, "8JK": 0.8316666666666667, "8JJ": 0.5653333333333334, "48J": 0.4756666666666667, "78J": 0.42766666666666664, "6AJ": 0.61, "AJK": 0.8026666666666666, "AAJ": 0.692, "AJJ": 0.6876666666666666, "4AJ": 0.6213333333333333, "7AJ": 0.5843333333333334, "66J": 0.536, "6JK": 0.8716666666666667, "6JJ": 0.572, "46J": 0.48133333333333334, "67J": 0.457, "JKK": 0.9493333333333334, "JJK": 0.87, "4JK": 0.8733333333333333, "7JK": 0.8456666666666667, "4JJ": 0.567, "JJJ": 0.665, "7JJ": 0.5466666666666666, "47J": 0.47533333333333333, "44J": 0.5726666666666667, "77J": 0.5416666666666666, "25T": 0.4593333333333333, "235": 0.43566666666666665, "259": 0.47333333333333333, "258": 0.425, "25A": 0.5313333333333333, "256": 0.4236666666666667, "25K": 0.841, "255": 0.54, "225": 0.554, "245": 0.466, "257": 0.45566666666666666, "35T": 0.396, "59T": 0.478, "58T": 0.3963333333333333, "5AT": 0.5146666666666667, "56T": 0.43733333333333335, "5KT": 0.7426666666666667, "55T": 0.5513333333333333, "45T": 0.4686666666666667, "57T": 0.434, "5TT": 0.5503333333333333, "359": 0.394, "358": 0.379, "335": 0.49866666666666665, "35A": 0.42766666666666664, "356": 0.4033333333333333, "35K": 0.727, "355": 0.519, "345": 0.4146666666666667, "357": 0.412, "589": 0.36866666666666664, "59A": 0.439, "569": 0.42533333333333334, "59K": 0.7233333333333334, "559": 0.5176666666666667, "459": 0.435, "579": 0.4196666666666667, "599": 0.5346666666666666, "588": 0.5166666666666667, "58A": 0.44866666666666666, "568": 0.399, "58K": 0.736, "558": 0.5166666666666667, "458": 0.42633333333333334, "578": 0.386, "56A": 0.49433333333333335, "5AK": 0.6973333333333334, "55A": 0.577, "5AA": 0.6136666666666667, "45A": 0.504, "57A": 0.49166666666666664, "566": 0.5373333333333333, "56K": 0.8083333333333333, "556": 0.5416666666666666, "456": 0.39, "567": 0.386, "5KK": 0.9493333333333334, "55K": 0.84, "45K": 0.8303333333333334, "57K": 0.808, "455": 0.529, "557": 0.5276666666666666, "555": 0.6556666666666666, "457": 0.42133333333333334, "445": 0.5076666666666667, "577": 0.5306666666666666, "23T": 0.475, "29T": 0.544, "28T": 0.4513333333333333, "2AT": 0.579, "26T": 0.4856666666666667, "2KT": 0.8426666666666667, "22T": 0.545, "24T": 0.5153333333333333, "27T": 0.479, "2TT": 0.5856666666666667, "239": 0.4676666666666667, "238": 0.4633333333333333, "233": 0.543, "23A": 0.5163333333333333, "236": 0.44433333333333336, "23K": 0.8343333333333334, "223": 0.5433333333333333, "234": 0.468, "237": 0.479, "289": 0.434, "29A": 0.52, "269": 0.459, "29K": 0.8546666666666667, "229": 0.5533333333333333, "249": 0.481, "279": 0.4786666666666667, "299": 0.5606666666666666, "288": 0.558, "28A": 0.5186666666666667, "268": 0.44033333333333335, "28K": 0.844, "228": 0.5466666666666666, "248": 0.481, "278": 0.471, "26A": 0.5316666666666666, "2AK": 0.8193333333333334, "2AA": 0.647, "22A": 0.6223333333333333, "24A": 0.5466666666666666, "27A": 0.5396666666666666, "266": 0.5463333333333333, "26K": 0.8573333333333333, "226": 0.535, "246": 0.4646666666666667, "267": 0.4646666666666667, "2KK": 0.977, "22K": 0.861, "24K": 0.87, "27K": 0.872, "222": 0.6363333333333333, "224": 0.5396666666666666, "227": 0.53, "247": 0.49133333333333334, "244": 0.576, "277": 0.573, "39T": 0.48966666666666664, "38T": 0.4033333333333333, "33T": 0.5333333333333333, "3AT": 0.5143333333333333, "36T": 0.44566666666666666, "3KT": 0.7486666666666667, "34T": 0.46, "37T": 0.45066666666666666, "3TT": 0.5476666666666666, "89T": 0.43066666666666664, "9AT": 0.49966666666666665, "69T": 0.5046666666666667, "9KT": 0.724, "49T": 0.547, "79T": 0.5026666666666667, "9TT": 0.61, "99T": 0.5816666666666667, "88T": 0.5323333333333333, "8AT": 0.5003333333333333, "68T": 0.431, "8KT": 0.722, "48T": 0.45, "78T": 0.434, "8TT": 0.5333333333333333, "6AT": 0.5786666666666667, "AKT": 0.7006666666666667, "AAT": 0.6676666666666666, "4AT": 0.5856666666666667, "7AT": 0.574, "ATT": 0.6286666666666667, "66T": 0.5643333333333334, "6KT": 0.844, "46T": 0.4573333333333333, "67T": 0.4563333333333333, "6TT": 0.5523333333333333, "KKT": 0.9496666666666667, "4KT": 0.84, "7KT": 0.8126666666666666, "KTT": 0.8423333333333334, "47T": 0.471, "4TT": 0.5893333333333334, "44T": 0.5583333333333333, "77T": 0.5566666666666666, "7TT": 0.5533333333333333, "TTT": 0.661, "389": 0.37833333333333335, "339": 0.5443333333333333, "39A": 0.46266666666666667, "369": 0.44966666666666666, "39K": 0.727, "349": 0.4713333333333333, "379": 0.43433333333333335, "399": 0.5253333333333333, "338": 0.528, "388": 0.5443333333333333, "38A": 0.452, "368": 0.421, "38K": 0.7446666666666667, "348": 0.44566666666666666, "378": 0.447, "33A": 0.5853333333333334, "336": 0.5296666666666666, "33K": 0.8403333333333334, "333": 0.65, "334": 0.543, "337": 0.5326666666666666, "36A": 0.5173333333333333, "3AK": 0.7093333333333334, "3AA": 0.6286666666666667,