{"3KQ": 0.16666666666666666, "KQT": 0.185, "4KQ": 0.228, "KKQ": 0.20533333333333334, "2KQ": 0.19666666666666666, "6KQ": 0.586, "8KQ": 0.20933333333333334, "9KQ": 0.19833333333333333, "7KQ": 0.243, "KQQ": 0.21666666666666667, "JKQ": 0.18233333333333332, "5KQ": 0.4646666666666667, "AKQ": 0.15533333333333332, "3KT": 0.20233333333333334, "34K": 0.429, "3KK": 0.24233333333333335, "23K": 0.30333333333333334, "36K": 0.6716666666666666, "38K": 0.21366666666666667, "39K": 0.225, "33K": 0.21666666666666667, "37K": 0.33466666666666667, "3JK": 0.21433333333333332, "35K": 0.537, "3AK": 0.16433333333333333, "4KT": 0.24733333333333332, "KKT": 0.214, "2KT": 0.18966666666666668, "6KT": 0.5743333333333334, "8KT": 0.21833333333333332, "9KT": 0.2, "7KT": 0.24866666666666667, "JKT": 0.204, "5KT": 0.5683333333333334, "KTT": 0.21433333333333332, "AKT": 0.19233333333333333, "4KK": 0.261, "24K": 0.323, "46K": 0.6693333333333333, "48K": 0.3363333333333333, "49K": 0.24233333333333335, "44K": 0.246, "47K": 0.443, "4JK": 0.24, "45K": 0.626, "4AK": 0.22433333333333333, "2KK": 0.22433333333333333, "6KK": 0.649, "8KK": 0.24366666666666667, "9KK": 0.22033333333333333, "KKK": 0.2643333333333333, "7KK": 0.25866666666666666, "JKK": 0.22933333333333333, "5KK": 0.6506666666666666, "AKK": 0.20433333333333334, "26K": 0.6663333333333333, "28K": 0.223, "29K": 0.199, "22K": 0.19866666666666666, "27K": 0.228, "2JK": 0.20233333333333334, "25K": 0.6336666666666667, "2AK": 0.19266666666666668, "68K": 0.6113333333333333, "69K": 0.6076666666666667, "67K": 0.606, "6JK": 0.605, "56K": 0.834, "6AK": 0.586, "66K": 0.9366666666666666, "89K": 0.33866666666666667, "78K": 0.443, "8JK": 0.217, "88K": 0.23366666666666666, "58K": 0.5806666666666667, "8AK": 0.22766666666666666, "79K": 0.3353333333333333, "99K": 0.242, "9JK": 0.21166666666666667, "59K": 0.592, "9AK": 0.19966666666666666, "7JK": 0.25466666666666665, "57K": 0.5983333333333334, "7AK": 0.244, "77K": 0.261, "5JK": 0.5843333333333334, "AJK": 0.17866666666666667, "JJK": 0.241, "55K": 0.9273333333333333, "5AK": 0.48033333333333333, "AAK": 0.19566666666666666, "3QT": 0.21033333333333334, "34Q": 0.454, "23Q": 0.30933333333333335, "36Q": 0.6303333333333333, "38Q": 0.219, "39Q": 0.21666666666666667, "33Q": 0.22133333333333333, "37Q": 0.323, "3QQ": 0.22566666666666665, "3JQ": 0.211, "35Q": 0.5346666666666666, "3AQ": 0.16433333333333333, "4QT": 0.241, "2QT": 0.197, "6QT": 0.588, "8QT": 0.232, "9QT": 0.18766666666666668, "7QT": 0.23366666666666666, "QQT": 0.21766666666666667, "JQT": 0.199, "5QT": 0.5626666666666666, "QTT": 0.231, "AQT": 0.18833333333333332, "24Q": 0.32566666666666666, "46Q": 0.658, "48Q": 0.32866666666666666, "49Q": 0.24, "44Q": 0.23966666666666667, "47Q": 0.43533333333333335, "4QQ": 0.25833333333333336, "4JQ": 0.25166666666666665, "45Q": 0.6406666666666667, "4AQ": 0.22, "26Q": 0.6626666666666666, "28Q": 0.23766666666666666, "29Q": 0.21333333333333335, "22Q": 0.193, "27Q": 0.229, "2QQ": 0.24433333333333335, "2JQ": 0.197, "25Q": 0.6256666666666667, "2AQ": 0.19966666666666666, "68Q": 0.5976666666666667, "69Q": 0.579, "67Q": 0.622, "6QQ": 0.6606666666666666, "6JQ": 0.596, "56Q": 0.832, "6AQ": 0.5873333333333334, "66Q": 0.9356666666666666, "89Q": 0.31233333333333335, "78Q": 0.45166666666666666, "8QQ": 0.2803333333333333, "8JQ": 0.22866666666666666, "88Q": 0.23733333333333334, "58Q": 0.586, "8AQ": 0.205, "79Q": 0.3333333333333333, "99Q": 0.21733333333333332, "9QQ": 0.21966666666666668, "9JQ": 0.19233333333333333, "59Q": 0.577, "9AQ": 0.20866666666666667, "7QQ": 0.26566666666666666, "7JQ": 0.245, "57Q": 0.5876666666666667, "7AQ": 0.23, "77Q": 0.263, "JQQ": 0.22733333333333333, "5QQ": 0.637, "QQQ": 0.251, "AQQ": 0.207, "5JQ": 0.55, "AJQ": 0.18233333333333332, "JJQ": 0.21866666666666668, "55Q": 0.9116666666666666, "5AQ": 0.4876666666666667, "AAQ": 0.209, "34T": 0.46066666666666667, "23T": 0.32466666666666666, "36T": 0.6573333333333333, "38T": 0.227, "39T": 0.21566666666666667, "33T": 0.23433333333333334, "37T": 0.3406666666666667, "3JT": 0.23166666666666666, "35T": 0.633, "3TT": 0.258, "3AT": 0.22, "234": 0.9456666666666667, "346": 0.7146666666666667, "348": 0.4553333333333333, "349": 0.44633333333333336, "344": 0.42433333333333334, "334": 0.42866666666666664, "347": 0.937, "34J": 0.447, "345": 0.719, "34A": 0.42966666666666664, "236": 0.711, "238": 0.3416666666666667, "239": 0.323, "233": 0.31766666666666665, "223": 0.31433333333333335, "237": 0.31666666666666665, "23J": 0.32233333333333336, "235": 0.6833333333333333, "23A": 0.3313333333333333, "368": 0.64, "369": 0.644, "336": 0.678, "367": 0.6403333333333333, "36J": 0.648, "356": 0.7726666666666666, "36A": 0.6536666666666666, "366": 0.9513333333333334, "389": 0.31933333333333336, "338": 0.22966666666666666, "378": 0.43233333333333335, "38J": 0.233, "388": 0.26466666666666666, "358": 0.6216666666666667, "38A": 0.22766666666666666, "339": 0.21566666666666667, "379": 0.42, "399": 0.2673333333333333, "39J": 0.22166666666666668, "359": 0.637, "39A": 0.214, "337": 0.3273333333333333, "33J": 0.223, "335": 0.6413333333333333, "33A": 0.215, "333": 0.239, "37J": 0.3406666666666667, "357": 0.6543333333333333, "37A": 0.32, "377": 0.35933333333333334, "35J": 0.6313333333333333, "3AJ": 0.20366666666666666, "3JJ": 0.25433333333333336, "355": 0.9316666666666666, "35A": 0.5266666666666666, "3AA": 0.23466666666666666, "24T": 0.35833333333333334, "46T": 0.6446666666666667, "48T": 0.322, "49T": 0.24433333333333335, "44T": 0.25333333333333335, "47T": 0.44166666666666665, "4JT": 0.367, "45T": 0.6593333333333333, "4TT": 0.2843333333333333, "4AT": 0.247, "26T": 0.6473333333333333, "28T": 0.20466666666666666, "29T": 0.21233333333333335, "22T": 0.20333333333333334, "27T": 0.20066666666666666, "2JT": 0.21833333333333332, "25T": 0.662, "2TT": 0.22433333333333333, "2AT": 0.20633333333333334, "68T": 0.5536666666666666, "69T": 0.5543333333333333, "67T": 0.5783333333333334, "6JT": 0.6113333333333333, "56T": 0.8366666666666667, "6TT": 0.6456666666666667, "6AT": 0.601, "66T": 0.9116666666666666, "89T": 0.2663333333333333, "78T": 0.377, "8JT": 0.23333333333333334, "88T": 0.231, "58T": 0.6093333333333333, "8TT": 0.264, "8AT": 0.23033333333333333, "79T": 0.2723333333333333, "99T": 0.22333333333333333, "9JT": 0.19966666666666666, "59T": 0.599, "9TT": 0.22, "9AT": 0.215, "7JT": 0.259, "57T": 0.5913333333333334, "7TT": 0.254, "7AT": 0.23133333333333334, "77T": 0.2613333333333333, "5JT": 0.5756666666666667, "JTT": 0.24366666666666667, "AJT": 0.22166666666666668, "JJT": 0.22233333333333333, "5TT": 0.6543333333333333, "55T": 0.9396666666666667, "5AT": 0.58, "ATT": 0.249, "TTT": 0.25733333333333336, "AAT": 0.23633333333333334, "246": 0.7153333333333334, "248": 0.44366666666666665, "249": 0.31766666666666665, "244": 0.328, "224": 0.3233333333333333, "247": 0.435, "24J": 0.348, "245": 0.7023333333333334, "24A": 0.33266666666666667, "468": 0.6713333333333333, "469": 0.6436666666666667, "446": 0.6616666666666666, "467": 0.6763333333333333, "46J": 0.6473333333333333, "456": 0.7446666666666667, "46A": 0.674, "466": 0.9303333333333333, "489": 0.32466666666666666, "448": 0.33866666666666667, "478": 0.9276666666666666, "48J": 0.3343333333333333, "488": 0.3516666666666667, "458": 0.6633333333333333, "48A": 0.3373333333333333, "449": 0.231, "479": 0.42933333333333334, "499": 0.255, "49J": 0.24733333333333332, "459": 0.6536666666666666, "49A": 0.23333333333333334, "444": 0.24966666666666668, "447": 0.4256666666666667, "44J": 0.25533333333333336, "445": 0.6666666666666666, "44A": 0.244, "47J": 0.45466666666666666, "457": 0.6733333333333333, "47A": 0.45866666666666667, "477": 0.4573333333333333, "45J": 0.6653333333333333, "4AJ": 0.24333333333333335, "4JJ": 0.2753333333333333, "455": 0.9436666666666667, "45A": 0.6406666666666667, "4AA": 0.2673333333333333, "268": 0.648, "269": 0.6306666666666667, "226": 0.6766666666666666, "267": 0.6333333333333333, "26J": 0.6716666666666666, "256": 0.8446666666666667, "26A": 0.6533333333333333,