{"8AJ": 0.335, "3AJ": 0.32166666666666666, "AJQ": 0.432, "AJT": 0.6003333333333334, "7AJ": 0.3353333333333333, "AJJ": 0.41833333333333333, "4AJ": 0.321, "5AJ": 0.6146666666666667, "9AJ": 0.3343333333333333, "AJK": 0.43366666666666664, "2AJ": 0.331, "6AJ": 0.314, "AAJ": 0.38666666666666666, "38J": 0.299, "8JQ": 0.41633333333333333, "8JT": 0.6386666666666667, "78J": 0.37833333333333335, "8JJ": 0.381, "48J": 0.298, "58J": 0.609, "89J": 0.4563333333333333, "8JK": 0.35033333333333333, "28J": 0.2996666666666667, "68J": 0.2926666666666667, "88J": 0.3486666666666667, "3JQ": 0.36033333333333334, "3JT": 0.697, "37J": 0.31033333333333335, "3JJ": 0.37866666666666665, "34J": 0.30633333333333335, "35J": 0.6726666666666666, "39J": 0.325, "33J": 0.35333333333333333, "3JK": 0.3586666666666667, "23J": 0.296, "36J": 0.309, "JQT": 0.568, "7JQ": 0.3383333333333333, "JJQ": 0.4216666666666667, "4JQ": 0.3506666666666667, "5JQ": 0.6296666666666667, "JQQ": 0.434, "9JQ": 0.5046666666666667, "JKQ": 0.5366666666666666, "2JQ": 0.35933333333333334, "6JQ": 0.36633333333333334, "7JT": 0.6636666666666666, "JJT": 0.7253333333333334, "4JT": 0.7003333333333334, "JTT": 0.9066666666666666, "5JT": 0.8593333333333333, "9JT": 0.6153333333333333, "JKT": 0.5916666666666667, "2JT": 0.7086666666666667, "6JT": 0.7076666666666667, "7JJ": 0.364, "77J": 0.3626666666666667, "47J": 0.31266666666666665, "57J": 0.6003333333333334, "79J": 0.3883333333333333, "7JK": 0.358, "27J": 0.29633333333333334, "67J": 0.2916666666666667, "4JJ": 0.37033333333333335, "5JJ": 0.6746666666666666, "9JJ": 0.38766666666666666, "JJK": 0.4196666666666667, "2JJ": 0.3536666666666667, "6JJ": 0.34833333333333333, "JJJ": 0.456, "45J": 0.667, "49J": 0.345, "4JK": 0.36833333333333335, "44J": 0.3586666666666667, "24J": 0.323, "46J": 0.32366666666666666, "59J": 0.6076666666666667, "5JK": 0.639, "25J": 0.648, "56J": 0.5836666666666667, "55J": 0.9223333333333333, "9JK": 0.44266666666666665, "99J": 0.36133333333333334, "29J": 0.32266666666666666, "69J": 0.303, "2JK": 0.36233333333333334, "6JK": 0.35, "JKK": 0.42766666666666664, "26J": 0.301, "22J": 0.3323333333333333, "66J": 0.323, "38A": 0.294, "8AQ": 0.3383333333333333, "8AT": 0.7073333333333334, "78A": 0.30966666666666665, "48A": 0.289, "58A": 0.5996666666666667, "89A": 0.30666666666666664, "8AK": 0.3373333333333333, "28A": 0.27666666666666667, "68A": 0.2926666666666667, "88A": 0.3283333333333333, "8AA": 0.3476666666666667, "3AQ": 0.351, "3AT": 0.7406666666666667, "37A": 0.30933333333333335, "34A": 0.313, "35A": 0.6693333333333333, "39A": 0.30766666666666664, "33A": 0.3393333333333333, "3AK": 0.3456666666666667, "23A": 0.29533333333333334, "36A": 0.31566666666666665, "3AA": 0.38066666666666665, "AQT": 0.6336666666666667, "7AQ": 0.32766666666666666, "4AQ": 0.35533333333333333, "5AQ": 0.654, "AQQ": 0.415, "9AQ": 0.3453333333333333, "AKQ": 0.47, "2AQ": 0.347, "6AQ": 0.325, "AAQ": 0.409, "7AT": 0.7166666666666667, "4AT": 0.7383333333333333, "ATT": 0.9306666666666666, "5AT": 0.8926666666666667, "9AT": 0.6956666666666667, "AKT": 0.6336666666666667, "2AT": 0.736, "6AT": 0.7213333333333334, "AAT": 0.7603333333333333, "77A": 0.34833333333333333, "47A": 0.3323333333333333, "57A": 0.575, "79A": 0.31133333333333335, "7AK": 0.344, "27A": 0.30933333333333335, "67A": 0.2816666666666667, "7AA": 0.355, "45A": 0.682, "49A": 0.32366666666666666, "4AK": 0.367, "44A": 0.3606666666666667, "24A": 0.2976666666666667, "46A": 0.31633333333333336, "4AA": 0.38333333333333336, "59A": 0.6133333333333333, "5AK": 0.6436666666666667, "25A": 0.6753333333333333, "56A": 0.567, "5AA": 0.6633333333333333, "55A": 0.9286666666666666, "9AK": 0.36, "99A": 0.3396666666666667, "29A": 0.297, "69A": 0.303, "9AA": 0.36633333333333334, "2AK": 0.3403333333333333, "6AK": 0.3406666666666667, "AAK": 0.42, "AKK": 0.43166666666666664, "26A": 0.30333333333333334, "22A": 0.3446666666666667, "2AA": 0.36233333333333334, "66A": 0.335, "6AA": 0.35033333333333333, "AAA": 0.43566666666666665, "38Q": 0.308, "38T": 0.766, "378": 0.2743333333333333, "348": 0.2806666666666667, "358": 0.6316666666666667, "389": 0.2786666666666667, "338": 0.305, "38K": 0.288, "238": 0.24866666666666667, "368": 0.26466666666666666, "388": 0.3233333333333333, "8QT": 0.6726666666666666, "78Q": 0.31233333333333335, "48Q": 0.3293333333333333, "58Q": 0.594, "8QQ": 0.35133333333333333, "89Q": 0.3983333333333333, "8KQ": 0.36433333333333334, "28Q": 0.289, "68Q": 0.3, "88Q": 0.36666666666666664, "78T": 0.667, "48T": 0.753, "8TT": 0.895, "58T": 0.8496666666666667, "89T": 0.6623333333333333, "8KT": 0.7086666666666667, "28T": 0.7336666666666667, "68T": 0.6953333333333334, "88T": 0.744, "778": 0.3253333333333333, "478": 0.354, "578": 0.4583333333333333, "789": 0.427, "78K": 0.2956666666666667, "278": 0.232, "678": 0.344, "788": 0.331, "458": 0.59, "489": 0.29633333333333334, "48K": 0.3363333333333333, "448": 0.304, "248": 0.2683333333333333, "468": 0.3576666666666667, "488": 0.333, "589": 0.6053333333333333, "58K": 0.5993333333333334, "258": 0.5536666666666666, "568": 0.442, "588": 0.6426666666666667, "558": 0.8986666666666666, "89K": 0.33066666666666666, "899": 0.325, "289": 0.275, "689": 0.3406666666666667, "889": 0.33466666666666667, "28K": 0.29233333333333333, "68K": 0.30533333333333335, "88K": 0.3443333333333333, "8KK": 0.37966666666666665, "268": 0.208, "228": 0.3, "288": 0.3243333333333333, "668": 0.30666666666666664, "688": 0.311, "888": 0.4026666666666667, "3QT": 0.719, "37Q": 0.303, "34Q": 0.335, "35Q": 0.6583333333333333, "3QQ": 0.373, "39Q": 0.3383333333333333, "33Q": 0.36566666666666664, "3KQ": 0.3546666666666667, "23Q": 0.315, "36Q": 0.2906666666666667, "37T": 0.7556666666666667, "34T": 0.7786666666666666, "3TT": 0.9456666666666667, "35T": 0.8883333333333333, "39T": 0.739, "33T": 0.769, "3KT": 0.714, "23T": 0.7766666666666666, "36T": 0.7623333333333333, "377": 0.33666666666666667, "347": 0.36666666666666664, "357": 0.599, "379": 0.277, "337": 0.32866666666666666, "37K": 0.306, "237": 0.25866666666666666, "367": 0.338, "345": 0.6383333333333333, "349": 0.2946666666666667, "334": 0.32766666666666666, "34K": 0.3273333333333333, "344": 0.35133333333333333, "234": 0.3526666666666667, "346": 0.459, "359": 0.6733333333333333, "335": 0.691, "35K": 0.6596666666666666, "235": 0.6536666666666666, "356": 0.5613333333333334, "355": 0.9433333333333334, "339": 0.33366666666666667, "39K": 0.31566666666666665, "399": 0.33266666666666667, "239": 0.27166666666666667, "369": 0.277, "33K": 0.35833333333333334, "233": 0.321, "336": 0.3263333333333333, "333": 0.388, "23K": 0.30133333333333334, "36K": 0.316, "3KK": 0.3923333333333333, "236": 0.361, "223": 0.30266666666666664, "366": 0.327, "7QT": 0.6783333333333333, "4QT": 0.7076666666666667, "QTT": 0.9073333333333333, "5QT": 0.8743333333333333, "QQT": 0.7446666666666667, "9QT": 0.6486666666666666, "KQT": 0.607, "2QT": 0.7166666666666667, "6QT": 0.7236666666666667, "77Q": 0.35433333333333333, "47Q": 0.331, "57Q": 0.5793333333333334, "7QQ": 0.36466666666666664, "79Q": 0.337, "7KQ": 0.353, "27Q": 0.298, "67Q": 0.285, "45Q": 0.656, "4QQ": 0.39, "49Q": 0.4766666666666667, "4KQ": 0.519, "44Q": 0.354, "24Q": 0.3353333333333333, "46Q": 0.3243333333333333, "5QQ": 0.6786666666666666, "59Q": 0.627, "5KQ": 0.6466666666666666, "25Q": 0.6543333333333333, "56Q": 0.5806666666666667, "55Q": 0.9516666666666667, "9QQ": 0.3913333333333333, "KQQ": 0.448, "QQQ": 0.45066666666666666, "2QQ": 0.3546666666666667, "6QQ": 0.355, "9KQ": 0.537, "99Q": 0.3893333333333333, "29Q": 0.336, "69Q": 0.3453333333333333, "2KQ": 0.37933333333333336, "6KQ": 0.36466666666666664, "KKQ": 0.436, "26Q": 0.28833333333333333, "22Q": 0.3536666666666667, "66Q": 0.3413333333333333, "77T": 0.74, "47T": 0.766, "7TT": 0.902, "57T": 0.8503333333333334, "79T": 0.68, "7KT": 0.7066666666666667, "27T": 0.759, "67T": 0.7083333333333334, "4TT": 0.947, "45T": 0.8906666666666667, "49T": 0.7326666666666667, "4KT": 0.7146666666666667, "44T": 0.7593333333333333, "24T": 0.778, "46T": 0.7626666666666667,