{"AKQ": 0.49933333333333335, "8KQ": 0.4096666666666667, "JKQ": 0.607, "4KQ": 0.39966666666666667, "5KQ": 0.39566666666666667, "2KQ": 0.393, "KQQ": 0.49033333333333334, "3KQ": 0.6043333333333333, "KQT": 0.5313333333333333, "KKQ": 0.479, "9KQ": 0.45466666666666666, "6KQ": 0.39266666666666666, "7KQ": 0.37433333333333335, "8AQ": 0.38666666666666666, "AJQ": 0.6213333333333333, "4AQ": 0.39866666666666667, "5AQ": 0.37933333333333336, "2AQ": 0.401, "AQQ": 0.4696666666666667, "3AQ": 0.619, "AQT": 0.44666666666666666, "9AQ": 0.3993333333333333, "6AQ": 0.37333333333333335, "7AQ": 0.39266666666666666, "AAQ": 0.4653333333333333, "8JQ": 0.6846666666666666, "48Q": 0.36533333333333334, "58Q": 0.3396666666666667, "28Q": 0.338, "8QQ": 0.41233333333333333, "38Q": 0.6036666666666667, "8QT": 0.414, "88Q": 0.382, "89Q": 0.4083333333333333, "68Q": 0.325, "78Q": 0.33366666666666667, "4JQ": 0.728, "5JQ": 0.7386666666666667, "2JQ": 0.7256666666666667, "JQQ": 0.7563333333333333, "3JQ": 0.8776666666666667, "JQT": 0.6193333333333333, "JJQ": 0.9116666666666666, "9JQ": 0.6596666666666666, "6JQ": 0.7176666666666667, "7JQ": 0.721, "45Q": 0.33766666666666667, "24Q": 0.48433333333333334, "4QQ": 0.419, "34Q": 0.5903333333333334, "4QT": 0.362, "44Q": 0.39766666666666667, "49Q": 0.3566666666666667, "46Q": 0.3473333333333333, "47Q": 0.486, "25Q": 0.35333333333333333, "5QQ": 0.416, "55Q": 0.37733333333333335, "35Q": 0.5773333333333334, "5QT": 0.357, "59Q": 0.349, "56Q": 0.35433333333333333, "57Q": 0.333, "2QQ": 0.42133333333333334, "23Q": 0.6623333333333333, "2QT": 0.3596666666666667, "29Q": 0.35933333333333334, "26Q": 0.3496666666666667, "27Q": 0.498, "22Q": 0.396, "3QQ": 0.6683333333333333, "QQT": 0.426, "9QQ": 0.44233333333333336, "QQQ": 0.48233333333333334, "6QQ": 0.4156666666666667, "7QQ": 0.43133333333333335, "3QT": 0.6153333333333333, "33Q": 0.96, "39Q": 0.612, "36Q": 0.5853333333333334, "37Q": 0.5863333333333334, "QTT": 0.41433333333333333, "9QT": 0.49666666666666665, "6QT": 0.35033333333333333, "7QT": 0.36633333333333334, "69Q": 0.331, "99Q": 0.43, "79Q": 0.35633333333333334, "66Q": 0.395, "67Q": 0.34, "77Q": 0.39, "8AK": 0.3963333333333333, "AJK": 0.6193333333333333, "4AK": 0.37466666666666665, "5AK": 0.394, "2AK": 0.395, "3AK": 0.616, "AKT": 0.45666666666666667, "AKK": 0.4663333333333333, "9AK": 0.39366666666666666, "6AK": 0.374, "7AK": 0.37366666666666665, "AAK": 0.47, "8JK": 0.715, "48K": 0.346, "58K": 0.49633333333333335, "28K": 0.366, "38K": 0.6163333333333333, "8KT": 0.49066666666666664, "8KK": 0.411, "88K": 0.40066666666666667, "89K": 0.49533333333333335, "68K": 0.4806666666666667, "78K": 0.32866666666666666, "4JK": 0.7403333333333333, "5JK": 0.7353333333333333, "2JK": 0.7356666666666667, "3JK": 0.886, "JKT": 0.6493333333333333, "JKK": 0.77, "JJK": 0.9053333333333333, "9JK": 0.697, "6JK": 0.7143333333333334, "7JK": 0.716, "45K": 0.36666666666666664, "24K": 0.3606666666666667, "34K": 0.59, "4KT": 0.366, "44K": 0.3993333333333333, "4KK": 0.42033333333333334, "49K": 0.334, "46K": 0.338, "47K": 0.3473333333333333, "25K": 0.346, "55K": 0.4023333333333333, "35K": 0.5956666666666667, "5KT": 0.485, "5KK": 0.42333333333333334, "59K": 0.4826666666666667, "56K": 0.48233333333333334, "57K": 0.33666666666666667, "23K": 0.6513333333333333, "2KT": 0.36233333333333334, "2KK": 0.433, "29K": 0.35733333333333334, "26K": 0.357, "27K": 0.3416666666666667, "22K": 0.38133333333333336, "3KT": 0.6026666666666667, "3KK": 0.6646666666666666, "33K": 0.9626666666666667, "39K": 0.602, "36K": 0.5876666666666667, "37K": 0.6093333333333333, "KKT": 0.42633333333333334, "KTT": 0.41333333333333333, "9KT": 0.517, "6KT": 0.48833333333333334, "7KT": 0.358, "9KK": 0.4146666666666667, "KKK": 0.483, "6KK": 0.4256666666666667, "7KK": 0.4126666666666667, "69K": 0.47633333333333333, "99K": 0.426, "79K": 0.329, "66K": 0.401, "67K": 0.336, "77K": 0.382, "8AJ": 0.705, "48A": 0.31066666666666665, "58A": 0.32966666666666666, "28A": 0.306, "38A": 0.6086666666666667, "8AT": 0.36466666666666664, "88A": 0.38033333333333336, "89A": 0.3616666666666667, "68A": 0.312, "78A": 0.326, "8AA": 0.4186666666666667, "4AJ": 0.7156666666666667, "5AJ": 0.7036666666666667, "2AJ": 0.7133333333333334, "3AJ": 0.869, "AJT": 0.6526666666666666, "AJJ": 0.9083333333333333, "9AJ": 0.7076666666666667, "6AJ": 0.7166666666666667, "7AJ": 0.687, "AAJ": 0.731, "45A": 0.327, "24A": 0.342, "34A": 0.59, "4AT": 0.3233333333333333, "44A": 0.37133333333333335, "49A": 0.3426666666666667, "46A": 0.3393333333333333, "47A": 0.3566666666666667, "4AA": 0.4156666666666667, "25A": 0.333, "55A": 0.36966666666666664, "35A": 0.5846666666666667, "5AT": 0.35233333333333333, "59A": 0.35333333333333333, "56A": 0.332, "57A": 0.3423333333333333, "5AA": 0.3973333333333333, "23A": 0.654, "2AT": 0.32466666666666666, "29A": 0.3383333333333333, "26A": 0.32566666666666666, "27A": 0.3383333333333333, "22A": 0.3636666666666667, "2AA": 0.43866666666666665, "3AT": 0.6186666666666667, "33A": 0.9323333333333333, "39A": 0.6096666666666667, "36A": 0.5946666666666667, "37A": 0.5906666666666667, "3AA": 0.6706666666666666, "ATT": 0.4003333333333333, "9AT": 0.3546666666666667, "6AT": 0.3383333333333333, "7AT": 0.3293333333333333, "AAT": 0.43233333333333335, "69A": 0.32566666666666666, "99A": 0.3933333333333333, "79A": 0.3243333333333333, "9AA": 0.4206666666666667, "66A": 0.35533333333333333, "67A": 0.31466666666666665, "6AA": 0.412, "77A": 0.38766666666666666, "7AA": 0.419, "AAA": 0.4876666666666667, "48J": 0.7826666666666666, "58J": 0.7566666666666667, "28J": 0.7686666666666667, "38J": 0.893, "8JT": 0.689, "88J": 0.7473333333333333, "8JJ": 0.9126666666666666, "89J": 0.6833333333333333, "68J": 0.7416666666666667, "78J": 0.7216666666666667, "458": 0.277, "248": 0.30466666666666664, "348": 0.591, "48T": 0.303, "448": 0.3373333333333333, "488": 0.321, "489": 0.30666666666666664, "468": 0.28633333333333333, "478": 0.29433333333333334, "258": 0.299, "558": 0.33766666666666667, "358": 0.5706666666666667, "58T": 0.45566666666666666, "588": 0.35033333333333333, "589": 0.44433333333333336, "568": 0.405, "578": 0.274, "238": 0.641, "28T": 0.30266666666666664, "288": 0.362, "289": 0.30033333333333334, "268": 0.29133333333333333, "278": 0.30566666666666664, "228": 0.32466666666666666, "38T": 0.604, "388": 0.6283333333333333, "338": 0.9533333333333334, "389": 0.578, "368": 0.5513333333333333, "378": 0.5833333333333334, "88T": 0.37033333333333335, "8TT": 0.375, "89T": 0.537, "68T": 0.427, "78T": 0.37233333333333335, "889": 0.363, "688": 0.342, "888": 0.43033333333333335, "788": 0.333, "689": 0.429, "899": 0.36566666666666664, "789": 0.352, "668": 0.329, "678": 0.263, "778": 0.32766666666666666, "45J": 0.7866666666666666, "24J": 0.7816666666666666, "34J": 0.8986666666666666, "4JT": 0.7523333333333333, "44J": 0.737, "4JJ": 0.948, "49J": 0.7646666666666667, "46J": 0.7736666666666666, "47J": 0.7826666666666666, "25J": 0.7903333333333333, "55J": 0.7336666666666667, "35J": 0.9046666666666666, "5JT": 0.767, "5JJ": 0.9333333333333333, "59J": 0.7573333333333333, "56J": 0.77, "57J": 0.7783333333333333, "23J": 0.9276666666666666, "2JT": 0.7496666666666667, "2JJ": 0.945, "29J": 0.7686666666666667, "26J": 0.7876666666666666, "27J": 0.778, "22J": 0.7593333333333333, "3JT": 0.879, "33J": 0.9843333333333333, "3JJ": 0.987, "39J": 0.8896666666666667, "36J": 0.8916666666666667, "37J": 0.899, "JTT": 0.738, "JJT": 0.9013333333333333, "9JT": 0.6613333333333333, "6JT": 0.7586666666666667, "7JT": 0.736, "9JJ": 0.912, "6JJ": 0.9413333333333334, "7JJ": 0.9373333333333334, "JJJ": 0.9996666666666667, "69J": 0.749, "99J": 0.7406666666666667, "79J": 0.719, "66J": 0.7356666666666667, "67J": 0.7643333333333333, "77J": 0.7503333333333333, "245": 0.386, "455": 0.34, "345": 0.514, "45T": 0.317, "445": 0.3413333333333333, "459": 0.31733333333333336, "456": 0.436, "457": 0.35, "234": 0.6243333333333333, "24T": 0.31233333333333335, "244": 0.37033333333333335, "249": 0.30766666666666664, "246": 0.38466666666666666, "247": 0.4676666666666667,