{"6AK": 0.224, "AAK": 0.287, "AJK": 0.25566666666666665, "2AK": 0.23233333333333334, "5AK": 0.5106666666666667, "AKK": 0.2976666666666667, "AKT": 0.215, "7AK": 0.26, "9AK": 0.287, "3AK": 0.237, "8AK": 0.5266666666666666, "4AK": 0.25633333333333336, "AKQ": 0.27, "6JK": 0.24566666666666667, "26K": 0.24366666666666667, "66K": 0.2823333333333333, "56K": 0.49233333333333335, "6KK": 0.30833333333333335, "6KT": 0.215, "67K": 0.4593333333333333, "69K": 0.354, "36K": 0.248, "68K": 0.5896666666666667, "46K": 0.351, "6KQ": 0.263, "2JK": 0.24966666666666668, "5JK": 0.5906666666666667, "JKK": 0.3243333333333333, "JKT": 0.261, "7JK": 0.292, "9JK": 0.2976666666666667, "3JK": 0.25, "8JK": 0.6086666666666667, "JJK": 0.308, "4JK": 0.288, "JKQ": 0.28933333333333333, "25K": 0.648, "2KK": 0.27666666666666667, "2KT": 0.246, "27K": 0.25466666666666665, "29K": 0.251, "22K": 0.25633333333333336, "23K": 0.229, "28K": 0.686, "24K": 0.23666666666666666, "2KQ": 0.256, "5KK": 0.6623333333333333, "5KT": 0.48733333333333334, "57K": 0.5986666666666667, "59K": 0.5906666666666667, "35K": 0.634, "58K": 0.7353333333333333, "55K": 0.9206666666666666, "45K": 0.65, "5KQ": 0.5973333333333334, "KKT": 0.297, "7KK": 0.29733333333333334, "9KK": 0.319, "3KK": 0.27166666666666667, "8KK": 0.6973333333333334, "4KK": 0.322, "KKK": 0.345, "KKQ": 0.304, "7KT": 0.25766666666666665, "9KT": 0.26666666666666666, "3KT": 0.23633333333333334, "8KT": 0.49666666666666665, "KTT": 0.30233333333333334, "4KT": 0.25466666666666665, "KQT": 0.26866666666666666, "77K": 0.2866666666666667, "79K": 0.36866666666666664, "37K": 0.23766666666666666, "78K": 0.6536666666666666, "47K": 0.36133333333333334, "7KQ": 0.265, "99K": 0.326, "39K": 0.24066666666666667, "89K": 0.6126666666666667, "49K": 0.26033333333333336, "9KQ": 0.278, "38K": 0.6716666666666666, "33K": 0.244, "34K": 0.22033333333333333, "3KQ": 0.2653333333333333, "88K": 0.92, "48K": 0.6663333333333333, "8KQ": 0.6206666666666667, "4KQ": 0.278, "44K": 0.268, "KQQ": 0.2996666666666667, "6AA": 0.2866666666666667, "6AJ": 0.252, "26A": 0.23333333333333334, "66A": 0.27366666666666667, "56A": 0.48233333333333334, "6AT": 0.22566666666666665, "67A": 0.44766666666666666, "69A": 0.36333333333333334, "36A": 0.239, "68A": 0.5763333333333334, "46A": 0.33766666666666667, "6AQ": 0.24066666666666667, "AAJ": 0.30966666666666665, "2AA": 0.28, "AAA": 0.352, "5AA": 0.667, "AAT": 0.299, "7AA": 0.317, "9AA": 0.31133333333333335, "3AA": 0.29433333333333334, "8AA": 0.696, "4AA": 0.29333333333333333, "AAQ": 0.2936666666666667, "2AJ": 0.24633333333333332, "5AJ": 0.6013333333333334, "AJT": 0.2723333333333333, "7AJ": 0.2703333333333333, "9AJ": 0.29533333333333334, "3AJ": 0.24533333333333332, "8AJ": 0.6033333333333334, "AJJ": 0.311, "4AJ": 0.2773333333333333, "AJQ": 0.30133333333333334, "25A": 0.6383333333333333, "2AT": 0.24533333333333332, "27A": 0.24333333333333335, "29A": 0.25933333333333336, "22A": 0.241, "23A": 0.21966666666666668, "28A": 0.661, "24A": 0.23533333333333334, "2AQ": 0.24166666666666667, "5AT": 0.5086666666666667, "57A": 0.5876666666666667, "59A": 0.6053333333333333, "35A": 0.6543333333333333, "58A": 0.723, "55A": 0.9163333333333333, "45A": 0.6416666666666667, "5AQ": 0.5963333333333334, "7AT": 0.273, "9AT": 0.28833333333333333, "3AT": 0.23233333333333334, "8AT": 0.49966666666666665, "ATT": 0.2796666666666667, "4AT": 0.24266666666666667, "AQT": 0.271, "77A": 0.277, "79A": 0.387, "37A": 0.23533333333333334, "78A": 0.6576666666666666, "47A": 0.3403333333333333, "7AQ": 0.269, "99A": 0.309, "39A": 0.24666666666666667, "89A": 0.6043333333333333, "49A": 0.25866666666666666, "9AQ": 0.293, "38A": 0.694, "33A": 0.246, "34A": 0.22933333333333333, "3AQ": 0.25066666666666665, "88A": 0.9133333333333333, "48A": 0.6663333333333333, "8AQ": 0.6123333333333333, "4AQ": 0.28833333333333333, "44A": 0.2703333333333333, "AQQ": 0.32166666666666666, "26J": 0.2773333333333333, "66J": 0.2796666666666667, "56J": 0.5896666666666667, "6JT": 0.256, "67J": 0.47833333333333333, "69J": 0.37166666666666665, "36J": 0.246, "68J": 0.6566666666666666, "6JJ": 0.309, "46J": 0.38966666666666666, "6JQ": 0.29433333333333334, "266": 0.2633333333333333, "256": 0.593, "26T": 0.249, "267": 0.42966666666666664, "269": 0.35433333333333333, "226": 0.24466666666666667, "236": 0.31166666666666665, "268": 0.706, "246": 0.43433333333333335, "26Q": 0.25166666666666665, "566": 0.6203333333333333, "66T": 0.2816666666666667, "667": 0.4653333333333333, "669": 0.35933333333333334, "366": 0.27066666666666667, "668": 0.6776666666666666, "466": 0.36866666666666664, "666": 0.31066666666666665, "66Q": 0.2886666666666667, "56T": 0.49833333333333335, "567": 0.6066666666666667, "569": 0.603, "356": 0.5723333333333334, "568": 0.6616666666666666, "556": 0.907, "456": 0.6076666666666667, "56Q": 0.5906666666666667, "67T": 0.42433333333333334, "69T": 0.3406666666666667, "36T": 0.22566666666666665, "68T": 0.5306666666666666, "6TT": 0.2816666666666667, "46T": 0.3586666666666667, "6QT": 0.26266666666666666, "677": 0.45066666666666666, "679": 0.9093333333333333, "367": 0.44966666666666666, "678": 0.6866666666666666, "467": 0.938, "67Q": 0.44966666666666666, "699": 0.386, "369": 0.3373333333333333, "689": 0.6273333333333333, "469": 0.348, "69Q": 0.37433333333333335, "368": 0.699, "336": 0.25866666666666666, "346": 0.41633333333333333, "36Q": 0.249, "688": 0.9076666666666666, "468": 0.7076666666666667, "68Q": 0.6526666666666666, "46Q": 0.36966666666666664, "446": 0.3636666666666667, "6QQ": 0.30533333333333335, "25J": 0.6616666666666666, "2JT": 0.24933333333333332, "27J": 0.25566666666666665, "29J": 0.272, "22J": 0.261, "23J": 0.211, "28J": 0.682, "2JJ": 0.28, "24J": 0.25, "2JQ": 0.264, "5JT": 0.57, "57J": 0.617, "59J": 0.6136666666666667, "35J": 0.6516666666666666, "58J": 0.8273333333333334, "5JJ": 0.6786666666666666, "55J": 0.943, "45J": 0.672, "5JQ": 0.6146666666666667, "7JT": 0.351, "9JT": 0.404, "3JT": 0.2623333333333333, "8JT": 0.5303333333333333, "JJT": 0.30666666666666664, "JTT": 0.2916666666666667, "4JT": 0.27366666666666667, "JQT": 0.343, "77J": 0.293, "79J": 0.45166666666666666, "37J": 0.25866666666666666, "78J": 0.6486666666666666, "7JJ": 0.30466666666666664, "47J": 0.36933333333333335, "7JQ": 0.29933333333333334, "99J": 0.3486666666666667, "39J": 0.257, "89J": 0.5663333333333334, "9JJ": 0.32966666666666666, "49J": 0.286, "9JQ": 0.37266666666666665, "38J": 0.7056666666666667, "3JJ": 0.2773333333333333, "33J": 0.24233333333333335, "34J": 0.255, "3JQ": 0.278, "8JJ": 0.705, "88J": 0.914, "48J": 0.681, "8JQ": 0.602, "JJJ": 0.323, "4JJ": 0.321, "JJQ": 0.31833333333333336, "4JQ": 0.40166666666666667, "44J": 0.283, "JQQ": 0.32233333333333336, "25T": 0.6496666666666666, "257": 0.666, "259": 0.6373333333333333, "225": 0.6786666666666666, "235": 0.6333333333333333, "258": 0.867, "255": 0.924, "245": 0.6543333333333333, "25Q": 0.6516666666666666, "27T": 0.25166666666666665, "29T": 0.26033333333333336, "22T": 0.241, "23T": 0.23133333333333334, "28T": 0.644, "2TT": 0.2753333333333333, "24T": 0.23033333333333333, "2QT": 0.256, "277": 0.277, "279": 0.3456666666666667, "227": 0.26266666666666666, "237": 0.22233333333333333, "278": 0.7436666666666667, "247": 0.341, "27Q": 0.25533333333333336, "229": 0.25533333333333336, "299": 0.2826666666666667, "239": 0.18766666666666668, "289": 0.6543333333333333, "249": 0.245, "29Q": 0.247, "223": 0.23366666666666666, "228": 0.729, "224": 0.267, "22Q": 0.2713333333333333, "222": 0.27566666666666667, "238": 0.7256666666666667, "233": 0.23566666666666666, "234": 0.286, "23Q": 0.22166666666666668, "288": 0.9336666666666666, "248": 0.7476666666666667, "28Q": 0.7053333333333334, "24Q": 0.2703333333333333, "244": 0.257, "2QQ": 0.285, "57T": 0.595, "59T": 0.5886666666666667, "35T": 0.6426666666666667, "58T": 0.7236666666666667, "55T": 0.914, "5TT": 0.656, "45T": 0.6303333333333333, "5QT": 0.578, "577": 0.658, "579": 0.6623333333333333, "357": 0.6396666666666667, "578": 0.7706666666666667, "557": 0.9303333333333333,