{"8AJ": 0.9166666666666666, "5AJ": 0.861, "AJT": 0.8413333333333334, "4AJ": 0.8803333333333333, "3AJ": 0.8706666666666667, "AJJ": 0.8536666666666667, "2AJ": 0.8666666666666667, "AJQ": 0.8256666666666667, "AJK": 0.836, "6AJ": 0.862, "9AJ": 0.8773333333333333, "7AJ": 0.8646666666666667, "AAJ": 0.9546666666666667, "58A": 0.932, "8AT": 0.905, "48A": 0.9506666666666667, "38A": 0.95, "28A": 0.9423333333333334, "8AQ": 0.9343333333333333, "8AK": 0.933, "68A": 0.912, "89A": 0.9096666666666666, "88A": 0.9966666666666667, "78A": 0.918, "8AA": 0.9936666666666667, "5AT": 0.869, "45A": 0.86, "35A": 0.8693333333333333, "25A": 0.8706666666666667, "5AQ": 0.86, "55A": 0.8686666666666667, "5AK": 0.8543333333333333, "56A": 0.8516666666666667, "59A": 0.8776666666666667, "57A": 0.8713333333333333, "5AA": 0.9496666666666667, "ATT": 0.8573333333333333, "4AT": 0.8333333333333334, "3AT": 0.8686666666666667, "2AT": 0.8703333333333333, "AQT": 0.7926666666666666, "AKT": 0.8343333333333334, "6AT": 0.8746666666666667, "9AT": 0.8573333333333333, "7AT": 0.8646666666666667, "AAT": 0.9553333333333334, "34A": 0.8553333333333333, "24A": 0.8626666666666667, "4AQ": 0.8446666666666667, "4AK": 0.8633333333333333, "46A": 0.8553333333333333, "49A": 0.886, "44A": 0.8656666666666667, "47A": 0.873, "4AA": 0.9536666666666667, "33A": 0.863, "23A": 0.8616666666666667, "3AQ": 0.872, "3AK": 0.866, "36A": 0.8403333333333334, "39A": 0.8806666666666667, "37A": 0.8786666666666667, "3AA": 0.969, "2AQ": 0.8756666666666667, "2AK": 0.8686666666666667, "26A": 0.855, "22A": 0.8646666666666667, "29A": 0.8793333333333333, "27A": 0.8766666666666667, "2AA": 0.9666666666666667, "AKQ": 0.8313333333333334, "AQQ": 0.8576666666666667, "6AQ": 0.873, "9AQ": 0.8743333333333333, "7AQ": 0.8826666666666667, "AAQ": 0.9543333333333334, "6AK": 0.8633333333333333, "9AK": 0.8743333333333333, "7AK": 0.8743333333333333, "AKK": 0.856, "AAK": 0.962, "66A": 0.8703333333333333, "69A": 0.8713333333333333, "67A": 0.8666666666666667, "6AA": 0.9616666666666667, "79A": 0.836, "99A": 0.8733333333333333, "9AA": 0.9483333333333334, "77A": 0.872, "7AA": 0.934, "AAA": 1.0, "58J": 0.7306666666666667, "8JT": 0.6576666666666666, "48J": 0.7353333333333333, "38J": 0.8233333333333334, "8JJ": 0.7893333333333333, "28J": 0.8313333333333334, "8JQ": 0.6753333333333333, "8JK": 0.7966666666666666, "68J": 0.8123333333333334, "89J": 0.6446666666666667, "88J": 0.9363333333333334, "78J": 0.706, "5JT": 0.514, "45J": 0.5136666666666667, "35J": 0.5133333333333333, "5JJ": 0.595, "25J": 0.5143333333333333, "5JQ": 0.49133333333333334, "55J": 0.5846666666666667, "5JK": 0.522, "56J": 0.507, "59J": 0.5023333333333333, "57J": 0.517, "JTT": 0.6026666666666667, "4JT": 0.493, "3JT": 0.512, "JJT": 0.575, "2JT": 0.5333333333333333, "JQT": 0.595, "JKT": 0.567, "6JT": 0.5196666666666667, "9JT": 0.578, "7JT": 0.564, "34J": 0.5123333333333333, "4JJ": 0.58, "24J": 0.5143333333333333, "4JQ": 0.49766666666666665, "4JK": 0.5273333333333333, "46J": 0.5053333333333333, "49J": 0.496, "44J": 0.5706666666666667, "47J": 0.51, "33J": 0.5863333333333334, "3JJ": 0.6173333333333333, "23J": 0.6726666666666666, "3JQ": 0.5163333333333333, "3JK": 0.663, "36J": 0.684, "39J": 0.524, "37J": 0.5223333333333333, "2JJ": 0.598, "JJJ": 0.6863333333333334, "JJQ": 0.5736666666666667, "JJK": 0.6246666666666667, "6JJ": 0.6133333333333333, "9JJ": 0.5986666666666667, "7JJ": 0.6063333333333333, "2JQ": 0.5096666666666667, "2JK": 0.6836666666666666, "26J": 0.6646666666666666, "22J": 0.5896666666666667, "29J": 0.521, "27J": 0.5373333333333333, "JKQ": 0.562, "JQQ": 0.5936666666666667, "6JQ": 0.52, "9JQ": 0.5246666666666666, "7JQ": 0.501, "6JK": 0.6673333333333333, "9JK": 0.5103333333333333, "7JK": 0.5216666666666666, "JKK": 0.6113333333333333, "66J": 0.597, "69J": 0.531, "67J": 0.5116666666666667, "79J": 0.53, "99J": 0.576, "77J": 0.606, "58T": 0.7233333333333334, "458": 0.7453333333333333, "358": 0.7866666666666666, "258": 0.7833333333333333, "58Q": 0.7303333333333333, "558": 0.7676666666666667, "58K": 0.7496666666666667, "568": 0.7023333333333334, "589": 0.6743333333333333, "588": 0.9566666666666667, "578": 0.6773333333333333, "8TT": 0.7743333333333333, "48T": 0.7096666666666667, "38T": 0.74, "28T": 0.7406666666666667, "8QT": 0.6303333333333333, "8KT": 0.6983333333333334, "68T": 0.71, "89T": 0.6006666666666667, "88T": 0.9343333333333333, "78T": 0.6636666666666666, "348": 0.7903333333333333, "248": 0.789, "48Q": 0.72, "48K": 0.7263333333333334, "468": 0.7286666666666667, "489": 0.7106666666666667, "488": 0.9583333333333334, "448": 0.7653333333333333, "478": 0.7436666666666667, "338": 0.791, "238": 0.8593333333333333, "38Q": 0.763, "38K": 0.8313333333333334, "368": 0.8396666666666667, "389": 0.7236666666666667, "388": 0.9656666666666667, "378": 0.7776666666666666, "28Q": 0.7776666666666666, "28K": 0.8376666666666667, "268": 0.8356666666666667, "228": 0.8036666666666666, "289": 0.737, "288": 0.9676666666666667, "278": 0.778, "8KQ": 0.7033333333333334, "8QQ": 0.8013333333333333, "68Q": 0.7473333333333333, "89Q": 0.6223333333333333, "88Q": 0.9483333333333334, "78Q": 0.724, "68K": 0.8163333333333334, "89K": 0.6713333333333333, "88K": 0.948, "78K": 0.7356666666666667, "8KK": 0.811, "668": 0.762, "689": 0.6906666666666667, "688": 0.9373333333333334, "678": 0.6766666666666666, "889": 0.9066666666666666, "789": 0.612, "899": 0.7603333333333333, "788": 0.903, "888": 1.0, "778": 0.7563333333333333, "5TT": 0.589, "45T": 0.48333333333333334, "35T": 0.48, "25T": 0.4776666666666667, "5QT": 0.4756666666666667, "55T": 0.5553333333333333, "5KT": 0.5083333333333333, "56T": 0.48933333333333334, "59T": 0.5113333333333333, "57T": 0.509, "345": 0.446, "245": 0.471, "45Q": 0.474, "455": 0.55, "45K": 0.504, "456": 0.5146666666666667, "459": 0.496, "445": 0.572, "457": 0.5483333333333333, "335": 0.5726666666666667, "235": 0.502, "35Q": 0.4786666666666667, "355": 0.5583333333333333, "35K": 0.504, "356": 0.45766666666666667, "359": 0.49733333333333335, "357": 0.4886666666666667, "25Q": 0.5063333333333333, "255": 0.5766666666666667, "25K": 0.519, "256": 0.511, "225": 0.5836666666666667, "259": 0.517, "257": 0.5106666666666667, "55Q": 0.5723333333333334, "5KQ": 0.5056666666666667, "5QQ": 0.6116666666666667, "56Q": 0.5036666666666667, "59Q": 0.49233333333333335, "57Q": 0.5146666666666667, "55K": 0.583, "556": 0.5733333333333334, "559": 0.6026666666666667, "557": 0.5886666666666667, "555": 0.6946666666666667, "56K": 0.534, "59K": 0.5106666666666667, "57K": 0.5076666666666667, "5KK": 0.6033333333333334, "566": 0.5626666666666666, "569": 0.564, "567": 0.6053333333333333, "579": 0.559, "599": 0.611, "577": 0.5776666666666667, "4TT": 0.5813333333333334, "3TT": 0.599, "2TT": 0.6206666666666667, "QTT": 0.5796666666666667, "KTT": 0.6103333333333333, "6TT": 0.6126666666666667, "TTT": 0.7046666666666667, "9TT": 0.601, "7TT": 0.5883333333333334, "34T": 0.462, "24T": 0.4806666666666667, "4QT": 0.44, "4KT": 0.491, "46T": 0.473, "49T": 0.49333333333333335, "44T": 0.5733333333333334, "47T": 0.48966666666666664, "33T": 0.559, "23T": 0.509, "3QT": 0.48133333333333334, "3KT": 0.5133333333333333, "36T": 0.49933333333333335, "39T": 0.5173333333333333, "37T": 0.5033333333333333, "2QT": 0.48233333333333334, "2KT": 0.523, "26T": 0.5186666666666667, "22T": 0.5653333333333334, "29T": 0.5173333333333333, "27T": 0.5083333333333333, "KQT": 0.5186666666666667, "QQT": 0.5606666666666666, "6QT": 0.5096666666666667, "9QT": 0.5076666666666667, "7QT": 0.49466666666666664, "6KT": 0.5243333333333333, "9KT": 0.47533333333333333, "7KT": 0.519, "KKT": 0.5913333333333334, "66T": 0.564, "69T": 0.5606666666666666, "67T": 0.5526666666666666, "79T": 0.6176666666666667, "99T": 0.586, "77T": 0.5803333333333334, "334": 0.5423333333333333, "234": 0.478, "34Q": 0.4583333333333333, "34K": 0.5153333333333333, "346": 0.4716666666666667, "349": 0.4866666666666667, "344": 0.5676666666666667, "347": 0.487, "24Q": 0.48733333333333334, "24K": 0.527, "246": 0.489, "224": 0.546, "249": 0.511,