{"AKT": 0.7596666666666667, "7KT": 0.8236666666666667, "KQT": 0.7606666666666667, "4KT": 0.8436666666666667, "6KT": 0.8366666666666667, "5KT": 0.8416666666666667, "KTT": 0.837, "JKT": 0.7696666666666667, "8KT": 0.911, "KKT": 0.9383333333333334, "9KT": 0.8113333333333334, "2KT": 0.822, "3KT": 0.8443333333333334, "7AT": 0.5166666666666667, "AQT": 0.5673333333333334, "4AT": 0.513, "6AT": 0.5053333333333333, "5AT": 0.475, "ATT": 0.5823333333333334, "AAT": 0.602, "AJT": 0.58, "8AT": 0.688, "9AT": 0.49433333333333335, "2AT": 0.522, "3AT": 0.464, "7QT": 0.4676666666666667, "47T": 0.46366666666666667, "67T": 0.5196666666666667, "57T": 0.43033333333333335, "7TT": 0.5136666666666667, "7JT": 0.5153333333333333, "78T": 0.6673333333333333, "79T": 0.5793333333333334, "27T": 0.442, "37T": 0.4236666666666667, "77T": 0.5196666666666667, "4QT": 0.58, "6QT": 0.467, "5QT": 0.4676666666666667, "QTT": 0.55, "JQT": 0.6436666666666667, "8QT": 0.668, "9QT": 0.49766666666666665, "2QT": 0.463, "3QT": 0.4563333333333333, "QQT": 0.533, "46T": 0.458, "45T": 0.43133333333333335, "4TT": 0.5336666666666666, "4JT": 0.5806666666666667, "48T": 0.7123333333333334, "49T": 0.4693333333333333, "24T": 0.42833333333333334, "34T": 0.43533333333333335, "44T": 0.513, "56T": 0.42733333333333334, "6TT": 0.519, "6JT": 0.46366666666666667, "68T": 0.706, "69T": 0.53, "26T": 0.449, "36T": 0.42633333333333334, "66T": 0.5043333333333333, "5TT": 0.5156666666666667, "5JT": 0.4656666666666667, "55T": 0.5113333333333333, "58T": 0.7146666666666667, "59T": 0.43466666666666665, "25T": 0.4186666666666667, "35T": 0.4196666666666667, "JTT": 0.5576666666666666, "8TT": 0.7593333333333333, "9TT": 0.526, "2TT": 0.527, "3TT": 0.5013333333333333, "TTT": 0.62, "JJT": 0.542, "8JT": 0.655, "9JT": 0.57, "2JT": 0.4533333333333333, "3JT": 0.471, "89T": 0.6103333333333333, "28T": 0.7273333333333334, "38T": 0.7246666666666667, "88T": 0.936, "29T": 0.4756666666666667, "39T": 0.46166666666666667, "99T": 0.5286666666666666, "23T": 0.42966666666666664, "22T": 0.5016666666666667, "33T": 0.48533333333333334, "7AK": 0.7693333333333333, "AKQ": 0.77, "4AK": 0.805, "6AK": 0.802, "5AK": 0.771, "AAK": 0.8566666666666667, "AJK": 0.78, "8AK": 0.909, "AKK": 0.948, "9AK": 0.8043333333333333, "2AK": 0.7713333333333333, "3AK": 0.777, "7KQ": 0.8326666666666667, "47K": 0.8373333333333334, "67K": 0.8286666666666667, "57K": 0.8143333333333334, "7JK": 0.8473333333333334, "78K": 0.911, "7KK": 0.9603333333333334, "79K": 0.8293333333333334, "27K": 0.8366666666666667, "37K": 0.81, "77K": 0.8346666666666667, "4KQ": 0.8446666666666667, "6KQ": 0.847, "5KQ": 0.8363333333333334, "JKQ": 0.7766666666666666, "8KQ": 0.9206666666666666, "KKQ": 0.9403333333333334, "9KQ": 0.795, "2KQ": 0.8253333333333334, "3KQ": 0.8446666666666667, "KQQ": 0.831, "46K": 0.8436666666666667, "45K": 0.839, "4JK": 0.83, "48K": 0.9353333333333333, "4KK": 0.9523333333333334, "49K": 0.8673333333333333, "24K": 0.8193333333333334, "34K": 0.8336666666666667, "44K": 0.8376666666666667, "56K": 0.8316666666666667, "6JK": 0.842, "68K": 0.9076666666666666, "6KK": 0.962, "69K": 0.841, "26K": 0.83, "36K": 0.8303333333333334, "66K": 0.823, "5JK": 0.8433333333333334, "55K": 0.8503333333333334, "58K": 0.9313333333333333, "5KK": 0.9616666666666667, "59K": 0.847, "25K": 0.8266666666666667, "35K": 0.8123333333333334, "JJK": 0.828, "8JK": 0.9156666666666666, "JKK": 0.939, "9JK": 0.7886666666666666, "2JK": 0.8163333333333334, "3JK": 0.84, "8KK": 0.9936666666666667, "89K": 0.8893333333333333, "28K": 0.9373333333333334, "38K": 0.954, "88K": 0.9913333333333333, "9KK": 0.9593333333333334, "2KK": 0.9453333333333334, "3KK": 0.9663333333333334, "KKK": 1.0, "29K": 0.8323333333333334, "39K": 0.8496666666666667, "99K": 0.8223333333333334, "23K": 0.812, "22K": 0.814, "33K": 0.838, "7AQ": 0.482, "47A": 0.47533333333333333, "67A": 0.49066666666666664, "57A": 0.41533333333333333, "7AA": 0.561, "7AJ": 0.4836666666666667, "78A": 0.7016666666666667, "79A": 0.492, "27A": 0.47433333333333333, "37A": 0.39966666666666667, "77A": 0.5433333333333333, "4AQ": 0.5166666666666667, "6AQ": 0.5086666666666667, "5AQ": 0.49633333333333335, "AAQ": 0.6246666666666667, "AJQ": 0.5473333333333333, "8AQ": 0.7033333333333334, "9AQ": 0.498, "2AQ": 0.515, "3AQ": 0.4796666666666667, "AQQ": 0.605, "46A": 0.4563333333333333, "45A": 0.4756666666666667, "4AA": 0.603, "4AJ": 0.509, "48A": 0.747, "49A": 0.48533333333333334, "24A": 0.48233333333333334, "34A": 0.4573333333333333, "44A": 0.5546666666666666, "56A": 0.467, "6AA": 0.6033333333333334, "6AJ": 0.5063333333333333, "68A": 0.7333333333333333, "69A": 0.5196666666666667, "26A": 0.497, "36A": 0.466, "66A": 0.587, "5AA": 0.582, "5AJ": 0.5006666666666667, "55A": 0.5336666666666666, "58A": 0.71, "59A": 0.4696666666666667, "25A": 0.4593333333333333, "35A": 0.39266666666666666, "AAJ": 0.607, "AAA": 0.703, "8AA": 0.819, "9AA": 0.617, "2AA": 0.581, "3AA": 0.576, "AJJ": 0.5873333333333334, "8AJ": 0.6846666666666666, "9AJ": 0.5186666666666667, "2AJ": 0.5093333333333333, "3AJ": 0.475, "89A": 0.6853333333333333, "28A": 0.763, "38A": 0.729, "88A": 0.936, "29A": 0.47933333333333333, "39A": 0.47, "99A": 0.5926666666666667, "23A": 0.4703333333333333, "22A": 0.5656666666666667, "33A": 0.5566666666666666, "47Q": 0.44666666666666666, "67Q": 0.437, "57Q": 0.43066666666666664, "7JQ": 0.4713333333333333, "78Q": 0.7356666666666667, "79Q": 0.44866666666666666, "27Q": 0.459, "37Q": 0.4156666666666667, "7QQ": 0.5243333333333333, "77Q": 0.5186666666666667, "467": 0.49766666666666665, "457": 0.473, "47J": 0.4613333333333333, "478": 0.732, "479": 0.44566666666666666, "247": 0.42333333333333334, "347": 0.38966666666666666, "477": 0.5106666666666667, "447": 0.5133333333333333, "567": 0.5443333333333333, "67J": 0.438, "678": 0.6556666666666666, "679": 0.5966666666666667, "267": 0.445, "367": 0.418, "677": 0.5336666666666666, "667": 0.5043333333333333, "57J": 0.42633333333333334, "557": 0.4836666666666667, "578": 0.6783333333333333, "579": 0.49733333333333335, "257": 0.4266666666666667, "357": 0.35833333333333334, "577": 0.501, "7JJ": 0.5333333333333333, "78J": 0.6873333333333334, "79J": 0.514, "27J": 0.43433333333333335, "37J": 0.42233333333333334, "77J": 0.51, "789": 0.6383333333333333, "278": 0.765, "378": 0.7466666666666667, "778": 0.7496666666666667, "788": 0.9136666666666666, "279": 0.45466666666666666, "379": 0.44, "779": 0.5406666666666666, "799": 0.5246666666666666, "237": 0.41633333333333333, "277": 0.5136666666666667, "227": 0.49133333333333334, "377": 0.4886666666666667, "337": 0.47733333333333333, "777": 0.6133333333333333, "46Q": 0.4593333333333333, "45Q": 0.4226666666666667, "4JQ": 0.578, "48Q": 0.7383333333333333, "49Q": 0.45466666666666666, "24Q": 0.43733333333333335, "34Q": 0.445, "4QQ": 0.528, "44Q": 0.5186666666666667, "56Q": 0.44566666666666666, "6JQ": 0.4826666666666667, "68Q": 0.7283333333333334, "69Q": 0.46166666666666667, "26Q": 0.44066666666666665, "36Q": 0.44566666666666666, "6QQ": 0.536, "66Q": 0.521, "5JQ": 0.446, "55Q": 0.526, "58Q": 0.7146666666666667, "59Q": 0.44166666666666665, "25Q": 0.429, "35Q": 0.4076666666666667, "5QQ": 0.538, "JJQ": 0.5206666666666667, "8JQ": 0.6776666666666666, "9JQ": 0.5026666666666667, "2JQ": 0.4493333333333333, "3JQ": 0.459, "JQQ": 0.5323333333333333, "89Q": 0.6633333333333333, "28Q": 0.7523333333333333, "38Q": 0.7586666666666667, "8QQ": 0.777, "88Q": 0.953, "29Q": 0.44533333333333336, "39Q": 0.44433333333333336, "9QQ": 0.543, "99Q": 0.531, "23Q": 0.437, "2QQ": 0.55, "22Q": 0.495, "3QQ": 0.5203333333333333, "33Q": 0.514, "QQQ": 0.6283333333333333, "456": 0.4593333333333333, "46J": 0.438, "468": 0.735, "469": 0.45566666666666666, "246": 0.4026666666666667, "346": 0.386, "446": 0.506, "466": 0.488, "45J": 0.4523333333333333, "455": 0.514, "458": 0.7383333333333333, "459": 0.44866666666666666, "245": 0.4216666666666667, "345": 0.37433333333333335, "445": 0.48733333333333334, "4JJ": 0.5346666666666666, "48J": 0.7283333333333334, "49J": 0.4816666666666667, "24J": 0.46,