{"5KQ": 0.33166666666666667, "KKQ": 0.38066666666666665, "9KQ": 0.6503333333333333, "6KQ": 0.35233333333333333, "KQQ": 0.37166666666666665, "JKQ": 0.411, "KQT": 0.409, "4KQ": 0.308, "2KQ": 0.31133333333333335, "7KQ": 0.349, "8KQ": 0.681, "3KQ": 0.31633333333333336, "AKQ": 0.3416666666666667, "5KK": 0.3586666666666667, "59K": 0.7336666666666667, "56K": 0.397, "5JK": 0.34833333333333333, "5KT": 0.3293333333333333, "55K": 0.3496666666666667, "45K": 0.2613333333333333, "25K": 0.298, "57K": 0.4256666666666667, "58K": 0.7163333333333334, "35K": 0.2793333333333333, "5AK": 0.31633333333333336, "9KK": 0.7493333333333333, "KKK": 0.423, "6KK": 0.36566666666666664, "JKK": 0.413, "KKT": 0.4, "4KK": 0.35133333333333333, "2KK": 0.36133333333333334, "7KK": 0.37366666666666665, "8KK": 0.7553333333333333, "3KK": 0.345, "AKK": 0.363, "69K": 0.7323333333333333, "9JK": 0.6586666666666666, "9KT": 0.6436666666666667, "49K": 0.7226666666666667, "29K": 0.731, "79K": 0.729, "89K": 0.859, "39K": 0.7376666666666667, "9AK": 0.6623333333333333, "99K": 0.9373333333333334, "6JK": 0.352, "6KT": 0.423, "46K": 0.28, "26K": 0.2906666666666667, "67K": 0.5103333333333333, "68K": 0.7053333333333334, "36K": 0.2773333333333333, "6AK": 0.31633333333333336, "66K": 0.363, "JKT": 0.48033333333333333, "4JK": 0.33366666666666667, "2JK": 0.322, "7JK": 0.418, "8JK": 0.6816666666666666, "3JK": 0.33766666666666667, "AJK": 0.35933333333333334, "JJK": 0.4043333333333333, "4KT": 0.33766666666666667, "2KT": 0.3343333333333333, "7KT": 0.5206666666666667, "8KT": 0.68, "3KT": 0.3333333333333333, "AKT": 0.3476666666666667, "KTT": 0.4103333333333333, "24K": 0.29433333333333334, "47K": 0.302, "48K": 0.7163333333333334, "34K": 0.26266666666666666, "4AK": 0.305, "44K": 0.347, "27K": 0.30833333333333335, "28K": 0.7283333333333334, "23K": 0.2813333333333333, "2AK": 0.32866666666666666, "22K": 0.343, "78K": 0.731, "37K": 0.31033333333333335, "7AK": 0.342, "77K": 0.38366666666666666, "38K": 0.7306666666666667, "8AK": 0.6783333333333333, "88K": 0.9313333333333333, "3AK": 0.306, "33K": 0.3313333333333333, "AAK": 0.3943333333333333, "59Q": 0.7146666666666667, "56Q": 0.39666666666666667, "5QQ": 0.37433333333333335, "5JQ": 0.4053333333333333, "5QT": 0.3973333333333333, "55Q": 0.347, "45Q": 0.284, "25Q": 0.30733333333333335, "57Q": 0.42033333333333334, "58Q": 0.7236666666666667, "35Q": 0.275, "5AQ": 0.30566666666666664, "69Q": 0.719, "9QQ": 0.7323333333333333, "9JQ": 0.6576666666666666, "9QT": 0.686, "49Q": 0.742, "29Q": 0.7253333333333334, "79Q": 0.728, "89Q": 0.8266666666666667, "39Q": 0.726, "9AQ": 0.6963333333333334, "99Q": 0.928, "6QQ": 0.386, "6JQ": 0.43, "6QT": 0.496, "46Q": 0.298, "26Q": 0.32266666666666666, "67Q": 0.5166666666666667, "68Q": 0.7216666666666667, "36Q": 0.2826666666666667, "6AQ": 0.32966666666666666, "66Q": 0.37266666666666665, "JQQ": 0.4593333333333333, "QQT": 0.4666666666666667, "4QQ": 0.3596666666666667, "2QQ": 0.3446666666666667, "7QQ": 0.36666666666666664, "8QQ": 0.7636666666666667, "3QQ": 0.37366666666666665, "AQQ": 0.4076666666666667, "QQQ": 0.433, "JQT": 0.86, "4JQ": 0.41933333333333334, "2JQ": 0.4076666666666667, "7JQ": 0.4053333333333333, "8JQ": 0.6963333333333334, "3JQ": 0.41333333333333333, "AJQ": 0.4036666666666667, "JJQ": 0.4646666666666667, "4QT": 0.4036666666666667, "2QT": 0.41533333333333333, "7QT": 0.5116666666666667, "8QT": 0.7103333333333334, "3QT": 0.4176666666666667, "AQT": 0.4033333333333333, "QTT": 0.477, "24Q": 0.2886666666666667, "47Q": 0.31, "48Q": 0.713, "34Q": 0.2743333333333333, "4AQ": 0.312, "44Q": 0.351, "27Q": 0.31566666666666665, "28Q": 0.7356666666666667, "23Q": 0.29233333333333333, "2AQ": 0.3413333333333333, "22Q": 0.343, "78Q": 0.7136666666666667, "37Q": 0.31366666666666665, "7AQ": 0.35633333333333334, "77Q": 0.36933333333333335, "38Q": 0.744, "8AQ": 0.6836666666666666, "88Q": 0.943, "3AQ": 0.31566666666666665, "33Q": 0.3323333333333333, "AAQ": 0.39, "569": 0.7446666666666667, "59J": 0.7263333333333334, "59T": 0.695, "559": 0.7663333333333333, "459": 0.7386666666666667, "259": 0.76, "579": 0.7776666666666666, "589": 0.8546666666666667, "359": 0.7403333333333333, "59A": 0.7113333333333334, "599": 0.9626666666666667, "56J": 0.39566666666666667, "56T": 0.3373333333333333, "556": 0.378, "456": 0.282, "256": 0.364, "567": 0.932, "568": 0.717, "356": 0.297, "56A": 0.3333333333333333, "566": 0.4056666666666667, "5JT": 0.498, "55J": 0.3606666666666667, "45J": 0.2876666666666667, "25J": 0.31566666666666665, "57J": 0.504, "58J": 0.7346666666666667, "35J": 0.2843333333333333, "5AJ": 0.3303333333333333, "5JJ": 0.38333333333333336, "55T": 0.326, "45T": 0.24033333333333334, "25T": 0.316, "57T": 0.49066666666666664, "58T": 0.6943333333333334, "35T": 0.24433333333333335, "5AT": 0.28, "5TT": 0.374, "455": 0.282, "255": 0.3293333333333333, "557": 0.4246666666666667, "558": 0.7366666666666667, "355": 0.2916666666666667, "55A": 0.32466666666666666, "555": 0.355, "245": 0.239, "457": 0.369, "458": 0.7043333333333334, "345": 0.19466666666666665, "45A": 0.23833333333333334, "445": 0.2793333333333333, "257": 0.371, "258": 0.75, "235": 0.25566666666666665, "25A": 0.274, "225": 0.289, "578": 0.747, "357": 0.37633333333333335, "57A": 0.4076666666666667, "577": 0.41233333333333333, "358": 0.7416666666666667, "58A": 0.71, "588": 0.9316666666666666, "35A": 0.231, "335": 0.2826666666666667, "5AA": 0.34933333333333333, "69J": 0.7136666666666667, "69T": 0.7036666666666667, "469": 0.7266666666666667, "269": 0.7783333333333333, "679": 0.7776666666666666, "689": 0.809, "369": 0.7443333333333333, "69A": 0.7163333333333334, "669": 0.747, "699": 0.9613333333333334, "9JT": 0.6666666666666666, "49J": 0.7203333333333334, "29J": 0.7033333333333334, "79J": 0.7156666666666667, "89J": 0.7716666666666666, "39J": 0.715, "9AJ": 0.676, "9JJ": 0.759, "99J": 0.9143333333333333, "49T": 0.685, "29T": 0.724, "79T": 0.734, "89T": 0.7623333333333333, "39T": 0.715, "9AT": 0.6386666666666667, "9TT": 0.752, "99T": 0.9343333333333333, "249": 0.778, "479": 0.77, "489": 0.8873333333333333, "349": 0.7323333333333333, "49A": 0.7153333333333334, "449": 0.752, "499": 0.9526666666666667, "279": 0.7566666666666667, "289": 0.882, "239": 0.7866666666666666, "29A": 0.7473333333333333, "229": 0.7486666666666667, "299": 0.9406666666666667, "789": 0.792, "379": 0.764, "79A": 0.738, "779": 0.7416666666666667, "799": 0.9333333333333333, "389": 0.8973333333333333, "89A": 0.871, "889": 0.9906666666666667, "899": 0.99, "39A": 0.7283333333333334, "339": 0.751, "399": 0.9593333333333334, "9AA": 0.7646666666666667, "99A": 0.9516666666666667, "999": 1.0, "6JT": 0.5143333333333333, "46J": 0.2733333333333333, "26J": 0.2876666666666667, "67J": 0.49133333333333334, "68J": 0.7286666666666667, "36J": 0.30233333333333334, "6AJ": 0.3353333333333333, "66J": 0.3636666666666667, "6JJ": 0.3873333333333333, "46T": 0.337, "26T": 0.3883333333333333, "67T": 0.9213333333333333, "68T": 0.7066666666666667, "36T": 0.3293333333333333, "6AT": 0.361, "66T": 0.4226666666666667, "6TT": 0.43866666666666665, "246": 0.25766666666666665, "467": 0.46266666666666667, "468": 0.695, "346": 0.20233333333333334, "46A": 0.23366666666666666, "466": 0.296, "446": 0.2886666666666667, "267": 0.48433333333333334, "268": 0.76, "236": 0.26033333333333336, "26A": 0.291, "266": 0.32033333333333336, "226": 0.317, "678": 0.7516666666666667, "367": 0.473, "67A": 0.5016666666666667, "667": 0.5173333333333333, "677": 0.5183333333333333, "368": 0.7316666666666667, "68A": 0.6913333333333334, "688": 0.922, "668": 0.7436666666666667, "36A": 0.23133333333333334, "366": 0.30533333333333335, "336": 0.305, "66A": 0.33366666666666667, "6AA": 0.36566666666666664, "666": 0.3626666666666667, "4JT": 0.5006666666666667, "2JT": 0.5106666666666667, "7JT": 0.907, "8JT": 0.712, "3JT": 0.493, "AJT": 0.48833333333333334, "JTT": 0.55, "JJT": 0.5546666666666666, "24J": 0.29633333333333334, "47J": 0.386, "48J": 0.7323333333333333, "34J": 0.29333333333333333, "4AJ": 0.31466666666666665, "4JJ": 0.378, "44J": 0.348,