{"3AK": 0.44466666666666665, "3AQ": 0.4553333333333333, "33A": 0.46, "3AT": 0.4513333333333333, "38A": 0.402, "23A": 0.39166666666666666, "34A": 0.389, "36A": 0.38, "37A": 0.376, "3AA": 0.469, "35A": 0.395, "39A": 0.765, "3AJ": 0.7583333333333333, "AKQ": 0.558, "AKT": 0.523, "8AK": 0.466, "2AK": 0.4656666666666667, "4AK": 0.4593333333333333, "6AK": 0.42766666666666664, "7AK": 0.44166666666666665, "AAK": 0.5393333333333333, "5AK": 0.44133333333333336, "9AK": 0.7223333333333334, "AKK": 0.5256666666666666, "AJK": 0.7056666666666667, "AQT": 0.5856666666666667, "8AQ": 0.5173333333333333, "2AQ": 0.465, "4AQ": 0.4613333333333333, "6AQ": 0.4493333333333333, "7AQ": 0.44666666666666666, "AAQ": 0.5356666666666666, "5AQ": 0.4553333333333333, "9AQ": 0.7063333333333334, "AQQ": 0.554, "AJQ": 0.687, "8AT": 0.5733333333333334, "2AT": 0.42533333333333334, "4AT": 0.43266666666666664, "6AT": 0.4083333333333333, "ATT": 0.49733333333333335, "7AT": 0.482, "AAT": 0.4663333333333333, "5AT": 0.42033333333333334, "9AT": 0.7036666666666667, "AJT": 0.723, "28A": 0.42766666666666664, "48A": 0.399, "68A": 0.3873333333333333, "78A": 0.49333333333333335, "8AA": 0.4756666666666667, "58A": 0.4096666666666667, "89A": 0.7273333333333334, "8AJ": 0.7673333333333333, "88A": 0.48233333333333334, "24A": 0.392, "26A": 0.38466666666666666, "22A": 0.4513333333333333, "27A": 0.4176666666666667, "2AA": 0.49433333333333335, "25A": 0.4053333333333333, "29A": 0.7596666666666667, "2AJ": 0.7786666666666666, "46A": 0.364, "47A": 0.4003333333333333, "4AA": 0.4776666666666667, "45A": 0.37733333333333335, "49A": 0.7693333333333333, "44A": 0.4553333333333333, "4AJ": 0.7643333333333333, "67A": 0.37066666666666664, "6AA": 0.4756666666666667, "66A": 0.45166666666666666, "56A": 0.36, "69A": 0.739, "6AJ": 0.7553333333333333, "7AA": 0.4756666666666667, "57A": 0.38866666666666666, "79A": 0.7546666666666667, "77A": 0.457, "7AJ": 0.7783333333333333, "5AA": 0.4736666666666667, "9AA": 0.7713333333333333, "AAA": 0.5523333333333333, "AAJ": 0.8136666666666666, "55A": 0.44733333333333336, "59A": 0.765, "5AJ": 0.7713333333333333, "9AJ": 0.8946666666666667, "99A": 0.9446666666666667, "AJJ": 0.9446666666666667, "3KQ": 0.6253333333333333, "33K": 0.48233333333333334, "3KT": 0.5866666666666667, "38K": 0.4083333333333333, "23K": 0.3993333333333333, "34K": 0.549, "36K": 0.398, "37K": 0.428, "35K": 0.5373333333333333, "39K": 0.769, "3KK": 0.49166666666666664, "3JK": 0.7873333333333333, "33Q": 0.4693333333333333, "3QT": 0.6393333333333333, "38Q": 0.49466666666666664, "23Q": 0.414, "34Q": 0.532, "36Q": 0.404, "37Q": 0.4073333333333333, "35Q": 0.5503333333333333, "39Q": 0.7596666666666667, "3QQ": 0.497, "3JQ": 0.7766666666666666, "33T": 0.448, "338": 0.402, "333": 0.48033333333333333, "233": 0.42233333333333334, "334": 0.38566666666666666, "336": 0.384, "337": 0.4093333333333333, "335": 0.3993333333333333, "339": 0.782, "33J": 0.7973333333333333, "38T": 0.552, "23T": 0.389, "34T": 0.498, "36T": 0.395, "3TT": 0.45266666666666666, "37T": 0.48033333333333333, "35T": 0.51, "39T": 0.7356666666666667, "3JT": 0.798, "238": 0.37, "348": 0.36766666666666664, "368": 0.35633333333333334, "378": 0.4543333333333333, "358": 0.3883333333333333, "389": 0.7613333333333333, "38J": 0.8233333333333334, "388": 0.42033333333333334, "234": 0.333, "236": 0.327, "223": 0.4073333333333333, "237": 0.347, "235": 0.342, "239": 0.7986666666666666, "23J": 0.8136666666666666, "346": 0.30666666666666664, "347": 0.3456666666666667, "345": 0.454, "349": 0.791, "344": 0.396, "34J": 0.792, "367": 0.3283333333333333, "366": 0.384, "356": 0.3313333333333333, "369": 0.7616666666666667, "36J": 0.7993333333333333, "357": 0.33866666666666667, "379": 0.7773333333333333, "377": 0.4066666666666667, "37J": 0.8123333333333334, "355": 0.407, "359": 0.783, "35J": 0.7893333333333333, "39J": 0.8966666666666666, "399": 0.9616666666666667, "3JJ": 0.9486666666666667, "KQT": 0.88, "8KQ": 0.5243333333333333, "2KQ": 0.5403333333333333, "4KQ": 0.6183333333333333, "6KQ": 0.5516666666666666, "7KQ": 0.5283333333333333, "5KQ": 0.6346666666666667, "9KQ": 0.7526666666666667, "KQQ": 0.6136666666666667, "KKQ": 0.6083333333333333, "JKQ": 0.741, "8KT": 0.5826666666666667, "2KT": 0.49833333333333335, "4KT": 0.587, "6KT": 0.48933333333333334, "KTT": 0.5546666666666666, "7KT": 0.5796666666666667, "5KT": 0.6, "9KT": 0.7226666666666667, "KKT": 0.559, "JKT": 0.7593333333333333, "28K": 0.4023333333333333, "48K": 0.416, "68K": 0.40166666666666667, "78K": 0.482, "58K": 0.42533333333333334, "89K": 0.72, "8KK": 0.49866666666666665, "8JK": 0.765, "88K": 0.47533333333333333, "24K": 0.4116666666666667, "26K": 0.38766666666666666, "22K": 0.4553333333333333, "27K": 0.407, "25K": 0.4003333333333333, "29K": 0.7856666666666666, "2KK": 0.4786666666666667, "2JK": 0.78, "46K": 0.39966666666666667, "47K": 0.4036666666666667, "45K": 0.5366666666666666, "49K": 0.7646666666666667, "44K": 0.4643333333333333, "4KK": 0.47933333333333333, "4JK": 0.775, "67K": 0.363, "66K": 0.43133333333333335, "56K": 0.4023333333333333, "69K": 0.7476666666666667, "6KK": 0.458, "6JK": 0.7566666666666667, "57K": 0.422, "79K": 0.7436666666666667, "7KK": 0.4756666666666667, "77K": 0.469, "7JK": 0.7636666666666667, "55K": 0.45566666666666666, "59K": 0.75, "5KK": 0.501, "5JK": 0.7676666666666667, "9KK": 0.8083333333333333, "9JK": 0.857, "99K": 0.9556666666666667, "JKK": 0.8136666666666666, "KKK": 0.5573333333333333, "JJK": 0.9386666666666666, "8QT": 0.9446666666666667, "2QT": 0.5966666666666667, "4QT": 0.6476666666666666, "6QT": 0.5726666666666667, "QTT": 0.6326666666666667, "7QT": 0.5686666666666667, "5QT": 0.6546666666666666, "9QT": 0.7426666666666667, "QQT": 0.6203333333333333, "JQT": 0.7706666666666667, "28Q": 0.485, "48Q": 0.499, "68Q": 0.5003333333333333, "78Q": 0.4796666666666667, "58Q": 0.49666666666666665, "89Q": 0.7393333333333333, "8QQ": 0.558, "8JQ": 0.7793333333333333, "88Q": 0.5283333333333333, "24Q": 0.422, "26Q": 0.38866666666666666, "22Q": 0.477, "27Q": 0.41133333333333333, "25Q": 0.42333333333333334, "29Q": 0.7663333333333333, "2QQ": 0.5006666666666667, "2JQ": 0.762, "46Q": 0.3923333333333333, "47Q": 0.4063333333333333, "45Q": 0.528, "49Q": 0.7556666666666667, "4QQ": 0.49033333333333334, "44Q": 0.466, "4JQ": 0.7723333333333333, "67Q": 0.36466666666666664, "66Q": 0.44566666666666666, "56Q": 0.39666666666666667, "69Q": 0.7323333333333333, "6QQ": 0.48133333333333334, "6JQ": 0.763, "57Q": 0.42133333333333334, "79Q": 0.759, "7QQ": 0.4653333333333333, "77Q": 0.45166666666666666, "7JQ": 0.7646666666666667, "55Q": 0.459, "59Q": 0.753, "5QQ": 0.486, "5JQ": 0.7726666666666666, "9QQ": 0.7936666666666666, "9JQ": 0.8116666666666666, "99Q": 0.9556666666666667, "QQQ": 0.559, "JQQ": 0.7883333333333333, "JJQ": 0.9363333333333334, "28T": 0.561, "48T": 0.5473333333333333, "68T": 0.5456666666666666, "8TT": 0.584, "78T": 0.9626666666666667, "58T": 0.5693333333333334, "89T": 0.7403333333333333, "8JT": 0.8133333333333334, "88T": 0.5846666666666667, "24T": 0.3933333333333333, "26T": 0.36533333333333334, "2TT": 0.43666666666666665, "22T": 0.44366666666666665, "27T": 0.4703333333333333, "25T": 0.3863333333333333, "29T": 0.7516666666666667, "2JT": 0.8066666666666666, "46T": 0.38466666666666666, "4TT": 0.45566666666666666, "47T": 0.478, "45T": 0.49766666666666665, "49T": 0.7436666666666667, "44T": 0.44233333333333336, "4JT": 0.7953333333333333, "6TT": 0.4083333333333333, "67T": 0.43933333333333335, "66T": 0.41833333333333333, "56T": 0.364, "69T": 0.7276666666666667, "6JT": 0.7986666666666666, "7TT": 0.499, "5TT": 0.4643333333333333, "9TT": 0.7903333333333333, "TTT": 0.5076666666666667, "JTT": 0.796, "57T": 0.4806666666666667, "79T": 0.7563333333333333, "77T": 0.49, "7JT": 0.8066666666666666, "55T": 0.43433333333333335, "59T": 0.75, "5JT": 0.7833333333333333, "9JT": 0.7963333333333333, "99T": 0.9323333333333333, "JJT": 0.9386666666666666, "248": 0.35633333333333334, "268": 0.36033333333333334, "228": 0.41833333333333333, "278": 0.471,