{"KKQ": 0.31166666666666665, "7KQ": 0.283, "4KQ": 0.26666666666666666, "5KQ": 0.2846666666666667, "3KQ": 0.239, "9KQ": 0.31233333333333335, "AKQ": 0.26566666666666666, "2KQ": 0.244, "KQT": 0.294, "KQQ": 0.31233333333333335, "6KQ": 0.601, "8KQ": 0.6493333333333333, "JKQ": 0.2633333333333333, "7KK": 0.32133333333333336, "4KK": 0.30866666666666664, "5KK": 0.3313333333333333, "3KK": 0.287, "9KK": 0.3383333333333333, "KKK": 0.35033333333333333, "AKK": 0.312, "2KK": 0.2916666666666667, "KKT": 0.33566666666666667, "6KK": 0.69, "8KK": 0.716, "JKK": 0.32666666666666666, "47K": 0.36766666666666664, "57K": 0.4696666666666667, "37K": 0.25933333333333336, "79K": 0.496, "77K": 0.30666666666666664, "7AK": 0.2916666666666667, "27K": 0.27266666666666667, "7KT": 0.383, "67K": 0.6113333333333333, "78K": 0.6963333333333334, "7JK": 0.2793333333333333, "45K": 0.3536666666666667, "34K": 0.23966666666666667, "49K": 0.2976666666666667, "4AK": 0.26266666666666666, "24K": 0.25466666666666665, "4KT": 0.29233333333333333, "44K": 0.2633333333333333, "46K": 0.639, "48K": 0.702, "4JK": 0.2693333333333333, "35K": 0.23666666666666666, "59K": 0.37633333333333335, "55K": 0.276, "5AK": 0.288, "25K": 0.26033333333333336, "5KT": 0.2976666666666667, "56K": 0.6543333333333333, "58K": 0.6833333333333333, "5JK": 0.30233333333333334, "39K": 0.2826666666666667, "3AK": 0.25133333333333335, "23K": 0.23, "3KT": 0.25633333333333336, "33K": 0.24333333333333335, "36K": 0.5613333333333334, "38K": 0.6656666666666666, "3JK": 0.24633333333333332, "99K": 0.3416666666666667, "9AK": 0.3006666666666667, "29K": 0.2876666666666667, "9KT": 0.39066666666666666, "69K": 0.611, "89K": 0.6466666666666666, "9JK": 0.30033333333333334, "2AK": 0.25133333333333335, "AKT": 0.2796666666666667, "6AK": 0.6193333333333333, "8AK": 0.6586666666666666, "AJK": 0.2853333333333333, "AAK": 0.2906666666666667, "22K": 0.265, "2KT": 0.2673333333333333, "26K": 0.6626666666666666, "28K": 0.705, "2JK": 0.246, "6KT": 0.599, "8KT": 0.6153333333333333, "KTT": 0.302, "JKT": 0.28633333333333333, "68K": 0.8403333333333334, "6JK": 0.586, "66K": 0.913, "88K": 0.9336666666666666, "8JK": 0.6366666666666667, "JJK": 0.29733333333333334, "47Q": 0.364, "57Q": 0.448, "37Q": 0.25766666666666665, "79Q": 0.4623333333333333, "77Q": 0.2853333333333333, "7AQ": 0.23966666666666667, "27Q": 0.20633333333333334, "7QT": 0.366, "7QQ": 0.309, "67Q": 0.6046666666666667, "78Q": 0.6736666666666666, "7JQ": 0.27566666666666667, "45Q": 0.37866666666666665, "34Q": 0.24766666666666667, "49Q": 0.31066666666666665, "4AQ": 0.2773333333333333, "24Q": 0.232, "4QT": 0.269, "44Q": 0.2856666666666667, "4QQ": 0.302, "46Q": 0.6663333333333333, "48Q": 0.705, "4JQ": 0.265, "35Q": 0.25666666666666665, "59Q": 0.39766666666666667, "55Q": 0.28933333333333333, "5AQ": 0.2663333333333333, "25Q": 0.26566666666666666, "5QT": 0.2856666666666667, "5QQ": 0.335, "56Q": 0.664, "58Q": 0.7033333333333334, "5JQ": 0.308, "39Q": 0.2783333333333333, "3AQ": 0.23766666666666666, "23Q": 0.234, "3QT": 0.27566666666666667, "33Q": 0.25333333333333335, "3QQ": 0.2816666666666667, "36Q": 0.6593333333333333, "38Q": 0.699, "3JQ": 0.26066666666666666, "99Q": 0.3453333333333333, "9AQ": 0.306, "29Q": 0.2753333333333333, "9QT": 0.4553333333333333, "9QQ": 0.3333333333333333, "69Q": 0.627, "89Q": 0.634, "9JQ": 0.35533333333333333, "2AQ": 0.20433333333333334, "AQT": 0.275, "AQQ": 0.302, "6AQ": 0.6103333333333333, "8AQ": 0.6256666666666667, "AJQ": 0.2813333333333333, "AAQ": 0.30133333333333334, "22Q": 0.25133333333333335, "2QT": 0.26466666666666666, "2QQ": 0.282, "26Q": 0.656, "28Q": 0.661, "2JQ": 0.24866666666666667, "QQT": 0.32266666666666666, "6QT": 0.625, "8QT": 0.6136666666666667, "QTT": 0.313, "JQT": 0.369, "QQQ": 0.33666666666666667, "6QQ": 0.6963333333333334, "8QQ": 0.7186666666666667, "JQQ": 0.3416666666666667, "68Q": 0.864, "6JQ": 0.632, "66Q": 0.9136666666666666, "88Q": 0.912, "8JQ": 0.6073333333333333, "JJQ": 0.313, "457": 0.948, "347": 0.33866666666666667, "479": 0.485, "477": 0.4063333333333333, "47A": 0.3616666666666667, "247": 0.3546666666666667, "47T": 0.47733333333333333, "447": 0.381, "467": 0.669, "478": 0.7443333333333333, "47J": 0.37733333333333335, "357": 0.4593333333333333, "579": 0.9426666666666667, "557": 0.47533333333333333, "577": 0.48633333333333334, "57A": 0.455, "257": 0.4483333333333333, "57T": 0.48833333333333334, "567": 0.6913333333333334, "578": 0.7446666666666667, "57J": 0.4726666666666667, "379": 0.491, "377": 0.2803333333333333, "37A": 0.25366666666666665, "237": 0.25766666666666665, "37T": 0.3556666666666667, "337": 0.2826666666666667, "367": 0.625, "378": 0.7406666666666667, "37J": 0.26033333333333336, "779": 0.49466666666666664, "799": 0.5006666666666667, "79A": 0.4786666666666667, "279": 0.452, "79T": 0.906, "679": 0.687, "789": 0.6676666666666666, "79J": 0.44966666666666666, "77A": 0.31166666666666665, "277": 0.29233333333333333, "77T": 0.39, "777": 0.3273333333333333, "677": 0.687, "778": 0.704, "77J": 0.31333333333333335, "27A": 0.22066666666666668, "7AT": 0.368, "67A": 0.6143333333333333, "78A": 0.6823333333333333, "7AJ": 0.29433333333333334, "7AA": 0.30033333333333334, "227": 0.272, "27T": 0.3606666666666667, "267": 0.6586666666666666, "278": 0.7333333333333333, "27J": 0.2653333333333333, "67T": 0.6556666666666666, "78T": 0.653, "7TT": 0.3983333333333333, "7JT": 0.37433333333333335, "678": 0.7506666666666667, "67J": 0.6126666666666667, "667": 0.9086666666666666, "788": 0.919, "78J": 0.6516666666666666, "7JJ": 0.31666666666666665, "345": 0.4063333333333333, "459": 0.39066666666666666, "455": 0.372, "45A": 0.37266666666666665, "245": 0.4583333333333333, "45T": 0.38533333333333336, "445": 0.37533333333333335, "456": 0.668, "458": 0.732, "45J": 0.36533333333333334, "349": 0.28633333333333333, "34A": 0.252, "234": 0.32166666666666666, "34T": 0.2633333333333333, "344": 0.25433333333333336, "334": 0.27066666666666667, "346": 0.6246666666666667, "348": 0.75, "34J": 0.24966666666666668, "499": 0.339, "49A": 0.295, "249": 0.287, "49T": 0.378, "449": 0.31433333333333335, "469": 0.6773333333333333, "489": 0.6843333333333333, "49J": 0.30033333333333334, "24A": 0.2683333333333333, "4AT": 0.2896666666666667, "44A": 0.29333333333333333, "46A": 0.657, "48A": 0.6986666666666667, "4AJ": 0.279, "4AA": 0.2936666666666667, "224": 0.255, "24T": 0.271, "244": 0.25866666666666666, "246": 0.6743333333333333, "248": 0.7496666666666667, "24J": 0.25266666666666665, "44T": 0.2896666666666667, "46T": 0.6746666666666666, "48T": 0.6823333333333333, "4TT": 0.31233333333333335, "4JT": 0.2916666666666667, "444": 0.31833333333333336, "446": 0.663, "448": 0.718, "44J": 0.27066666666666667, "468": 0.8323333333333334, "46J": 0.6753333333333333, "466": 0.9383333333333334, "488": 0.9533333333333334, "48J": 0.6726666666666666, "4JJ": 0.30233333333333334, "359": 0.367, "355": 0.265, "35A": 0.25866666666666666, "235": 0.31733333333333336, "35T": 0.255, "335": 0.27666666666666667, "356": 0.632, "358": 0.7386666666666667, "35J": 0.2763333333333333, "559": 0.38266666666666665, "599": 0.41833333333333333, "59A": 0.40166666666666667, "259": 0.376, "59T": 0.39666666666666667, "569": 0.691, "589": 0.6906666666666667, "59J": 0.38866666666666666, "55A": 0.2816666666666667, "255": 0.28933333333333333, "55T": 0.312, "555": 0.3273333333333333, "556": 0.6556666666666666, "558": 0.709, "55J": 0.30533333333333335, "25A": 0.25666666666666665, "5AT": 0.31433333333333335, "56A": 0.6746666666666666, "58A": 0.715, "5AJ": 0.292, "5AA": 0.32166666666666666, "225": 0.271, "25T": 0.2916666666666667, "256": 0.677, "258": 0.74, "25J": 0.30666666666666664, "56T": 0.6736666666666666, "58T": 0.685, "5TT": 0.337, "5JT": 0.42333333333333334, "568": 0.801, "56J": 0.6616666666666666, "566": 0.9293333333333333, "588": 0.935, "58J": 0.7006666666666667, "5JJ": 0.314, "399": 0.3283333333333333, "39A": 0.294, "239": 0.26566666666666666, "39T": 0.378, "339": 0.29133333333333333, "369": 0.6486666666666666, "389": 0.6773333333333333, "39J": 0.2783333333333333,