{"KQT": 0.10666666666666667, "8QT": 0.107, "QQT": 0.15933333333333333, "6QT": 0.171, "9QT": 0.116, "JQT": 0.12966666666666668, "5QT": 0.5426666666666666, "7QT": 0.13833333333333334, "QTT": 0.187, "4QT": 0.15733333333333333, "AQT": 0.14266666666666666, "2QT": 0.154, "3QT": 0.5246666666666666, "8KT": 0.10933333333333334, "6KT": 0.171, "9KT": 0.11166666666666666, "JKT": 0.13533333333333333, "5KT": 0.5503333333333333, "7KT": 0.127, "KTT": 0.17966666666666667, "4KT": 0.182, "AKT": 0.156, "2KT": 0.15566666666666668, "3KT": 0.54, "KKT": 0.16766666666666666, "68T": 0.165, "89T": 0.11233333333333333, "8JT": 0.132, "58T": 0.5256666666666666, "88T": 0.16833333333333333, "78T": 0.11833333333333333, "8TT": 0.161, "48T": 0.16266666666666665, "8AT": 0.15766666666666668, "28T": 0.14866666666666667, "38T": 0.5246666666666666, "69T": 0.17, "6JT": 0.18866666666666668, "56T": 0.5483333333333333, "67T": 0.2663333333333333, "6TT": 0.19133333333333333, "66T": 0.18933333333333333, "46T": 0.4116666666666667, "6AT": 0.194, "26T": 0.29, "36T": 0.5546666666666666, "9JT": 0.12366666666666666, "59T": 0.52, "99T": 0.174, "79T": 0.12833333333333333, "9TT": 0.16866666666666666, "49T": 0.163, "9AT": 0.163, "29T": 0.16566666666666666, "39T": 0.525, "5JT": 0.5583333333333333, "7JT": 0.15, "JTT": 0.19, "4JT": 0.195, "JJT": 0.17866666666666667, "AJT": 0.14533333333333334, "2JT": 0.18466666666666667, "3JT": 0.5293333333333333, "55T": 0.9006666666666666, "57T": 0.537, "5TT": 0.606, "45T": 0.6383333333333333, "5AT": 0.5896666666666667, "25T": 0.632, "35T": 0.86, "7TT": 0.18366666666666667, "47T": 0.2723333333333333, "7AT": 0.171, "27T": 0.16133333333333333, "37T": 0.5293333333333333, "77T": 0.17966666666666667, "4TT": 0.22333333333333333, "ATT": 0.16933333333333334, "2TT": 0.209, "TTT": 0.215, "3TT": 0.6083333333333333, "44T": 0.18166666666666667, "4AT": 0.17833333333333334, "24T": 0.29933333333333334, "34T": 0.5616666666666666, "AAT": 0.173, "2AT": 0.17366666666666666, "3AT": 0.561, "22T": 0.172, "23T": 0.6213333333333333, "33T": 0.9316666666666666, "8KQ": 0.121, "KQQ": 0.17466666666666666, "6KQ": 0.19766666666666666, "9KQ": 0.11, "JKQ": 0.14366666666666666, "5KQ": 0.5526666666666666, "7KQ": 0.139, "4KQ": 0.16933333333333334, "AKQ": 0.14733333333333334, "2KQ": 0.152, "3KQ": 0.5316666666666666, "KKQ": 0.17333333333333334, "8QQ": 0.17133333333333334, "68Q": 0.16866666666666666, "89Q": 0.11666666666666667, "8JQ": 0.13966666666666666, "58Q": 0.5426666666666666, "88Q": 0.16766666666666666, "78Q": 0.13833333333333334, "48Q": 0.169, "8AQ": 0.164, "28Q": 0.153, "38Q": 0.5376666666666666, "6QQ": 0.192, "9QQ": 0.155, "JQQ": 0.19533333333333333, "5QQ": 0.6106666666666667, "7QQ": 0.17533333333333334, "4QQ": 0.21466666666666667, "AQQ": 0.183, "2QQ": 0.221, "3QQ": 0.5906666666666667, "QQQ": 0.21266666666666667, "69Q": 0.18266666666666667, "6JQ": 0.19233333333333333, "56Q": 0.5696666666666667, "67Q": 0.311, "66Q": 0.20033333333333334, "46Q": 0.4096666666666667, "6AQ": 0.202, "26Q": 0.30266666666666664, "36Q": 0.5763333333333334, "9JQ": 0.14233333333333334, "59Q": 0.5443333333333333, "99Q": 0.15633333333333332, "79Q": 0.13433333333333333, "49Q": 0.189, "9AQ": 0.152, "29Q": 0.15, "39Q": 0.537, "5JQ": 0.5593333333333333, "7JQ": 0.15733333333333333, "4JQ": 0.2, "JJQ": 0.17433333333333334, "AJQ": 0.14033333333333334, "2JQ": 0.19066666666666668, "3JQ": 0.5603333333333333, "55Q": 0.909, "57Q": 0.5456666666666666, "45Q": 0.6143333333333333, "5AQ": 0.5876666666666667, "25Q": 0.6383333333333333, "35Q": 0.8716666666666667, "47Q": 0.28, "7AQ": 0.14833333333333334, "27Q": 0.17333333333333334, "37Q": 0.5513333333333333, "77Q": 0.17366666666666666, "44Q": 0.17466666666666666, "4AQ": 0.187, "24Q": 0.32033333333333336, "34Q": 0.5616666666666666, "AAQ": 0.18066666666666667, "2AQ": 0.17233333333333334, "3AQ": 0.5583333333333333, "22Q": 0.17966666666666667, "23Q": 0.6296666666666667, "33Q": 0.9336666666666666, "68K": 0.175, "89K": 0.12066666666666667, "8JK": 0.15633333333333332, "58K": 0.5693333333333334, "88K": 0.167, "78K": 0.139, "48K": 0.15933333333333333, "8AK": 0.161, "28K": 0.15733333333333333, "38K": 0.556, "8KK": 0.18033333333333335, "69K": 0.17933333333333334, "6JK": 0.18766666666666668, "56K": 0.5693333333333334, "67K": 0.289, "66K": 0.21266666666666667, "46K": 0.42533333333333334, "6AK": 0.182, "26K": 0.2853333333333333, "36K": 0.5573333333333333, "6KK": 0.216, "9JK": 0.13033333333333333, "59K": 0.536, "99K": 0.165, "79K": 0.13733333333333334, "49K": 0.16766666666666666, "9AK": 0.15933333333333333, "29K": 0.162, "39K": 0.541, "9KK": 0.17333333333333334, "5JK": 0.5683333333333334, "7JK": 0.15966666666666668, "4JK": 0.19566666666666666, "JJK": 0.176, "AJK": 0.15166666666666667, "2JK": 0.18533333333333332, "3JK": 0.5583333333333333, "JKK": 0.20533333333333334, "55K": 0.907, "57K": 0.5573333333333333, "45K": 0.6423333333333333, "5AK": 0.5866666666666667, "25K": 0.6453333333333333, "35K": 0.8633333333333333, "5KK": 0.6266666666666667, "47K": 0.275, "7AK": 0.164, "27K": 0.16533333333333333, "37K": 0.5356666666666666, "77K": 0.18066666666666667, "7KK": 0.18666666666666668, "44K": 0.17866666666666667, "4AK": 0.16633333333333333, "24K": 0.3016666666666667, "34K": 0.587, "4KK": 0.214, "AAK": 0.17466666666666666, "2AK": 0.17833333333333334, "3AK": 0.5706666666666667, "AKK": 0.16833333333333333, "22K": 0.16933333333333334, "23K": 0.6466666666666666, "2KK": 0.223, "3KK": 0.6103333333333333, "33K": 0.9343333333333333, "KKK": 0.21733333333333332, "689": 0.23433333333333334, "68J": 0.17333333333333334, "568": 0.492, "688": 0.2, "678": 0.31033333333333335, "668": 0.201, "468": 0.38366666666666666, "68A": 0.185, "268": 0.303, "368": 0.5616666666666666, "89J": 0.146, "589": 0.5113333333333333, "899": 0.16933333333333334, "889": 0.18233333333333332, "789": 0.16533333333333333, "489": 0.16733333333333333, "89A": 0.14633333333333334, "289": 0.162, "389": 0.5153333333333333, "58J": 0.5436666666666666, "88J": 0.17033333333333334, "78J": 0.17433333333333334, "48J": 0.189, "8JJ": 0.17066666666666666, "8AJ": 0.162, "28J": 0.19333333333333333, "38J": 0.574, "558": 0.8963333333333333, "588": 0.6023333333333334, "578": 0.48, "458": 0.574, "58A": 0.579, "258": 0.6176666666666667, "358": 0.8463333333333334, "788": 0.17666666666666667, "488": 0.19266666666666668, "88A": 0.17633333333333334, "288": 0.18333333333333332, "888": 0.19933333333333333, "388": 0.5996666666666667, "478": 0.23933333333333334, "78A": 0.17433333333333334, "278": 0.15533333333333332, "378": 0.5233333333333333, "778": 0.18633333333333332, "448": 0.173, "48A": 0.183, "248": 0.30266666666666664, "348": 0.568, "8AA": 0.162, "28A": 0.161, "38A": 0.5813333333333334, "228": 0.16366666666666665, "238": 0.6106666666666667, "338": 0.9386666666666666, "69J": 0.19466666666666665, "569": 0.548, "699": 0.201, "679": 0.339, "669": 0.218, "469": 0.4066666666666667, "69A": 0.195, "269": 0.31033333333333335, "369": 0.5536666666666666, "56J": 0.5603333333333333, "67J": 0.2926666666666667, "66J": 0.22566666666666665, "46J": 0.423, "6JJ": 0.18666666666666668, "6AJ": 0.17366666666666666, "26J": 0.32233333333333336, "36J": 0.581, "556": 0.907, "567": 0.49633333333333335, "566": 0.6003333333333334, "456": 0.6043333333333333, "56A": 0.5686666666666667, "256": 0.6376666666666667, "356": 0.7603333333333333, "667": 0.292, "467": 0.8763333333333333, "67A": 0.29833333333333334, "267": 0.2833333333333333, "367": 0.5783333333333334, "677": 0.304, "466": 0.43166666666666664, "66A": 0.206, "266": 0.31766666666666665, "666": 0.23, "366": 0.6013333333333334, "446": 0.39466666666666667, "46A": 0.4156666666666667, "246": 0.908, "346": 0.6016666666666667, "6AA": 0.19333333333333333, "26A": 0.29233333333333333, "36A": 0.571, "226": 0.2796666666666667, "236": 0.6393333333333333, "336": 0.9016666666666666, "59J": 0.5566666666666666, "99J": 0.19033333333333333, "79J": 0.17066666666666666, "49J": 0.19866666666666666, "9JJ": 0.17266666666666666, "9AJ": 0.15633333333333332, "29J": 0.194, "39J": 0.5576666666666666,