{"2KT": 0.21666666666666667, "3KT": 0.175, "KQT": 0.18466666666666667, "7KT": 0.16966666666666666, "8KT": 0.166, "KTT": 0.17533333333333334, "9KT": 0.15266666666666667, "5KT": 0.586, "AKT": 0.171, "6KT": 0.19566666666666666, "JKT": 0.14866666666666667, "KKT": 0.226, "4KT": 0.5776666666666667, "23K": 0.3466666666666667, "2KQ": 0.4583333333333333, "27K": 0.227, "28K": 0.21666666666666667, "29K": 0.214, "25K": 0.6696666666666666, "2AK": 0.22833333333333333, "26K": 0.34, "2JK": 0.19966666666666666, "2KK": 0.4796666666666667, "24K": 0.667, "22K": 0.22933333333333333, "3KQ": 0.20766666666666667, "37K": 0.29033333333333333, "38K": 0.19166666666666668, "39K": 0.18866666666666668, "33K": 0.19933333333333333, "35K": 0.6456666666666667, "3AK": 0.18, "36K": 0.43, "3JK": 0.176, "3KK": 0.25, "34K": 0.6323333333333333, "7KQ": 0.22333333333333333, "8KQ": 0.21966666666666668, "9KQ": 0.196, "5KQ": 0.6066666666666667, "AKQ": 0.20133333333333334, "6KQ": 0.24566666666666667, "JKQ": 0.18766666666666668, "KQQ": 0.21966666666666668, "KKQ": 0.42966666666666664, "4KQ": 0.5973333333333334, "78K": 0.2833333333333333, "79K": 0.182, "57K": 0.561, "7AK": 0.19533333333333333, "67K": 0.397, "7JK": 0.153, "77K": 0.20533333333333334, "7KK": 0.22933333333333333, "47K": 0.5736666666666667, "89K": 0.179, "58K": 0.5833333333333334, "8AK": 0.186, "68K": 0.2946666666666667, "8JK": 0.177, "8KK": 0.23733333333333334, "88K": 0.191, "48K": 0.612, "59K": 0.57, "9AK": 0.169, "69K": 0.20333333333333334, "9JK": 0.151, "99K": 0.18433333333333332, "9KK": 0.22733333333333333, "49K": 0.5646666666666667, "5AK": 0.573, "56K": 0.59, "5JK": 0.5613333333333334, "5KK": 0.6333333333333333, "45K": 0.82, "55K": 0.9383333333333334, "6AK": 0.199, "AJK": 0.15333333333333332, "AKK": 0.22066666666666668, "AAK": 0.17166666666666666, "4AK": 0.57, "6JK": 0.19733333333333333, "66K": 0.22733333333333333, "6KK": 0.25966666666666666, "46K": 0.5883333333333334, "JKK": 0.22233333333333333, "JJK": 0.219, "4JK": 0.55, "4KK": 0.632, "KKK": 0.242, "44K": 0.9196666666666666, "23T": 0.32166666666666666, "2QT": 0.457, "27T": 0.22066666666666668, "28T": 0.21833333333333332, "2TT": 0.23866666666666667, "29T": 0.20133333333333334, "25T": 0.6546666666666666, "2AT": 0.22333333333333333, "26T": 0.33166666666666667, "2JT": 0.208, "24T": 0.6636666666666666, "22T": 0.215, "3QT": 0.21766666666666667, "37T": 0.283, "38T": 0.13766666666666666, "3TT": 0.197, "39T": 0.185, "33T": 0.17633333333333334, "35T": 0.6193333333333333, "3AT": 0.17366666666666666, "36T": 0.331, "3JT": 0.166, "34T": 0.625, "7QT": 0.23033333333333333, "8QT": 0.211, "QTT": 0.23033333333333333, "9QT": 0.189, "5QT": 0.5853333333333334, "AQT": 0.20766666666666667, "6QT": 0.231, "JQT": 0.17366666666666666, "QQT": 0.22733333333333333, "4QT": 0.5766666666666667, "78T": 0.25266666666666665, "7TT": 0.19133333333333333, "79T": 0.174, "57T": 0.5726666666666667, "7AT": 0.18933333333333333, "67T": 0.3893333333333333, "7JT": 0.179, "77T": 0.19533333333333333, "47T": 0.568, "8TT": 0.19666666666666666, "89T": 0.138, "58T": 0.542, "8AT": 0.16266666666666665, "68T": 0.23, "8JT": 0.15733333333333333, "88T": 0.179, "48T": 0.5576666666666666, "9TT": 0.18433333333333332, "5TT": 0.6273333333333333, "ATT": 0.189, "6TT": 0.21166666666666667, "JTT": 0.16433333333333333, "4TT": 0.6076666666666667, "TTT": 0.21266666666666667, "59T": 0.5336666666666666, "9AT": 0.15433333333333332, "69T": 0.171, "9JT": 0.13766666666666666, "99T": 0.168, "49T": 0.5363333333333333, "5AT": 0.569, "56T": 0.5596666666666666, "5JT": 0.5566666666666666, "45T": 0.8253333333333334, "55T": 0.9133333333333333, "6AT": 0.18666666666666668, "AJT": 0.163, "AAT": 0.179, "4AT": 0.5666666666666667, "6JT": 0.19, "66T": 0.213, "46T": 0.541, "JJT": 0.21033333333333334, "4JT": 0.5626666666666666, "44T": 0.938, "23Q": 0.5373333333333333, "237": 0.33066666666666666, "238": 0.326, "239": 0.314, "233": 0.33066666666666666, "235": 0.718, "23A": 0.3396666666666667, "236": 0.9073333333333333, "23J": 0.3353333333333333, "234": 0.7186666666666667, "223": 0.33866666666666667, "27Q": 0.45666666666666667, "28Q": 0.4553333333333333, "29Q": 0.4653333333333333, "25Q": 0.7613333333333333, "2AQ": 0.47, "26Q": 0.542, "2JQ": 0.4583333333333333, "2QQ": 0.471, "24Q": 0.763, "22Q": 0.464, "278": 0.30333333333333334, "279": 0.218, "257": 0.6276666666666667, "27A": 0.22466666666666665, "267": 0.44166666666666665, "27J": 0.22166666666666668, "277": 0.257, "247": 0.6556666666666666, "227": 0.22866666666666666, "289": 0.21833333333333332, "258": 0.652, "28A": 0.227, "268": 0.41933333333333334, "28J": 0.231, "288": 0.25166666666666665, "248": 0.6526666666666666, "228": 0.22533333333333333, "259": 0.6393333333333333, "29A": 0.215, "269": 0.3283333333333333, "29J": 0.21633333333333332, "299": 0.25033333333333335, "249": 0.6353333333333333, "229": 0.20333333333333334, "25A": 0.6436666666666667, "256": 0.6556666666666666, "25J": 0.666, "245": 0.8296666666666667, "225": 0.6296666666666667, "255": 0.949, "26A": 0.36433333333333334, "2AJ": 0.215, "2AA": 0.24366666666666667, "24A": 0.6393333333333333, "22A": 0.21133333333333335, "26J": 0.352, "266": 0.37533333333333335, "246": 0.6823333333333333, "226": 0.3416666666666667, "2JJ": 0.47833333333333333, "24J": 0.6616666666666666, "22J": 0.21933333333333332, "224": 0.613, "244": 0.9483333333333334, "222": 0.23133333333333334, "37Q": 0.3393333333333333, "38Q": 0.211, "39Q": 0.23966666666666667, "33Q": 0.23033333333333333, "35Q": 0.665, "3AQ": 0.237, "36Q": 0.44666666666666666, "3JQ": 0.22833333333333333, "3QQ": 0.24866666666666667, "34Q": 0.646, "378": 0.271, "379": 0.2906666666666667, "337": 0.264, "357": 0.66, "37A": 0.301, "367": 0.8966666666666666, "37J": 0.29833333333333334, "377": 0.31133333333333335, "347": 0.66, "389": 0.173, "338": 0.20233333333333334, "358": 0.6326666666666667, "38A": 0.18766666666666668, "368": 0.33466666666666667, "38J": 0.17666666666666667, "388": 0.204, "348": 0.62, "339": 0.20166666666666666, "359": 0.605, "39A": 0.19033333333333333, "369": 0.39866666666666667, "39J": 0.19833333333333333, "399": 0.21133333333333335, "349": 0.6386666666666667, "335": 0.6636666666666666, "33A": 0.18933333333333333, "336": 0.39966666666666667, "33J": 0.17766666666666667, "334": 0.635, "333": 0.21366666666666667, "35A": 0.6123333333333333, "356": 0.637, "35J": 0.6396666666666667, "345": 0.7593333333333333, "355": 0.9216666666666666, "36A": 0.4226666666666667, "3AJ": 0.187, "3AA": 0.20566666666666666, "34A": 0.6073333333333333, "36J": 0.39266666666666666, "366": 0.42933333333333334, "346": 0.631, "3JJ": 0.25766666666666665, "34J": 0.6613333333333333, "344": 0.944, "78Q": 0.3303333333333333, "79Q": 0.227, "57Q": 0.597, "7AQ": 0.21633333333333332, "67Q": 0.43033333333333335, "7JQ": 0.207, "7QQ": 0.24133333333333334, "77Q": 0.25066666666666665, "47Q": 0.6083333333333333, "89Q": 0.19933333333333333, "58Q": 0.588, "8AQ": 0.22933333333333333, "68Q": 0.31966666666666665, "8JQ": 0.209, "8QQ": 0.22366666666666668, "88Q": 0.24233333333333335, "48Q": 0.5843333333333334, "59Q": 0.5716666666666667, "9AQ": 0.19233333333333333, "69Q": 0.218, "9JQ": 0.18766666666666668, "99Q": 0.22033333333333333, "9QQ": 0.21733333333333332, "49Q": 0.565, "5AQ": 0.5816666666666667, "56Q": 0.594, "5JQ": 0.5863333333333334, "5QQ": 0.632, "45Q": 0.8196666666666667, "55Q": 0.9346666666666666, "6AQ": 0.233, "AJQ": 0.194, "AQQ": 0.22266666666666668, "AAQ": 0.215, "4AQ": 0.5703333333333334, "6JQ": 0.24133333333333334, "66Q": 0.25533333333333336, "6QQ": 0.25533333333333336, "46Q": 0.5983333333333334, "JQQ": 0.229, "JJQ": 0.45566666666666666, "4JQ": 0.6, "QQQ": 0.25366666666666665, "4QQ": 0.6306666666666667, "44Q": 0.9353333333333333, "789": 0.24033333333333334, "578": 0.551, "78A": 0.2916666666666667, "678": 0.8003333333333333, "78J": 0.2673333333333333, "778": 0.287, "788": 0.2773333333333333, "478": 0.5983333333333334, "579": 0.503, "79A": 0.18, "679": 0.36033333333333334, "79J": 0.173, "799": 0.198, "779": 0.19033333333333333, "479": 0.5523333333333333,