{"5AK": 0.5913333333333334, "6AK": 0.24933333333333332, "AAK": 0.25766666666666665, "9AK": 0.23633333333333334, "AJK": 0.236, "7AK": 0.6283333333333333, "AKQ": 0.22333333333333333, "4AK": 0.23466666666666666, "AKK": 0.254, "8AK": 0.275, "2AK": 0.24266666666666667, "AKT": 0.24033333333333334, "3AK": 0.22766666666666666, "56A": 0.595, "5AA": 0.656, "59A": 0.598, "5AJ": 0.583, "57A": 0.8526666666666667, "5AQ": 0.588, "45A": 0.639, "58A": 0.6193333333333333, "25A": 0.644, "5AT": 0.5783333333333334, "55A": 0.922, "35A": 0.6316666666666667, "6AA": 0.27166666666666667, "69A": 0.3393333333333333, "6AJ": 0.255, "67A": 0.6493333333333333, "6AQ": 0.25666666666666665, "46A": 0.4613333333333333, "68A": 0.4633333333333333, "26A": 0.22766666666666666, "6AT": 0.26033333333333336, "36A": 0.3283333333333333, "66A": 0.25366666666666665, "9AA": 0.2886666666666667, "AAJ": 0.27566666666666667, "7AA": 0.6876666666666666, "AAQ": 0.27266666666666667, "4AA": 0.288, "AAA": 0.292, "8AA": 0.30733333333333335, "2AA": 0.248, "AAT": 0.25233333333333335, "3AA": 0.255, "9AJ": 0.25966666666666666, "79A": 0.6263333333333333, "99A": 0.26366666666666666, "9AQ": 0.261, "49A": 0.272, "89A": 0.374, "29A": 0.226, "9AT": 0.243, "39A": 0.224, "7AJ": 0.62, "AJQ": 0.26, "4AJ": 0.262, "AJJ": 0.2713333333333333, "8AJ": 0.2703333333333333, "2AJ": 0.214, "AJT": 0.239, "3AJ": 0.21933333333333332, "7AQ": 0.6313333333333333, "47A": 0.6703333333333333, "77A": 0.9153333333333333, "78A": 0.6176666666666667, "27A": 0.6923333333333334, "7AT": 0.6056666666666667, "37A": 0.653, "4AQ": 0.26366666666666666, "8AQ": 0.26566666666666666, "2AQ": 0.21966666666666668, "AQT": 0.22733333333333333, "3AQ": 0.232, "AQQ": 0.24666666666666667, "48A": 0.3416666666666667, "24A": 0.226, "4AT": 0.24833333333333332, "44A": 0.26666666666666666, "34A": 0.3403333333333333, "28A": 0.27166666666666667, "8AT": 0.2856666666666667, "38A": 0.24733333333333332, "88A": 0.28633333333333333, "2AT": 0.24466666666666667, "22A": 0.21633333333333332, "23A": 0.22233333333333333, "3AT": 0.21166666666666667, "ATT": 0.258, "33A": 0.22833333333333333, "56K": 0.5993333333333334, "59K": 0.6213333333333333, "5JK": 0.6053333333333333, "57K": 0.859, "5KQ": 0.603, "45K": 0.6653333333333333, "5KK": 0.647, "58K": 0.6423333333333333, "25K": 0.6633333333333333, "5KT": 0.6073333333333333, "55K": 0.9296666666666666, "35K": 0.6683333333333333, "69K": 0.3636666666666667, "6JK": 0.25133333333333335, "67K": 0.6573333333333333, "6KQ": 0.262, "46K": 0.4663333333333333, "6KK": 0.275, "68K": 0.4623333333333333, "26K": 0.24533333333333332, "6KT": 0.257, "36K": 0.33166666666666667, "66K": 0.24566666666666667, "9JK": 0.28633333333333333, "79K": 0.602, "99K": 0.2743333333333333, "9KQ": 0.25266666666666665, "49K": 0.25333333333333335, "9KK": 0.271, "89K": 0.38133333333333336, "29K": 0.24566666666666667, "9KT": 0.2683333333333333, "39K": 0.23166666666666666, "7JK": 0.5956666666666667, "JKQ": 0.242, "4JK": 0.249, "JJK": 0.2653333333333333, "JKK": 0.25566666666666665, "8JK": 0.283, "2JK": 0.24233333333333335, "JKT": 0.24633333333333332, "3JK": 0.22333333333333333, "7KQ": 0.627, "47K": 0.69, "77K": 0.944, "7KK": 0.6906666666666667, "78K": 0.608, "27K": 0.6786666666666666, "7KT": 0.5763333333333334, "37K": 0.6586666666666666, "4KQ": 0.258, "KKQ": 0.26, "8KQ": 0.29033333333333333, "2KQ": 0.247, "KQT": 0.25533333333333336, "3KQ": 0.234, "KQQ": 0.279, "4KK": 0.2683333333333333, "48K": 0.34933333333333333, "24K": 0.25033333333333335, "4KT": 0.25133333333333335, "44K": 0.27, "34K": 0.3363333333333333, "8KK": 0.296, "2KK": 0.278, "KKT": 0.27066666666666667, "KKK": 0.29, "3KK": 0.272, "28K": 0.38266666666666665, "8KT": 0.4043333333333333, "38K": 0.2663333333333333, "88K": 0.30366666666666664, "2KT": 0.39966666666666667, "22K": 0.229, "23K": 0.23166666666666666, "3KT": 0.23733333333333334, "KTT": 0.281, "33K": 0.22633333333333333, "569": 0.6266666666666667, "56J": 0.5976666666666667, "567": 0.7423333333333333, "56Q": 0.605, "456": 0.6516666666666666, "568": 0.6573333333333333, "256": 0.6186666666666667, "56T": 0.6043333333333333, "556": 0.919, "356": 0.634, "566": 0.6263333333333333, "59J": 0.61, "579": 0.813, "599": 0.6616666666666666, "59Q": 0.5916666666666667, "459": 0.66, "589": 0.6326666666666667, "259": 0.6613333333333333, "59T": 0.6046666666666667, "559": 0.935, "359": 0.644, "57J": 0.8526666666666667, "5JQ": 0.5886666666666667, "45J": 0.6563333333333333, "5JJ": 0.6713333333333333, "58J": 0.6183333333333333, "25J": 0.6646666666666666, "5JT": 0.601, "55J": 0.9366666666666666, "35J": 0.6596666666666666, "57Q": 0.8643333333333333, "457": 0.795, "577": 0.9856666666666667, "578": 0.7666666666666667, "257": 0.8793333333333333, "57T": 0.8556666666666667, "557": 0.9823333333333333, "357": 0.8236666666666667, "45Q": 0.6553333333333333, "58Q": 0.608, "25Q": 0.6613333333333333, "5QT": 0.5973333333333334, "55Q": 0.9426666666666667, "35Q": 0.6516666666666666, "5QQ": 0.6756666666666666, "458": 0.6956666666666667, "245": 0.684, "45T": 0.6536666666666666, "445": 0.6733333333333333, "455": 0.9423333333333334, "345": 0.6986666666666667, "258": 0.6536666666666666, "58T": 0.6066666666666667, "558": 0.92, "358": 0.6416666666666667, "588": 0.6613333333333333, "25T": 0.644, "255": 0.9303333333333333, "225": 0.6593333333333333, "235": 0.6676666666666666, "55T": 0.9196666666666666, "35T": 0.663, "5TT": 0.6733333333333333, "355": 0.9423333333333334, "555": 1.0, "335": 0.634, "69J": 0.38133333333333336, "679": 0.6076666666666667, "699": 0.37366666666666665, "69Q": 0.3546666666666667, "469": 0.4593333333333333, "689": 0.8883333333333333, "269": 0.338, "69T": 0.30733333333333335, "369": 0.44966666666666666, "669": 0.3556666666666667, "67J": 0.646, "6JQ": 0.268, "46J": 0.44033333333333335, "6JJ": 0.26166666666666666, "68J": 0.44633333333333336, "26J": 0.22966666666666666, "6JT": 0.245, "36J": 0.31333333333333335, "66J": 0.279, "67Q": 0.6573333333333333, "467": 0.7143333333333334, "677": 0.9153333333333333, "678": 0.6233333333333333, "267": 0.688, "67T": 0.6243333333333333, "367": 0.5976666666666667, "667": 0.6593333333333333, "46Q": 0.44866666666666666, "68Q": 0.4686666666666667, "26Q": 0.24066666666666667, "6QT": 0.24133333333333334, "36Q": 0.32, "6QQ": 0.26866666666666666, "66Q": 0.25766666666666665, "468": 0.9406666666666667, "246": 0.4513333333333333, "46T": 0.455, "446": 0.4503333333333333, "346": 0.9196666666666666, "466": 0.4666666666666667, "268": 0.45466666666666666, "68T": 0.422, "368": 0.4176666666666667, "668": 0.44266666666666665, "688": 0.44233333333333336, "26T": 0.25333333333333335, "226": 0.22966666666666666, "236": 0.2976666666666667, "266": 0.249, "36T": 0.332, "66T": 0.2673333333333333, "6TT": 0.2776666666666667, "336": 0.3343333333333333, "366": 0.3396666666666667, "666": 0.274, "79J": 0.579, "99J": 0.28833333333333333, "9JQ": 0.3983333333333333, "49J": 0.397, "9JJ": 0.286, "89J": 0.43166666666666664, "29J": 0.254, "9JT": 0.30533333333333335, "39J": 0.25333333333333335, "799": 0.6396666666666667, "79Q": 0.6106666666666667, "479": 0.6653333333333333, "779": 0.9153333333333333, "789": 0.5723333333333334, "279": 0.68, "79T": 0.5273333333333333, "379": 0.645, "99Q": 0.299, "499": 0.269, "899": 0.3903333333333333, "299": 0.25266666666666665, "99T": 0.2623333333333333, "399": 0.269, "999": 0.30433333333333334, "49Q": 0.399, "89Q": 0.365, "29Q": 0.25766666666666665, "9QT": 0.252, "39Q": 0.25066666666666665, "9QQ": 0.30633333333333335, "489": 0.3516666666666667, "249": 0.223, "49T": 0.262, "449": 0.27066666666666667, "349": 0.32866666666666666, "289": 0.36466666666666664, "89T": 0.4053333333333333, "389": 0.3436666666666667, "889": 0.357, "29T": 0.24266666666666667, "229": 0.22633333333333333, "239": 0.22066666666666668, "39T": 0.245, "9TT": 0.2886666666666667, "339": 0.25166666666666665, "7JQ": 0.6176666666666667, "47J": 0.668, "7JJ": 0.6523333333333333, "77J": 0.9273333333333333, "78J": 0.5916666666666667, "27J": 0.6733333333333333, "7JT": 0.5753333333333334, "37J": 0.6613333333333333,