{"2KQ": 0.8603333333333333, "6KQ": 0.8686666666666667, "3KQ": 0.888, "KQT": 0.852, "5KQ": 0.8886666666666667, "9KQ": 0.8323333333333334, "KQQ": 0.8593333333333333, "KKQ": 0.972, "7KQ": 0.8563333333333333, "AKQ": 0.9113333333333333, "4KQ": 0.8626666666666667, "8KQ": 0.8773333333333333, "JKQ": 0.854, "26Q": 0.5346666666666666, "22Q": 0.645, "23Q": 0.569, "2QT": 0.645, "25Q": 0.5536666666666666, "29Q": 0.5203333333333333, "2QQ": 0.6293333333333333, "27Q": 0.5323333333333333, "2AQ": 0.9113333333333333, "24Q": 0.53, "28Q": 0.575, "2JQ": 0.6383333333333333, "36Q": 0.531, "6QT": 0.6196666666666667, "56Q": 0.532, "69Q": 0.5036666666666667, "6QQ": 0.618, "67Q": 0.5133333333333333, "6AQ": 0.8916666666666667, "46Q": 0.511, "68Q": 0.561, "66Q": 0.639, "6JQ": 0.638, "3QT": 0.6223333333333333, "35Q": 0.547, "39Q": 0.5456666666666666, "3QQ": 0.6436666666666667, "37Q": 0.5516666666666666, "3AQ": 0.9056666666666666, "33Q": 0.639, "34Q": 0.5406666666666666, "38Q": 0.5736666666666667, "3JQ": 0.6383333333333333, "5QT": 0.6303333333333333, "9QT": 0.5853333333333334, "QQT": 0.709, "7QT": 0.6266666666666667, "AQT": 0.884, "4QT": 0.6326666666666667, "QTT": 0.6963333333333334, "8QT": 0.7093333333333334, "JQT": 0.9436666666666667, "59Q": 0.5456666666666666, "5QQ": 0.652, "55Q": 0.64, "57Q": 0.538, "5AQ": 0.8756666666666667, "45Q": 0.527, "58Q": 0.5533333333333333, "5JQ": 0.6406666666666667, "9QQ": 0.616, "99Q": 0.6526666666666666, "79Q": 0.5076666666666667, "9AQ": 0.9036666666666666, "49Q": 0.5376666666666666, "89Q": 0.5146666666666667, "9JQ": 0.6066666666666667, "7QQ": 0.642, "AQQ": 0.911, "4QQ": 0.6323333333333333, "8QQ": 0.6573333333333333, "JQQ": 0.7093333333333334, "QQQ": 0.7413333333333333, "7AQ": 0.8963333333333333, "77Q": 0.64, "47Q": 0.5293333333333333, "78Q": 0.5456666666666666, "7JQ": 0.6396666666666667, "4AQ": 0.912, "8AQ": 0.8823333333333333, "AAQ": 0.9753333333333334, "AJQ": 0.8866666666666667, "48Q": 0.555, "44Q": 0.6526666666666666, "4JQ": 0.637, "88Q": 0.657, "8JQ": 0.7056666666666667, "JJQ": 0.699, "26K": 0.7563333333333333, "22K": 0.8586666666666667, "23K": 0.8646666666666667, "2KT": 0.849, "25K": 0.8676666666666667, "29K": 0.7726666666666666, "2KK": 0.96, "27K": 0.7543333333333333, "2AK": 0.9316666666666666, "24K": 0.7533333333333333, "28K": 0.8696666666666667, "2JK": 0.8696666666666667, "36K": 0.8483333333333334, "6KT": 0.8503333333333334, "56K": 0.833, "69K": 0.7493333333333333, "6KK": 0.9456666666666667, "67K": 0.741, "6AK": 0.9293333333333333, "46K": 0.7463333333333333, "68K": 0.829, "66K": 0.8713333333333333, "6JK": 0.855, "3KT": 0.8876666666666667, "35K": 0.885, "39K": 0.858, "3KK": 0.9666666666666667, "37K": 0.861, "3AK": 0.9583333333333334, "33K": 0.8923333333333333, "34K": 0.8436666666666667, "38K": 0.9043333333333333, "3JK": 0.8836666666666667, "5KT": 0.893, "9KT": 0.806, "KKT": 0.9616666666666667, "7KT": 0.8403333333333334, "AKT": 0.914, "4KT": 0.8676666666666667, "KTT": 0.8453333333333334, "8KT": 0.8756666666666667, "JKT": 0.855, "59K": 0.865, "5KK": 0.971, "55K": 0.8633333333333333, "57K": 0.8356666666666667, "5AK": 0.925, "45K": 0.84, "58K": 0.877, "5JK": 0.894, "99K": 0.847, "9KK": 0.947, "79K": 0.7333333333333333, "9AK": 0.9273333333333333, "49K": 0.756, "89K": 0.84, "9JK": 0.8146666666666667, "7KK": 0.9473333333333334, "AKK": 0.9996666666666667, "4KK": 0.95, "8KK": 0.976, "JKK": 0.9686666666666667, "KKK": 1.0, "7AK": 0.9226666666666666, "77K": 0.858, "47K": 0.734, "78K": 0.8343333333333334, "7JK": 0.853, "4AK": 0.9166666666666666, "8AK": 0.949, "AAK": 1.0, "AJK": 0.9166666666666666, "48K": 0.8593333333333333, "44K": 0.873, "4JK": 0.8683333333333333, "88K": 0.867, "8JK": 0.879, "JJK": 0.8813333333333333, "226": 0.5966666666666667, "236": 0.506, "26T": 0.5206666666666667, "256": 0.5026666666666667, "269": 0.44866666666666666, "267": 0.43933333333333335, "26A": 0.865, "246": 0.43766666666666665, "268": 0.49166666666666664, "266": 0.5996666666666667, "26J": 0.5286666666666666, "223": 0.631, "22T": 0.6343333333333333, "225": 0.62, "229": 0.5936666666666667, "222": 0.7303333333333333, "227": 0.6083333333333333, "22A": 0.896, "224": 0.5876666666666667, "228": 0.636, "22J": 0.619, "23T": 0.5546666666666666, "235": 0.5126666666666667, "239": 0.5203333333333333, "237": 0.531, "23A": 0.9023333333333333, "233": 0.641, "234": 0.515, "238": 0.535, "23J": 0.5553333333333333, "25T": 0.5556666666666666, "29T": 0.5236666666666666, "27T": 0.5363333333333333, "2AT": 0.902, "24T": 0.515, "2TT": 0.6026666666666667, "28T": 0.5763333333333334, "2JT": 0.6463333333333333, "259": 0.5156666666666667, "255": 0.613, "257": 0.526, "25A": 0.8633333333333333, "245": 0.488, "258": 0.5336666666666666, "25J": 0.5533333333333333, "299": 0.605, "279": 0.4553333333333333, "29A": 0.8833333333333333, "249": 0.47933333333333333, "289": 0.49566666666666664, "29J": 0.532, "27A": 0.874, "277": 0.6096666666666667, "247": 0.44, "278": 0.5006666666666667, "27J": 0.543, "24A": 0.8643333333333333, "28A": 0.903, "2AA": 0.9826666666666667, "2AJ": 0.9016666666666666, "248": 0.5276666666666666, "244": 0.606, "24J": 0.533, "288": 0.5956666666666667, "28J": 0.5713333333333334, "2JJ": 0.6366666666666667, "36T": 0.545, "356": 0.4856666666666667, "369": 0.505, "367": 0.48233333333333334, "36A": 0.8786666666666667, "336": 0.6166666666666667, "346": 0.4573333333333333, "368": 0.5196666666666667, "366": 0.6223333333333333, "36J": 0.546, "56T": 0.5356666666666666, "69T": 0.504, "67T": 0.49233333333333335, "6AT": 0.889, "46T": 0.5, "6TT": 0.607, "68T": 0.528, "66T": 0.6186666666666667, "6JT": 0.6273333333333333, "569": 0.487, "556": 0.5596666666666666, "567": 0.44566666666666666, "56A": 0.8356666666666667, "456": 0.433, "568": 0.502, "566": 0.6023333333333334, "56J": 0.522, "699": 0.595, "679": 0.42733333333333334, "69A": 0.846, "469": 0.43166666666666664, "689": 0.4643333333333333, "669": 0.5963333333333334, "69J": 0.507, "67A": 0.8306666666666667, "677": 0.5866666666666667, "467": 0.4063333333333333, "678": 0.458, "667": 0.567, "67J": 0.5103333333333333, "46A": 0.8453333333333334, "68A": 0.8693333333333333, "6AA": 0.9736666666666667, "66A": 0.901, "6AJ": 0.8953333333333333, "468": 0.474, "466": 0.586, "446": 0.6043333333333333, "46J": 0.524, "688": 0.5883333333333334, "668": 0.6223333333333333, "68J": 0.56, "66J": 0.6363333333333333, "666": 0.7483333333333333, "6JJ": 0.6393333333333333, "35T": 0.5426666666666666, "39T": 0.525, "37T": 0.5543333333333333, "3AT": 0.8983333333333333, "33T": 0.6256666666666667, "34T": 0.5463333333333333, "3TT": 0.6473333333333333, "38T": 0.5576666666666666, "3JT": 0.623, "359": 0.5266666666666666, "355": 0.6336666666666667, "357": 0.5106666666666667, "35A": 0.853, "335": 0.6116666666666667, "345": 0.4836666666666667, "358": 0.5263333333333333, "35J": 0.5436666666666666, "399": 0.6346666666666667, "379": 0.5006666666666667, "39A": 0.9106666666666666, "339": 0.6316666666666667, "349": 0.5213333333333333, "389": 0.511, "39J": 0.5313333333333333, "37A": 0.8993333333333333, "337": 0.618, "377": 0.6076666666666667, "347": 0.5016666666666667, "378": 0.5203333333333333, "37J": 0.5533333333333333, "33A": 0.903, "34A": 0.8806666666666667, "38A": 0.9, "3AA": 0.982, "3AJ": 0.908, "334": 0.6163333333333333, "338": 0.6326666666666667, "333": 0.7403333333333333, "33J": 0.6356666666666667, "348": 0.558, "344": 0.6416666666666667, "34J": 0.5566666666666666, "388": 0.6456666666666667, "38J": 0.5513333333333333, "3JJ": 0.6566666666666666, "59T": 0.53, "55T": 0.6323333333333333, "57T": 0.542, "5AT": 0.8673333333333333, "45T": 0.546, "5TT": 0.6546666666666666, "58T": 0.5453333333333333, "5JT": 0.6393333333333333, "99T": 0.6386666666666667, "79T": 0.48533333333333334, "9AT": 0.8586666666666667, "49T": 0.507, "9TT": 0.602, "89T": 0.483, "9JT": 0.571, "7AT": 0.8843333333333333, "77T": 0.6303333333333333, "47T": 0.516, "7TT": 0.601, "78T": 0.516, "7JT": 0.6036666666666667, "4AT": 0.9016666666666666, "ATT": 0.8886666666666667, "8AT": 0.853, "AAT": 0.9723333333333334, "AJT": 0.879,