{"AJK": 0.43233333333333335, "4AK": 0.457, "9AK": 0.35133333333333333, "7AK": 0.473, "3AK": 0.678, "6AK": 0.49033333333333334, "8AK": 0.47933333333333333, "AAK": 0.4086666666666667, "AKQ": 0.4533333333333333, "5AK": 0.4856666666666667, "AKK": 0.42433333333333334, "2AK": 0.347, "AKT": 0.6373333333333333, "4JK": 0.3406666666666667, "9JK": 0.382, "JJK": 0.4003333333333333, "7JK": 0.3576666666666667, "3JK": 0.6053333333333333, "6JK": 0.3323333333333333, "8JK": 0.33666666666666667, "JKQ": 0.49433333333333335, "5JK": 0.3416666666666667, "JKK": 0.383, "2JK": 0.333, "JKT": 0.5676666666666667, "49K": 0.30033333333333334, "47K": 0.44766666666666666, "34K": 0.6423333333333333, "46K": 0.4503333333333333, "48K": 0.43566666666666665, "4KQ": 0.35233333333333333, "45K": 0.4593333333333333, "4KK": 0.352, "24K": 0.30966666666666665, "4KT": 0.7126666666666667, "44K": 0.3446666666666667, "79K": 0.31733333333333336, "99K": 0.3423333333333333, "39K": 0.6133333333333333, "69K": 0.313, "89K": 0.31666666666666665, "9KQ": 0.3903333333333333, "59K": 0.307, "9KK": 0.37, "29K": 0.31866666666666665, "9KT": 0.6653333333333333, "77K": 0.348, "37K": 0.656, "67K": 0.438, "78K": 0.44266666666666665, "7KQ": 0.339, "57K": 0.443, "7KK": 0.36133333333333334, "27K": 0.289, "7KT": 0.6806666666666666, "36K": 0.638, "38K": 0.6403333333333333, "3KQ": 0.62, "35K": 0.654, "3KK": 0.6486666666666666, "23K": 0.6563333333333333, "3KT": 0.8823333333333333, "33K": 0.9376666666666666, "68K": 0.45166666666666666, "6KQ": 0.3516666666666667, "56K": 0.44466666666666665, "6KK": 0.364, "26K": 0.301, "66K": 0.3466666666666667, "6KT": 0.705, "8KQ": 0.35133333333333333, "58K": 0.421, "8KK": 0.3596666666666667, "28K": 0.30233333333333334, "88K": 0.364, "8KT": 0.6936666666666667, "5KQ": 0.356, "KQQ": 0.42766666666666664, "KKQ": 0.396, "2KQ": 0.35, "KQT": 0.6063333333333333, "5KK": 0.36566666666666664, "25K": 0.295, "5KT": 0.6983333333333334, "55K": 0.354, "2KK": 0.367, "KKK": 0.42933333333333334, "KKT": 0.739, "22K": 0.33866666666666667, "2KT": 0.7133333333333334, "KTT": 0.9166666666666666, "4AJ": 0.332, "9AJ": 0.36033333333333334, "AJJ": 0.397, "7AJ": 0.3383333333333333, "3AJ": 0.6033333333333334, "6AJ": 0.3443333333333333, "8AJ": 0.35633333333333334, "AAJ": 0.394, "AJQ": 0.43833333333333335, "5AJ": 0.33466666666666667, "2AJ": 0.309, "AJT": 0.603, "49A": 0.29233333333333333, "47A": 0.452, "34A": 0.645, "46A": 0.428, "48A": 0.436, "4AA": 0.36, "4AQ": 0.3396666666666667, "45A": 0.455, "24A": 0.30966666666666665, "4AT": 0.7296666666666667, "44A": 0.3353333333333333, "79A": 0.30366666666666664, "99A": 0.3426666666666667, "39A": 0.607, "69A": 0.29633333333333334, "89A": 0.319, "9AA": 0.36133333333333334, "9AQ": 0.3273333333333333, "59A": 0.30366666666666664, "29A": 0.299, "9AT": 0.6966666666666667, "77A": 0.35033333333333333, "37A": 0.655, "67A": 0.455, "78A": 0.443, "7AA": 0.3626666666666667, "7AQ": 0.3373333333333333, "57A": 0.44366666666666665, "27A": 0.30433333333333334, "7AT": 0.6963333333333334, "36A": 0.6296666666666667, "38A": 0.6463333333333333, "3AA": 0.67, "3AQ": 0.6153333333333333, "35A": 0.647, "23A": 0.6526666666666666, "3AT": 0.8883333333333333, "33A": 0.9356666666666666, "68A": 0.4266666666666667, "6AA": 0.35433333333333333, "6AQ": 0.3446666666666667, "56A": 0.43933333333333335, "26A": 0.3006666666666667, "66A": 0.33266666666666667, "6AT": 0.706, "8AA": 0.35533333333333333, "8AQ": 0.35133333333333333, "58A": 0.43366666666666664, "28A": 0.297, "88A": 0.3576666666666667, "8AT": 0.7063333333333334, "AAA": 0.445, "AAQ": 0.4116666666666667, "5AA": 0.3436666666666667, "2AA": 0.3606666666666667, "AAT": 0.7396666666666667, "5AQ": 0.328, "AQQ": 0.3923333333333333, "2AQ": 0.3443333333333333, "AQT": 0.6203333333333333, "25A": 0.3, "5AT": 0.714, "55A": 0.3436666666666667, "22A": 0.32033333333333336, "2AT": 0.721, "ATT": 0.9293333333333333, "49J": 0.2996666666666667, "4JJ": 0.3446666666666667, "47J": 0.295, "34J": 0.5913333333333334, "46J": 0.309, "48J": 0.305, "4JQ": 0.3293333333333333, "45J": 0.29933333333333334, "24J": 0.288, "4JT": 0.6903333333333334, "44J": 0.31733333333333336, "9JJ": 0.389, "79J": 0.377, "99J": 0.33766666666666667, "39J": 0.5996666666666667, "69J": 0.29, "89J": 0.45166666666666666, "9JQ": 0.4786666666666667, "59J": 0.294, "29J": 0.297, "9JT": 0.6, "7JJ": 0.361, "3JJ": 0.6546666666666666, "6JJ": 0.3456666666666667, "8JJ": 0.36033333333333334, "JJQ": 0.423, "5JJ": 0.3476666666666667, "2JJ": 0.37266666666666665, "JJT": 0.7276666666666667, "JJJ": 0.44533333333333336, "77J": 0.30033333333333334, "37J": 0.6063333333333333, "67J": 0.30333333333333334, "78J": 0.37433333333333335, "7JQ": 0.32666666666666666, "57J": 0.29933333333333334, "27J": 0.30733333333333335, "7JT": 0.6643333333333333, "36J": 0.5866666666666667, "38J": 0.6166666666666667, "3JQ": 0.6076666666666667, "35J": 0.5953333333333334, "23J": 0.6403333333333333, "3JT": 0.856, "33J": 0.9283333333333333, "68J": 0.30233333333333334, "6JQ": 0.32866666666666666, "56J": 0.294, "26J": 0.28933333333333333, "66J": 0.346, "6JT": 0.6846666666666666, "8JQ": 0.42833333333333334, "58J": 0.28, "28J": 0.2886666666666667, "88J": 0.343, "8JT": 0.6113333333333333, "5JQ": 0.32566666666666666, "JQQ": 0.4083333333333333, "2JQ": 0.36033333333333334, "JQT": 0.5526666666666666, "25J": 0.29533333333333334, "5JT": 0.7013333333333334, "55J": 0.333, "22J": 0.30966666666666665, "2JT": 0.69, "JTT": 0.899, "479": 0.288, "499": 0.29733333333333334, "349": 0.6033333333333334, "469": 0.2723333333333333, "489": 0.28633333333333333, "49Q": 0.30433333333333334, "459": 0.27666666666666667, "249": 0.2713333333333333, "49T": 0.7393333333333333, "449": 0.30666666666666664, "477": 0.31833333333333336, "347": 0.6336666666666667, "467": 0.456, "478": 0.4226666666666667, "47Q": 0.2966666666666667, "457": 0.453, "247": 0.261, "47T": 0.7476666666666667, "447": 0.31966666666666665, "346": 0.613, "348": 0.6533333333333333, "34Q": 0.5946666666666667, "345": 0.6016666666666667, "234": 0.6343333333333333, "34T": 0.8783333333333333, "334": 0.9166666666666666, "344": 0.6243333333333333, "468": 0.43666666666666665, "46Q": 0.319, "456": 0.503, "246": 0.3463333333333333, "466": 0.31733333333333336, "46T": 0.7496666666666667, "446": 0.29633333333333334, "48Q": 0.2966666666666667, "458": 0.42866666666666664, "248": 0.266, "488": 0.30833333333333335, "48T": 0.7316666666666667, "448": 0.30366666666666664, "45Q": 0.30333333333333334, "4QQ": 0.3443333333333333, "24Q": 0.30633333333333335, "4QT": 0.698, "44Q": 0.342, "245": 0.37066666666666664, "45T": 0.7503333333333333, "455": 0.31533333333333335, "445": 0.30966666666666665, "224": 0.2836666666666667, "24T": 0.7676666666666667, "244": 0.3233333333333333, "4TT": 0.947, "44T": 0.727, "444": 0.38533333333333336, "799": 0.31466666666666665, "779": 0.30433333333333334, "379": 0.5906666666666667, "679": 0.3466666666666667, "789": 0.4206666666666667, "79Q": 0.314, "579": 0.2846666666666667, "279": 0.278, "79T": 0.6823333333333333, "399": 0.643, "699": 0.3016666666666667, "899": 0.30833333333333335, "99Q": 0.36733333333333335, "599": 0.29233333333333333, "299": 0.314, "99T": 0.7036666666666667, "999": 0.356, "369": 0.5856666666666667, "389": 0.596, "39Q": 0.5976666666666667, "359": 0.5936666666666667, "239": 0.6393333333333333, "39T": 0.8673333333333333, "339": 0.9453333333333334, "689": 0.338, "69Q": 0.324, "569": 0.2733333333333333, "269": 0.26966666666666667, "669": 0.31366666666666665, "69T": 0.7063333333333334, "89Q": 0.378, "589": 0.28, "289": 0.287, "889": 0.313, "89T": 0.6323333333333333, "59Q": 0.31, "9QQ": 0.38433333333333336, "29Q": 0.4533333333333333, "9QT": 0.669, "259": 0.285, "59T": 0.7413333333333333, "559": 0.30966666666666665, "229": 0.2876666666666667, "29T": 0.7213333333333334, "9TT": 0.8866666666666667, "377": 0.6386666666666667, "677": 0.30833333333333335, "778": 0.3243333333333333, "777": 0.375, "77Q": 0.3263333333333333, "577": 0.31133333333333335, "277": 0.3006666666666667, "77T": 0.7256666666666667, "367": 0.625, "378": 0.661,