{"8AJ": 0.8056666666666666, "9AJ": 0.7983333333333333, "AJT": 0.7903333333333333, "AJK": 0.7763333333333333, "6AJ": 0.8003333333333333, "AJJ": 0.9656666666666667, "AAJ": 0.8633333333333333, "2AJ": 0.7886666666666666, "5AJ": 0.793, "3AJ": 0.8026666666666666, "7AJ": 0.7826666666666666, "AJQ": 0.836, "4AJ": 0.7753333333333333, "89J": 0.7963333333333333, "8JT": 0.7826666666666666, "8JK": 0.7876666666666666, "68J": 0.8096666666666666, "8JJ": 0.9603333333333334, "28J": 0.803, "58J": 0.8173333333333334, "38J": 0.835, "88J": 0.7946666666666666, "78J": 0.777, "8JQ": 0.8566666666666667, "48J": 0.8056666666666666, "9JT": 0.8113333333333334, "9JK": 0.815, "69J": 0.8186666666666667, "9JJ": 0.957, "29J": 0.7926666666666666, "59J": 0.8313333333333334, "39J": 0.8383333333333334, "79J": 0.7923333333333333, "9JQ": 0.833, "49J": 0.813, "99J": 0.786, "JKT": 0.8023333333333333, "6JT": 0.806, "JJT": 0.9383333333333334, "JTT": 0.804, "2JT": 0.7196666666666667, "5JT": 0.8173333333333334, "3JT": 0.813, "7JT": 0.7686666666666667, "JQT": 0.697, "4JT": 0.6936666666666667, "6JK": 0.7923333333333333, "JJK": 0.953, "2JK": 0.7826666666666666, "5JK": 0.8026666666666666, "3JK": 0.7923333333333333, "JKK": 0.8596666666666667, "7JK": 0.7843333333333333, "JKQ": 0.811, "4JK": 0.7686666666666667, "6JJ": 0.9543333333333334, "26J": 0.823, "56J": 0.8053333333333333, "36J": 0.829, "67J": 0.8106666666666666, "6JQ": 0.8896666666666667, "46J": 0.8026666666666666, "66J": 0.815, "2JJ": 0.9446666666666667, "5JJ": 0.9656666666666667, "3JJ": 0.9566666666666667, "JJJ": 1.0, "7JJ": 0.9543333333333334, "JJQ": 0.9936666666666667, "4JJ": 0.948, "25J": 0.8153333333333334, "23J": 0.824, "22J": 0.8003333333333333, "27J": 0.807, "2JQ": 0.7923333333333333, "24J": 0.7076666666666667, "35J": 0.8306666666666667, "55J": 0.828, "57J": 0.8016666666666666, "5JQ": 0.8863333333333333, "45J": 0.7976666666666666, "33J": 0.8416666666666667, "37J": 0.8293333333333334, "3JQ": 0.8883333333333333, "34J": 0.803, "7JQ": 0.8696666666666667, "77J": 0.8176666666666667, "47J": 0.794, "4JQ": 0.783, "JQQ": 0.996, "44J": 0.817, "89A": 0.5636666666666666, "8AT": 0.6346666666666667, "8AK": 0.5973333333333334, "68A": 0.46, "8AA": 0.5753333333333334, "28A": 0.4693333333333333, "58A": 0.47333333333333333, "38A": 0.499, "88A": 0.5623333333333334, "78A": 0.463, "8AQ": 0.7986666666666666, "48A": 0.4713333333333333, "9AT": 0.646, "9AK": 0.616, "69A": 0.474, "9AA": 0.595, "29A": 0.4826666666666667, "59A": 0.5946666666666667, "39A": 0.4886666666666667, "79A": 0.477, "9AQ": 0.807, "49A": 0.503, "99A": 0.5636666666666666, "AKT": 0.974, "6AT": 0.5503333333333333, "AAT": 0.622, "ATT": 0.6213333333333333, "2AT": 0.5323333333333333, "5AT": 0.5523333333333333, "3AT": 0.5536666666666666, "7AT": 0.53, "AQT": 0.7983333333333333, "4AT": 0.5236666666666666, "6AK": 0.5913333333333334, "AAK": 0.692, "2AK": 0.605, "5AK": 0.5803333333333334, "3AK": 0.603, "AKK": 0.6893333333333334, "7AK": 0.6093333333333333, "AKQ": 0.7786666666666666, "4AK": 0.6066666666666667, "6AA": 0.582, "26A": 0.46066666666666667, "56A": 0.45, "36A": 0.47433333333333333, "67A": 0.4716666666666667, "6AQ": 0.8056666666666666, "46A": 0.463, "66A": 0.528, "2AA": 0.5576666666666666, "5AA": 0.5733333333333334, "3AA": 0.5716666666666667, "7AA": 0.5793333333333334, "AAQ": 0.8716666666666667, "4AA": 0.5843333333333334, "AAA": 0.6666666666666666, "25A": 0.48033333333333333, "23A": 0.469, "22A": 0.5346666666666666, "27A": 0.4836666666666667, "2AQ": 0.7846666666666666, "24A": 0.45866666666666667, "35A": 0.47733333333333333, "55A": 0.553, "57A": 0.463, "5AQ": 0.7983333333333333, "45A": 0.4653333333333333, "33A": 0.543, "37A": 0.4706666666666667, "3AQ": 0.7996666666666666, "34A": 0.4643333333333333, "7AQ": 0.8276666666666667, "77A": 0.52, "47A": 0.44533333333333336, "4AQ": 0.792, "AQQ": 0.9656666666666667, "44A": 0.53, "89T": 0.9673333333333334, "89K": 0.5416666666666666, "689": 0.48233333333333334, "289": 0.5316666666666666, "589": 0.5036666666666667, "389": 0.5126666666666667, "889": 0.557, "789": 0.4676666666666667, "89Q": 0.8323333333333334, "489": 0.5213333333333333, "899": 0.541, "8KT": 0.6183333333333333, "68T": 0.5116666666666667, "8TT": 0.567, "28T": 0.49133333333333334, "58T": 0.5106666666666667, "38T": 0.535, "88T": 0.5676666666666667, "78T": 0.48633333333333334, "8QT": 0.811, "48T": 0.49, "68K": 0.47433333333333333, "28K": 0.4856666666666667, "58K": 0.46266666666666667, "38K": 0.5076666666666667, "88K": 0.543, "8KK": 0.5883333333333334, "78K": 0.4703333333333333, "8KQ": 0.796, "48K": 0.468, "268": 0.4043333333333333, "568": 0.381, "368": 0.416, "688": 0.4886666666666667, "678": 0.36933333333333335, "68Q": 0.8256666666666667, "468": 0.37166666666666665, "668": 0.454, "258": 0.4033333333333333, "238": 0.41733333333333333, "288": 0.4806666666666667, "228": 0.478, "278": 0.407, "28Q": 0.8286666666666667, "248": 0.399, "358": 0.39066666666666666, "588": 0.48633333333333334, "558": 0.4736666666666667, "578": 0.35833333333333334, "58Q": 0.8266666666666667, "458": 0.393, "388": 0.49566666666666664, "338": 0.4686666666666667, "378": 0.415, "38Q": 0.855, "348": 0.41533333333333333, "788": 0.46366666666666667, "88Q": 0.8126666666666666, "888": 0.5723333333333334, "488": 0.472, "78Q": 0.8273333333333334, "778": 0.455, "478": 0.38333333333333336, "48Q": 0.814, "8QQ": 0.9513333333333334, "448": 0.45666666666666667, "9KT": 0.969, "69T": 0.5843333333333334, "9TT": 0.6146666666666667, "29T": 0.5786666666666667, "59T": 0.6126666666666667, "39T": 0.609, "79T": 0.5796666666666667, "9QT": 0.8246666666666667, "49T": 0.5703333333333334, "99T": 0.612, "69K": 0.5543333333333333, "29K": 0.57, "59K": 0.56, "39K": 0.5603333333333333, "9KK": 0.629, "79K": 0.5503333333333333, "9KQ": 0.8046666666666666, "49K": 0.5516666666666666, "99K": 0.635, "269": 0.419, "569": 0.41133333333333333, "369": 0.43066666666666664, "679": 0.407, "69Q": 0.8323333333333334, "469": 0.41933333333333334, "669": 0.47733333333333333, "699": 0.4836666666666667, "259": 0.43766666666666665, "239": 0.424, "229": 0.49666666666666665, "279": 0.43433333333333335, "29Q": 0.8296666666666667, "249": 0.412, "299": 0.4866666666666667, "359": 0.4186666666666667, "559": 0.509, "579": 0.42633333333333334, "59Q": 0.836, "459": 0.42733333333333334, "599": 0.5003333333333333, "339": 0.487, "379": 0.42866666666666664, "39Q": 0.8483333333333334, "349": 0.424, "399": 0.4716666666666667, "79Q": 0.823, "779": 0.47733333333333333, "479": 0.4073333333333333, "799": 0.4876666666666667, "49Q": 0.8113333333333334, "99Q": 0.8006666666666666, "9QQ": 0.9646666666666667, "449": 0.5026666666666667, "499": 0.47833333333333333, "999": 0.5883333333333334, "6KT": 0.6343333333333333, "KTT": 0.6586666666666666, "2KT": 0.6073333333333333, "5KT": 0.6373333333333333, "3KT": 0.6296666666666667, "KKT": 0.6986666666666667, "7KT": 0.6326666666666667, "KQT": 0.7986666666666666, "4KT": 0.614, "6TT": 0.5253333333333333, "26T": 0.42033333333333334, "56T": 0.4226666666666667, "36T": 0.43766666666666665, "67T": 0.4246666666666667, "6QT": 0.8193333333333334, "46T": 0.395, "66T": 0.4613333333333333, "2TT": 0.496, "5TT": 0.51, "3TT": 0.5053333333333333, "7TT": 0.5133333333333333, "QTT": 0.805, "4TT": 0.484, "TTT": 0.5793333333333334, "25T": 0.42733333333333334, "23T": 0.41133333333333333, "22T": 0.491, "27T": 0.42966666666666664, "2QT": 0.7053333333333334, "24T": 0.367, "35T": 0.421, "55T": 0.49966666666666665, "57T": 0.4096666666666667, "5QT": 0.8303333333333334, "45T": 0.402, "33T": 0.5026666666666667, "37T": 0.439, "3QT": 0.8146666666666667, "34T": 0.41233333333333333, "7QT": 0.8146666666666667, "77T": 0.48433333333333334, "47T": 0.407, "4QT": 0.7196666666666667, "QQT": 0.9486666666666667, "44T": 0.4746666666666667, "26K": 0.49233333333333335, "56K": 0.4583333333333333, "36K": 0.6006666666666667, "6KK": 0.5896666666666667, "67K": 0.5886666666666667, "6KQ": 0.8136666666666666, "46K": 0.471, "66K": 0.544, "25K": 0.49466666666666664, "23K": 0.49866666666666665, "2KK": 0.5826666666666667,