{"QQT": 0.494, "QQQ": 0.5983333333333334, "JQQ": 0.48966666666666664, "3QQ": 0.47733333333333333, "KQQ": 0.791, "5QQ": 0.7213333333333334, "9QQ": 0.483, "8QQ": 0.4716666666666667, "2QQ": 0.507, "4QQ": 0.5083333333333333, "7QQ": 0.49566666666666664, "6QQ": 0.4646666666666667, "AQQ": 0.5623333333333334, "JQT": 0.5393333333333333, "3QT": 0.43033333333333335, "KQT": 0.7746666666666666, "5QT": 0.6443333333333333, "9QT": 0.475, "8QT": 0.42866666666666664, "2QT": 0.44166666666666665, "4QT": 0.4256666666666667, "7QT": 0.41233333333333333, "QTT": 0.48966666666666664, "6QT": 0.415, "AQT": 0.5263333333333333, "JJQ": 0.498, "3JQ": 0.4076666666666667, "JKQ": 0.754, "5JQ": 0.652, "9JQ": 0.45366666666666666, "8JQ": 0.397, "2JQ": 0.414, "4JQ": 0.435, "7JQ": 0.4046666666666667, "6JQ": 0.4266666666666667, "AJQ": 0.499, "3KQ": 0.8063333333333333, "35Q": 0.676, "39Q": 0.408, "38Q": 0.398, "23Q": 0.42966666666666664, "33Q": 0.479, "34Q": 0.442, "37Q": 0.4033333333333333, "36Q": 0.407, "3AQ": 0.4816666666666667, "5KQ": 0.9193333333333333, "KKQ": 0.9366666666666666, "9KQ": 0.809, "8KQ": 0.82, "2KQ": 0.8233333333333334, "4KQ": 0.8286666666666667, "7KQ": 0.828, "6KQ": 0.8083333333333333, "AKQ": 0.7513333333333333, "55Q": 0.9566666666666667, "59Q": 0.6403333333333333, "58Q": 0.6383333333333333, "25Q": 0.6993333333333334, "45Q": 0.6753333333333333, "57Q": 0.6226666666666667, "56Q": 0.6033333333333334, "5AQ": 0.6463333333333333, "99Q": 0.4856666666666667, "89Q": 0.412, "29Q": 0.44433333333333336, "49Q": 0.4483333333333333, "79Q": 0.3973333333333333, "69Q": 0.4156666666666667, "9AQ": 0.4603333333333333, "28Q": 0.43233333333333335, "88Q": 0.49233333333333335, "48Q": 0.422, "78Q": 0.4106666666666667, "68Q": 0.4026666666666667, "8AQ": 0.4713333333333333, "24Q": 0.5816666666666667, "27Q": 0.41933333333333334, "26Q": 0.44566666666666666, "22Q": 0.4856666666666667, "2AQ": 0.477, "47Q": 0.4236666666666667, "44Q": 0.498, "46Q": 0.41933333333333334, "4AQ": 0.48733333333333334, "77Q": 0.482, "67Q": 0.4046666666666667, "7AQ": 0.447, "6AQ": 0.45566666666666666, "66Q": 0.492, "AAQ": 0.5943333333333334, "JJT": 0.487, "3JT": 0.4083333333333333, "JKT": 0.7483333333333333, "5JT": 0.652, "9JT": 0.452, "8JT": 0.392, "2JT": 0.41433333333333333, "4JT": 0.41833333333333333, "7JT": 0.381, "JTT": 0.473, "6JT": 0.402, "AJT": 0.49133333333333334, "3KT": 0.7936666666666666, "35T": 0.6976666666666667, "39T": 0.39966666666666667, "38T": 0.4136666666666667, "23T": 0.42133333333333334, "33T": 0.4706666666666667, "34T": 0.4103333333333333, "37T": 0.398, "3TT": 0.49033333333333334, "36T": 0.399, "3AT": 0.4786666666666667, "5KT": 0.8996666666666666, "KKT": 0.9363333333333334, "9KT": 0.771, "8KT": 0.8073333333333333, "2KT": 0.8243333333333334, "4KT": 0.823, "7KT": 0.8146666666666667, "KTT": 0.7913333333333333, "6KT": 0.7826666666666666, "AKT": 0.7453333333333333, "55T": 0.9483333333333334, "59T": 0.7433333333333333, "58T": 0.7146666666666667, "25T": 0.6993333333333334, "45T": 0.679, "57T": 0.615, "5TT": 0.7313333333333333, "56T": 0.6216666666666667, "5AT": 0.6503333333333333, "99T": 0.48433333333333334, "89T": 0.5346666666666666, "29T": 0.4063333333333333, "49T": 0.41133333333333333, "79T": 0.381, "9TT": 0.49433333333333335, "69T": 0.4033333333333333, "9AT": 0.45866666666666667, "28T": 0.39966666666666667, "88T": 0.481, "48T": 0.4116666666666667, "78T": 0.37533333333333335, "8TT": 0.4826666666666667, "68T": 0.392, "8AT": 0.4633333333333333, "24T": 0.42, "27T": 0.37033333333333335, "2TT": 0.49, "26T": 0.3973333333333333, "22T": 0.4746666666666667, "2AT": 0.46366666666666667, "47T": 0.4063333333333333, "44T": 0.471, "4TT": 0.49833333333333335, "46T": 0.418, "4AT": 0.4633333333333333, "77T": 0.48533333333333334, "7TT": 0.448, "67T": 0.407, "7AT": 0.43133333333333335, "6TT": 0.49, "ATT": 0.539, "TTT": 0.6063333333333333, "6AT": 0.4563333333333333, "66T": 0.48033333333333333, "AAT": 0.575, "3JJ": 0.473, "JJK": 0.779, "5JJ": 0.7133333333333334, "9JJ": 0.502, "8JJ": 0.4856666666666667, "2JJ": 0.5006666666666667, "4JJ": 0.4856666666666667, "7JJ": 0.478, "JJJ": 0.595, "6JJ": 0.478, "AJJ": 0.5363333333333333, "3JK": 0.8033333333333333, "35J": 0.681, "39J": 0.408, "38J": 0.405, "23J": 0.41333333333333333, "33J": 0.463, "34J": 0.4176666666666667, "37J": 0.39866666666666667, "36J": 0.408, "3AJ": 0.453, "5JK": 0.9193333333333333, "JKK": 0.9186666666666666, "9JK": 0.7876666666666666, "8JK": 0.8186666666666667, "2JK": 0.835, "4JK": 0.8263333333333334, "7JK": 0.7873333333333333, "6JK": 0.7983333333333333, "AJK": 0.7226666666666667, "55J": 0.9543333333333334, "59J": 0.653, "58J": 0.6373333333333333, "25J": 0.7013333333333334, "45J": 0.6686666666666666, "57J": 0.582, "56J": 0.6203333333333333, "5AJ": 0.621, "99J": 0.473, "89J": 0.4073333333333333, "29J": 0.38533333333333336, "49J": 0.402, "79J": 0.37633333333333335, "69J": 0.4206666666666667, "9AJ": 0.44533333333333336, "28J": 0.3993333333333333, "88J": 0.47533333333333333, "48J": 0.393, "78J": 0.3903333333333333, "68J": 0.41233333333333333, "8AJ": 0.43266666666666664, "24J": 0.42966666666666664, "27J": 0.38333333333333336, "26J": 0.4033333333333333, "22J": 0.442, "2AJ": 0.46366666666666667, "47J": 0.4023333333333333, "44J": 0.44966666666666666, "46J": 0.418, "4AJ": 0.44333333333333336, "77J": 0.48033333333333333, "67J": 0.4126666666666667, "7AJ": 0.398, "6AJ": 0.424, "66J": 0.4876666666666667, "AAJ": 0.5543333333333333, "35K": 0.9043333333333333, "3KK": 0.934, "39K": 0.814, "38K": 0.8196666666666667, "23K": 0.817, "33K": 0.7936666666666666, "34K": 0.806, "37K": 0.82, "36K": 0.7143333333333334, "3AK": 0.77, "355": 0.923, "359": 0.67, "358": 0.7033333333333334, "235": 0.712, "335": 0.71, "345": 0.6663333333333333, "357": 0.6616666666666666, "356": 0.5896666666666667, "35A": 0.6813333333333333, "399": 0.472, "389": 0.42333333333333334, "239": 0.4106666666666667, "339": 0.48966666666666664, "349": 0.442, "379": 0.39266666666666666, "369": 0.4076666666666667, "39A": 0.47, "238": 0.4063333333333333, "338": 0.4886666666666667, "388": 0.49433333333333335, "348": 0.4096666666666667, "378": 0.3943333333333333, "368": 0.40166666666666667, "38A": 0.4713333333333333, "233": 0.486, "234": 0.498, "237": 0.425, "236": 0.4706666666666667, "223": 0.48533333333333334, "23A": 0.478, "334": 0.4846666666666667, "333": 0.5716666666666667, "337": 0.4886666666666667, "336": 0.472, "33A": 0.5296666666666666, "347": 0.49133333333333334, "344": 0.4866666666666667, "346": 0.5476666666666666, "34A": 0.4633333333333333, "377": 0.5116666666666667, "367": 0.4686666666666667, "37A": 0.44766666666666666, "36A": 0.45466666666666666, "366": 0.47933333333333333, "3AA": 0.548, "5KK": 0.9906666666666667, "55K": 0.9896666666666667, "59K": 0.902, "58K": 0.905, "25K": 0.942, "45K": 0.923, "57K": 0.9023333333333333, "56K": 0.8686666666666667, "5AK": 0.903, "9KK": 0.9463333333333334, "8KK": 0.9493333333333334, "2KK": 0.9586666666666667, "4KK": 0.9576666666666667, "7KK": 0.926, "6KK": 0.9313333333333333, "AKK": 0.9093333333333333, "KKK": 1.0, "99K": 0.7913333333333333, "89K": 0.8146666666666667, "29K": 0.833, "49K": 0.8323333333333334, "79K": 0.811, "69K": 0.794, "9AK": 0.775, "28K": 0.8433333333333334, "88K": 0.8286666666666667, "48K": 0.839, "78K": 0.8223333333333334, "68K": 0.804, "8AK": 0.7743333333333333, "24K": 0.8316666666666667, "27K": 0.8503333333333334, "26K": 0.8153333333333334, "22K": 0.8223333333333334, "2AK": 0.791, "47K": 0.8403333333333334, "44K": 0.824, "46K": 0.8086666666666666, "4AK": 0.796, "77K": 0.8246666666666667, "67K": 0.7966666666666666, "7AK": 0.747, "6AK": 0.77, "66K": 0.8006666666666666, "AAK": 0.807, "559": 0.9403333333333334, "558": 0.932, "255": 0.962, "455": 0.945, "557": 0.927, "556": 0.8983333333333333, "555": 1.0, "55A": 0.9666666666666667, "599": 0.7263333333333334, "589": 0.7276666666666667, "259": 0.7076666666666667, "459": 0.7, "579": 0.6036666666666667, "569": 0.6076666666666667, "59A": 0.6656666666666666, "258": 0.6953333333333334, "588": 0.714, "458": 0.6613333333333333,