{"6AQ": 0.37433333333333335, "AQQ": 0.44333333333333336, "4AQ": 0.36833333333333335, "9AQ": 0.4583333333333333, "3AQ": 0.37733333333333335, "2AQ": 0.361, "8AQ": 0.6746666666666666, "7AQ": 0.36733333333333335, "AKQ": 0.48033333333333333, "5AQ": 0.3576666666666667, "AAQ": 0.4493333333333333, "AJQ": 0.5776666666666667, "AQT": 0.6683333333333333, "6QQ": 0.406, "46Q": 0.33, "69Q": 0.5256666666666666, "36Q": 0.3433333333333333, "26Q": 0.329, "68Q": 0.712, "67Q": 0.42633333333333334, "6KQ": 0.3863333333333333, "56Q": 0.31733333333333336, "66Q": 0.407, "6JQ": 0.488, "6QT": 0.7363333333333333, "4QQ": 0.41833333333333333, "9QQ": 0.48133333333333334, "3QQ": 0.4083333333333333, "QQQ": 0.48133333333333334, "2QQ": 0.38433333333333336, "8QQ": 0.739, "7QQ": 0.41, "KQQ": 0.46, "5QQ": 0.4036666666666667, "JQQ": 0.5376666666666666, "QQT": 0.7776666666666666, "49Q": 0.4246666666666667, "44Q": 0.4096666666666667, "34Q": 0.3516666666666667, "24Q": 0.3353333333333333, "48Q": 0.729, "47Q": 0.3406666666666667, "4KQ": 0.389, "45Q": 0.32166666666666666, "4JQ": 0.48433333333333334, "4QT": 0.7333333333333333, "39Q": 0.4266666666666667, "29Q": 0.4226666666666667, "89Q": 0.6823333333333333, "99Q": 0.48333333333333334, "79Q": 0.5093333333333333, "9KQ": 0.464, "59Q": 0.4086666666666667, "9JQ": 0.918, "9QT": 0.7123333333333334, "23Q": 0.3423333333333333, "38Q": 0.7343333333333333, "37Q": 0.357, "33Q": 0.409, "3KQ": 0.401, "35Q": 0.3293333333333333, "3JQ": 0.4796666666666667, "3QT": 0.728, "28Q": 0.726, "27Q": 0.3353333333333333, "2KQ": 0.3883333333333333, "25Q": 0.333, "22Q": 0.37266666666666665, "2JQ": 0.481, "2QT": 0.7323333333333333, "78Q": 0.6873333333333334, "8KQ": 0.7066666666666667, "58Q": 0.6846666666666666, "88Q": 0.945, "8JQ": 0.7236666666666667, "8QT": 0.8406666666666667, "77Q": 0.4093333333333333, "7KQ": 0.38533333333333336, "57Q": 0.35133333333333333, "7JQ": 0.46266666666666667, "7QT": 0.733, "5KQ": 0.382, "JKQ": 0.562, "KKQ": 0.46, "KQT": 0.6323333333333333, "55Q": 0.379, "5JQ": 0.462, "5QT": 0.7323333333333333, "JQT": 0.6386666666666667, "JJQ": 0.5163333333333333, "QTT": 0.9206666666666666, "46A": 0.30533333333333335, "69A": 0.36533333333333334, "36A": 0.30733333333333335, "26A": 0.273, "68A": 0.5986666666666667, "67A": 0.36733333333333335, "6AK": 0.359, "56A": 0.274, "6AA": 0.391, "66A": 0.37933333333333336, "6AJ": 0.364, "6AT": 0.7156666666666667, "49A": 0.3496666666666667, "44A": 0.37433333333333335, "34A": 0.3253333333333333, "24A": 0.322, "48A": 0.7003333333333334, "47A": 0.347, "4AK": 0.389, "45A": 0.3006666666666667, "4AA": 0.407, "4AJ": 0.4033333333333333, "4AT": 0.7433333333333333, "39A": 0.32066666666666666, "29A": 0.312, "89A": 0.5626666666666666, "99A": 0.4013333333333333, "79A": 0.42766666666666664, "9AK": 0.37933333333333336, "59A": 0.285, "9AA": 0.403, "9AJ": 0.5426666666666666, "9AT": 0.7173333333333334, "23A": 0.31566666666666665, "38A": 0.7143333333333334, "37A": 0.3393333333333333, "33A": 0.36866666666666664, "3AK": 0.38533333333333336, "35A": 0.31533333333333335, "3AA": 0.42133333333333334, "3AJ": 0.405, "3AT": 0.7486666666666667, "28A": 0.6126666666666667, "27A": 0.2966666666666667, "2AK": 0.368, "25A": 0.2663333333333333, "2AA": 0.386, "22A": 0.353, "2AJ": 0.3626666666666667, "2AT": 0.7133333333333334, "78A": 0.589, "8AK": 0.667, "58A": 0.5886666666666667, "8AA": 0.7466666666666667, "88A": 0.9253333333333333, "8AJ": 0.672, "8AT": 0.8486666666666667, "77A": 0.389, "7AK": 0.388, "57A": 0.2856666666666667, "7AA": 0.40166666666666667, "7AJ": 0.4653333333333333, "7AT": 0.71, "5AK": 0.3506666666666667, "AAK": 0.42966666666666664, "AJK": 0.504, "AKK": 0.462, "AKT": 0.6603333333333333, "5AA": 0.3893333333333333, "55A": 0.36533333333333334, "5AJ": 0.371, "5AT": 0.7236666666666667, "AAA": 0.472, "AAJ": 0.47, "AAT": 0.7603333333333333, "AJT": 0.6513333333333333, "AJJ": 0.44266666666666665, "ATT": 0.9486666666666667, "469": 0.409, "446": 0.3436666666666667, "346": 0.29933333333333334, "246": 0.2763333333333333, "468": 0.688, "467": 0.49033333333333334, "46K": 0.35633333333333334, "456": 0.3466666666666667, "466": 0.33766666666666667, "46J": 0.3596666666666667, "46T": 0.7843333333333333, "369": 0.4083333333333333, "269": 0.3343333333333333, "689": 0.5873333333333334, "699": 0.44266666666666665, "679": 0.802, "69K": 0.43333333333333335, "569": 0.344, "669": 0.41933333333333334, "69J": 0.513, "69T": 0.763, "236": 0.2673333333333333, "368": 0.736, "367": 0.393, "336": 0.33166666666666667, "36K": 0.334, "356": 0.24733333333333332, "366": 0.3323333333333333, "36J": 0.35533333333333333, "36T": 0.7776666666666666, "268": 0.6443333333333333, "267": 0.3396666666666667, "26K": 0.308, "256": 0.24066666666666667, "266": 0.336, "226": 0.3323333333333333, "26J": 0.32266666666666666, "26T": 0.768, "678": 0.6003333333333334, "68K": 0.702, "568": 0.5713333333333334, "668": 0.7226666666666667, "688": 0.9143333333333333, "68J": 0.7126666666666667, "68T": 0.8246666666666667, "677": 0.4533333333333333, "67K": 0.4246666666666667, "567": 0.38566666666666666, "667": 0.4236666666666667, "67J": 0.424, "67T": 0.7346666666666667, "56K": 0.30633333333333335, "66K": 0.39266666666666666, "6JK": 0.41233333333333333, "6KK": 0.41133333333333333, "6KT": 0.719, "566": 0.315, "556": 0.317, "56J": 0.344, "56T": 0.743, "666": 0.4056666666666667, "66J": 0.3983333333333333, "66T": 0.769, "6JT": 0.7266666666666667, "6JJ": 0.4053333333333333, "6TT": 0.9526666666666667, "449": 0.36866666666666664, "349": 0.32866666666666666, "249": 0.312, "489": 0.6976666666666667, "499": 0.389, "479": 0.526, "49K": 0.378, "459": 0.301, "49J": 0.5493333333333333, "49T": 0.7843333333333333, "344": 0.36533333333333334, "244": 0.3293333333333333, "448": 0.75, "447": 0.367, "444": 0.406, "44K": 0.39466666666666667, "445": 0.3293333333333333, "44J": 0.4126666666666667, "44T": 0.7793333333333333, "234": 0.30233333333333334, "348": 0.765, "347": 0.32233333333333336, "334": 0.3403333333333333, "34K": 0.47333333333333333, "345": 0.29433333333333334, "34J": 0.49366666666666664, "34T": 0.776, "248": 0.7463333333333333, "247": 0.31266666666666665, "24K": 0.35333333333333333, "245": 0.258, "224": 0.3233333333333333, "24J": 0.33366666666666667, "24T": 0.789, "478": 0.6993333333333334, "48K": 0.7196666666666667, "458": 0.6956666666666667, "488": 0.941, "48J": 0.7293333333333333, "48T": 0.8806666666666667, "477": 0.3383333333333333, "47K": 0.37066666666666664, "457": 0.366, "47J": 0.46, "47T": 0.779, "45K": 0.331, "4JK": 0.5336666666666666, "4KK": 0.41833333333333333, "4KT": 0.723, "455": 0.358, "45J": 0.36233333333333334, "45T": 0.778, "4JT": 0.7173333333333334, "4JJ": 0.44366666666666665, "4TT": 0.9603333333333334, "239": 0.2986666666666667, "389": 0.7046666666666667, "399": 0.3953333333333333, "379": 0.5, "339": 0.36866666666666664, "39K": 0.3606666666666667, "359": 0.2796666666666667, "39J": 0.549, "39T": 0.7696666666666667, "289": 0.6083333333333333, "299": 0.37066666666666664, "279": 0.43533333333333335, "29K": 0.3446666666666667, "259": 0.269, "229": 0.3626666666666667, "29J": 0.521, "29T": 0.763, "899": 0.7313333333333333, "789": 0.603, "89K": 0.6743333333333333, "589": 0.5723333333333334, "889": 0.9136666666666666, "89J": 0.7013333333333334, "89T": 0.7596666666666667, "799": 0.529, "99K": 0.426, "599": 0.366, "999": 0.43233333333333335, "99J": 0.573, "99T": 0.764, "779": 0.512, "79K": 0.505, "579": 0.4126666666666667, "79J": 0.9153333333333333, "79T": 0.7723333333333333, "59K": 0.3323333333333333, "9JK": 0.5446666666666666, "9KK": 0.422, "9KT": 0.701, "559": 0.3596666666666667, "59J": 0.5156666666666667, "59T": 0.7653333333333333, "9JT": 0.725, "9JJ": 0.564, "9TT": 0.9486666666666667, "238": 0.754, "237": 0.309, "233": 0.353, "23K": 0.3363333333333333, "235": 0.26066666666666666, "223": 0.332, "23J": 0.35633333333333334, "23T": 0.7966666666666666, "378": 0.747, "338": 0.7686666666666667, "38K": 0.7436666666666667, "358": 0.7296666666666667, "388": 0.9476666666666667, "38J": 0.7326666666666667, "38T": 0.9083333333333333,