{"5AQ": 0.5046666666666667, "5QT": 0.5326666666666666, "5JQ": 0.525, "5QQ": 0.5746666666666667, "45Q": 0.4206666666666667, "57Q": 0.44233333333333336, "56Q": 0.45066666666666666, "35Q": 0.4693333333333333, "25Q": 0.4723333333333333, "59Q": 0.7216666666666667, "5KQ": 0.862, "58Q": 0.4826666666666667, "55Q": 0.5283333333333333, "AQT": 0.5373333333333333, "AJQ": 0.5693333333333334, "AQQ": 0.6093333333333333, "4AQ": 0.4886666666666667, "7AQ": 0.5103333333333333, "6AQ": 0.48533333333333334, "3AQ": 0.543, "2AQ": 0.5336666666666666, "AAQ": 0.604, "9AQ": 0.699, "AKQ": 0.741, "8AQ": 0.5263333333333333, "JQT": 0.9023333333333333, "QQT": 0.626, "4QT": 0.5246666666666666, "7QT": 0.5203333333333333, "6QT": 0.5076666666666667, "3QT": 0.565, "2QT": 0.5543333333333333, "9QT": 0.6846666666666666, "KQT": 0.7903333333333333, "8QT": 0.555, "QTT": 0.6133333333333333, "JQQ": 0.586, "4JQ": 0.44033333333333335, "7JQ": 0.511, "JJQ": 0.5946666666666667, "6JQ": 0.512, "3JQ": 0.5483333333333333, "2JQ": 0.5526666666666666, "9JQ": 0.6163333333333333, "JKQ": 0.792, "8JQ": 0.5146666666666667, "4QQ": 0.5516666666666666, "7QQ": 0.5686666666666667, "6QQ": 0.5613333333333334, "QQQ": 0.643, "3QQ": 0.7016666666666667, "2QQ": 0.6833333333333333, "9QQ": 0.7946666666666666, "KQQ": 0.836, "8QQ": 0.695, "47Q": 0.42533333333333334, "46Q": 0.4086666666666667, "34Q": 0.4543333333333333, "24Q": 0.448, "44Q": 0.5103333333333333, "49Q": 0.6323333333333333, "4KQ": 0.823, "48Q": 0.4483333333333333, "67Q": 0.43633333333333335, "37Q": 0.47933333333333333, "27Q": 0.493, "79Q": 0.7213333333333334, "7KQ": 0.8343333333333334, "77Q": 0.5496666666666666, "78Q": 0.48133333333333334, "66Q": 0.5486666666666666, "36Q": 0.45966666666666667, "26Q": 0.4826666666666667, "69Q": 0.7223333333333334, "6KQ": 0.8283333333333334, "68Q": 0.481, "23Q": 0.6403333333333333, "39Q": 0.7533333333333333, "3KQ": 0.864, "38Q": 0.6703333333333333, "33Q": 0.5426666666666666, "29Q": 0.7433333333333333, "2KQ": 0.8766666666666667, "28Q": 0.6613333333333333, "22Q": 0.5566666666666666, "9KQ": 0.8746666666666667, "89Q": 0.6853333333333333, "99Q": 0.9303333333333333, "8KQ": 0.858, "KKQ": 0.9313333333333333, "88Q": 0.5366666666666666, "5AT": 0.486, "5AJ": 0.5073333333333333, "45A": 0.46366666666666667, "57A": 0.4676666666666667, "56A": 0.4786666666666667, "35A": 0.5196666666666667, "25A": 0.538, "5AA": 0.6003333333333334, "59A": 0.7666666666666667, "5AK": 0.7703333333333333, "58A": 0.5373333333333333, "55A": 0.5553333333333333, "5JT": 0.5216666666666666, "45T": 0.42233333333333334, "57T": 0.44466666666666665, "56T": 0.425, "35T": 0.488, "25T": 0.4666666666666667, "59T": 0.7453333333333333, "5KT": 0.8283333333333334, "58T": 0.48333333333333334, "5TT": 0.5196666666666667, "55T": 0.485, "45J": 0.41533333333333333, "57J": 0.448, "5JJ": 0.5636666666666666, "56J": 0.44266666666666665, "35J": 0.468, "25J": 0.48233333333333334, "59J": 0.7266666666666667, "5JK": 0.86, "58J": 0.49366666666666664, "55J": 0.5373333333333333, "457": 0.39066666666666666, "456": 0.37166666666666665, "345": 0.4196666666666667, "245": 0.4523333333333333, "445": 0.46166666666666667, "459": 0.7693333333333333, "45K": 0.8263333333333334, "458": 0.44166666666666665, "455": 0.49933333333333335, "567": 0.452, "357": 0.47533333333333333, "257": 0.4643333333333333, "579": 0.7376666666666667, "57K": 0.8133333333333334, "577": 0.5183333333333333, "578": 0.5313333333333333, "557": 0.49066666666666664, "566": 0.542, "356": 0.432, "256": 0.44466666666666665, "569": 0.7376666666666667, "56K": 0.804, "568": 0.5326666666666666, "556": 0.478, "235": 0.639, "359": 0.8053333333333333, "35K": 0.844, "358": 0.634, "335": 0.513, "355": 0.5383333333333333, "259": 0.8033333333333333, "25K": 0.8613333333333333, "258": 0.643, "225": 0.49166666666666664, "255": 0.545, "59K": 0.9263333333333333, "589": 0.7556666666666667, "599": 0.9376666666666666, "559": 0.7866666666666666, "58K": 0.856, "5KK": 0.968, "55K": 0.8283333333333334, "588": 0.5366666666666666, "558": 0.5203333333333333, "555": 0.64, "AJT": 0.551, "4AT": 0.489, "7AT": 0.427, "6AT": 0.427, "3AT": 0.5096666666666667, "2AT": 0.512, "AAT": 0.5936666666666667, "9AT": 0.6693333333333333, "AKT": 0.6543333333333333, "8AT": 0.5033333333333333, "ATT": 0.568, "4AJ": 0.484, "7AJ": 0.46166666666666667, "AJJ": 0.63, "6AJ": 0.48133333333333334, "3AJ": 0.5323333333333333, "2AJ": 0.549, "AAJ": 0.6006666666666667, "9AJ": 0.6856666666666666, "AJK": 0.7493333333333333, "8AJ": 0.53, "47A": 0.473, "46A": 0.456, "34A": 0.518, "24A": 0.532, "4AA": 0.5846666666666667, "44A": 0.5823333333333334, "49A": 0.7476666666666667, "4AK": 0.775, "48A": 0.5193333333333333, "67A": 0.4216666666666667, "37A": 0.497, "27A": 0.5136666666666667, "7AA": 0.575, "79A": 0.712, "7AK": 0.681, "77A": 0.565, "78A": 0.5083333333333333, "66A": 0.5876666666666667, "36A": 0.49033333333333334, "26A": 0.49766666666666665, "6AA": 0.5973333333333334, "69A": 0.709, "6AK": 0.679, "68A": 0.5193333333333333, "23A": 0.6946666666666667, "3AA": 0.6186666666666667, "39A": 0.7926666666666666, "3AK": 0.7833333333333333, "38A": 0.6903333333333334, "33A": 0.573, "2AA": 0.632, "29A": 0.79, "2AK": 0.7893333333333333, "28A": 0.6753333333333333, "22A": 0.616, "AAA": 0.7276666666666667, "9AA": 0.797, "AAK": 0.842, "8AA": 0.6256666666666667, "9AK": 0.8916666666666667, "89A": 0.7503333333333333, "99A": 0.965, "8AK": 0.7983333333333333, "AKK": 0.9303333333333333, "88A": 0.6033333333333334, "4JT": 0.5236666666666666, "7JT": 0.5766666666666667, "JJT": 0.614, "6JT": 0.5356666666666666, "3JT": 0.554, "2JT": 0.562, "9JT": 0.6603333333333333, "JKT": 0.79, "8JT": 0.5996666666666667, "JTT": 0.6143333333333333, "47T": 0.43633333333333335, "46T": 0.424, "34T": 0.4643333333333333, "24T": 0.47333333333333333, "44T": 0.519, "49T": 0.7213333333333334, "4KT": 0.819, "48T": 0.47, "4TT": 0.5473333333333333, "67T": 0.44266666666666665, "37T": 0.4676666666666667, "27T": 0.4613333333333333, "79T": 0.6516666666666666, "7KT": 0.72, "77T": 0.53, "78T": 0.592, "7TT": 0.5276666666666666, "66T": 0.537, "36T": 0.44433333333333336, "26T": 0.4683333333333333, "69T": 0.695, "6KT": 0.722, "68T": 0.5236666666666666, "6TT": 0.5386666666666666, "23T": 0.6553333333333333, "39T": 0.757, "3KT": 0.8253333333333334, "38T": 0.6443333333333333, "3TT": 0.5636666666666666, "33T": 0.535, "29T": 0.7563333333333333, "2KT": 0.829, "28T": 0.6586666666666666, "22T": 0.5466666666666666, "2TT": 0.5773333333333334, "9KT": 0.8546666666666667, "89T": 0.6716666666666666, "99T": 0.933, "9TT": 0.7753333333333333, "8KT": 0.836, "KKT": 0.9366666666666666, "KTT": 0.8223333333333334, "88T": 0.5506666666666666, "8TT": 0.5756666666666667, "TTT": 0.653, "47J": 0.424, "4JJ": 0.534, "46J": 0.4056666666666667, "34J": 0.4643333333333333, "24J": 0.463, "44J": 0.506, "49J": 0.631, "4JK": 0.824, "48J": 0.4713333333333333, "7JJ": 0.558, "67J": 0.43766666666666665, "37J": 0.49866666666666665, "27J": 0.49566666666666664, "79J": 0.6946666666666667, "7JK": 0.8263333333333334, "77J": 0.5573333333333333, "78J": 0.5406666666666666, "6JJ": 0.566, "3JJ": 0.684, "2JJ": 0.6993333333333334, "9JJ": 0.7763333333333333, "JJK": 0.864, "8JJ": 0.6813333333333333, "JJJ": 0.6596666666666666, "66J": 0.5543333333333333, "36J": 0.477, "26J": 0.47833333333333333, "69J": 0.722, "6JK": 0.8316666666666667, "68J": 0.48933333333333334, "23J": 0.646, "39J": 0.7536666666666667, "3JK": 0.8516666666666667, "38J": 0.6523333333333333, "33J": 0.566, "29J": 0.735, "2JK": 0.8663333333333333, "28J": 0.658, "22J": 0.5506666666666666, "9JK": 0.8696666666666667, "89J": 0.6833333333333333, "99J": 0.9166666666666666, "8JK": 0.871, "JKK": 0.942, "88J": 0.522, "467": 0.38466666666666666, "347": 0.4513333333333333, "247": 0.456, "447": 0.507, "479": 0.7563333333333333, "47K": 0.8073333333333333, "477": 0.5426666666666666, "478": 0.459, "466": 0.5273333333333333, "346": 0.42, "246": 0.422, "446": 0.49266666666666664, "469": 0.7606666666666667, "46K": 0.7993333333333333, "468": 0.465, "234": 0.6363333333333333, "344": 0.538,