{"JKK": 0.5903333333333334, "JKQ": 0.527, "3JK": 0.48966666666666664, "8JK": 0.4736666666666667, "AJK": 0.8056666666666666, "7JK": 0.502, "2JK": 0.46366666666666667, "JKT": 0.5506666666666666, "6JK": 0.6433333333333333, "JJK": 0.589, "4JK": 0.49766666666666665, "9JK": 0.43166666666666664, "5JK": 0.4623333333333333, "3JQ": 0.44233333333333336, "8JQ": 0.453, "JQQ": 0.5636666666666666, "AJQ": 0.809, "7JQ": 0.51, "2JQ": 0.4643333333333333, "JQT": 0.52, "6JQ": 0.6463333333333333, "JJQ": 0.564, "4JQ": 0.5006666666666667, "9JQ": 0.42, "5JQ": 0.48633333333333334, "38J": 0.43766666666666665, "3AJ": 0.8593333333333333, "37J": 0.507, "23J": 0.488, "3JT": 0.49433333333333335, "33J": 0.583, "36J": 0.695, "3JJ": 0.557, "34J": 0.5176666666666667, "39J": 0.4503333333333333, "35J": 0.496, "8AJ": 0.825, "88J": 0.5423333333333333, "78J": 0.477, "28J": 0.44566666666666666, "8JT": 0.44866666666666666, "68J": 0.623, "8JJ": 0.5466666666666666, "48J": 0.4816666666666667, "89J": 0.376, "58J": 0.448, "7AJ": 0.8603333333333333, "AAJ": 0.948, "2AJ": 0.832, "AJT": 0.8083333333333333, "6AJ": 0.9143333333333333, "AJJ": 0.8326666666666667, "4AJ": 0.8663333333333333, "9AJ": 0.812, "5AJ": 0.83, "27J": 0.5093333333333333, "7JT": 0.6476666666666666, "67J": 0.6573333333333333, "7JJ": 0.5883333333333334, "47J": 0.6786666666666666, "79J": 0.466, "57J": 0.5156666666666667, "77J": 0.5926666666666667, "2JT": 0.49433333333333335, "26J": 0.6816666666666666, "2JJ": 0.5753333333333334, "22J": 0.5193333333333333, "24J": 0.5193333333333333, "29J": 0.472, "25J": 0.4746666666666667, "6JT": 0.671, "JJT": 0.581, "JTT": 0.569, "4JT": 0.6703333333333333, "9JT": 0.4256666666666667, "5JT": 0.5, "6JJ": 0.7536666666666667, "66J": 0.9586666666666667, "46J": 0.7, "69J": 0.619, "56J": 0.6606666666666666, "JJJ": 0.6946666666666667, "4JJ": 0.5836666666666667, "9JJ": 0.527, "5JJ": 0.5933333333333334, "49J": 0.47433333333333333, "45J": 0.514, "44J": 0.58, "59J": 0.43033333333333335, "99J": 0.549, "55J": 0.589, "KKQ": 0.6053333333333333, "3KK": 0.6046666666666667, "8KK": 0.5813333333333334, "AKK": 0.8356666666666667, "7KK": 0.73, "2KK": 0.5903333333333334, "KKT": 0.7293333333333333, "6KK": 0.747, "KKK": 0.6863333333333334, "4KK": 0.7306666666666667, "9KK": 0.588, "5KK": 0.599, "3KQ": 0.4676666666666667, "8KQ": 0.495, "KQQ": 0.5776666666666667, "AKQ": 0.8016666666666666, "7KQ": 0.5093333333333333, "2KQ": 0.45766666666666667, "KQT": 0.5413333333333333, "6KQ": 0.634, "4KQ": 0.506, "9KQ": 0.458, "5KQ": 0.464, "38K": 0.4816666666666667, "3AK": 0.836, "37K": 0.5123333333333333, "23K": 0.47, "3KT": 0.5136666666666667, "33K": 0.5706666666666667, "36K": 0.6893333333333334, "34K": 0.5036666666666667, "39K": 0.4866666666666667, "35K": 0.473, "8AK": 0.8333333333333334, "88K": 0.5516666666666666, "78K": 0.504, "28K": 0.4776666666666667, "8KT": 0.5063333333333333, "68K": 0.618, "48K": 0.517, "89K": 0.451, "58K": 0.485, "7AK": 0.8523333333333334, "AAK": 0.9256666666666666, "2AK": 0.7406666666666667, "AKT": 0.8006666666666666, "6AK": 0.8216666666666667, "4AK": 0.8346666666666667, "9AK": 0.839, "5AK": 0.7266666666666667, "27K": 0.498, "7KT": 0.6776666666666666, "67K": 0.6366666666666667, "47K": 0.6893333333333334, "79K": 0.49033333333333334, "57K": 0.49633333333333335, "77K": 0.5933333333333334, "2KT": 0.489, "26K": 0.6276666666666667, "22K": 0.529, "24K": 0.489, "29K": 0.451, "25K": 0.41633333333333333, "6KT": 0.658, "KTT": 0.5816666666666667, "4KT": 0.665, "9KT": 0.465, "5KT": 0.49666666666666665, "66K": 0.9393333333333334, "46K": 0.6853333333333333, "69K": 0.6136666666666667, "56K": 0.5996666666666667, "49K": 0.5083333333333333, "45K": 0.49766666666666665, "44K": 0.5656666666666667, "59K": 0.452, "99K": 0.5613333333333334, "55K": 0.568, "38Q": 0.44866666666666666, "3QQ": 0.5676666666666667, "3AQ": 0.8353333333333334, "37Q": 0.484, "23Q": 0.456, "3QT": 0.489, "33Q": 0.5706666666666667, "36Q": 0.703, "34Q": 0.49766666666666665, "39Q": 0.4623333333333333, "35Q": 0.478, "8QQ": 0.5763333333333334, "8AQ": 0.8506666666666667, "88Q": 0.554, "78Q": 0.5306666666666666, "28Q": 0.4726666666666667, "8QT": 0.49666666666666665, "68Q": 0.6376666666666667, "48Q": 0.49366666666666664, "89Q": 0.4493333333333333, "58Q": 0.491, "AQQ": 0.8186666666666667, "7QQ": 0.601, "2QQ": 0.552, "QQT": 0.6003333333333334, "6QQ": 0.723, "4QQ": 0.5996666666666667, "9QQ": 0.575, "QQQ": 0.679, "5QQ": 0.5456666666666666, "7AQ": 0.8816666666666667, "AAQ": 0.927, "2AQ": 0.8463333333333334, "AQT": 0.823, "6AQ": 0.9063333333333333, "4AQ": 0.86, "9AQ": 0.8436666666666667, "5AQ": 0.836, "27Q": 0.517, "7QT": 0.6696666666666666, "67Q": 0.657, "47Q": 0.6813333333333333, "79Q": 0.4866666666666667, "57Q": 0.5216666666666666, "77Q": 0.5653333333333334, "2QT": 0.509, "26Q": 0.696, "22Q": 0.5596666666666666, "24Q": 0.517, "29Q": 0.4886666666666667, "25Q": 0.469, "6QT": 0.65, "QTT": 0.5653333333333334, "4QT": 0.667, "9QT": 0.46, "5QT": 0.49966666666666665, "66Q": 0.9353333333333333, "46Q": 0.721, "69Q": 0.6406666666666667, "56Q": 0.6703333333333333, "49Q": 0.5, "45Q": 0.533, "44Q": 0.579, "59Q": 0.4716666666666667, "99Q": 0.5306666666666666, "55Q": 0.5793333333333334, "38A": 0.873, "388": 0.579, "378": 0.5156666666666667, "238": 0.485, "38T": 0.499, "338": 0.5706666666666667, "368": 0.6876666666666666, "348": 0.5183333333333333, "389": 0.4493333333333333, "358": 0.5016666666666667, "37A": 0.8626666666666667, "3AA": 0.941, "23A": 0.8323333333333334, "3AT": 0.8613333333333333, "33A": 0.868, "36A": 0.8973333333333333, "34A": 0.863, "39A": 0.883, "35A": 0.8316666666666667, "237": 0.509, "37T": 0.6743333333333333, "337": 0.705, "367": 0.6603333333333333, "347": 0.7166666666666667, "379": 0.512, "357": 0.5783333333333334, "377": 0.5816666666666667, "23T": 0.513, "233": 0.5926666666666667, "236": 0.7036666666666667, "223": 0.572, "234": 0.5783333333333334, "239": 0.4756666666666667, "235": 0.5333333333333333, "33T": 0.6853333333333333, "36T": 0.7183333333333334, "3TT": 0.604, "34T": 0.671, "39T": 0.48833333333333334, "35T": 0.522, "336": 0.7676666666666667, "334": 0.7113333333333334, "333": 0.689, "339": 0.5743333333333334, "335": 0.5733333333333334, "366": 0.924, "346": 0.7043333333333334, "369": 0.6876666666666666, "356": 0.657, "349": 0.5103333333333333, "345": 0.6426666666666667, "344": 0.597, "359": 0.4876666666666667, "399": 0.545, "355": 0.5993333333333334, "88A": 0.8236666666666667, "78A": 0.8496666666666667, "8AA": 0.9603333333333334, "28A": 0.844, "8AT": 0.841, "68A": 0.8853333333333333, "48A": 0.8626666666666667, "89A": 0.8156666666666667, "58A": 0.8366666666666667, "788": 0.583, "288": 0.5643333333333334, "88T": 0.5903333333333334, "688": 0.7016666666666667, "488": 0.605, "888": 0.6866666666666666, "889": 0.5523333333333333, "588": 0.5686666666666667, "278": 0.5256666666666666, "78T": 0.672, "678": 0.593, "478": 0.7323333333333333, "789": 0.5733333333333334, "578": 0.6246666666666667, "778": 0.592, "28T": 0.49666666666666665, "268": 0.6586666666666666, "228": 0.535, "248": 0.503, "289": 0.4483333333333333, "258": 0.475, "68T": 0.6383333333333333, "8TT": 0.584, "48T": 0.687, "89T": 0.49433333333333335, "58T": 0.5033333333333333, "668": 0.9233333333333333, "468": 0.6716666666666666, "689": 0.5786666666666667, "568": 0.617, "489": 0.476, "458": 0.581, "448": 0.5953333333333334, "589": 0.5156666666666667, "899": 0.5436666666666666, "558": 0.5906666666666667, "7AA": 0.9623333333333334, "27A": 0.8573333333333333, "7AT": 0.899, "67A": 0.8793333333333333, "47A": 0.909, "79A": 0.867, "57A": 0.8316666666666667, "77A": 0.8636666666666667, "2AA": 0.93, "AAT": 0.948, "6AA": 0.9943333333333333, "4AA": 0.9613333333333334, "9AA": 0.9583333333333334, "5AA": 0.935, "AAA": 1.0, "2AT": 0.8466666666666667, "26A": 0.8193333333333334, "22A": 0.83, "24A": 0.8446666666666667, "29A": 0.8396666666666667, "25A": 0.7383333333333333, "6AT": 0.8993333333333333, "ATT": 0.8156666666666667, "4AT": 0.9133333333333333, "9AT": 0.8486666666666667, "5AT": 0.8436666666666667, "66A": 0.992,