{"3JT": 0.2, "37T": 0.17566666666666667, "34T": 0.31466666666666665, "36T": 0.6393333333333333, "39T": 0.17266666666666666, "23T": 0.5726666666666667, "3KT": 0.18166666666666667, "38T": 0.18566666666666667, "3TT": 0.19066666666666668, "3QT": 0.17433333333333334, "35T": 0.2856666666666667, "3AT": 0.166, "33T": 0.20366666666666666, "7JT": 0.173, "4JT": 0.337, "6JT": 0.5643333333333334, "9JT": 0.18866666666666668, "JJT": 0.208, "2JT": 0.541, "JKT": 0.18066666666666667, "8JT": 0.184, "JTT": 0.21266666666666667, "JQT": 0.184, "5JT": 0.17366666666666666, "AJT": 0.201, "47T": 0.20033333333333334, "67T": 0.5413333333333333, "79T": 0.24, "27T": 0.555, "77T": 0.21566666666666667, "7KT": 0.17666666666666667, "78T": 0.22933333333333333, "7TT": 0.18433333333333332, "7QT": 0.18533333333333332, "57T": 0.17233333333333334, "7AT": 0.16933333333333334, "46T": 0.615, "49T": 0.20066666666666666, "24T": 0.5666666666666667, "44T": 0.20833333333333334, "4KT": 0.204, "48T": 0.21433333333333332, "4TT": 0.21666666666666667, "4QT": 0.20266666666666666, "45T": 0.30733333333333335, "4AT": 0.196, "69T": 0.5183333333333333, "26T": 0.869, "66T": 0.9176666666666666, "6KT": 0.5836666666666667, "68T": 0.5333333333333333, "6TT": 0.6406666666666667, "6QT": 0.534, "56T": 0.615, "6AT": 0.5646666666666667, "29T": 0.536, "9KT": 0.18766666666666668, "89T": 0.22033333333333333, "9TT": 0.19566666666666666, "99T": 0.20566666666666666, "9QT": 0.17, "59T": 0.17233333333333334, "9AT": 0.16066666666666668, "2KT": 0.5506666666666666, "28T": 0.5486666666666666, "2TT": 0.5893333333333334, "2QT": 0.536, "25T": 0.5593333333333333, "2AT": 0.553, "22T": 0.9316666666666666, "8KT": 0.18266666666666667, "KTT": 0.18566666666666667, "KQT": 0.16733333333333333, "KKT": 0.19666666666666666, "5KT": 0.16433333333333333, "AKT": 0.16666666666666666, "88T": 0.23466666666666666, "8TT": 0.16866666666666666, "8QT": 0.166, "58T": 0.18266666666666667, "8AT": 0.18566666666666667, "QTT": 0.18633333333333332, "5TT": 0.19666666666666666, "ATT": 0.19166666666666668, "TTT": 0.20966666666666667, "QQT": 0.19733333333333333, "5QT": 0.15866666666666668, "AQT": 0.14766666666666667, "55T": 0.193, "5AT": 0.17366666666666666, "AAT": 0.18466666666666667, "37J": 0.16766666666666666, "34J": 0.30566666666666664, "36J": 0.6306666666666667, "39J": 0.17233333333333334, "3JJ": 0.221, "23J": 0.5563333333333333, "3JK": 0.19966666666666666, "38J": 0.182, "3JQ": 0.176, "35J": 0.278, "3AJ": 0.175, "33J": 0.18666666666666668, "347": 0.26266666666666666, "367": 0.577, "379": 0.18833333333333332, "237": 0.5736666666666667, "377": 0.17433333333333334, "37K": 0.18333333333333332, "378": 0.187, "37Q": 0.16666666666666666, "357": 0.268, "37A": 0.171, "337": 0.174, "346": 0.645, "349": 0.294, "234": 0.5756666666666667, "344": 0.2806666666666667, "34K": 0.31233333333333335, "348": 0.2743333333333333, "34Q": 0.2846666666666667, "345": 0.8883333333333333, "34A": 0.2886666666666667, "334": 0.31, "369": 0.604, "236": 0.831, "366": 0.9376666666666666, "36K": 0.637, "368": 0.629, "36Q": 0.614, "356": 0.6063333333333333, "36A": 0.6186666666666667, "336": 0.6573333333333333, "239": 0.5603333333333333, "39K": 0.187, "389": 0.178, "399": 0.20566666666666666, "39Q": 0.166, "359": 0.2803333333333333, "39A": 0.175, "339": 0.189, "23K": 0.59, "238": 0.5603333333333333, "23Q": 0.561, "235": 0.577, "23A": 0.5573333333333333, "233": 0.5843333333333334, "223": 0.9183333333333333, "38K": 0.19233333333333333, "3KQ": 0.19666666666666666, "3KK": 0.22666666666666666, "35K": 0.297, "3AK": 0.19166666666666668, "33K": 0.199, "388": 0.189, "38Q": 0.17533333333333334, "358": 0.29, "38A": 0.18466666666666667, "338": 0.18133333333333335, "3QQ": 0.19866666666666666, "35Q": 0.29, "3AQ": 0.17233333333333334, "33Q": 0.185, "355": 0.2946666666666667, "35A": 0.269, "335": 0.28633333333333333, "3AA": 0.208, "33A": 0.16766666666666666, "333": 0.204, "47J": 0.20466666666666666, "67J": 0.57, "79J": 0.171, "7JJ": 0.19933333333333333, "27J": 0.558, "77J": 0.21166666666666667, "7JK": 0.17833333333333334, "78J": 0.18933333333333333, "7JQ": 0.18133333333333335, "57J": 0.18933333333333333, "7AJ": 0.18033333333333335, "46J": 0.621, "49J": 0.19366666666666665, "4JJ": 0.201, "24J": 0.5493333333333333, "44J": 0.21166666666666667, "4JK": 0.19033333333333333, "48J": 0.201, "4JQ": 0.188, "45J": 0.31033333333333335, "4AJ": 0.2, "69J": 0.551, "6JJ": 0.634, "26J": 0.8903333333333333, "66J": 0.928, "6JK": 0.5733333333333334, "68J": 0.5586666666666666, "6JQ": 0.559, "56J": 0.6156666666666667, "6AJ": 0.576, "9JJ": 0.193, "29J": 0.5413333333333333, "9JK": 0.175, "89J": 0.17066666666666666, "99J": 0.18833333333333332, "9JQ": 0.15566666666666668, "59J": 0.172, "9AJ": 0.16666666666666666, "2JJ": 0.5776666666666667, "JJK": 0.211, "8JJ": 0.19333333333333333, "JJQ": 0.186, "5JJ": 0.19466666666666665, "AJJ": 0.19366666666666665, "JJJ": 0.22233333333333333, "2JK": 0.543, "28J": 0.5456666666666666, "2JQ": 0.5496666666666666, "25J": 0.5696666666666667, "2AJ": 0.564, "22J": 0.9423333333333334, "8JK": 0.18266666666666667, "JKQ": 0.16733333333333333, "JKK": 0.18, "5JK": 0.169, "AJK": 0.17466666666666666, "88J": 0.20166666666666666, "8JQ": 0.161, "58J": 0.17733333333333334, "8AJ": 0.168, "JQQ": 0.19166666666666668, "5JQ": 0.16033333333333333, "AJQ": 0.158, "55J": 0.18266666666666667, "5AJ": 0.162, "AAJ": 0.199, "467": 0.5503333333333333, "479": 0.18533333333333332, "247": 0.57, "447": 0.16833333333333333, "477": 0.21733333333333332, "47K": 0.17633333333333334, "478": 0.254, "47Q": 0.18233333333333332, "457": 0.3446666666666667, "47A": 0.17733333333333334, "679": 0.4806666666666667, "267": 0.84, "677": 0.6126666666666667, "667": 0.8673333333333333, "67K": 0.5493333333333333, "678": 0.44566666666666666, "67Q": 0.537, "567": 0.49966666666666665, "67A": 0.538, "279": 0.5383333333333333, "779": 0.207, "79K": 0.19366666666666665, "789": 0.31766666666666665, "799": 0.20966666666666667, "79Q": 0.17833333333333334, "579": 0.268, "79A": 0.18766666666666668, "277": 0.5893333333333334, "27K": 0.566, "278": 0.539, "27Q": 0.5713333333333334, "257": 0.5543333333333333, "27A": 0.5653333333333334, "227": 0.9343333333333333, "777": 0.22566666666666665, "77K": 0.19, "778": 0.20033333333333334, "77Q": 0.193, "577": 0.21533333333333332, "77A": 0.20033333333333334, "78K": 0.19, "7KQ": 0.17366666666666666, "7KK": 0.18066666666666667, "57K": 0.185, "7AK": 0.18233333333333332, "788": 0.21433333333333332, "78Q": 0.187, "578": 0.3413333333333333, "78A": 0.181, "7QQ": 0.183, "57Q": 0.178, "7AQ": 0.15866666666666668, "557": 0.189, "57A": 0.165, "7AA": 0.20366666666666666, "469": 0.6146666666666667, "246": 0.8163333333333334, "446": 0.615, "466": 0.9193333333333333, "46K": 0.6233333333333333, "468": 0.5853333333333334, "46Q": 0.6036666666666667, "456": 0.5853333333333334, "46A": 0.6063333333333333, "249": 0.557, "449": 0.18066666666666667, "49K": 0.17166666666666666, "489": 0.18566666666666667, "499": 0.19066666666666668, "49Q": 0.167, "459": 0.285, "49A": 0.164, "244": 0.5836666666666667, "24K": 0.559, "248": 0.5606666666666666, "24Q": 0.553, "245": 0.599, "24A": 0.5633333333333334, "224": 0.9373333333333334, "44K": 0.18733333333333332, "444": 0.20566666666666666, "448": 0.17333333333333334, "44Q": 0.16833333333333333, "445": 0.29733333333333334, "44A": 0.175, "48K": 0.17733333333333334, "4KQ": 0.18133333333333335, "4KK": 0.20366666666666666, "45K": 0.30933333333333335, "4AK": 0.17266666666666666, "488": 0.22133333333333333, "48Q": 0.178, "458": 0.37833333333333335, "48A": 0.18033333333333335, "4QQ": 0.17533333333333334, "45Q": 0.287, "4AQ": 0.17166666666666666, "455": 0.30766666666666664, "45A": 0.294, "4AA": 0.20433333333333334, "269": 0.833, "669": 0.88, "69K": 0.55, "689": 0.47, "699": 0.61, "69Q": 0.462, "569": 0.4666666666666667, "69A": 0.4676666666666667, "266": 0.9763333333333334, "26K": 0.8476666666666667, "268": 0.8533333333333334, "26Q": 0.858, "256": 0.7866666666666666, "26A": 0.8583333333333333, "226": 0.9803333333333333, "66K": 0.93,