{"2JQ": 0.18366666666666667, "6JQ": 0.19866666666666666, "9JQ": 0.14366666666666666, "4JQ": 0.5706666666666667, "7JQ": 0.18433333333333332, "8JQ": 0.165, "JQT": 0.14233333333333334, "JQQ": 0.17566666666666667, "JJQ": 0.18166666666666667, "JKQ": 0.146, "AJQ": 0.15533333333333332, "5JQ": 0.55, "3JQ": 0.18266666666666667, "26Q": 0.299, "29Q": 0.17166666666666666, "24Q": 0.6326666666666667, "27Q": 0.17966666666666667, "28Q": 0.18366666666666667, "2QT": 0.18466666666666667, "22Q": 0.176, "2QQ": 0.207, "2KQ": 0.18233333333333332, "2AQ": 0.18066666666666667, "25Q": 0.6453333333333333, "23Q": 0.31866666666666665, "69Q": 0.19566666666666666, "66Q": 0.22966666666666666, "46Q": 0.5896666666666667, "67Q": 0.43366666666666664, "68Q": 0.313, "6QT": 0.206, "6QQ": 0.217, "6KQ": 0.201, "6AQ": 0.20433333333333334, "56Q": 0.5683333333333334, "36Q": 0.42766666666666664, "49Q": 0.5723333333333334, "79Q": 0.18833333333333332, "89Q": 0.161, "9QT": 0.16766666666666666, "9QQ": 0.17566666666666667, "9KQ": 0.15966666666666668, "9AQ": 0.15533333333333332, "59Q": 0.571, "99Q": 0.18366666666666667, "39Q": 0.18966666666666668, "47Q": 0.5903333333333334, "48Q": 0.587, "44Q": 0.9243333333333333, "4QT": 0.5773333333333334, "4QQ": 0.6206666666666667, "4KQ": 0.5686666666666667, "4AQ": 0.588, "45Q": 0.833, "34Q": 0.631, "78Q": 0.289, "77Q": 0.22, "7QT": 0.18033333333333335, "7QQ": 0.217, "7KQ": 0.178, "7AQ": 0.19866666666666666, "57Q": 0.566, "37Q": 0.274, "8QT": 0.17566666666666667, "8QQ": 0.17966666666666667, "8KQ": 0.17033333333333334, "88Q": 0.19266666666666668, "8AQ": 0.17533333333333334, "58Q": 0.5503333333333333, "38Q": 0.179, "QQT": 0.19233333333333333, "KQT": 0.175, "QTT": 0.18266666666666667, "AQT": 0.157, "5QT": 0.5833333333333334, "3QT": 0.196, "QQQ": 0.22333333333333333, "KQQ": 0.18366666666666667, "AQQ": 0.16733333333333333, "5QQ": 0.622, "3QQ": 0.229, "AKQ": 0.17033333333333334, "KKQ": 0.20566666666666666, "5KQ": 0.5423333333333333, "3KQ": 0.19066666666666668, "5AQ": 0.586, "AAQ": 0.189, "3AQ": 0.20466666666666666, "35Q": 0.628, "55Q": 0.9323333333333333, "33Q": 0.19, "26J": 0.29733333333333334, "29J": 0.16666666666666666, "24J": 0.6353333333333333, "27J": 0.182, "28J": 0.179, "2JT": 0.176, "22J": 0.16766666666666666, "2JJ": 0.205, "2JK": 0.16066666666666668, "2AJ": 0.15533333333333332, "25J": 0.6166666666666667, "23J": 0.28633333333333333, "69J": 0.18966666666666668, "66J": 0.213, "46J": 0.588, "67J": 0.402, "68J": 0.2966666666666667, "6JT": 0.226, "6JJ": 0.225, "6JK": 0.198, "6AJ": 0.2, "56J": 0.5543333333333333, "36J": 0.419, "49J": 0.5693333333333334, "79J": 0.15533333333333332, "89J": 0.15466666666666667, "9JT": 0.142, "9JJ": 0.17566666666666667, "9JK": 0.163, "9AJ": 0.15466666666666667, "59J": 0.543, "99J": 0.17433333333333334, "39J": 0.173, "47J": 0.566, "48J": 0.555, "44J": 0.935, "4JT": 0.555, "4JJ": 0.6313333333333333, "4JK": 0.542, "4AJ": 0.5826666666666667, "45J": 0.8256666666666667, "34J": 0.617, "78J": 0.22533333333333333, "77J": 0.20333333333333334, "7JT": 0.17366666666666666, "7JJ": 0.204, "7JK": 0.15566666666666668, "7AJ": 0.187, "57J": 0.461, "37J": 0.236, "8JT": 0.166, "8JJ": 0.18466666666666667, "8JK": 0.14533333333333334, "88J": 0.18866666666666668, "8AJ": 0.166, "58J": 0.4663333333333333, "38J": 0.14733333333333334, "JJT": 0.17533333333333334, "JKT": 0.14433333333333334, "JTT": 0.185, "AJT": 0.17, "5JT": 0.5456666666666666, "3JT": 0.17833333333333334, "JJK": 0.18066666666666667, "JJJ": 0.22233333333333333, "AJJ": 0.18033333333333335, "5JJ": 0.5843333333333334, "3JJ": 0.20333333333333334, "AJK": 0.14533333333333334, "JKK": 0.18066666666666667, "5JK": 0.46266666666666667, "3JK": 0.15533333333333332, "5AJ": 0.5476666666666666, "AAJ": 0.189, "3AJ": 0.17266666666666666, "35J": 0.5346666666666666, "55J": 0.9103333333333333, "33J": 0.18866666666666668, "269": 0.24466666666666667, "266": 0.30633333333333335, "246": 0.6283333333333333, "267": 0.399, "268": 0.4073333333333333, "26T": 0.294, "226": 0.30266666666666664, "26K": 0.283, "26A": 0.231, "256": 0.6076666666666667, "236": 0.9083333333333333, "249": 0.622, "279": 0.16866666666666666, "289": 0.17866666666666667, "29T": 0.167, "229": 0.16733333333333333, "29K": 0.16966666666666666, "29A": 0.13966666666666666, "259": 0.6273333333333333, "299": 0.194, "239": 0.28933333333333333, "247": 0.6496666666666666, "248": 0.6436666666666667, "244": 0.927, "24T": 0.64, "224": 0.645, "24K": 0.644, "24A": 0.635, "245": 0.8333333333333334, "234": 0.712, "278": 0.2673333333333333, "277": 0.216, "27T": 0.18333333333333332, "227": 0.19533333333333333, "27K": 0.182, "27A": 0.181, "257": 0.6083333333333333, "237": 0.2976666666666667, "28T": 0.18333333333333332, "228": 0.18366666666666667, "28K": 0.178, "288": 0.21566666666666667, "28A": 0.178, "258": 0.604, "238": 0.30566666666666664, "22T": 0.17066666666666666, "2KT": 0.16733333333333333, "2TT": 0.215, "2AT": 0.17866666666666667, "25T": 0.6256666666666667, "23T": 0.30833333333333335, "22K": 0.172, "222": 0.186, "22A": 0.16266666666666665, "225": 0.6153333333333333, "223": 0.27366666666666667, "2AK": 0.15766666666666668, "2KK": 0.19833333333333333, "25K": 0.6253333333333333, "23K": 0.27666666666666667, "25A": 0.6146666666666667, "2AA": 0.2, "23A": 0.29833333333333334, "235": 0.6773333333333333, "255": 0.9233333333333333, "233": 0.30633333333333335, "669": 0.22266666666666668, "469": 0.549, "679": 0.3406666666666667, "689": 0.23666666666666666, "69T": 0.19166666666666668, "69K": 0.19166666666666668, "69A": 0.15766666666666668, "569": 0.5186666666666667, "699": 0.20266666666666666, "369": 0.39266666666666666, "466": 0.62, "667": 0.38033333333333336, "668": 0.29433333333333334, "66T": 0.21433333333333332, "66K": 0.211, "666": 0.242, "66A": 0.22266666666666668, "566": 0.58, "366": 0.4176666666666667, "467": 0.6196666666666667, "468": 0.5993333333333334, "446": 0.897, "46T": 0.5743333333333334, "46K": 0.5933333333333334, "46A": 0.5756666666666667, "456": 0.726, "346": 0.675, "678": 0.8103333333333333, "677": 0.39166666666666666, "67T": 0.392, "67K": 0.39866666666666667, "67A": 0.4053333333333333, "567": 0.5723333333333334, "367": 0.897, "68T": 0.2843333333333333, "68K": 0.2876666666666667, "688": 0.298, "68A": 0.2926666666666667, "568": 0.549, "368": 0.4026666666666667, "6KT": 0.206, "6TT": 0.22133333333333333, "6AT": 0.19333333333333333, "56T": 0.589, "36T": 0.4146666666666667, "6AK": 0.20233333333333334, "6KK": 0.22366666666666668, "56K": 0.5713333333333334, "36K": 0.41833333333333333, "56A": 0.5626666666666666, "6AA": 0.21466666666666667, "36A": 0.4063333333333333, "356": 0.6333333333333333, "556": 0.9006666666666666, "336": 0.4126666666666667, "479": 0.5736666666666667, "489": 0.5646666666666667, "449": 0.903, "49T": 0.5653333333333334, "49K": 0.5926666666666667, "49A": 0.5726666666666667, "459": 0.8566666666666667, "499": 0.624, "349": 0.6483333333333333, "789": 0.217, "779": 0.19766666666666666, "79T": 0.175, "79K": 0.17233333333333334, "79A": 0.185, "579": 0.5213333333333333, "799": 0.176, "379": 0.271, "89T": 0.147, "89K": 0.17, "889": 0.17666666666666667, "89A": 0.176, "589": 0.5236666666666666, "899": 0.18733333333333332, "389": 0.17666666666666667, "9KT": 0.14833333333333334, "9TT": 0.18166666666666667, "9AT": 0.152, "59T": 0.5653333333333334, "99T": 0.18033333333333335, "39T": 0.184, "9AK": 0.163, "9KK": 0.18566666666666667, "59K": 0.5403333333333333, "99K": 0.18766666666666668, "39K": 0.16433333333333333, "59A": 0.542, "99A": 0.16866666666666666, "9AA": 0.175, "39A": 0.17666666666666667, "599": 0.5973333333333334, "359": 0.606, "559": 0.8986666666666666, "399": 0.208, "999": 0.22666666666666666, "339": 0.20133333333333334, "478": 0.564, "447": 0.9286666666666666, "477": 0.635, "47T": 0.5603333333333333, "47K": 0.5596666666666666, "47A": 0.6023333333333334, "457": 0.7483333333333333, "347": 0.6403333333333333, "448": 0.9303333333333333, "48T": 0.5426666666666666, "48K": 0.5806666666666667, "488": 0.6356666666666667, "48A": 0.5893333333333334, "458": 0.795,