{"9AT": 0.19333333333333333, "7AT": 0.21233333333333335, "5AT": 0.223, "2AT": 0.18433333333333332, "8AT": 0.19566666666666666, "AKT": 0.179, "6AT": 0.5783333333333334, "AQT": 0.194, "3AT": 0.205, "AJT": 0.18633333333333332, "4AT": 0.5703333333333334, "ATT": 0.20633333333333334, "AAT": 0.22533333333333333, "79A": 0.21, "59A": 0.22766666666666666, "29A": 0.19, "89A": 0.21466666666666667, "9AK": 0.189, "69A": 0.5813333333333334, "9AQ": 0.185, "39A": 0.21433333333333332, "9AJ": 0.17766666666666667, "49A": 0.595, "9AA": 0.23766666666666666, "99A": 0.21833333333333332, "57A": 0.42, "27A": 0.19533333333333333, "78A": 0.3233333333333333, "7AK": 0.212, "67A": 0.48033333333333333, "7AQ": 0.19733333333333333, "37A": 0.2653333333333333, "7AJ": 0.18466666666666667, "47A": 0.5853333333333334, "7AA": 0.228, "77A": 0.22633333333333333, "25A": 0.324, "58A": 0.32666666666666666, "5AK": 0.22966666666666666, "56A": 0.6276666666666667, "5AQ": 0.22033333333333333, "35A": 0.432, "5AJ": 0.20666666666666667, "45A": 0.593, "5AA": 0.24133333333333334, "55A": 0.22433333333333333, "22A": 0.19, "28A": 0.209, "2AK": 0.19566666666666666, "26A": 0.63, "2AQ": 0.21566666666666667, "23A": 0.2956666666666667, "2AJ": 0.184, "24A": 0.6446666666666667, "2AA": 0.23666666666666666, "8AK": 0.181, "68A": 0.571, "8AQ": 0.206, "38A": 0.192, "8AJ": 0.18966666666666668, "88A": 0.22833333333333333, "48A": 0.5843333333333334, "8AA": 0.24333333333333335, "6AK": 0.586, "AKQ": 0.18633333333333332, "3AK": 0.197, "AJK": 0.18766666666666668, "AKK": 0.21266666666666667, "4AK": 0.5696666666666667, "AAK": 0.216, "6AQ": 0.56, "36A": 0.518, "6AJ": 0.4786666666666667, "46A": 0.84, "6AA": 0.6213333333333333, "66A": 0.9156666666666666, "3AQ": 0.197, "AJQ": 0.17, "4AQ": 0.5936666666666667, "AAQ": 0.23233333333333334, "AQQ": 0.18933333333333333, "3AJ": 0.15933333333333333, "34A": 0.6336666666666667, "3AA": 0.21866666666666668, "33A": 0.20733333333333334, "4AJ": 0.5533333333333333, "AAJ": 0.213, "AJJ": 0.20666666666666667, "4AA": 0.645, "44A": 0.948, "AAA": 0.25866666666666666, "79T": 0.2776666666666667, "59T": 0.22333333333333333, "29T": 0.18766666666666668, "89T": 0.24633333333333332, "9KT": 0.184, "69T": 0.535, "9QT": 0.181, "39T": 0.2, "9JT": 0.177, "49T": 0.547, "9TT": 0.22566666666666665, "99T": 0.227, "57T": 0.437, "27T": 0.23133333333333334, "78T": 0.373, "7KT": 0.21, "67T": 0.5613333333333334, "7QT": 0.22966666666666666, "37T": 0.31266666666666665, "7JT": 0.20633333333333334, "47T": 0.579, "7TT": 0.24733333333333332, "77T": 0.25566666666666665, "25T": 0.3233333333333333, "58T": 0.31566666666666665, "5KT": 0.20233333333333334, "56T": 0.6386666666666667, "5QT": 0.208, "35T": 0.44366666666666665, "5JT": 0.22066666666666668, "45T": 0.567, "5TT": 0.232, "55T": 0.21433333333333332, "22T": 0.20466666666666666, "28T": 0.20533333333333334, "2KT": 0.17266666666666666, "26T": 0.6606666666666666, "2QT": 0.211, "23T": 0.31566666666666665, "2JT": 0.192, "24T": 0.6223333333333333, "2TT": 0.23666666666666666, "8KT": 0.15733333333333333, "68T": 0.5393333333333333, "8QT": 0.19833333333333333, "38T": 0.183, "8JT": 0.167, "88T": 0.21933333333333332, "48T": 0.4656666666666667, "8TT": 0.22, "6KT": 0.5506666666666666, "KQT": 0.18433333333333332, "3KT": 0.20166666666666666, "JKT": 0.16133333333333333, "KKT": 0.207, "4KT": 0.4643333333333333, "KTT": 0.20633333333333334, "6QT": 0.5763333333333334, "36T": 0.6463333333333333, "6JT": 0.561, "46T": 0.8216666666666667, "6TT": 0.6406666666666667, "66T": 0.932, "3QT": 0.19733333333333333, "JQT": 0.17866666666666667, "4QT": 0.5546666666666666, "QTT": 0.22366666666666668, "QQT": 0.21666666666666667, "3JT": 0.19366666666666665, "34T": 0.635, "3TT": 0.23366666666666666, "33T": 0.19033333333333333, "4JT": 0.5473333333333333, "JTT": 0.21933333333333332, "JJT": 0.197, "4TT": 0.6136666666666667, "44T": 0.907, "TTT": 0.23166666666666666, "579": 0.41633333333333333, "279": 0.20033333333333334, "789": 0.349, "79K": 0.21833333333333332, "679": 0.49766666666666665, "79Q": 0.21733333333333332, "379": 0.31333333333333335, "79J": 0.202, "479": 0.594, "779": 0.251, "799": 0.23133333333333334, "259": 0.349, "589": 0.30866666666666664, "59K": 0.23633333333333334, "569": 0.6163333333333333, "59Q": 0.23233333333333334, "359": 0.44233333333333336, "59J": 0.228, "459": 0.5896666666666667, "559": 0.2673333333333333, "599": 0.26166666666666666, "229": 0.22233333333333333, "289": 0.21, "29K": 0.18666666666666668, "269": 0.6303333333333333, "29Q": 0.21333333333333335, "239": 0.33166666666666667, "29J": 0.18833333333333332, "249": 0.6583333333333333, "299": 0.217, "89K": 0.20866666666666667, "689": 0.5183333333333333, "89Q": 0.21466666666666667, "389": 0.207, "89J": 0.191, "889": 0.21666666666666667, "489": 0.5336666666666666, "899": 0.218, "69K": 0.589, "9KQ": 0.191, "39K": 0.21233333333333335, "9JK": 0.18366666666666667, "9KK": 0.19766666666666666, "49K": 0.5726666666666667, "99K": 0.215, "69Q": 0.5903333333333334, "369": 0.6213333333333333, "69J": 0.5513333333333333, "469": 0.8473333333333334, "669": 0.9153333333333333, "699": 0.611, "39Q": 0.21733333333333332, "9JQ": 0.174, "49Q": 0.5733333333333334, "9QQ": 0.203, "99Q": 0.196, "39J": 0.19533333333333333, "349": 0.6553333333333333, "339": 0.21166666666666667, "399": 0.22433333333333333, "49J": 0.583, "99J": 0.18933333333333333, "9JJ": 0.20066666666666666, "449": 0.914, "499": 0.6273333333333333, "999": 0.24433333333333335, "257": 0.44633333333333336, "578": 0.8823333333333333, "57K": 0.43233333333333335, "567": 0.626, "57Q": 0.423, "357": 0.9136666666666666, "57J": 0.4036666666666667, "457": 0.627, "577": 0.444, "557": 0.421, "227": 0.204, "278": 0.308, "27K": 0.21466666666666667, "267": 0.6016666666666667, "27Q": 0.236, "237": 0.29833333333333334, "27J": 0.19266666666666668, "247": 0.6456666666666667, "277": 0.25866666666666666, "78K": 0.31633333333333336, "678": 0.5123333333333333, "78Q": 0.3463333333333333, "378": 0.2936666666666667, "78J": 0.30466666666666664, "788": 0.338, "478": 0.5766666666666667, "778": 0.33466666666666667, "67K": 0.5726666666666667, "7KQ": 0.20566666666666666, "37K": 0.306, "7JK": 0.20766666666666667, "7KK": 0.246, "47K": 0.5806666666666667, "77K": 0.23733333333333334, "67Q": 0.57, "367": 0.5306666666666666, "67J": 0.49, "467": 0.7556666666666667, "677": 0.6116666666666667, "667": 0.893, "37Q": 0.2986666666666667, "7JQ": 0.21233333333333335, "47Q": 0.602, "7QQ": 0.23666666666666666, "77Q": 0.25333333333333335, "37J": 0.25366666666666665, "347": 0.6186666666666667, "337": 0.30533333333333335, "377": 0.342, "47J": 0.5686666666666667, "77J": 0.22933333333333333, "7JJ": 0.23066666666666666, "477": 0.616, "447": 0.9326666666666666, "777": 0.25833333333333336, "225": 0.3233333333333333, "258": 0.42833333333333334, "25K": 0.33066666666666666, "256": 0.683, "25Q": 0.3416666666666667, "235": 0.9416666666666667, "25J": 0.3403333333333333, "245": 0.6426666666666667, "255": 0.3476666666666667, "58K": 0.32466666666666666, "568": 0.6226666666666667, "58Q": 0.312, "358": 0.4266666666666667, "58J": 0.31533333333333335, "588": 0.3426666666666667, "458": 0.5966666666666667, "558": 0.3233333333333333, "56K": 0.653, "5KQ": 0.23033333333333333, "35K": 0.43033333333333335, "5JK": 0.20933333333333334, "5KK": 0.24733333333333332, "45K": 0.5753333333333334, "55K": 0.23633333333333334, "56Q": 0.6403333333333333, "356": 0.6933333333333334, "56J": 0.6186666666666667, "456": 0.733, "556": 0.642, "566": 0.932, "35Q": 0.41733333333333333, "5JQ": 0.21466666666666667, "45Q": 0.5936666666666667, "5QQ": 0.25166666666666665, "55Q": 0.25766666666666665, "35J": 0.4026666666666667, "345": 0.6726666666666666, "335": 0.433, "355": 0.449, "45J": 0.5993333333333334, "55J": 0.23366666666666666, "5JJ": 0.24733333333333332, "455": 0.6236666666666667, "445": 0.921, "555": 0.23366666666666666, "228": 0.20933333333333334, "22K": 0.20933333333333334, "222": 0.23833333333333334, "226": 0.6696666666666666, "22Q": 0.23733333333333334, "223": 0.319, "22J": 0.20066666666666666,