{"JKT": 0.49633333333333335, "5JK": 0.4056666666666667, "8JK": 0.38066666666666665, "2JK": 0.4046666666666667, "4JK": 0.38233333333333336, "7JK": 0.3913333333333333, "JKK": 0.488, "3JK": 0.6256666666666667, "JJK": 0.5076666666666667, "AJK": 0.5116666666666667, "JKQ": 0.688, "9JK": 0.44233333333333336, "6JK": 0.388, "5JT": 0.3373333333333333, "8JT": 0.38133333333333336, "2JT": 0.32766666666666666, "4JT": 0.34, "7JT": 0.29433333333333334, "3JT": 0.586, "JJT": 0.39166666666666666, "AJT": 0.44766666666666666, "JQT": 0.6663333333333333, "9JT": 0.40166666666666667, "6JT": 0.3466666666666667, "JTT": 0.3873333333333333, "58J": 0.32033333333333336, "25J": 0.341, "45J": 0.3233333333333333, "57J": 0.31366666666666665, "35J": 0.6063333333333333, "5JJ": 0.399, "5AJ": 0.38, "5JQ": 0.777, "59J": 0.32, "55J": 0.376, "56J": 0.33, "28J": 0.3473333333333333, "48J": 0.322, "78J": 0.3006666666666667, "38J": 0.5983333333333334, "8JJ": 0.43066666666666664, "8AJ": 0.4073333333333333, "8JQ": 0.752, "88J": 0.38966666666666666, "89J": 0.39866666666666667, "68J": 0.3526666666666667, "24J": 0.32566666666666666, "27J": 0.31633333333333336, "23J": 0.6516666666666666, "2JJ": 0.4056666666666667, "2AJ": 0.38566666666666666, "2JQ": 0.7903333333333333, "22J": 0.383, "29J": 0.32266666666666666, "26J": 0.346, "47J": 0.296, "34J": 0.5926666666666667, "4JJ": 0.38766666666666666, "4AJ": 0.38766666666666666, "4JQ": 0.7826666666666666, "44J": 0.4036666666666667, "49J": 0.3273333333333333, "46J": 0.3426666666666667, "37J": 0.5956666666666667, "77J": 0.374, "7JJ": 0.40066666666666667, "7AJ": 0.373, "7JQ": 0.7893333333333333, "79J": 0.29833333333333334, "67J": 0.32033333333333336, "3JJ": 0.66, "3AJ": 0.6346666666666667, "3JQ": 0.8826666666666667, "33J": 0.956, "39J": 0.5813333333333334, "36J": 0.6083333333333333, "JJJ": 0.5016666666666667, "AJJ": 0.481, "JJQ": 0.7646666666666667, "9JJ": 0.385, "6JJ": 0.4196666666666667, "AJQ": 0.702, "AAJ": 0.49333333333333335, "9AJ": 0.371, "6AJ": 0.3893333333333333, "JQQ": 0.902, "9JQ": 0.6943333333333334, "6JQ": 0.7883333333333333, "69J": 0.33166666666666667, "99J": 0.4066666666666667, "66J": 0.402, "5KT": 0.3883333333333333, "8KT": 0.3893333333333333, "2KT": 0.398, "4KT": 0.38533333333333336, "7KT": 0.36966666666666664, "KKT": 0.467, "3KT": 0.6073333333333333, "AKT": 0.5063333333333333, "KQT": 0.6836666666666666, "9KT": 0.421, "6KT": 0.406, "KTT": 0.4846666666666667, "58K": 0.38333333333333336, "25K": 0.37333333333333335, "45K": 0.36833333333333335, "57K": 0.3486666666666667, "5KK": 0.469, "35K": 0.6146666666666667, "5AK": 0.45566666666666666, "5KQ": 0.7383333333333333, "59K": 0.38033333333333336, "55K": 0.44566666666666666, "56K": 0.41, "28K": 0.387, "48K": 0.392, "78K": 0.366, "8KK": 0.474, "38K": 0.698, "8AK": 0.5883333333333334, "8KQ": 0.7476666666666667, "88K": 0.4766666666666667, "89K": 0.37433333333333335, "68K": 0.5366666666666666, "24K": 0.379, "27K": 0.37033333333333335, "2KK": 0.4683333333333333, "23K": 0.671, "2AK": 0.4693333333333333, "2KQ": 0.7456666666666667, "22K": 0.4543333333333333, "29K": 0.388, "26K": 0.406, "47K": 0.35833333333333334, "4KK": 0.474, "34K": 0.615, "4AK": 0.456, "4KQ": 0.7566666666666667, "44K": 0.4716666666666667, "49K": 0.37833333333333335, "46K": 0.402, "7KK": 0.46366666666666667, "37K": 0.606, "77K": 0.4593333333333333, "7AK": 0.44966666666666666, "7KQ": 0.745, "79K": 0.3596666666666667, "67K": 0.38, "KKK": 0.5833333333333334, "3KK": 0.698, "AKK": 0.5663333333333334, "KKQ": 0.7936666666666666, "9KK": 0.4563333333333333, "6KK": 0.49166666666666664, "3AK": 0.6976666666666667, "3KQ": 0.883, "33K": 0.9523333333333334, "39K": 0.637, "36K": 0.6793333333333333, "AKQ": 0.6733333333333333, "AAK": 0.5593333333333333, "9AK": 0.4593333333333333, "6AK": 0.6013333333333334, "KQQ": 0.9116666666666666, "9KQ": 0.7183333333333334, "6KQ": 0.754, "69K": 0.37233333333333335, "99K": 0.4583333333333333, "66K": 0.4696666666666667, "58T": 0.317, "25T": 0.3423333333333333, "45T": 0.31433333333333335, "57T": 0.30333333333333334, "35T": 0.5823333333333334, "5AT": 0.38333333333333336, "5QT": 0.7816666666666666, "59T": 0.323, "55T": 0.40166666666666667, "56T": 0.3323333333333333, "5TT": 0.37666666666666665, "28T": 0.32266666666666666, "48T": 0.33066666666666666, "78T": 0.2896666666666667, "38T": 0.606, "8AT": 0.4023333333333333, "8QT": 0.7423333333333333, "88T": 0.38, "89T": 0.369, "68T": 0.3313333333333333, "8TT": 0.3923333333333333, "24T": 0.33466666666666667, "27T": 0.29133333333333333, "23T": 0.6556666666666666, "2AT": 0.3993333333333333, "2QT": 0.79, "22T": 0.38566666666666666, "29T": 0.312, "26T": 0.3373333333333333, "2TT": 0.396, "47T": 0.30866666666666664, "34T": 0.5933333333333334, "4AT": 0.38233333333333336, "4QT": 0.7876666666666666, "44T": 0.3883333333333333, "49T": 0.313, "46T": 0.33466666666666667, "4TT": 0.37566666666666665, "37T": 0.592, "77T": 0.36866666666666664, "7AT": 0.36866666666666664, "7QT": 0.7713333333333333, "79T": 0.2896666666666667, "67T": 0.30666666666666664, "7TT": 0.374, "3AT": 0.6053333333333333, "3QT": 0.895, "33T": 0.954, "39T": 0.566, "36T": 0.5996666666666667, "3TT": 0.6543333333333333, "AQT": 0.6983333333333334, "AAT": 0.49066666666666664, "9AT": 0.36033333333333334, "6AT": 0.4046666666666667, "ATT": 0.4633333333333333, "QQT": 0.8943333333333333, "9QT": 0.684, "6QT": 0.775, "QTT": 0.768, "69T": 0.3243333333333333, "9TT": 0.38966666666666666, "99T": 0.39766666666666667, "6TT": 0.398, "66T": 0.4003333333333333, "TTT": 0.49433333333333335, "258": 0.311, "458": 0.30133333333333334, "578": 0.27366666666666667, "358": 0.5946666666666667, "58A": 0.38, "58Q": 0.7936666666666666, "588": 0.3933333333333333, "589": 0.31033333333333335, "558": 0.388, "568": 0.32566666666666666, "245": 0.338, "257": 0.2823333333333333, "235": 0.6033333333333334, "25A": 0.36866666666666664, "25Q": 0.7803333333333333, "225": 0.372, "259": 0.31833333333333336, "255": 0.4003333333333333, "256": 0.39066666666666666, "457": 0.3243333333333333, "345": 0.497, "45A": 0.3873333333333333, "45Q": 0.7856666666666666, "445": 0.376, "459": 0.3333333333333333, "455": 0.38166666666666665, "456": 0.45466666666666666, "357": 0.541, "577": 0.38233333333333336, "57A": 0.3516666666666667, "57Q": 0.7723333333333333, "579": 0.2886666666666667, "557": 0.36233333333333334, "567": 0.35033333333333333, "35A": 0.6103333333333333, "35Q": 0.908, "335": 0.9273333333333333, "359": 0.582, "355": 0.6626666666666666, "356": 0.5303333333333333, "5AQ": 0.7666666666666667, "5AA": 0.4666666666666667, "59A": 0.37033333333333335, "55A": 0.4503333333333333, "56A": 0.412, "5QQ": 0.9463333333333334, "59Q": 0.7876666666666666, "55Q": 0.791, "56Q": 0.7976666666666666, "559": 0.38033333333333336, "569": 0.31833333333333336, "599": 0.387, "556": 0.38333333333333336, "555": 0.5013333333333333, "566": 0.388, "248": 0.33566666666666667, "278": 0.29, "238": 0.6456666666666667, "28A": 0.4043333333333333, "28Q": 0.7993333333333333, "288": 0.4196666666666667, "228": 0.388, "289": 0.327, "268": 0.33166666666666667, "478": 0.2723333333333333, "348": 0.6103333333333333, "48A": 0.37966666666666665, "48Q": 0.8053333333333333, "488": 0.403, "448": 0.38233333333333336, "489": 0.324, "468": 0.3406666666666667, "378": 0.593, "778": 0.367, "78A": 0.36833333333333335, "78Q": 0.7756666666666666, "788": 0.368, "789": 0.2703333333333333, "678": 0.31, "38A": 0.7016666666666667, "38Q": 0.9063333333333333, "388": 0.6603333333333333, "338": 0.943, "389": 0.5943333333333334, "368": 0.6973333333333334, "8AQ": 0.7333333333333333, "88A": 0.4653333333333333, "8AA": 0.4876666666666667, "89A": 0.393, "68A": 0.5336666666666666, "8QQ": 0.9376666666666666, "88Q": 0.78, "89Q": 0.7256666666666667, "68Q": 0.7683333333333333, "889": 0.36966666666666664, "888": 0.49266666666666664, "688": 0.38233333333333336, "689": 0.322, "899": 0.394, "668": 0.4023333333333333, "247": 0.2763333333333333, "234": 0.59, "24A": 0.375, "24Q": 0.7843333333333333, "224": 0.375, "244": 0.37833333333333335, "249": 0.326, "246": 0.39566666666666667,