{"8JQ": 0.245, "JKQ": 0.225, "2JQ": 0.20733333333333334, "JQT": 0.219, "JQQ": 0.28833333333333333, "AJQ": 0.22433333333333333, "3JQ": 0.22866666666666666, "7JQ": 0.5763333333333334, "9JQ": 0.24066666666666667, "5JQ": 0.609, "4JQ": 0.22166666666666668, "JJQ": 0.24933333333333332, "6JQ": 0.24666666666666667, "8JK": 0.28, "28J": 0.259, "8JT": 0.31833333333333336, "8AJ": 0.2733333333333333, "38J": 0.25566666666666665, "78J": 0.5986666666666667, "89J": 0.4076666666666667, "88J": 0.271, "58J": 0.595, "48J": 0.351, "8JJ": 0.298, "68J": 0.4646666666666667, "2JK": 0.21666666666666667, "JKT": 0.23833333333333334, "AJK": 0.243, "3JK": 0.23233333333333334, "7JK": 0.59, "9JK": 0.23333333333333334, "JKK": 0.238, "5JK": 0.5973333333333334, "4JK": 0.23466666666666666, "JJK": 0.24433333333333335, "6JK": 0.24933333333333332, "2JT": 0.22233333333333333, "2AJ": 0.22933333333333333, "23J": 0.196, "27J": 0.684, "29J": 0.23066666666666666, "22J": 0.22666666666666666, "25J": 0.6703333333333333, "24J": 0.21633333333333332, "2JJ": 0.23566666666666666, "26J": 0.249, "AJT": 0.21566666666666667, "3JT": 0.21333333333333335, "7JT": 0.592, "9JT": 0.2836666666666667, "JTT": 0.2786666666666667, "5JT": 0.5683333333333334, "4JT": 0.23866666666666667, "JJT": 0.24833333333333332, "6JT": 0.23866666666666667, "3AJ": 0.23733333333333334, "7AJ": 0.6166666666666667, "9AJ": 0.25166666666666665, "AAJ": 0.2623333333333333, "5AJ": 0.584, "4AJ": 0.23266666666666666, "AJJ": 0.2613333333333333, "6AJ": 0.2643333333333333, "37J": 0.673, "39J": 0.25066666666666665, "33J": 0.24866666666666667, "35J": 0.6416666666666667, "34J": 0.3253333333333333, "3JJ": 0.26, "36J": 0.334, "79J": 0.555, "77J": 0.9346666666666666, "57J": 0.8616666666666667, "47J": 0.6783333333333333, "7JJ": 0.6576666666666666, "67J": 0.6666666666666666, "59J": 0.6123333333333333, "49J": 0.239, "9JJ": 0.249, "99J": 0.277, "69J": 0.3283333333333333, "45J": 0.6123333333333333, "5JJ": 0.681, "56J": 0.5963333333333334, "55J": 0.936, "4JJ": 0.264, "44J": 0.24033333333333334, "46J": 0.449, "6JJ": 0.25533333333333336, "JJJ": 0.31033333333333335, "66J": 0.28, "8KQ": 0.24366666666666667, "28Q": 0.2623333333333333, "8QT": 0.247, "8QQ": 0.283, "8AQ": 0.2653333333333333, "38Q": 0.228, "78Q": 0.606, "89Q": 0.349, "88Q": 0.272, "58Q": 0.6113333333333333, "48Q": 0.3463333333333333, "68Q": 0.45866666666666667, "2KQ": 0.20133333333333334, "KQT": 0.21566666666666667, "KQQ": 0.2623333333333333, "AKQ": 0.221, "3KQ": 0.218, "7KQ": 0.5096666666666667, "9KQ": 0.19266666666666668, "KKQ": 0.256, "5KQ": 0.578, "4KQ": 0.24933333333333332, "6KQ": 0.23266666666666666, "2QT": 0.211, "2QQ": 0.25633333333333336, "2AQ": 0.197, "23Q": 0.22033333333333333, "27Q": 0.656, "29Q": 0.20666666666666667, "22Q": 0.213, "25Q": 0.6576666666666666, "24Q": 0.21833333333333332, "26Q": 0.24566666666666667, "QQT": 0.24233333333333335, "AQT": 0.229, "3QT": 0.207, "7QT": 0.594, "9QT": 0.224, "QTT": 0.26066666666666666, "5QT": 0.559, "4QT": 0.225, "6QT": 0.23533333333333334, "AQQ": 0.25066666666666665, "3QQ": 0.272, "7QQ": 0.6653333333333333, "9QQ": 0.265, "5QQ": 0.6766666666666666, "4QQ": 0.27266666666666667, "QQQ": 0.29833333333333334, "6QQ": 0.2806666666666667, "3AQ": 0.22266666666666668, "7AQ": 0.6003333333333334, "9AQ": 0.22933333333333333, "AAQ": 0.24566666666666667, "5AQ": 0.5946666666666667, "4AQ": 0.23033333333333333, "6AQ": 0.258, "37Q": 0.6583333333333333, "39Q": 0.23633333333333334, "33Q": 0.22766666666666666, "35Q": 0.642, "34Q": 0.31566666666666665, "36Q": 0.35633333333333334, "79Q": 0.4683333333333333, "77Q": 0.9156666666666666, "57Q": 0.847, "47Q": 0.6526666666666666, "67Q": 0.6456666666666667, "59Q": 0.5843333333333334, "49Q": 0.23166666666666666, "99Q": 0.25433333333333336, "69Q": 0.3393333333333333, "45Q": 0.6446666666666667, "56Q": 0.6096666666666667, "55Q": 0.926, "44Q": 0.25566666666666665, "46Q": 0.4503333333333333, "66Q": 0.263, "28K": 0.2613333333333333, "8KT": 0.26, "8AK": 0.2743333333333333, "38K": 0.241, "78K": 0.591, "89K": 0.3453333333333333, "88K": 0.273, "8KK": 0.2886666666666667, "58K": 0.612, "48K": 0.33466666666666667, "68K": 0.48233333333333334, "28T": 0.2663333333333333, "28A": 0.26266666666666666, "238": 0.25033333333333335, "278": 0.6523333333333333, "289": 0.3436666666666667, "288": 0.301, "228": 0.25866666666666666, "258": 0.6466666666666666, "248": 0.3466666666666667, "268": 0.511, "8AT": 0.25333333333333335, "38T": 0.23466666666666666, "78T": 0.5223333333333333, "89T": 0.383, "8TT": 0.27666666666666667, "88T": 0.26766666666666666, "58T": 0.607, "48T": 0.3426666666666667, "68T": 0.43633333333333335, "38A": 0.224, "78A": 0.6016666666666667, "89A": 0.36, "88A": 0.276, "8AA": 0.28833333333333333, "58A": 0.5926666666666667, "48A": 0.337, "68A": 0.45066666666666666, "378": 0.652, "389": 0.338, "338": 0.2663333333333333, "388": 0.2896666666666667, "358": 0.6333333333333333, "348": 0.328, "368": 0.4503333333333333, "789": 0.5553333333333333, "788": 0.637, "778": 0.9083333333333333, "578": 0.7786666666666666, "478": 0.6696666666666666, "678": 0.6453333333333333, "889": 0.35433333333333333, "589": 0.6406666666666667, "489": 0.37066666666666664, "899": 0.39266666666666666, "689": 0.874, "588": 0.6596666666666666, "488": 0.35233333333333333, "688": 0.46266666666666667, "888": 0.303, "458": 0.6526666666666666, "568": 0.6416666666666667, "558": 0.939, "448": 0.36566666666666664, "468": 0.921, "668": 0.449, "2KT": 0.20666666666666667, "2AK": 0.20833333333333334, "23K": 0.21133333333333335, "27K": 0.6693333333333333, "29K": 0.22066666666666668, "2KK": 0.24933333333333332, "22K": 0.20133333333333334, "25K": 0.6556666666666666, "24K": 0.21766666666666667, "26K": 0.26666666666666666, "AKT": 0.21533333333333332, "3KT": 0.21766666666666667, "7KT": 0.5803333333333334, "9KT": 0.244, "KTT": 0.23933333333333334, "KKT": 0.22566666666666665, "5KT": 0.5763333333333334, "4KT": 0.24133333333333334, "6KT": 0.252, "3AK": 0.217, "7AK": 0.617, "9AK": 0.24, "AKK": 0.239, "AAK": 0.251, "5AK": 0.587, "4AK": 0.226, "6AK": 0.248, "37K": 0.6513333333333333, "39K": 0.22, "33K": 0.23466666666666666, "3KK": 0.253, "35K": 0.6386666666666667, "34K": 0.32866666666666666, "36K": 0.3373333333333333, "79K": 0.4886666666666667, "7KK": 0.6533333333333333, "77K": 0.914, "57K": 0.8386666666666667, "47K": 0.658, "67K": 0.6483333333333333, "9KK": 0.25366666666666665, "59K": 0.5896666666666667, "49K": 0.22933333333333333, "99K": 0.273, "69K": 0.3436666666666667, "5KK": 0.6276666666666667, "4KK": 0.25866666666666666, "KKK": 0.297, "6KK": 0.2713333333333333, "45K": 0.6306666666666667, "56K": 0.5926666666666667, "55K": 0.9176666666666666, "44K": 0.245, "46K": 0.44666666666666666, "66K": 0.26766666666666666, "2AT": 0.194, "23T": 0.20266666666666666, "27T": 0.664, "29T": 0.219, "2TT": 0.24633333333333332, "22T": 0.21333333333333335, "25T": 0.6436666666666667, "24T": 0.21766666666666667, "26T": 0.23066666666666666, "23A": 0.18866666666666668, "27A": 0.685, "29A": 0.232, "22A": 0.22033333333333333, "2AA": 0.26, "25A": 0.6263333333333333, "24A": 0.219, "26A": 0.24866666666666667, "237": 0.7396666666666667, "239": 0.21633333333333332, "233": 0.211, "223": 0.222, "235": 0.6453333333333333, "234": 0.29, "236": 0.328, "279": 0.627, "227": 0.657, "277": 0.9296666666666666, "257": 0.8893333333333333, "247": 0.7243333333333334, "267": 0.7136666666666667, "229": 0.23533333333333334, "259": 0.667, "249": 0.226, "299": 0.27666666666666667, "269": 0.34, "225": 0.6656666666666666, "224": 0.237, "222": 0.25933333333333336, "226": 0.249, "245": 0.6556666666666666, "256": 0.6176666666666667, "255": 0.9506666666666667, "244": 0.243, "246": 0.43366666666666664, "266": 0.27066666666666667, "3AT": 0.178, "7AT": 0.5896666666666667, "9AT": 0.247, "ATT": 0.24666666666666667, "AAT": 0.258, "5AT": 0.496, "4AT": 0.183, "6AT": 0.23166666666666666, "37T": 0.6563333333333333, "39T": 0.24233333333333335, "33T": 0.22333333333333333, "3TT": 0.248, "35T": 0.5253333333333333, "34T": 0.2623333333333333, "36T": 0.31766666666666665,