{"2AK": 0.2836666666666667, "3AK": 0.411, "6AK": 0.6286666666666667, "AJK": 0.431, "4AK": 0.28633333333333333, "AAK": 0.318, "AKQ": 0.30266666666666664, "9AK": 0.334, "AKK": 0.346, "8AK": 0.639, "AKT": 0.44866666666666666, "7AK": 0.2946666666666667, "5AK": 0.418, "23A": 0.259, "26A": 0.691, "2AJ": 0.281, "24A": 0.25766666666666665, "2AA": 0.31, "2AQ": 0.26266666666666666, "29A": 0.2886666666666667, "22A": 0.2916666666666667, "28A": 0.7143333333333334, "2AT": 0.301, "27A": 0.2703333333333333, "25A": 0.2866666666666667, "36A": 0.6813333333333333, "3AJ": 0.39766666666666667, "34A": 0.263, "3AA": 0.30533333333333335, "3AQ": 0.2713333333333333, "39A": 0.299, "38A": 0.688, "3AT": 0.4146666666666667, "37A": 0.286, "35A": 0.41133333333333333, "33A": 0.2886666666666667, "6AJ": 0.624, "46A": 0.6823333333333333, "6AA": 0.712, "6AQ": 0.6236666666666667, "69A": 0.616, "68A": 0.871, "6AT": 0.64, "67A": 0.6183333333333333, "66A": 0.9423333333333334, "56A": 0.675, "4AJ": 0.2966666666666667, "AAJ": 0.33166666666666667, "AJQ": 0.31033333333333335, "9AJ": 0.3263333333333333, "AJJ": 0.327, "8AJ": 0.6216666666666667, "AJT": 0.4573333333333333, "7AJ": 0.308, "5AJ": 0.433, "4AA": 0.321, "4AQ": 0.24833333333333332, "49A": 0.2803333333333333, "48A": 0.678, "4AT": 0.2996666666666667, "47A": 0.364, "44A": 0.2786666666666667, "45A": 0.37933333333333336, "AAQ": 0.3016666666666667, "9AA": 0.34933333333333333, "8AA": 0.7306666666666667, "AAT": 0.354, "7AA": 0.32, "5AA": 0.3446666666666667, "AAA": 0.36766666666666664, "9AQ": 0.293, "8AQ": 0.6286666666666667, "AQT": 0.316, "7AQ": 0.299, "AQQ": 0.31566666666666665, "5AQ": 0.2856666666666667, "89A": 0.6233333333333333, "9AT": 0.4266666666666667, "79A": 0.48433333333333334, "59A": 0.37766666666666665, "99A": 0.352, "8AT": 0.625, "78A": 0.6916666666666667, "88A": 0.9423333333333334, "58A": 0.6826666666666666, "7AT": 0.395, "5AT": 0.43233333333333335, "ATT": 0.3323333333333333, "57A": 0.49266666666666664, "77A": 0.2986666666666667, "55A": 0.305, "23K": 0.25833333333333336, "26K": 0.6853333333333333, "2JK": 0.272, "24K": 0.25966666666666666, "2KQ": 0.2673333333333333, "29K": 0.28733333333333333, "2KK": 0.2916666666666667, "22K": 0.288, "28K": 0.7093333333333334, "2KT": 0.2856666666666667, "27K": 0.2803333333333333, "25K": 0.286, "36K": 0.6753333333333333, "3JK": 0.4083333333333333, "34K": 0.262, "3KQ": 0.263, "39K": 0.307, "3KK": 0.30833333333333335, "38K": 0.6996666666666667, "3KT": 0.4106666666666667, "37K": 0.2843333333333333, "35K": 0.4023333333333333, "33K": 0.2753333333333333, "6JK": 0.631, "46K": 0.691, "6KQ": 0.6353333333333333, "69K": 0.6363333333333333, "6KK": 0.6786666666666666, "68K": 0.87, "6KT": 0.6093333333333333, "67K": 0.6093333333333333, "66K": 0.9456666666666667, "56K": 0.6813333333333333, "4JK": 0.29133333333333333, "JKQ": 0.29133333333333333, "9JK": 0.332, "JKK": 0.3273333333333333, "JJK": 0.33166666666666667, "8JK": 0.627, "JKT": 0.44266666666666665, "7JK": 0.30366666666666664, "5JK": 0.42633333333333334, "4KQ": 0.25333333333333335, "49K": 0.25866666666666666, "4KK": 0.31266666666666665, "48K": 0.686, "4KT": 0.2853333333333333, "47K": 0.382, "44K": 0.27, "45K": 0.367, "9KQ": 0.288, "KKQ": 0.304, "8KQ": 0.618, "KQT": 0.309, "7KQ": 0.297, "KQQ": 0.30566666666666664, "5KQ": 0.2956666666666667, "9KK": 0.32466666666666666, "89K": 0.6253333333333333, "9KT": 0.4043333333333333, "79K": 0.489, "59K": 0.392, "99K": 0.3283333333333333, "8KK": 0.7176666666666667, "KKT": 0.342, "7KK": 0.30966666666666665, "5KK": 0.3313333333333333, "KKK": 0.3353333333333333, "8KT": 0.631, "78K": 0.709, "88K": 0.9446666666666667, "58K": 0.696, "7KT": 0.3873333333333333, "5KT": 0.4206666666666667, "KTT": 0.3396666666666667, "57K": 0.4736666666666667, "77K": 0.315, "55K": 0.30866666666666664, "236": 0.662, "23J": 0.265, "234": 0.31666666666666665, "23Q": 0.236, "239": 0.2796666666666667, "223": 0.2783333333333333, "238": 0.7603333333333333, "23T": 0.28633333333333333, "237": 0.25133333333333335, "235": 0.3536666666666667, "233": 0.26066666666666666, "26J": 0.6823333333333333, "246": 0.6776666666666666, "26Q": 0.677, "269": 0.669, "226": 0.6913333333333334, "268": 0.8753333333333333, "26T": 0.6936666666666667, "267": 0.6346666666666667, "266": 0.9296666666666666, "256": 0.6856666666666666, "24J": 0.25733333333333336, "2JQ": 0.26033333333333336, "29J": 0.2826666666666667, "2JJ": 0.31033333333333335, "22J": 0.283, "28J": 0.6923333333333334, "2JT": 0.2966666666666667, "27J": 0.24933333333333332, "25J": 0.2886666666666667, "24Q": 0.25866666666666666, "249": 0.26566666666666666, "224": 0.246, "248": 0.722, "24T": 0.267, "247": 0.36733333333333335, "244": 0.292, "245": 0.43233333333333335, "29Q": 0.26866666666666666, "22Q": 0.26666666666666666, "28Q": 0.678, "2QT": 0.2856666666666667, "27Q": 0.26866666666666666, "2QQ": 0.303, "25Q": 0.24566666666666667, "229": 0.2906666666666667, "289": 0.667, "29T": 0.38333333333333336, "279": 0.48233333333333334, "259": 0.37033333333333335, "299": 0.31933333333333336, "228": 0.7273333333333334, "22T": 0.2813333333333333, "227": 0.292, "222": 0.2966666666666667, "225": 0.29, "28T": 0.6826666666666666, "278": 0.747, "288": 0.9583333333333334, "258": 0.7513333333333333, "27T": 0.38, "25T": 0.2786666666666667, "2TT": 0.29633333333333334, "257": 0.483, "277": 0.30833333333333335, "255": 0.2826666666666667, "36J": 0.675, "346": 0.6436666666666667, "36Q": 0.6796666666666666, "369": 0.6783333333333333, "368": 0.8786666666666667, "36T": 0.6683333333333333, "367": 0.615, "366": 0.945, "356": 0.634, "336": 0.6573333333333333, "34J": 0.267, "3JQ": 0.29533333333333334, "39J": 0.28733333333333333, "3JJ": 0.313, "38J": 0.702, "3JT": 0.408, "37J": 0.2876666666666667, "35J": 0.4126666666666667, "33J": 0.29, "34Q": 0.26, "349": 0.25, "348": 0.7353333333333333, "34T": 0.2826666666666667, "347": 0.3636666666666667, "344": 0.25866666666666666, "345": 0.436, "334": 0.26066666666666666, "39Q": 0.25966666666666666, "38Q": 0.6756666666666666, "3QT": 0.2876666666666667, "37Q": 0.2653333333333333, "3QQ": 0.29433333333333334, "35Q": 0.2836666666666667, "33Q": 0.25, "389": 0.6506666666666666, "39T": 0.406, "379": 0.46166666666666667, "359": 0.38466666666666666, "339": 0.2916666666666667, "399": 0.31066666666666665, "38T": 0.6813333333333333, "378": 0.7346666666666667, "388": 0.9563333333333334, "358": 0.7333333333333333, "338": 0.718, "37T": 0.372, "35T": 0.3983333333333333, "33T": 0.30766666666666664, "3TT": 0.31866666666666665, "357": 0.4503333333333333, "337": 0.277, "377": 0.2833333333333333, "355": 0.2946666666666667, "335": 0.293, "333": 0.2956666666666667, "46J": 0.6693333333333333, "6JQ": 0.643, "69J": 0.6403333333333333, "6JJ": 0.7056666666666667, "68J": 0.8546666666666667, "6JT": 0.6213333333333333, "67J": 0.6083333333333333, "66J": 0.9493333333333334, "56J": 0.6556666666666666, "46Q": 0.645, "469": 0.6456666666666667, "468": 0.8223333333333334, "46T": 0.674, "467": 0.6503333333333333, "466": 0.939, "446": 0.6923333333333334, "456": 0.668, "69Q": 0.6176666666666667, "68Q": 0.8423333333333334, "6QT": 0.6256666666666667, "67Q": 0.6153333333333333, "6QQ": 0.6763333333333333, "66Q": 0.9346666666666666, "56Q": 0.6803333333333333, "689": 0.753, "69T": 0.6516666666666666, "679": 0.6473333333333333, "669": 0.9453333333333334, "569": 0.7033333333333334, "699": 0.6826666666666666, "68T": 0.8286666666666667, "678": 0.7363333333333333, "688": 0.9856666666666667, "668": 0.9893333333333333, "568": 0.795, "67T": 0.6376666666666667, "66T": 0.942, "56T": 0.6686666666666666, "6TT": 0.6836666666666666, "667": 0.913, "567": 0.6696666666666666, "677": 0.6683333333333333, "566": 0.932, "666": 1.0, "556": 0.693, "4JQ": 0.2613333333333333, "49J": 0.263, "4JJ": 0.30266666666666664, "48J": 0.6863333333333334, "4JT": 0.291, "47J": 0.36566666666666664, "44J": 0.2786666666666667, "45J": 0.38266666666666665, "9JQ": 0.3383333333333333, "JJQ": 0.318, "8JQ": 0.5973333333333334, "JQT": 0.35833333333333334, "7JQ": 0.281, "JQQ": 0.31166666666666665, "5JQ": 0.298,