{"3AQ": 0.546, "AAQ": 0.5626666666666666, "7AQ": 0.537, "AKQ": 0.5616666666666666, "6AQ": 0.905, "5AQ": 0.8923333333333333, "4AQ": 0.7453333333333333, "AQT": 0.5676666666666667, "AJQ": 0.918, "AQQ": 0.5533333333333333, "2AQ": 0.536, "9AQ": 0.779, "8AQ": 0.5206666666666667, "37Q": 0.291, "33Q": 0.31066666666666665, "3KQ": 0.30233333333333334, "36Q": 0.5363333333333333, "35Q": 0.5273333333333333, "34Q": 0.6706666666666666, "3QT": 0.318, "3JQ": 0.5476666666666666, "3QQ": 0.344, "23Q": 0.29533333333333334, "39Q": 0.6913333333333334, "38Q": 0.267, "7KQ": 0.32166666666666666, "67Q": 0.5163333333333333, "57Q": 0.5096666666666667, "47Q": 0.6023333333333334, "7QT": 0.317, "7JQ": 0.5343333333333333, "7QQ": 0.337, "27Q": 0.28, "79Q": 0.688, "77Q": 0.32, "78Q": 0.29533333333333334, "6KQ": 0.5336666666666666, "5KQ": 0.526, "4KQ": 0.6366666666666667, "KQT": 0.3883333333333333, "JKQ": 0.59, "KQQ": 0.3606666666666667, "2KQ": 0.318, "9KQ": 0.6266666666666667, "8KQ": 0.314, "KKQ": 0.38466666666666666, "56Q": 0.8866666666666667, "46Q": 0.7383333333333333, "6QT": 0.538, "6JQ": 0.9076666666666666, "6QQ": 0.519, "26Q": 0.5103333333333333, "69Q": 0.7933333333333333, "68Q": 0.5196666666666667, "66Q": 0.5293333333333333, "45Q": 0.7283333333333334, "5QT": 0.535, "5JQ": 0.8993333333333333, "5QQ": 0.534, "25Q": 0.5126666666666667, "59Q": 0.796, "58Q": 0.5073333333333333, "55Q": 0.503, "4QT": 0.6306666666666667, "4JQ": 0.7543333333333333, "4QQ": 0.6836666666666666, "24Q": 0.6593333333333333, "49Q": 0.8836666666666667, "44Q": 0.9476666666666667, "48Q": 0.633, "JQT": 0.627, "QQT": 0.394, "2QT": 0.32566666666666666, "9QT": 0.595, "QTT": 0.5643333333333334, "8QT": 0.39566666666666667, "JQQ": 0.5596666666666666, "2JQ": 0.5363333333333333, "9JQ": 0.7196666666666667, "8JQ": 0.574, "JJQ": 0.5726666666666667, "2QQ": 0.3333333333333333, "QQQ": 0.4106666666666667, "9QQ": 0.7046666666666667, "8QQ": 0.33566666666666667, "29Q": 0.711, "28Q": 0.28, "22Q": 0.5296666666666666, "89Q": 0.653, "99Q": 0.9196666666666666, "88Q": 0.33366666666666667, "3AA": 0.344, "37A": 0.2876666666666667, "33A": 0.30233333333333334, "3AK": 0.30966666666666665, "36A": 0.5156666666666667, "35A": 0.5223333333333333, "34A": 0.6833333333333333, "3AT": 0.31633333333333336, "3AJ": 0.5283333333333333, "23A": 0.2806666666666667, "39A": 0.7223333333333334, "38A": 0.27266666666666667, "7AA": 0.33866666666666667, "AAK": 0.37233333333333335, "6AA": 0.5383333333333333, "5AA": 0.549, "4AA": 0.6896666666666667, "AAT": 0.36433333333333334, "AAJ": 0.5563333333333333, "2AA": 0.349, "9AA": 0.757, "8AA": 0.3406666666666667, "AAA": 0.3883333333333333, "7AK": 0.30333333333333334, "67A": 0.524, "57A": 0.5126666666666667, "47A": 0.5966666666666667, "7AT": 0.32666666666666666, "7AJ": 0.531, "27A": 0.28633333333333333, "79A": 0.698, "77A": 0.3353333333333333, "78A": 0.308, "6AK": 0.5293333333333333, "5AK": 0.5096666666666667, "4AK": 0.6246666666666667, "AKT": 0.339, "AJK": 0.5576666666666666, "2AK": 0.32133333333333336, "9AK": 0.6546666666666666, "8AK": 0.314, "AKK": 0.36833333333333335, "56A": 0.893, "46A": 0.731, "6AT": 0.5166666666666667, "6AJ": 0.9016666666666666, "26A": 0.5133333333333333, "69A": 0.8003333333333333, "68A": 0.5103333333333333, "66A": 0.5096666666666667, "45A": 0.7373333333333333, "5AT": 0.5236666666666666, "5AJ": 0.9036666666666666, "25A": 0.5326666666666666, "59A": 0.8066666666666666, "58A": 0.5113333333333333, "55A": 0.536, "4AT": 0.6166666666666667, "4AJ": 0.7383333333333333, "24A": 0.659, "49A": 0.9003333333333333, "44A": 0.9516666666666667, "48A": 0.6333333333333333, "AJT": 0.5506666666666666, "2AT": 0.309, "9AT": 0.657, "ATT": 0.5656666666666667, "8AT": 0.32566666666666666, "2AJ": 0.5303333333333333, "9AJ": 0.771, "8AJ": 0.548, "AJJ": 0.5553333333333333, "29A": 0.7373333333333333, "28A": 0.2773333333333333, "22A": 0.507, "89A": 0.673, "99A": 0.9313333333333333, "88A": 0.317, "337": 0.24266666666666667, "37K": 0.24233333333333335, "367": 0.3596666666666667, "357": 0.3626666666666667, "347": 0.5813333333333334, "37T": 0.27, "37J": 0.2936666666666667, "237": 0.217, "379": 0.7036666666666667, "377": 0.25866666666666666, "378": 0.235, "33K": 0.268, "336": 0.308, "335": 0.2966666666666667, "334": 0.624, "33T": 0.27, "33J": 0.318, "233": 0.238, "339": 0.698, "338": 0.237, "333": 0.327, "36K": 0.2723333333333333, "35K": 0.284, "34K": 0.6193333333333333, "3KT": 0.26966666666666667, "3JK": 0.31133333333333335, "23K": 0.24966666666666668, "39K": 0.5693333333333334, "38K": 0.19633333333333333, "3KK": 0.293, "356": 0.586, "346": 0.6026666666666667, "36T": 0.30533333333333335, "36J": 0.5263333333333333, "236": 0.3516666666666667, "369": 0.7146666666666667, "368": 0.29333333333333333, "366": 0.3263333333333333, "345": 0.5976666666666667, "35T": 0.2836666666666667, "35J": 0.515, "235": 0.3626666666666667, "359": 0.738, "358": 0.25266666666666665, "355": 0.305, "34T": 0.6496666666666666, "34J": 0.6546666666666666, "234": 0.6346666666666667, "349": 0.8836666666666667, "344": 0.9383333333333334, "348": 0.628, "3JT": 0.3303333333333333, "23T": 0.24966666666666668, "39T": 0.651, "3TT": 0.3383333333333333, "38T": 0.248, "23J": 0.29133333333333333, "39J": 0.7, "38J": 0.294, "3JJ": 0.3403333333333333, "239": 0.736, "238": 0.21366666666666667, "223": 0.295, "389": 0.5983333333333334, "399": 0.9236666666666666, "388": 0.26566666666666666, "67K": 0.30233333333333334, "57K": 0.2876666666666667, "47K": 0.572, "7KT": 0.308, "7JK": 0.316, "27K": 0.24233333333333335, "79K": 0.659, "77K": 0.277, "78K": 0.25166666666666665, "7KK": 0.306, "567": 0.596, "467": 0.5186666666666667, "67T": 0.37766666666666665, "67J": 0.5316666666666666, "267": 0.2743333333333333, "679": 0.6876666666666666, "677": 0.30766666666666664, "678": 0.414, "667": 0.312, "457": 0.5426666666666666, "57T": 0.31433333333333335, "57J": 0.531, "257": 0.26566666666666666, "579": 0.698, "577": 0.305, "578": 0.3413333333333333, "557": 0.30666666666666664, "47T": 0.5656666666666667, "47J": 0.5976666666666667, "247": 0.5293333333333333, "479": 0.8576666666666667, "477": 0.6233333333333333, "447": 0.9023333333333333, "478": 0.5516666666666666, "7JT": 0.377, "27T": 0.25733333333333336, "79T": 0.603, "77T": 0.31333333333333335, "7TT": 0.351, "78T": 0.42133333333333334, "27J": 0.271, "79J": 0.6633333333333333, "77J": 0.32766666666666666, "78J": 0.373, "7JJ": 0.3363333333333333, "279": 0.709, "277": 0.262, "278": 0.24366666666666667, "227": 0.27366666666666667, "779": 0.674, "789": 0.6073333333333333, "799": 0.92, "778": 0.279, "777": 0.3313333333333333, "788": 0.2713333333333333, "56K": 0.49966666666666665, "46K": 0.625, "6KT": 0.32866666666666666, "6JK": 0.5383333333333333, "26K": 0.2856666666666667, "69K": 0.672, "68K": 0.2793333333333333, "6KK": 0.32966666666666666, "66K": 0.3333333333333333, "45K": 0.594, "5KT": 0.31766666666666665, "5JK": 0.531, "25K": 0.298, "59K": 0.6913333333333334, "58K": 0.287, "55K": 0.296, "5KK": 0.33066666666666666, "4KT": 0.61, "4JK": 0.63, "24K": 0.6383333333333333, "49K": 0.8513333333333334, "44K": 0.949, "48K": 0.5793333333333334, "4KK": 0.682, "JKT": 0.387, "2KT": 0.2773333333333333, "9KT": 0.5766666666666667, "KTT": 0.3606666666666667, "8KT": 0.26666666666666666, "KKT": 0.3443333333333333, "2JK": 0.31566666666666665, "9JK": 0.6153333333333333, "8JK": 0.315, "JKK": 0.377, "JJK": 0.37233333333333335, "29K": 0.6733333333333333, "28K": 0.23, "2KK": 0.32366666666666666, "22K": 0.316, "89K": 0.5506666666666666, "9KK": 0.707, "99K": 0.9073333333333333, "88K": 0.2776666666666667, "8KK": 0.31033333333333335, "KKK": 0.37966666666666665, "456": 0.6646666666666666, "56T": 0.518, "56J": 0.8896666666666667, "256": 0.553, "569": 0.797, "568": 0.543, "556": 0.5066666666666667, "566": 0.5143333333333333, "46T": 0.5986666666666667, "46J": 0.72, "246": 0.6026666666666667, "469": 0.8706666666666667, "446": 0.9193333333333333, "468": 0.5723333333333334, "466": 0.6303333333333333, "6JT": 0.54, "26T": 0.2846666666666667, "69T": 0.66, "6TT": 0.558, "68T": 0.3586666666666667,