{"4KQ": 0.44333333333333336, "3KQ": 0.5473333333333333, "KQT": 0.49566666666666664, "KQQ": 0.5466666666666666, "7KQ": 0.39, "9KQ": 0.435, "5KQ": 0.44433333333333336, "6KQ": 0.4186666666666667, "2KQ": 0.4236666666666667, "JKQ": 0.49866666666666665, "AKQ": 0.785, "KKQ": 0.547, "8KQ": 0.38666666666666666, "34K": 0.5736666666666667, "4KT": 0.471, "47K": 0.4216666666666667, "49K": 0.437, "44K": 0.5563333333333333, "45K": 0.4796666666666667, "46K": 0.43433333333333335, "24K": 0.443, "4JK": 0.47833333333333333, "4AK": 0.8143333333333334, "4KK": 0.5686666666666667, "48K": 0.43466666666666665, "3KT": 0.625, "33K": 0.9356666666666666, "37K": 0.5306666666666666, "39K": 0.5833333333333334, "35K": 0.6136666666666667, "36K": 0.5743333333333334, "23K": 0.6383333333333333, "3JK": 0.6196666666666667, "3AK": 0.9056666666666666, "3KK": 0.6886666666666666, "38K": 0.5346666666666666, "KTT": 0.5833333333333334, "7KT": 0.43933333333333335, "9KT": 0.4603333333333333, "5KT": 0.651, "6KT": 0.464, "2KT": 0.4686666666666667, "JKT": 0.667, "AKT": 0.8153333333333334, "KKT": 0.687, "8KT": 0.455, "79K": 0.391, "57K": 0.453, "67K": 0.41933333333333334, "27K": 0.443, "7JK": 0.4573333333333333, "7AK": 0.8073333333333333, "7KK": 0.5466666666666666, "78K": 0.36733333333333335, "77K": 0.524, "59K": 0.48133333333333334, "69K": 0.4093333333333333, "29K": 0.436, "9JK": 0.443, "9AK": 0.817, "9KK": 0.5713333333333334, "89K": 0.412, "99K": 0.5223333333333333, "56K": 0.479, "25K": 0.48233333333333334, "5JK": 0.6323333333333333, "5AK": 0.8656666666666667, "5KK": 0.6873333333333334, "58K": 0.44533333333333336, "55K": 0.5683333333333334, "26K": 0.43733333333333335, "6JK": 0.48533333333333334, "6AK": 0.824, "6KK": 0.575, "68K": 0.42333333333333334, "66K": 0.5213333333333333, "2JK": 0.4826666666666667, "2AK": 0.822, "2KK": 0.577, "22K": 0.5266666666666666, "28K": 0.44033333333333335, "AJK": 0.8193333333333334, "JKK": 0.6936666666666667, "8JK": 0.45266666666666666, "JJK": 0.573, "AAK": 0.9403333333333334, "AKK": 0.8486666666666667, "8AK": 0.812, "8KK": 0.55, "KKK": 0.656, "88K": 0.5263333333333333, "34Q": 0.577, "4QT": 0.4673333333333333, "4QQ": 0.5066666666666667, "47Q": 0.421, "49Q": 0.433, "44Q": 0.5586666666666666, "45Q": 0.49666666666666665, "46Q": 0.43933333333333335, "24Q": 0.42833333333333334, "4JQ": 0.49166666666666664, "4AQ": 0.8136666666666666, "48Q": 0.423, "3QT": 0.63, "3QQ": 0.667, "33Q": 0.938, "37Q": 0.516, "39Q": 0.583, "35Q": 0.5956666666666667, "36Q": 0.592, "23Q": 0.6366666666666667, "3JQ": 0.6163333333333333, "3AQ": 0.9106666666666666, "38Q": 0.523, "QQT": 0.5603333333333333, "QTT": 0.5566666666666666, "7QT": 0.45166666666666666, "9QT": 0.413, "5QT": 0.651, "6QT": 0.4653333333333333, "2QT": 0.4633333333333333, "JQT": 0.68, "AQT": 0.795, "8QT": 0.43666666666666665, "7QQ": 0.525, "9QQ": 0.5156666666666667, "5QQ": 0.5606666666666666, "6QQ": 0.5273333333333333, "2QQ": 0.5213333333333333, "JQQ": 0.5666666666666667, "AQQ": 0.7903333333333333, "8QQ": 0.516, "QQQ": 0.6576666666666666, "79Q": 0.41133333333333333, "57Q": 0.463, "67Q": 0.423, "27Q": 0.4493333333333333, "7JQ": 0.44633333333333336, "7AQ": 0.8266666666666667, "78Q": 0.36, "77Q": 0.525, "59Q": 0.45866666666666667, "69Q": 0.40066666666666667, "29Q": 0.42333333333333334, "9JQ": 0.415, "9AQ": 0.8056666666666666, "89Q": 0.388, "99Q": 0.5166666666666667, "56Q": 0.47933333333333333, "25Q": 0.4846666666666667, "5JQ": 0.638, "5AQ": 0.8516666666666667, "58Q": 0.44633333333333336, "55Q": 0.5503333333333333, "26Q": 0.44, "6JQ": 0.4716666666666667, "6AQ": 0.813, "68Q": 0.415, "66Q": 0.513, "2JQ": 0.4646666666666667, "2AQ": 0.8153333333333334, "22Q": 0.5226666666666666, "28Q": 0.42833333333333334, "AJQ": 0.8246666666666667, "8JQ": 0.448, "JJQ": 0.5556666666666666, "AAQ": 0.9393333333333334, "8AQ": 0.8123333333333334, "88Q": 0.5196666666666667, "34T": 0.6226666666666667, "334": 0.924, "347": 0.5646666666666667, "349": 0.5803333333333334, "344": 0.683, "345": 0.5743333333333334, "346": 0.515, "234": 0.61, "34J": 0.619, "34A": 0.8996666666666666, "348": 0.5876666666666667, "4TT": 0.5413333333333333, "47T": 0.44233333333333336, "49T": 0.44033333333333335, "44T": 0.705, "45T": 0.6616666666666666, "46T": 0.46, "24T": 0.4663333333333333, "4JT": 0.649, "4AT": 0.84, "48T": 0.43966666666666665, "479": 0.408, "447": 0.5356666666666666, "457": 0.5003333333333333, "467": 0.439, "247": 0.4563333333333333, "47J": 0.4643333333333333, "47A": 0.8173333333333334, "478": 0.39466666666666667, "477": 0.512, "449": 0.548, "459": 0.4656666666666667, "469": 0.384, "249": 0.391, "49J": 0.442, "49A": 0.7303333333333333, "489": 0.41133333333333333, "499": 0.5173333333333333, "444": 0.6636666666666666, "445": 0.6936666666666667, "446": 0.537, "244": 0.556, "44J": 0.69, "44A": 0.8156666666666667, "448": 0.5456666666666666, "456": 0.551, "245": 0.53, "45J": 0.6496666666666666, "45A": 0.8226666666666667, "458": 0.478, "455": 0.5613333333333334, "246": 0.449, "46J": 0.47333333333333333, "46A": 0.7013333333333334, "468": 0.4013333333333333, "466": 0.5243333333333333, "24J": 0.4676666666666667, "24A": 0.718, "224": 0.5076666666666667, "248": 0.427, "4AJ": 0.8326666666666667, "48J": 0.4726666666666667, "4JJ": 0.5586666666666666, "4AA": 0.93, "48A": 0.8173333333333334, "488": 0.5133333333333333, "33T": 0.9613333333333334, "3TT": 0.706, "37T": 0.6016666666666667, "39T": 0.6176666666666667, "35T": 0.7733333333333333, "36T": 0.6096666666666667, "23T": 0.679, "3JT": 0.747, "3AT": 0.9256666666666666, "38T": 0.5913333333333334, "337": 0.9266666666666666, "339": 0.934, "335": 0.9373333333333334, "336": 0.932, "233": 0.944, "33J": 0.9623333333333334, "33A": 0.984, "338": 0.9336666666666666, "333": 1.0, "379": 0.5523333333333333, "357": 0.584, "367": 0.5526666666666666, "237": 0.6263333333333333, "37J": 0.6136666666666667, "37A": 0.9013333333333333, "378": 0.5083333333333333, "377": 0.661, "359": 0.6106666666666667, "369": 0.557, "239": 0.6433333333333333, "39J": 0.6183333333333333, "39A": 0.9133333333333333, "389": 0.5456666666666666, "399": 0.6586666666666666, "356": 0.5536666666666666, "235": 0.6506666666666666, "35J": 0.7463333333333333, "35A": 0.9283333333333333, "358": 0.589, "355": 0.6983333333333334, "236": 0.605, "36J": 0.6316666666666667, "36A": 0.9076666666666666, "368": 0.561, "366": 0.644, "23J": 0.694, "23A": 0.9266666666666666, "223": 0.6943333333333334, "238": 0.6443333333333333, "3AJ": 0.926, "38J": 0.6093333333333333, "3JJ": 0.6933333333333334, "3AA": 0.9913333333333333, "38A": 0.912, "388": 0.6716666666666666, "7TT": 0.557, "9TT": 0.5166666666666667, "5TT": 0.698, "6TT": 0.5126666666666667, "2TT": 0.5423333333333333, "JTT": 0.6843333333333333, "ATT": 0.798, "8TT": 0.543, "TTT": 0.664, "79T": 0.44433333333333336, "57T": 0.6433333333333333, "67T": 0.43566666666666665, "27T": 0.472, "7JT": 0.639, "7AT": 0.8456666666666667, "78T": 0.41333333333333333, "77T": 0.5516666666666666, "59T": 0.645, "69T": 0.44166666666666665, "29T": 0.428, "9JT": 0.6076666666666667, "9AT": 0.8086666666666666, "89T": 0.4116666666666667, "99T": 0.5406666666666666, "56T": 0.6433333333333333, "25T": 0.66, "5JT": 0.985, "5AT": 0.9123333333333333, "58T": 0.6413333333333333, "55T": 0.6863333333333334, "26T": 0.44266666666666665, "6JT": 0.637, "6AT": 0.8176666666666667, "68T": 0.43566666666666665, "66T": 0.5556666666666666, "2JT": 0.6633333333333333, "2AT": 0.8196666666666667, "22T": 0.546, "28T": 0.4483333333333333, "AJT": 0.8696666666666667, "8JT": 0.6056666666666667, "JJT": 0.685, "AAT": 0.9376666666666666, "8AT": 0.8423333333333334, "88T": 0.54, "579": 0.43933333333333335, "679": 0.379, "279": 0.4046666666666667, "79J": 0.428, "79A": 0.7963333333333333, "789": 0.3446666666666667, "799": 0.5046666666666667, "779": 0.498, "567": 0.48733333333333334, "257": 0.474, "57J": 0.631, "57A": 0.8446666666666667, "578": 0.395, "557": 0.5426666666666666, "577": 0.552, "267": 0.42133333333333334, "67J": 0.4503333333333333, "67A": 0.7956666666666666, "678": 0.3516666666666667, "677": 0.49833333333333335,