{"AAT": 0.262, "AAJ": 0.2633333333333333, "2AA": 0.254, "6AA": 0.279, "AAQ": 0.26866666666666666, "3AA": 0.25566666666666665, "5AA": 0.6706666666666666, "9AA": 0.2643333333333333, "4AA": 0.277, "AAA": 0.286, "8AA": 0.27166666666666667, "7AA": 0.6656666666666666, "AAK": 0.25166666666666665, "AJT": 0.25433333333333336, "ATT": 0.24933333333333332, "2AT": 0.23833333333333334, "6AT": 0.247, "AQT": 0.246, "3AT": 0.245, "5AT": 0.6113333333333333, "9AT": 0.24933333333333332, "4AT": 0.25666666666666665, "8AT": 0.24266666666666667, "7AT": 0.625, "AKT": 0.22633333333333333, "2AJ": 0.232, "6AJ": 0.2723333333333333, "AJQ": 0.25666666666666665, "3AJ": 0.225, "5AJ": 0.6173333333333333, "9AJ": 0.2653333333333333, "4AJ": 0.25733333333333336, "8AJ": 0.2693333333333333, "7AJ": 0.6273333333333333, "AJK": 0.234, "AJJ": 0.252, "26A": 0.25233333333333335, "2AQ": 0.24933333333333332, "23A": 0.19766666666666666, "25A": 0.668, "29A": 0.22433333333333333, "24A": 0.25266666666666665, "28A": 0.24733333333333332, "27A": 0.6726666666666666, "22A": 0.22033333333333333, "2AK": 0.20566666666666666, "6AQ": 0.291, "36A": 0.34833333333333333, "56A": 0.6043333333333333, "69A": 0.37033333333333335, "46A": 0.455, "66A": 0.25866666666666666, "68A": 0.45, "67A": 0.6883333333333334, "6AK": 0.24766666666666667, "3AQ": 0.23366666666666666, "5AQ": 0.6116666666666667, "9AQ": 0.2653333333333333, "4AQ": 0.26566666666666666, "AQQ": 0.273, "8AQ": 0.26266666666666666, "7AQ": 0.636, "AKQ": 0.24, "35A": 0.666, "39A": 0.232, "34A": 0.3416666666666667, "33A": 0.23033333333333333, "38A": 0.21733333333333332, "37A": 0.6603333333333333, "3AK": 0.22166666666666668, "59A": 0.596, "45A": 0.66, "58A": 0.6166666666666667, "57A": 0.86, "55A": 0.9483333333333334, "5AK": 0.584, "49A": 0.24133333333333334, "99A": 0.267, "89A": 0.3606666666666667, "79A": 0.614, "9AK": 0.236, "48A": 0.33866666666666667, "44A": 0.24666666666666667, "47A": 0.6876666666666666, "4AK": 0.23833333333333334, "78A": 0.6046666666666667, "88A": 0.285, "8AK": 0.258, "77A": 0.934, "7AK": 0.6206666666666667, "AKK": 0.2753333333333333, "JTT": 0.283, "2JT": 0.364, "6JT": 0.37833333333333335, "JQT": 0.24633333333333332, "3JT": 0.251, "5JT": 0.59, "9JT": 0.31933333333333336, "4JT": 0.387, "8JT": 0.3263333333333333, "7JT": 0.5763333333333334, "JKT": 0.25333333333333335, "JJT": 0.275, "2TT": 0.252, "6TT": 0.2853333333333333, "QTT": 0.24433333333333335, "3TT": 0.25633333333333336, "5TT": 0.63, "9TT": 0.25266666666666665, "4TT": 0.284, "8TT": 0.2823333333333333, "7TT": 0.6593333333333333, "TTT": 0.29433333333333334, "KTT": 0.23866666666666667, "26T": 0.369, "2QT": 0.223, "23T": 0.217, "25T": 0.6533333333333333, "29T": 0.239, "24T": 0.375, "28T": 0.26066666666666666, "27T": 0.6583333333333333, "22T": 0.23266666666666666, "2KT": 0.22933333333333333, "6QT": 0.27066666666666667, "36T": 0.3473333333333333, "56T": 0.6026666666666667, "69T": 0.3423333333333333, "46T": 0.52, "66T": 0.26366666666666666, "68T": 0.42866666666666664, "67T": 0.6216666666666667, "6KT": 0.26033333333333336, "3QT": 0.234, "5QT": 0.5963333333333334, "9QT": 0.25033333333333335, "4QT": 0.24966666666666668, "QQT": 0.26966666666666667, "8QT": 0.25333333333333335, "7QT": 0.6023333333333334, "KQT": 0.246, "35T": 0.6663333333333333, "39T": 0.235, "34T": 0.3473333333333333, "33T": 0.24833333333333332, "38T": 0.23166666666666666, "37T": 0.6413333333333333, "3KT": 0.222, "59T": 0.5876666666666667, "45T": 0.6586666666666666, "58T": 0.6223333333333333, "57T": 0.8586666666666667, "55T": 0.9406666666666667, "5KT": 0.5823333333333334, "49T": 0.2793333333333333, "99T": 0.2806666666666667, "89T": 0.38766666666666666, "79T": 0.5453333333333333, "9KT": 0.24333333333333335, "48T": 0.36, "44T": 0.2763333333333333, "47T": 0.6703333333333333, "4KT": 0.241, "78T": 0.5373333333333333, "88T": 0.2786666666666667, "8KT": 0.2753333333333333, "77T": 0.9226666666666666, "7KT": 0.5863333333333334, "KKT": 0.27666666666666667, "26J": 0.387, "2JQ": 0.235, "23J": 0.231, "25J": 0.666, "29J": 0.25233333333333335, "24J": 0.359, "28J": 0.27466666666666667, "27J": 0.6743333333333333, "22J": 0.24833333333333332, "2JK": 0.24, "2JJ": 0.2723333333333333, "6JQ": 0.263, "36J": 0.357, "56J": 0.601, "69J": 0.37433333333333335, "46J": 0.507, "66J": 0.281, "68J": 0.465, "67J": 0.674, "6JK": 0.2803333333333333, "6JJ": 0.2976666666666667, "3JQ": 0.22033333333333333, "5JQ": 0.591, "9JQ": 0.23533333333333334, "4JQ": 0.26, "JQQ": 0.28733333333333333, "8JQ": 0.267, "7JQ": 0.6143333333333333, "JKQ": 0.23366666666666666, "JJQ": 0.26033333333333336, "35J": 0.6646666666666666, "39J": 0.24166666666666667, "34J": 0.3456666666666667, "33J": 0.256, "38J": 0.231, "37J": 0.6576666666666666, "3JK": 0.246, "3JJ": 0.26033333333333336, "59J": 0.591, "45J": 0.65, "58J": 0.615, "57J": 0.851, "55J": 0.9426666666666667, "5JK": 0.5636666666666666, "5JJ": 0.636, "49J": 0.257, "99J": 0.287, "89J": 0.39866666666666667, "79J": 0.5726666666666667, "9JK": 0.236, "9JJ": 0.286, "48J": 0.38133333333333336, "44J": 0.25133333333333335, "47J": 0.6573333333333333, "4JK": 0.25766666666666665, "4JJ": 0.2853333333333333, "78J": 0.547, "88J": 0.28, "8JK": 0.26166666666666666, "8JJ": 0.2946666666666667, "77J": 0.9283333333333333, "7JK": 0.6176666666666667, "7JJ": 0.6643333333333333, "JJK": 0.24033333333333334, "JKK": 0.267, "JJJ": 0.2843333333333333, "26Q": 0.24433333333333335, "236": 0.33766666666666667, "256": 0.6243333333333333, "269": 0.3596666666666667, "246": 0.513, "266": 0.26766666666666666, "268": 0.44066666666666665, "267": 0.7266666666666667, "226": 0.245, "26K": 0.24333333333333335, "23Q": 0.207, "25Q": 0.6653333333333333, "29Q": 0.23666666666666666, "24Q": 0.26566666666666666, "2QQ": 0.266, "28Q": 0.24433333333333335, "27Q": 0.6896666666666667, "22Q": 0.21666666666666667, "2KQ": 0.21833333333333332, "235": 0.6736666666666666, "239": 0.22166666666666668, "234": 0.328, "233": 0.24, "238": 0.21933333333333332, "237": 0.7063333333333334, "223": 0.217, "23K": 0.19633333333333333, "259": 0.6366666666666667, "245": 0.6783333333333333, "258": 0.6473333333333333, "257": 0.875, "225": 0.6603333333333333, "255": 0.947, "25K": 0.622, "249": 0.22666666666666666, "299": 0.271, "289": 0.3486666666666667, "279": 0.6763333333333333, "229": 0.22533333333333333, "29K": 0.21, "248": 0.338, "244": 0.24966666666666668, "247": 0.7233333333333334, "224": 0.244, "24K": 0.242, "278": 0.6413333333333333, "228": 0.24066666666666667, "288": 0.2733333333333333, "28K": 0.25333333333333335, "227": 0.6966666666666667, "277": 0.947, "27K": 0.6713333333333333, "222": 0.24666666666666667, "22K": 0.198, "2KK": 0.264, "36Q": 0.35, "56Q": 0.6133333333333333, "69Q": 0.3536666666666667, "46Q": 0.453, "6QQ": 0.2896666666666667, "66Q": 0.275, "68Q": 0.447, "67Q": 0.687, "6KQ": 0.245, "356": 0.6506666666666666, "369": 0.43133333333333335, "346": 0.9306666666666666, "336": 0.3436666666666667, "366": 0.342, "368": 0.434, "367": 0.689, "36K": 0.3383333333333333, "569": 0.6346666666666667, "456": 0.6606666666666666, "566": 0.642, "568": 0.6513333333333333, "567": 0.75, "556": 0.919, "56K": 0.5766666666666667, "469": 0.44666666666666666, "669": 0.3443333333333333, "699": 0.38066666666666665, "689": 0.897, "679": 0.6376666666666667, "69K": 0.344, "466": 0.458, "468": 0.9183333333333333, "446": 0.46, "467": 0.7216666666666667, "46K": 0.455, "668": 0.4206666666666667, "667": 0.6643333333333333, "666": 0.2926666666666667, "66K": 0.25666666666666665, "678": 0.614, "688": 0.48133333333333334, "68K": 0.4656666666666667, "677": 0.942, "67K": 0.672, "6KK": 0.297, "35Q": 0.6676666666666666, "39Q": 0.24666666666666667, "34Q": 0.3426666666666667, "3QQ": 0.261, "33Q": 0.252, "38Q": 0.23466666666666666, "37Q": 0.667, "3KQ": 0.23133333333333334, "59Q": 0.5853333333333334, "45Q": 0.6596666666666666, "5QQ": 0.666, "58Q": 0.6263333333333333, "57Q": 0.8656666666666667, "55Q": 0.935, "5KQ": 0.5733333333333334, "49Q": 0.23833333333333334, "9QQ": 0.2783333333333333, "99Q": 0.27366666666666667, "89Q": 0.34, "79Q": 0.6103333333333333,