{"6KQ": 0.24566666666666667, "8KQ": 0.5956666666666667, "AKQ": 0.275, "4KQ": 0.24433333333333335, "KQT": 0.274, "9KQ": 0.278, "5KQ": 0.5976666666666667, "2KQ": 0.23866666666666667, "JKQ": 0.25933333333333336, "KQQ": 0.30966666666666665, "7KQ": 0.25233333333333335, "KKQ": 0.2956666666666667, "3KQ": 0.23633333333333334, "68K": 0.6823333333333333, "6AK": 0.211, "66K": 0.2773333333333333, "46K": 0.28933333333333333, "6KT": 0.25466666666666665, "69K": 0.36566666666666664, "56K": 0.5083333333333333, "26K": 0.244, "6JK": 0.21566666666666667, "67K": 0.36033333333333334, "6KK": 0.294, "36K": 0.248, "8AK": 0.6306666666666667, "48K": 0.6766666666666666, "8KT": 0.6153333333333333, "89K": 0.6266666666666667, "58K": 0.8536666666666667, "28K": 0.6956666666666667, "8JK": 0.593, "88K": 0.9336666666666666, "78K": 0.6536666666666666, "8KK": 0.7056666666666667, "38K": 0.7146666666666667, "4AK": 0.20333333333333334, "AKT": 0.27166666666666667, "9AK": 0.2773333333333333, "5AK": 0.504, "2AK": 0.23666666666666666, "AJK": 0.22466666666666665, "AAK": 0.283, "7AK": 0.209, "AKK": 0.2906666666666667, "3AK": 0.23033333333333333, "4KT": 0.234, "49K": 0.24666666666666667, "45K": 0.528, "24K": 0.23, "4JK": 0.205, "44K": 0.25133333333333335, "47K": 0.2783333333333333, "4KK": 0.27466666666666667, "34K": 0.228, "9KT": 0.2866666666666667, "5KT": 0.598, "2KT": 0.25733333333333336, "JKT": 0.255, "KTT": 0.2793333333333333, "7KT": 0.24933333333333332, "KKT": 0.307, "3KT": 0.257, "99K": 0.30766666666666664, "59K": 0.5976666666666667, "29K": 0.2896666666666667, "9JK": 0.2833333333333333, "79K": 0.375, "9KK": 0.324, "39K": 0.26166666666666666, "25K": 0.65, "5JK": 0.5103333333333333, "55K": 0.9223333333333333, "57K": 0.504, "5KK": 0.671, "35K": 0.6573333333333333, "2JK": 0.221, "22K": 0.23866666666666667, "27K": 0.24966666666666668, "2KK": 0.29333333333333333, "23K": 0.23433333333333334, "JJK": 0.28, "7JK": 0.22233333333333333, "JKK": 0.30766666666666664, "3JK": 0.23266666666666666, "77K": 0.2833333333333333, "7KK": 0.2793333333333333, "37K": 0.23566666666666666, "3KK": 0.291, "KKK": 0.3396666666666667, "33K": 0.24233333333333335, "68Q": 0.654, "6AQ": 0.25266666666666665, "66Q": 0.30266666666666664, "46Q": 0.33766666666666667, "6QT": 0.276, "69Q": 0.37366666666666665, "56Q": 0.5813333333333334, "26Q": 0.261, "6JQ": 0.25466666666666665, "6QQ": 0.30133333333333334, "67Q": 0.4583333333333333, "36Q": 0.25633333333333336, "8AQ": 0.6073333333333333, "48Q": 0.677, "8QT": 0.5726666666666667, "89Q": 0.5723333333333334, "58Q": 0.8346666666666667, "28Q": 0.6886666666666666, "8JQ": 0.5743333333333334, "88Q": 0.912, "8QQ": 0.6786666666666666, "78Q": 0.6553333333333333, "38Q": 0.6773333333333333, "4AQ": 0.264, "AQT": 0.2653333333333333, "9AQ": 0.30633333333333335, "5AQ": 0.5913333333333334, "2AQ": 0.25066666666666665, "AJQ": 0.28, "AAQ": 0.27, "AQQ": 0.30733333333333335, "7AQ": 0.26066666666666666, "3AQ": 0.25466666666666665, "4QT": 0.257, "49Q": 0.2683333333333333, "45Q": 0.632, "24Q": 0.2653333333333333, "4JQ": 0.25833333333333336, "44Q": 0.256, "4QQ": 0.303, "47Q": 0.35133333333333333, "34Q": 0.245, "9QT": 0.3453333333333333, "5QT": 0.6066666666666667, "2QT": 0.24766666666666667, "JQT": 0.31033333333333335, "QTT": 0.31733333333333336, "QQT": 0.327, "7QT": 0.2846666666666667, "3QT": 0.26666666666666666, "99Q": 0.2896666666666667, "59Q": 0.622, "29Q": 0.2776666666666667, "9JQ": 0.32033333333333336, "9QQ": 0.30833333333333335, "79Q": 0.381, "39Q": 0.26033333333333336, "25Q": 0.669, "5JQ": 0.5853333333333334, "5QQ": 0.679, "55Q": 0.9133333333333333, "57Q": 0.591, "35Q": 0.663, "2JQ": 0.25433333333333336, "22Q": 0.25366666666666665, "2QQ": 0.2793333333333333, "27Q": 0.249, "23Q": 0.22766666666666666, "JJQ": 0.32266666666666666, "JQQ": 0.30033333333333334, "7JQ": 0.2693333333333333, "3JQ": 0.24633333333333332, "7QQ": 0.2996666666666667, "3QQ": 0.295, "QQQ": 0.335, "77Q": 0.2833333333333333, "37Q": 0.23566666666666666, "33Q": 0.24733333333333332, "68A": 0.6763333333333333, "668": 0.7076666666666667, "468": 0.6956666666666667, "68T": 0.6366666666666667, "689": 0.6403333333333333, "568": 0.771, "268": 0.7356666666666667, "68J": 0.6643333333333333, "688": 0.94, "678": 0.6666666666666666, "368": 0.725, "66A": 0.26666666666666666, "46A": 0.2876666666666667, "6AT": 0.25733333333333336, "69A": 0.354, "56A": 0.527, "26A": 0.23766666666666666, "6AJ": 0.21166666666666667, "6AA": 0.29033333333333333, "67A": 0.37266666666666665, "36A": 0.23866666666666667, "466": 0.36, "66T": 0.3016666666666667, "669": 0.37566666666666665, "566": 0.6406666666666667, "266": 0.29433333333333334, "66J": 0.2916666666666667, "666": 0.31333333333333335, "667": 0.42966666666666664, "366": 0.29333333333333333, "46T": 0.3436666666666667, "469": 0.31933333333333336, "456": 0.507, "246": 0.42433333333333334, "46J": 0.28633333333333333, "446": 0.3433333333333333, "467": 0.772, "346": 0.4066666666666667, "69T": 0.345, "56T": 0.5743333333333334, "26T": 0.251, "6JT": 0.23633333333333334, "6TT": 0.291, "67T": 0.4226666666666667, "36T": 0.27466666666666667, "699": 0.37766666666666665, "569": 0.6196666666666667, "269": 0.37333333333333335, "69J": 0.35733333333333334, "679": 0.8756666666666667, "369": 0.35633333333333334, "256": 0.5883333333333334, "56J": 0.495, "556": 0.893, "567": 0.525, "356": 0.56, "26J": 0.24966666666666668, "226": 0.27566666666666667, "267": 0.4266666666666667, "236": 0.3273333333333333, "6JJ": 0.2853333333333333, "67J": 0.37433333333333335, "36J": 0.25, "677": 0.444, "367": 0.43166666666666664, "336": 0.23666666666666666, "48A": 0.671, "8AT": 0.6156666666666667, "89A": 0.618, "58A": 0.859, "28A": 0.705, "8AJ": 0.5873333333333334, "8AA": 0.6966666666666667, "88A": 0.9436666666666667, "78A": 0.651, "38A": 0.7023333333333334, "48T": 0.66, "489": 0.6713333333333333, "458": 0.8236666666666667, "248": 0.734, "48J": 0.658, "448": 0.7356666666666667, "488": 0.938, "478": 0.6983333333333334, "348": 0.743, "89T": 0.519, "58T": 0.8543333333333333, "28T": 0.6783333333333333, "8JT": 0.5566666666666666, "8TT": 0.6963333333333334, "88T": 0.9053333333333333, "78T": 0.615, "38T": 0.6726666666666666, "899": 0.6543333333333333, "589": 0.8246666666666667, "289": 0.6756666666666666, "89J": 0.5686666666666667, "889": 0.9086666666666666, "789": 0.63, "389": 0.6553333333333333, "258": 0.8936666666666667, "58J": 0.8423333333333334, "588": 0.987, "558": 0.984, "578": 0.7666666666666667, "358": 0.886, "28J": 0.6896666666666667, "228": 0.726, "288": 0.9556666666666667, "278": 0.737, "238": 0.7556666666666667, "8JJ": 0.7, "88J": 0.9233333333333333, "78J": 0.6466666666666666, "38J": 0.6846666666666666, "888": 0.9996666666666667, "788": 0.9293333333333333, "388": 0.94, "778": 0.676, "378": 0.7303333333333333, "338": 0.7253333333333334, "4AT": 0.25433333333333336, "49A": 0.245, "45A": 0.548, "24A": 0.23366666666666666, "4AJ": 0.201, "4AA": 0.287, "44A": 0.256, "47A": 0.2806666666666667, "34A": 0.24, "9AT": 0.28733333333333333, "5AT": 0.6066666666666667, "2AT": 0.22333333333333333, "AJT": 0.278, "AAT": 0.304, "ATT": 0.2886666666666667, "7AT": 0.25733333333333336, "3AT": 0.26266666666666666, "99A": 0.32366666666666666, "59A": 0.5943333333333334, "29A": 0.2866666666666667, "9AJ": 0.2916666666666667, "9AA": 0.32266666666666666, "79A": 0.351, "39A": 0.24866666666666667, "25A": 0.6386666666666667, "5AJ": 0.5033333333333333, "5AA": 0.663, "55A": 0.926, "57A": 0.5146666666666667, "35A": 0.6323333333333333, "2AJ": 0.23733333333333334, "22A": 0.248, "2AA": 0.2823333333333333, "27A": 0.235, "23A": 0.23433333333333334, "AJJ": 0.2866666666666667, "AAJ": 0.28733333333333333, "7AJ": 0.224, "3AJ": 0.228, "7AA": 0.287, "AAA": 0.33566666666666667, "3AA": 0.2823333333333333, "77A": 0.2826666666666667, "37A": 0.24233333333333335, "33A": 0.233, "49T": 0.25533333333333336, "45T": 0.6446666666666667, "24T": 0.245, "4JT": 0.25966666666666666, "44T": 0.2733333333333333, "4TT": 0.283, "47T": 0.35, "34T": 0.25466666666666665, "499": 0.294, "459": 0.6363333333333333, "249": 0.269,