{"7JT": 0.759, "5JT": 0.7156666666666667, "2JT": 0.813, "JKT": 0.8366666666666667, "JTT": 0.795, "6JT": 0.8076666666666666, "3JT": 0.8136666666666666, "8JT": 0.742, "9JT": 0.6756666666666666, "JJT": 0.927, "AJT": 0.7113333333333334, "4JT": 0.805, "JQT": 0.7853333333333333, "57J": 0.7933333333333333, "27J": 0.811, "7JK": 0.8983333333333333, "67J": 0.827, "37J": 0.8203333333333334, "78J": 0.758, "79J": 0.7753333333333333, "77J": 0.8396666666666667, "7JJ": 0.9596666666666667, "7AJ": 0.7753333333333333, "47J": 0.7983333333333333, "7JQ": 0.7926666666666666, "25J": 0.8303333333333334, "5JK": 0.9016666666666666, "56J": 0.781, "35J": 0.8106666666666666, "58J": 0.7916666666666666, "59J": 0.7033333333333334, "5JJ": 0.9433333333333334, "5AJ": 0.6776666666666666, "45J": 0.7906666666666666, "5JQ": 0.767, "55J": 0.8156666666666667, "2JK": 0.9036666666666666, "26J": 0.8406666666666667, "23J": 0.8066666666666666, "28J": 0.804, "22J": 0.845, "29J": 0.8116666666666666, "2JJ": 0.969, "2AJ": 0.7736666666666666, "24J": 0.8256666666666667, "2JQ": 0.8006666666666666, "6JK": 0.928, "3JK": 0.92, "8JK": 0.8993333333333333, "9JK": 0.8713333333333333, "JKK": 0.9966666666666667, "JJK": 0.998, "AJK": 0.8636666666666667, "4JK": 0.9146666666666666, "JKQ": 0.869, "36J": 0.8316666666666667, "68J": 0.8213333333333334, "66J": 0.8073333333333333, "69J": 0.7946666666666666, "6JJ": 0.962, "6AJ": 0.7733333333333333, "46J": 0.8293333333333334, "6JQ": 0.7856666666666666, "38J": 0.816, "39J": 0.7986666666666666, "33J": 0.8373333333333334, "3JJ": 0.971, "3AJ": 0.7943333333333333, "34J": 0.829, "3JQ": 0.7876666666666666, "88J": 0.8263333333333334, "89J": 0.7243333333333334, "8JJ": 0.9423333333333334, "8AJ": 0.765, "48J": 0.803, "8JQ": 0.7636666666666667, "9JJ": 0.928, "9AJ": 0.669, "49J": 0.803, "9JQ": 0.7536666666666667, "99J": 0.7993333333333333, "AJJ": 0.943, "4JJ": 0.973, "JJQ": 0.9593333333333334, "JJJ": 1.0, "4AJ": 0.7723333333333333, "AAJ": 0.832, "AJQ": 0.7563333333333333, "4JQ": 0.785, "44J": 0.835, "JQQ": 0.855, "57T": 0.44333333333333336, "27T": 0.4696666666666667, "7KT": 0.8306666666666667, "7TT": 0.528, "67T": 0.45566666666666666, "37T": 0.45466666666666666, "78T": 0.503, "79T": 0.5876666666666667, "77T": 0.5533333333333333, "7AT": 0.597, "47T": 0.457, "7QT": 0.6373333333333333, "25T": 0.4593333333333333, "5KT": 0.839, "5TT": 0.5446666666666666, "56T": 0.43566666666666665, "35T": 0.448, "58T": 0.4666666666666667, "59T": 0.4796666666666667, "5AT": 0.523, "45T": 0.442, "5QT": 0.621, "55T": 0.535, "2KT": 0.849, "2TT": 0.528, "26T": 0.489, "23T": 0.45166666666666666, "28T": 0.45366666666666666, "22T": 0.5586666666666666, "29T": 0.5346666666666666, "2AT": 0.5813333333333334, "24T": 0.4623333333333333, "2QT": 0.6403333333333333, "KTT": 0.836, "6KT": 0.8536666666666667, "3KT": 0.8296666666666667, "8KT": 0.8226666666666667, "9KT": 0.8393333333333334, "KKT": 0.9383333333333334, "AKT": 0.792, "4KT": 0.834, "KQT": 0.8753333333333333, "6TT": 0.561, "3TT": 0.524, "8TT": 0.539, "9TT": 0.592, "ATT": 0.6503333333333333, "4TT": 0.5373333333333333, "QTT": 0.6763333333333333, "TTT": 0.649, "36T": 0.46166666666666667, "68T": 0.44, "66T": 0.5243333333333333, "69T": 0.503, "6AT": 0.5966666666666667, "46T": 0.46266666666666667, "6QT": 0.631, "38T": 0.46166666666666667, "39T": 0.548, "33T": 0.5316666666666666, "3AT": 0.5823333333333334, "34T": 0.4583333333333333, "3QT": 0.6443333333333333, "88T": 0.5496666666666666, "89T": 0.5626666666666666, "8AT": 0.5753333333333334, "48T": 0.4673333333333333, "8QT": 0.6293333333333333, "9AT": 0.5233333333333333, "49T": 0.5386666666666666, "9QT": 0.932, "99T": 0.604, "4AT": 0.5703333333333334, "AAT": 0.6696666666666666, "AQT": 0.9433333333333334, "4QT": 0.626, "44T": 0.5486666666666666, "QQT": 0.6773333333333333, "257": 0.44333333333333336, "57K": 0.8203333333333334, "567": 0.40166666666666667, "357": 0.4256666666666667, "578": 0.3993333333333333, "579": 0.42333333333333334, "577": 0.5316666666666666, "57A": 0.5033333333333333, "457": 0.401, "57Q": 0.451, "557": 0.5206666666666667, "27K": 0.7416666666666667, "267": 0.424, "237": 0.396, "278": 0.402, "227": 0.517, "279": 0.44166666666666665, "277": 0.5166666666666667, "27A": 0.514, "247": 0.37766666666666665, "27Q": 0.49066666666666664, "67K": 0.812, "37K": 0.735, "78K": 0.7196666666666667, "79K": 0.8333333333333334, "7KK": 0.9416666666666667, "77K": 0.8476666666666667, "7AK": 0.799, "47K": 0.7203333333333334, "7KQ": 0.8473333333333334, "367": 0.4026666666666667, "678": 0.37133333333333335, "667": 0.489, "679": 0.41733333333333333, "677": 0.5233333333333333, "67A": 0.494, "467": 0.402, "67Q": 0.4806666666666667, "378": 0.3903333333333333, "379": 0.44866666666666666, "337": 0.5103333333333333, "377": 0.5206666666666667, "37A": 0.5096666666666667, "347": 0.38033333333333336, "37Q": 0.461, "788": 0.5326666666666666, "789": 0.47533333333333333, "778": 0.5016666666666667, "78A": 0.486, "478": 0.36933333333333335, "78Q": 0.452, "779": 0.536, "79A": 0.5226666666666666, "479": 0.43366666666666664, "79Q": 0.544, "799": 0.541, "77A": 0.613, "477": 0.512, "777": 0.633, "77Q": 0.5646666666666667, "47A": 0.5226666666666666, "7AA": 0.6236666666666667, "7AQ": 0.6026666666666667, "47Q": 0.462, "447": 0.5083333333333333, "7QQ": 0.561, "25K": 0.8506666666666667, "256": 0.428, "235": 0.428, "258": 0.4196666666666667, "225": 0.535, "259": 0.445, "25A": 0.5053333333333333, "245": 0.41333333333333333, "25Q": 0.4676666666666667, "255": 0.5396666666666666, "56K": 0.8343333333333334, "35K": 0.8306666666666667, "58K": 0.823, "59K": 0.8273333333333334, "5KK": 0.9453333333333334, "5AK": 0.8166666666666667, "45K": 0.824, "5KQ": 0.8586666666666667, "55K": 0.8583333333333333, "356": 0.40166666666666667, "568": 0.405, "566": 0.49533333333333335, "569": 0.421, "56A": 0.4806666666666667, "456": 0.38366666666666666, "56Q": 0.4483333333333333, "556": 0.5226666666666666, "358": 0.42, "359": 0.42866666666666664, "335": 0.49933333333333335, "35A": 0.5103333333333333, "345": 0.388, "35Q": 0.47433333333333333, "355": 0.53, "588": 0.5306666666666666, "589": 0.43633333333333335, "58A": 0.49466666666666664, "458": 0.4196666666666667, "58Q": 0.4713333333333333, "558": 0.5163333333333333, "59A": 0.437, "459": 0.43333333333333335, "59Q": 0.5443333333333333, "559": 0.5023333333333333, "599": 0.519, "45A": 0.48733333333333334, "5AA": 0.5973333333333334, "5AQ": 0.5873333333333334, "55A": 0.5893333333333334, "45Q": 0.4696666666666667, "455": 0.503, "445": 0.5236666666666666, "55Q": 0.56, "5QQ": 0.57, "555": 0.6316666666666667, "26K": 0.8316666666666667, "23K": 0.7353333333333333, "28K": 0.7366666666666667, "22K": 0.8326666666666667, "29K": 0.8466666666666667, "2KK": 0.9453333333333334, "2AK": 0.8013333333333333, "24K": 0.723, "2KQ": 0.8586666666666667, "236": 0.42433333333333334, "268": 0.43233333333333335, "266": 0.5263333333333333, "226": 0.5583333333333333, "269": 0.4653333333333333, "26A": 0.5146666666666667, "246": 0.4116666666666667, "26Q": 0.4706666666666667, "238": 0.407, "223": 0.5036666666666667, "239": 0.453, "233": 0.5113333333333333, "23A": 0.5023333333333333, "234": 0.36733333333333335, "23Q": 0.44866666666666666, "288": 0.5223333333333333, "228": 0.5056666666666667, "289": 0.452, "28A": 0.517, "248": 0.37633333333333335, "28Q": 0.455, "229": 0.549, "22A": 0.5926666666666667, "224": 0.49666666666666665, "222": 0.6326666666666667, "22Q": 0.5626666666666666, "29A": 0.52, "249": 0.4686666666666667, "29Q": 0.57, "299": 0.5553333333333333, "24A": 0.5133333333333333, "2AA": 0.615, "2AQ": 0.6053333333333333, "24Q": 0.46166666666666667, "244": 0.5436666666666666, "2QQ": 0.5603333333333333, "36K": 0.825, "68K": 0.8353333333333334, "66K": 0.8653333333333333, "69K": 0.849, "6KK": 0.9663333333333334, "6AK": 0.8233333333333334, "46K": 0.8146666666666667, "6KQ": 0.8646666666666667, "38K": 0.732, "39K": 0.8466666666666667, "3KK": 0.9503333333333334, "33K": 0.8186666666666667, "3AK": 0.8053333333333333, "34K": 0.7273333333333334, "3KQ": 0.844, "88K": 0.8316666666666667,