{"AJK": 0.16633333333333333, "AKQ": 0.144, "AAK": 0.16233333333333333, "AKT": 0.13566666666666666, "6AK": 0.16466666666666666, "9AK": 0.16166666666666665, "8AK": 0.17366666666666666, "2AK": 0.534, "7AK": 0.148, "5AK": 0.5746666666666667, "AKK": 0.19133333333333333, "3AK": 0.185, "4AK": 0.144, "JKQ": 0.14033333333333334, "JKT": 0.14133333333333334, "6JK": 0.16233333333333333, "9JK": 0.14466666666666667, "8JK": 0.17, "2JK": 0.5253333333333333, "7JK": 0.14933333333333335, "5JK": 0.5566666666666666, "JJK": 0.158, "JKK": 0.199, "3JK": 0.17933333333333334, "4JK": 0.147, "KQT": 0.134, "6KQ": 0.18366666666666667, "9KQ": 0.16566666666666666, "8KQ": 0.151, "2KQ": 0.535, "7KQ": 0.14066666666666666, "5KQ": 0.5616666666666666, "KKQ": 0.16533333333333333, "3KQ": 0.15133333333333332, "4KQ": 0.14666666666666667, "KQQ": 0.149, "KTT": 0.15633333333333332, "6KT": 0.145, "9KT": 0.14133333333333334, "8KT": 0.13333333333333333, "2KT": 0.43533333333333335, "7KT": 0.13233333333333333, "5KT": 0.5313333333333333, "KKT": 0.16366666666666665, "3KT": 0.14866666666666667, "4KT": 0.145, "69K": 0.19433333333333333, "68K": 0.182, "26K": 0.5346666666666666, "67K": 0.17, "56K": 0.543, "66K": 0.175, "6KK": 0.18566666666666667, "36K": 0.27, "46K": 0.28733333333333333, "89K": 0.15133333333333332, "29K": 0.5226666666666666, "79K": 0.15, "59K": 0.566, "9KK": 0.16166666666666665, "39K": 0.15266666666666667, "49K": 0.153, "99K": 0.171, "28K": 0.5513333333333333, "78K": 0.16566666666666666, "58K": 0.5673333333333334, "8KK": 0.19033333333333333, "38K": 0.176, "88K": 0.15166666666666667, "48K": 0.15833333333333333, "27K": 0.5253333333333333, "25K": 0.839, "2KK": 0.5693333333333334, "22K": 0.9123333333333333, "23K": 0.5433333333333333, "24K": 0.5283333333333333, "57K": 0.5463333333333333, "7KK": 0.16733333333333333, "37K": 0.15433333333333332, "47K": 0.15533333333333332, "77K": 0.15533333333333332, "5KK": 0.6176666666666667, "35K": 0.6286666666666667, "45K": 0.583, "55K": 0.898, "KKK": 0.19733333333333333, "3KK": 0.199, "4KK": 0.17233333333333334, "34K": 0.29133333333333333, "33K": 0.16433333333333333, "44K": 0.158, "AJQ": 0.16133333333333333, "AAJ": 0.18033333333333335, "AJT": 0.15533333333333332, "6AJ": 0.184, "9AJ": 0.17233333333333334, "8AJ": 0.31766666666666665, "2AJ": 0.546, "7AJ": 0.173, "5AJ": 0.5776666666666667, "AJJ": 0.191, "3AJ": 0.324, "4AJ": 0.178, "AAQ": 0.16766666666666666, "AQT": 0.14333333333333334, "6AQ": 0.18233333333333332, "9AQ": 0.17033333333333334, "8AQ": 0.17633333333333334, "2AQ": 0.536, "7AQ": 0.15333333333333332, "5AQ": 0.5663333333333334, "3AQ": 0.18533333333333332, "4AQ": 0.156, "AQQ": 0.173, "AAT": 0.161, "6AA": 0.18166666666666667, "9AA": 0.16633333333333333, "8AA": 0.173, "2AA": 0.566, "AAA": 0.185, "7AA": 0.169, "5AA": 0.6103333333333333, "3AA": 0.207, "4AA": 0.18966666666666668, "ATT": 0.16566666666666666, "6AT": 0.15533333333333332, "9AT": 0.13366666666666666, "8AT": 0.17066666666666666, "2AT": 0.516, "7AT": 0.15, "5AT": 0.568, "3AT": 0.17566666666666667, "4AT": 0.15533333333333332, "69A": 0.2, "68A": 0.194, "26A": 0.5613333333333334, "67A": 0.17233333333333334, "56A": 0.5373333333333333, "66A": 0.18066666666666667, "36A": 0.2803333333333333, "46A": 0.29633333333333334, "89A": 0.19066666666666668, "29A": 0.5543333333333333, "79A": 0.15, "59A": 0.5703333333333334, "39A": 0.17466666666666666, "49A": 0.163, "99A": 0.15566666666666668, "28A": 0.546, "78A": 0.18933333333333333, "58A": 0.5526666666666666, "38A": 0.316, "88A": 0.18666666666666668, "48A": 0.19166666666666668, "27A": 0.5456666666666666, "25A": 0.87, "22A": 0.938, "23A": 0.5496666666666666, "24A": 0.5513333333333333, "57A": 0.5393333333333333, "37A": 0.16766666666666666, "47A": 0.14533333333333334, "77A": 0.19133333333333333, "35A": 0.6346666666666667, "45A": 0.6013333333333334, "55A": 0.925, "34A": 0.2833333333333333, "33A": 0.17033333333333334, "44A": 0.17666666666666667, "JQT": 0.132, "6JQ": 0.17633333333333334, "9JQ": 0.159, "8JQ": 0.158, "2JQ": 0.5416666666666666, "7JQ": 0.148, "5JQ": 0.5653333333333334, "JJQ": 0.167, "3JQ": 0.17433333333333334, "4JQ": 0.14233333333333334, "JQQ": 0.162, "JTT": 0.15833333333333333, "6JT": 0.17366666666666666, "9JT": 0.12366666666666666, "8JT": 0.15533333333333332, "2JT": 0.5053333333333333, "7JT": 0.13866666666666666, "5JT": 0.5436666666666666, "JJT": 0.142, "3JT": 0.17833333333333334, "4JT": 0.14566666666666667, "69J": 0.18166666666666667, "68J": 0.197, "26J": 0.5636666666666666, "67J": 0.17233333333333334, "56J": 0.5303333333333333, "66J": 0.185, "6JJ": 0.176, "36J": 0.284, "46J": 0.2856666666666667, "89J": 0.173, "29J": 0.5316666666666666, "79J": 0.148, "59J": 0.5473333333333333, "9JJ": 0.18066666666666667, "39J": 0.16666666666666666, "49J": 0.152, "99J": 0.16133333333333333, "28J": 0.556, "78J": 0.182, "58J": 0.55, "8JJ": 0.188, "38J": 0.322, "88J": 0.191, "48J": 0.18233333333333332, "27J": 0.548, "25J": 0.8673333333333333, "2JJ": 0.5556666666666666, "22J": 0.9293333333333333, "23J": 0.5506666666666666, "24J": 0.5613333333333334, "57J": 0.5126666666666667, "7JJ": 0.16933333333333334, "37J": 0.16933333333333334, "47J": 0.14833333333333334, "77J": 0.18466666666666667, "5JJ": 0.6096666666666667, "35J": 0.62, "45J": 0.589, "55J": 0.916, "JJJ": 0.205, "3JJ": 0.19266666666666668, "4JJ": 0.18366666666666667, "34J": 0.29633333333333334, "33J": 0.17966666666666667, "44J": 0.19333333333333333, "QTT": 0.18866666666666668, "6QT": 0.192, "9QT": 0.15533333333333332, "8QT": 0.143, "2QT": 0.5183333333333333, "7QT": 0.14933333333333335, "5QT": 0.5573333333333333, "3QT": 0.161, "4QT": 0.15133333333333332, "QQT": 0.15533333333333332, "69Q": 0.33, "68Q": 0.19233333333333333, "26Q": 0.551, "67Q": 0.191, "56Q": 0.5506666666666666, "66Q": 0.17866666666666667, "36Q": 0.289, "46Q": 0.295, "6QQ": 0.183, "89Q": 0.15633333333333332, "29Q": 0.5243333333333333, "79Q": 0.17366666666666666, "59Q": 0.567, "39Q": 0.16766666666666666, "49Q": 0.17666666666666667, "9QQ": 0.193, "99Q": 0.18933333333333333, "28Q": 0.5566666666666666, "78Q": 0.15833333333333333, "58Q": 0.5616666666666666, "38Q": 0.18033333333333335, "88Q": 0.17433333333333334, "48Q": 0.16166666666666665, "8QQ": 0.161, "27Q": 0.5573333333333333, "25Q": 0.8733333333333333, "22Q": 0.933, "23Q": 0.5483333333333333, "24Q": 0.5476666666666666, "2QQ": 0.559, "57Q": 0.545, "37Q": 0.15633333333333332, "47Q": 0.15233333333333332, "77Q": 0.17166666666666666, "7QQ": 0.16233333333333333, "35Q": 0.6353333333333333, "45Q": 0.59, "5QQ": 0.614, "55Q": 0.9246666666666666, "34Q": 0.271, "3QQ": 0.17633333333333334, "33Q": 0.16233333333333333, "4QQ": 0.189, "44Q": 0.16666666666666666, "QQQ": 0.199, "6TT": 0.20166666666666666, "9TT": 0.193, "8TT": 0.16366666666666665, "2TT": 0.5573333333333333, "7TT": 0.16466666666666666, "5TT": 0.6193333333333333, "TTT": 0.198, "3TT": 0.17966666666666667, "4TT": 0.17766666666666667, "69T": 0.19066666666666668, "68T": 0.16266666666666665, "26T": 0.5403333333333333, "67T": 0.159, "56T": 0.5366666666666666, "66T": 0.17966666666666667, "36T": 0.2763333333333333, "46T": 0.2813333333333333, "89T": 0.12866666666666668, "29T": 0.503, "79T": 0.13, "59T": 0.5566666666666666, "39T": 0.156, "49T": 0.15466666666666667, "99T": 0.16, "28T": 0.524, "78T": 0.15433333333333332, "58T": 0.5496666666666666, "38T": 0.17666666666666667, "88T": 0.15366666666666667, "48T": 0.162, "27T": 0.5306666666666666, "25T": 0.8526666666666667, "22T": 0.905, "23T": 0.5103333333333333, "24T": 0.5436666666666666, "57T": 0.5176666666666667, "37T": 0.148, "47T": 0.15766666666666668, "77T": 0.16366666666666665, "35T": 0.6293333333333333, "45T": 0.5853333333333334, "55T": 0.9043333333333333, "34T": 0.279, "33T": 0.16, "44T": 0.17133333333333334, "689": 0.248, "269": 0.555, "679": 0.23633333333333334, "569": 0.5246666666666666, "669": 0.214, "369": 0.29133333333333333, "469": 0.282, "699": 0.20133333333333334, "268": 0.556, "678": 0.318, "568": 0.48133333333333334, "668": 0.199, "368": 0.2956666666666667, "688": 0.18866666666666668, "468": 0.363, "267": 0.549,