{"8AT": 0.48633333333333334, "3AT": 0.217, "AAT": 0.2783333333333333, "5AT": 0.24433333333333335, "4AT": 0.579, "9AT": 0.235, "2AT": 0.21733333333333332, "6AT": 0.21033333333333334, "ATT": 0.30633333333333335, "AQT": 0.24766666666666667, "7AT": 0.2856666666666667, "AKT": 0.2803333333333333, "AJT": 0.22766666666666666, "38A": 0.6676666666666666, "8AA": 0.6623333333333333, "58A": 0.6753333333333333, "48A": 0.8683333333333333, "89A": 0.508, "28A": 0.6636666666666666, "68A": 0.549, "8AQ": 0.609, "78A": 0.6633333333333333, "8AK": 0.6423333333333333, "8AJ": 0.49533333333333335, "88A": 0.9163333333333333, "3AA": 0.2683333333333333, "35A": 0.236, "34A": 0.651, "39A": 0.22866666666666666, "23A": 0.22366666666666668, "36A": 0.20866666666666667, "33A": 0.24833333333333332, "3AQ": 0.24733333333333332, "37A": 0.24966666666666668, "3AK": 0.272, "3AJ": 0.22833333333333333, "5AA": 0.26066666666666666, "4AA": 0.6656666666666666, "9AA": 0.2813333333333333, "2AA": 0.26066666666666666, "6AA": 0.26066666666666666, "AAQ": 0.29233333333333333, "7AA": 0.31333333333333335, "AAA": 0.3526666666666667, "AAK": 0.319, "AAJ": 0.2796666666666667, "45A": 0.5953333333333334, "59A": 0.23133333333333334, "25A": 0.22533333333333333, "56A": 0.33766666666666667, "5AQ": 0.24733333333333332, "55A": 0.29, "57A": 0.36466666666666664, "5AK": 0.2846666666666667, "5AJ": 0.24, "49A": 0.579, "24A": 0.6753333333333333, "46A": 0.5546666666666666, "4AQ": 0.568, "47A": 0.618, "44A": 0.9273333333333333, "4AK": 0.6216666666666667, "4AJ": 0.5733333333333334, "29A": 0.224, "69A": 0.20666666666666667, "99A": 0.26866666666666666, "9AQ": 0.2703333333333333, "79A": 0.283, "9AK": 0.29733333333333334, "9AJ": 0.22766666666666666, "26A": 0.21666666666666667, "22A": 0.283, "2AQ": 0.23566666666666666, "27A": 0.2733333333333333, "2AK": 0.2776666666666667, "2AJ": 0.23366666666666666, "6AQ": 0.244, "67A": 0.376, "66A": 0.284, "6AK": 0.269, "6AJ": 0.19833333333333333, "7AQ": 0.27366666666666667, "AKQ": 0.28833333333333333, "AJQ": 0.27066666666666667, "AQQ": 0.28933333333333333, "7AK": 0.512, "7AJ": 0.282, "77A": 0.295, "AJK": 0.2946666666666667, "AKK": 0.32666666666666666, "AJJ": 0.283, "38T": 0.649, "58T": 0.6443333333333333, "48T": 0.8196666666666667, "89T": 0.414, "28T": 0.6483333333333333, "68T": 0.5243333333333333, "8TT": 0.6643333333333333, "8QT": 0.5616666666666666, "78T": 0.6, "8KT": 0.6066666666666667, "8JT": 0.44466666666666665, "88T": 0.883, "35T": 0.21166666666666667, "34T": 0.6396666666666667, "39T": 0.23866666666666667, "23T": 0.21533333333333332, "36T": 0.23066666666666666, "3TT": 0.2956666666666667, "33T": 0.23666666666666666, "3QT": 0.247, "37T": 0.275, "3KT": 0.263, "3JT": 0.24366666666666667, "45T": 0.5893333333333334, "59T": 0.23733333333333334, "25T": 0.21466666666666667, "56T": 0.338, "5TT": 0.306, "5QT": 0.25466666666666665, "55T": 0.30633333333333335, "57T": 0.388, "5KT": 0.29133333333333333, "5JT": 0.2633333333333333, "49T": 0.578, "24T": 0.657, "46T": 0.568, "4TT": 0.6773333333333333, "4QT": 0.57, "47T": 0.618, "44T": 0.915, "4KT": 0.61, "4JT": 0.574, "29T": 0.25066666666666665, "69T": 0.2643333333333333, "9TT": 0.3446666666666667, "99T": 0.2956666666666667, "9QT": 0.31633333333333336, "79T": 0.43133333333333335, "9KT": 0.307, "9JT": 0.307, "26T": 0.23433333333333334, "2TT": 0.296, "22T": 0.267, "2QT": 0.25533333333333336, "27T": 0.2866666666666667, "2KT": 0.26966666666666667, "2JT": 0.241, "6TT": 0.314, "6QT": 0.245, "67T": 0.436, "66T": 0.2833333333333333, "6KT": 0.2823333333333333, "6JT": 0.21066666666666667, "QTT": 0.31833333333333336, "7TT": 0.5256666666666666, "KTT": 0.519, "JTT": 0.3243333333333333, "TTT": 0.342, "7QT": 0.30233333333333334, "KQT": 0.28, "JQT": 0.2856666666666667, "QQT": 0.304, "7KT": 0.5146666666666667, "7JT": 0.34833333333333333, "77T": 0.30266666666666664, "JKT": 0.277, "KKT": 0.3433333333333333, "JJT": 0.291, "358": 0.709, "348": 0.9003333333333333, "389": 0.6246666666666667, "238": 0.7176666666666667, "368": 0.7023333333333334, "338": 0.713, "38Q": 0.6933333333333334, "378": 0.714, "38K": 0.7176666666666667, "38J": 0.6626666666666666, "388": 0.9263333333333333, "458": 0.85, "589": 0.5926666666666667, "258": 0.708, "568": 0.6516666666666666, "58Q": 0.6893333333333334, "558": 0.7153333333333334, "578": 0.697, "58K": 0.6863333333333334, "58J": 0.6546666666666666, "588": 0.907, "489": 0.8326666666666667, "248": 0.9036666666666666, "468": 0.8166666666666667, "48Q": 0.8596666666666667, "478": 0.8413333333333334, "448": 0.9826666666666667, "48K": 0.897, "48J": 0.842, "488": 0.986, "289": 0.6456666666666667, "689": 0.49, "899": 0.645, "89Q": 0.5583333333333333, "789": 0.555, "89K": 0.6226666666666667, "89J": 0.44733333333333336, "889": 0.8863333333333333, "268": 0.69, "228": 0.7146666666666667, "28Q": 0.6856666666666666, "278": 0.727, "28K": 0.723, "28J": 0.6513333333333333, "288": 0.9296666666666666, "68Q": 0.6443333333333333, "678": 0.646, "668": 0.6633333333333333, "68K": 0.6793333333333333, "68J": 0.5386666666666666, "688": 0.9056666666666666, "78Q": 0.684, "8KQ": 0.645, "8JQ": 0.577, "88Q": 0.925, "8QQ": 0.694, "78K": 0.788, "78J": 0.624, "788": 0.927, "778": 0.6973333333333334, "8JK": 0.621, "8KK": 0.7276666666666667, "88K": 0.938, "88J": 0.894, "8JJ": 0.6683333333333333, "888": 1.0, "345": 0.5463333333333333, "359": 0.21066666666666667, "235": 0.237, "356": 0.38233333333333336, "335": 0.24166666666666667, "35Q": 0.227, "355": 0.271, "357": 0.32566666666666666, "35K": 0.261, "35J": 0.214, "349": 0.6426666666666667, "234": 0.627, "346": 0.5756666666666667, "334": 0.6126666666666667, "34Q": 0.63, "347": 0.619, "344": 0.9383333333333334, "34K": 0.6683333333333333, "34J": 0.649, "239": 0.21066666666666667, "369": 0.21933333333333332, "399": 0.25766666666666665, "339": 0.24566666666666667, "39Q": 0.225, "379": 0.253, "39K": 0.2783333333333333, "39J": 0.258, "236": 0.291, "223": 0.24366666666666667, "233": 0.21966666666666668, "23Q": 0.21366666666666667, "237": 0.24366666666666667, "23K": 0.24733333333333332, "23J": 0.207, "336": 0.22433333333333333, "36Q": 0.23933333333333334, "367": 0.3636666666666667, "366": 0.283, "36K": 0.25066666666666665, "36J": 0.209, "33Q": 0.24133333333333334, "337": 0.279, "333": 0.2926666666666667, "33K": 0.2803333333333333, "33J": 0.241, "37Q": 0.26066666666666666, "3KQ": 0.269, "3JQ": 0.25733333333333336, "3QQ": 0.26033333333333336, "37K": 0.5033333333333333, "37J": 0.26466666666666666, "377": 0.277, "3JK": 0.2683333333333333, "3KK": 0.294, "3JJ": 0.26, "459": 0.581, "245": 0.58, "456": 0.5443333333333333, "45Q": 0.5666666666666667, "455": 0.6463333333333333, "457": 0.623, "445": 0.9163333333333333, "45K": 0.609, "45J": 0.6026666666666667, "259": 0.22266666666666668, "569": 0.30633333333333335, "599": 0.25166666666666665, "59Q": 0.25033333333333335, "559": 0.28733333333333333, "579": 0.3443333333333333, "59K": 0.284, "59J": 0.25033333333333335, "256": 0.405, "225": 0.26166666666666666, "25Q": 0.22066666666666668, "255": 0.274, "257": 0.34, "25K": 0.262, "25J": 0.218, "56Q": 0.3323333333333333, "556": 0.37066666666666664, "567": 0.911, "566": 0.37966666666666665, "56K": 0.36533333333333334, "56J": 0.3263333333333333, "55Q": 0.296, "57Q": 0.37866666666666665, "5KQ": 0.298, "5JQ": 0.246, "5QQ": 0.265, "557": 0.538, "555": 0.31066666666666665, "55K": 0.49266666666666664, "55J": 0.295, "57K": 0.5506666666666666, "57J": 0.367, "577": 0.374, "5JK": 0.27066666666666667, "5KK": 0.311, "5JJ": 0.281, "249": 0.647, "469": 0.578, "499": 0.664, "49Q": 0.5736666666666667, "479": 0.623, "449": 0.9163333333333333, "49K": 0.617, "49J": 0.5686666666666667, "246": 0.5933333333333334, "224": 0.6716666666666666, "24Q": 0.6343333333333333, "247": 0.678, "244": 0.9443333333333334, "24K": 0.6686666666666666, "24J": 0.6406666666666667, "46Q": 0.559, "467": 0.6346666666666667, "446": 0.9036666666666666, "466": 0.6336666666666667, "46K": 0.6073333333333333, "46J": 0.563, "47Q": 0.585, "44Q": 0.915, "4KQ": 0.594, "4JQ": 0.5726666666666667, "4QQ": 0.624,