{"4AQ": 0.2806666666666667, "2AQ": 0.18566666666666667, "7AQ": 0.2776666666666667, "AJQ": 0.18533333333333332, "9AQ": 0.20766666666666667, "3AQ": 0.254, "AKQ": 0.226, "6AQ": 0.6093333333333333, "AQQ": 0.20666666666666667, "8AQ": 0.21366666666666667, "AQT": 0.20033333333333334, "AAQ": 0.25766666666666665, "5AQ": 0.5943333333333334, "24A": 0.3586666666666667, "47A": 0.6226666666666667, "4AJ": 0.266, "49A": 0.27466666666666667, "34A": 0.6336666666666667, "4AK": 0.49866666666666665, "44A": 0.2703333333333333, "46A": 0.684, "48A": 0.371, "4AT": 0.25666666666666665, "4AA": 0.5086666666666667, "45A": 0.6533333333333333, "27A": 0.249, "2AJ": 0.19466666666666665, "29A": 0.203, "23A": 0.341, "2AK": 0.22933333333333333, "26A": 0.6333333333333333, "28A": 0.17333333333333334, "2AT": 0.18866666666666668, "2AA": 0.24466666666666667, "25A": 0.5366666666666666, "22A": 0.18766666666666668, "7AJ": 0.275, "79A": 0.36033333333333334, "37A": 0.554, "7AK": 0.499, "67A": 0.6113333333333333, "78A": 0.441, "7AT": 0.27366666666666667, "7AA": 0.49633333333333335, "77A": 0.2773333333333333, "57A": 0.615, "9AJ": 0.20933333333333334, "3AJ": 0.2806666666666667, "AJK": 0.234, "6AJ": 0.6076666666666667, "AJJ": 0.23133333333333334, "8AJ": 0.22133333333333333, "AJT": 0.18, "AAJ": 0.251, "5AJ": 0.575, "39A": 0.25766666666666665, "9AK": 0.2673333333333333, "69A": 0.6053333333333333, "89A": 0.31666666666666665, "9AT": 0.199, "9AA": 0.24966666666666668, "59A": 0.5866666666666667, "99A": 0.22366666666666668, "3AK": 0.482, "36A": 0.6776666666666666, "38A": 0.266, "3AT": 0.2623333333333333, "33A": 0.25966666666666666, "3AA": 0.49833333333333335, "35A": 0.6473333333333333, "6AK": 0.6273333333333333, "AKK": 0.26666666666666666, "8AK": 0.26, "AKT": 0.246, "AAK": 0.4713333333333333, "5AK": 0.6016666666666667, "68A": 0.5853333333333334, "6AT": 0.586, "6AA": 0.6736666666666666, "56A": 0.8333333333333334, "66A": 0.9476666666666667, "8AT": 0.20933333333333334, "8AA": 0.26866666666666666, "58A": 0.488, "88A": 0.24333333333333335, "AAT": 0.25533333333333336, "ATT": 0.209, "5AT": 0.586, "5AA": 0.654, "AAA": 0.2853333333333333, "55A": 0.918, "24Q": 0.36766666666666664, "47Q": 0.639, "4JQ": 0.26, "49Q": 0.26666666666666666, "34Q": 0.626, "4KQ": 0.486, "44Q": 0.2806666666666667, "46Q": 0.6873333333333334, "4QQ": 0.2826666666666667, "48Q": 0.37733333333333335, "4QT": 0.267, "45Q": 0.6713333333333333, "27Q": 0.2633333333333333, "2JQ": 0.19666666666666666, "29Q": 0.205, "23Q": 0.3466666666666667, "2KQ": 0.23533333333333334, "26Q": 0.6616666666666666, "2QQ": 0.236, "28Q": 0.21733333333333332, "2QT": 0.19566666666666666, "25Q": 0.6393333333333333, "22Q": 0.20333333333333334, "7JQ": 0.25533333333333336, "79Q": 0.3536666666666667, "37Q": 0.5583333333333333, "7KQ": 0.508, "67Q": 0.6223333333333333, "7QQ": 0.29633333333333334, "78Q": 0.469, "7QT": 0.27, "77Q": 0.295, "57Q": 0.6286666666666667, "9JQ": 0.198, "3JQ": 0.23866666666666667, "JKQ": 0.21833333333333332, "6JQ": 0.5483333333333333, "JQQ": 0.21466666666666667, "JJQ": 0.216, "8JQ": 0.203, "JQT": 0.183, "5JQ": 0.572, "39Q": 0.25966666666666666, "9KQ": 0.245, "69Q": 0.5793333333333334, "9QQ": 0.22433333333333333, "89Q": 0.30133333333333334, "9QT": 0.18766666666666668, "59Q": 0.606, "99Q": 0.227, "3KQ": 0.4706666666666667, "36Q": 0.667, "3QQ": 0.288, "38Q": 0.271, "3QT": 0.24033333333333334, "33Q": 0.25633333333333336, "35Q": 0.691, "6KQ": 0.6416666666666667, "KQQ": 0.257, "KKQ": 0.26033333333333336, "8KQ": 0.24733333333333332, "KQT": 0.23266666666666666, "5KQ": 0.6116666666666667, "6QQ": 0.644, "68Q": 0.608, "6QT": 0.5473333333333333, "56Q": 0.848, "66Q": 0.914, "8QQ": 0.24933333333333332, "QQT": 0.20166666666666666, "5QQ": 0.6546666666666666, "QQQ": 0.24733333333333332, "8QT": 0.212, "58Q": 0.5803333333333334, "88Q": 0.23333333333333334, "QTT": 0.22633333333333333, "5QT": 0.6076666666666667, "55Q": 0.9186666666666666, "247": 0.6283333333333333, "24J": 0.376, "249": 0.37266666666666665, "234": 0.9476666666666667, "24K": 0.563, "244": 0.3526666666666667, "246": 0.724, "248": 0.458, "24T": 0.37233333333333335, "245": 0.698, "224": 0.36833333333333335, "47J": 0.641, "479": 0.6146666666666667, "347": 1.0, "47K": 0.8986666666666666, "447": 0.607, "467": 0.7883333333333333, "478": 0.9313333333333333, "47T": 0.6143333333333333, "477": 0.6316666666666667, "457": 0.7763333333333333, "49J": 0.25766666666666665, "34J": 0.625, "4JK": 0.48933333333333334, "44J": 0.272, "46J": 0.674, "4JJ": 0.289, "48J": 0.361, "4JT": 0.263, "45J": 0.6693333333333333, "349": 0.6183333333333333, "49K": 0.49166666666666664, "449": 0.27266666666666667, "469": 0.636, "489": 0.3626666666666667, "49T": 0.234, "459": 0.6876666666666666, "499": 0.2853333333333333, "34K": 0.8986666666666666, "344": 0.619, "346": 0.8006666666666666, "348": 0.6316666666666667, "34T": 0.618, "334": 0.5983333333333334, "345": 0.8123333333333334, "44K": 0.49133333333333334, "46K": 0.7703333333333333, "4KK": 0.507, "48K": 0.554, "4KT": 0.5053333333333333, "45K": 0.7646666666666667, "446": 0.6913333333333334, "448": 0.349, "44T": 0.2693333333333333, "444": 0.276, "445": 0.6746666666666666, "468": 0.685, "46T": 0.64, "456": 0.771, "466": 0.9436666666666667, "48T": 0.348, "458": 0.68, "488": 0.39, "4TT": 0.30566666666666664, "45T": 0.681, "455": 0.947, "27J": 0.26966666666666667, "279": 0.36566666666666664, "237": 0.5603333333333333, "27K": 0.49333333333333335, "267": 0.6753333333333333, "278": 0.432, "27T": 0.25733333333333336, "277": 0.2816666666666667, "257": 0.663, "227": 0.2663333333333333, "29J": 0.206, "23J": 0.36566666666666664, "2JK": 0.23933333333333334, "26J": 0.6613333333333333, "2JJ": 0.23266666666666666, "28J": 0.20533333333333334, "2JT": 0.19, "25J": 0.6496666666666666, "22J": 0.19733333333333333, "239": 0.367, "29K": 0.248, "269": 0.625, "289": 0.31533333333333335, "29T": 0.18066666666666667, "259": 0.6406666666666667, "229": 0.21933333333333332, "299": 0.248, "23K": 0.5393333333333333, "236": 0.7103333333333334, "238": 0.3383333333333333, "23T": 0.36033333333333334, "233": 0.354, "235": 0.6916666666666667, "223": 0.3516666666666667, "26K": 0.6876666666666666, "2KK": 0.256, "28K": 0.256, "2KT": 0.23966666666666667, "25K": 0.6743333333333333, "22K": 0.245, "268": 0.64, "26T": 0.607, "256": 0.8046666666666666, "226": 0.6526666666666666, "266": 0.9546666666666667, "28T": 0.208, "258": 0.526, "288": 0.24566666666666667, "228": 0.227, "2TT": 0.21566666666666667, "25T": 0.64, "22T": 0.21366666666666667, "255": 0.9253333333333333, "225": 0.643, "222": 0.22533333333333333, "79J": 0.33066666666666666, "37J": 0.5593333333333333, "7JK": 0.507, "67J": 0.6236666666666667, "7JJ": 0.2916666666666667, "78J": 0.44366666666666665, "7JT": 0.25433333333333336, "77J": 0.289, "57J": 0.6186666666666667, "379": 0.6186666666666667, "79K": 0.554, "679": 0.586, "789": 0.8486666666666667, "79T": 0.2866666666666667, "779": 0.359, "579": 0.6266666666666667, "799": 0.38533333333333336, "37K": 0.8896666666666667, "367": 0.771, "378": 0.637, "37T": 0.557, "337": 0.5453333333333333, "377": 0.5566666666666666, "357": 0.7746666666666666, "67K": 0.7356666666666667, "7KK": 0.48933333333333334, "78K": 0.614, "7KT": 0.49366666666666664, "77K": 0.49066666666666664, "57K": 0.7423333333333333, "678": 0.6246666666666667, "67T": 0.568, "677": 0.6676666666666666, "567": 0.7373333333333333, "667": 0.9186666666666666, "78T": 0.421, "778": 0.444, "578": 0.6566666666666666, "788": 0.46066666666666667, "7TT": 0.30233333333333334, "77T": 0.3016666666666667, "57T": 0.6273333333333333, "577": 0.644, "777": 0.3, "557": 0.9353333333333333, "39J": 0.25633333333333336, "9JK": 0.242, "69J": 0.5783333333333334, "9JJ": 0.219, "89J": 0.2673333333333333, "9JT": 0.16833333333333333, "59J": 0.5913333333333334, "99J": 0.23033333333333333, "3JK": 0.491, "36J": 0.6863333333333334, "3JJ": 0.2823333333333333, "38J": 0.26466666666666666, "3JT": 0.25766666666666665, "33J": 0.25133333333333335, "35J": 0.6753333333333333, "6JK": 0.5983333333333334, "JKK": 0.254,