{"7AK": 0.344, "AKT": 0.41133333333333333, "8AK": 0.38666666666666666, "3AK": 0.359, "AKQ": 0.48333333333333334, "AJK": 0.6366666666666667, "AAK": 0.46266666666666667, "5AK": 0.343, "AKK": 0.4676666666666667, "9AK": 0.36533333333333334, "6AK": 0.351, "4AK": 0.3636666666666667, "2AK": 0.583, "7KT": 0.31666666666666665, "78K": 0.319, "37K": 0.308, "7KQ": 0.372, "7JK": 0.6846666666666666, "57K": 0.29433333333333334, "7KK": 0.38566666666666666, "79K": 0.2946666666666667, "77K": 0.377, "67K": 0.293, "47K": 0.313, "27K": 0.5673333333333334, "8KT": 0.33666666666666667, "KTT": 0.413, "3KT": 0.31033333333333335, "KQT": 0.49766666666666665, "JKT": 0.6246666666666667, "5KT": 0.3243333333333333, "KKT": 0.4093333333333333, "9KT": 0.394, "6KT": 0.314, "4KT": 0.3596666666666667, "2KT": 0.589, "38K": 0.32066666666666666, "8KQ": 0.37533333333333335, "8JK": 0.724, "58K": 0.31033333333333335, "88K": 0.38766666666666666, "8KK": 0.40166666666666667, "89K": 0.33, "68K": 0.29133333333333333, "48K": 0.341, "28K": 0.601, "3KQ": 0.37433333333333335, "3JK": 0.717, "33K": 0.4063333333333333, "35K": 0.32266666666666666, "3KK": 0.4053333333333333, "39K": 0.323, "36K": 0.31666666666666665, "34K": 0.33666666666666667, "23K": 0.583, "JKQ": 0.5933333333333334, "5KQ": 0.3516666666666667, "KKQ": 0.4706666666666667, "9KQ": 0.42733333333333334, "6KQ": 0.36833333333333335, "4KQ": 0.391, "2KQ": 0.5876666666666667, "KQQ": 0.46, "5JK": 0.732, "JKK": 0.7543333333333333, "9JK": 0.6863333333333334, "6JK": 0.708, "4JK": 0.7123333333333334, "2JK": 0.8603333333333333, "JJK": 0.9173333333333333, "5KK": 0.39566666666666667, "59K": 0.31566666666666665, "55K": 0.37733333333333335, "56K": 0.28933333333333333, "45K": 0.33566666666666667, "25K": 0.57, "9KK": 0.41, "6KK": 0.377, "4KK": 0.393, "2KK": 0.6386666666666667, "KKK": 0.4746666666666667, "69K": 0.30033333333333334, "49K": 0.3393333333333333, "29K": 0.596, "99K": 0.406, "46K": 0.331, "26K": 0.563, "66K": 0.367, "24K": 0.5846666666666667, "44K": 0.405, "22K": 0.9513333333333334, "7AT": 0.266, "78A": 0.303, "37A": 0.30666666666666664, "7AQ": 0.3516666666666667, "7AJ": 0.5873333333333334, "7AA": 0.365, "57A": 0.2833333333333333, "79A": 0.2876666666666667, "77A": 0.3546666666666667, "67A": 0.263, "47A": 0.2896666666666667, "27A": 0.49, "8AT": 0.322, "ATT": 0.38033333333333336, "3AT": 0.31833333333333336, "AQT": 0.409, "AJT": 0.5686666666666667, "AAT": 0.36966666666666664, "5AT": 0.309, "9AT": 0.316, "6AT": 0.306, "4AT": 0.317, "2AT": 0.479, "38A": 0.3323333333333333, "8AQ": 0.34933333333333333, "8AJ": 0.6856666666666666, "8AA": 0.4023333333333333, "58A": 0.30033333333333334, "88A": 0.398, "89A": 0.32, "68A": 0.2876666666666667, "48A": 0.307, "28A": 0.5616666666666666, "3AQ": 0.365, "3AJ": 0.699, "3AA": 0.403, "33A": 0.36633333333333334, "35A": 0.31333333333333335, "39A": 0.327, "36A": 0.32566666666666666, "34A": 0.31733333333333336, "23A": 0.564, "AJQ": 0.617, "AAQ": 0.44366666666666665, "5AQ": 0.355, "9AQ": 0.3516666666666667, "6AQ": 0.3416666666666667, "4AQ": 0.37033333333333335, "2AQ": 0.58, "AQQ": 0.447, "AAJ": 0.747, "5AJ": 0.7136666666666667, "9AJ": 0.688, "6AJ": 0.7133333333333334, "4AJ": 0.7083333333333334, "2AJ": 0.7636666666666667, "AJJ": 0.9016666666666666, "5AA": 0.3993333333333333, "AAA": 0.4876666666666667, "9AA": 0.391, "6AA": 0.37066666666666664, "4AA": 0.3983333333333333, "2AA": 0.6193333333333333, "59A": 0.2976666666666667, "55A": 0.36833333333333335, "56A": 0.283, "45A": 0.31366666666666665, "25A": 0.571, "69A": 0.274, "49A": 0.316, "29A": 0.5576666666666666, "99A": 0.37466666666666665, "46A": 0.2916666666666667, "26A": 0.5533333333333333, "66A": 0.34833333333333333, "24A": 0.5726666666666667, "44A": 0.3596666666666667, "22A": 0.9303333333333333, "78T": 0.33266666666666667, "7TT": 0.33566666666666667, "37T": 0.26566666666666666, "7QT": 0.311, "7JT": 0.601, "57T": 0.24866666666666667, "79T": 0.35, "77T": 0.31933333333333336, "67T": 0.244, "47T": 0.25533333333333336, "27T": 0.475, "378": 0.2826666666666667, "78Q": 0.29433333333333334, "78J": 0.6943333333333334, "578": 0.25166666666666665, "788": 0.329, "789": 0.326, "778": 0.319, "678": 0.23733333333333334, "478": 0.2623333333333333, "278": 0.555, "37Q": 0.32866666666666666, "37J": 0.7416666666666667, "337": 0.33, "357": 0.26, "379": 0.267, "377": 0.338, "367": 0.24066666666666667, "347": 0.246, "237": 0.569, "7JQ": 0.698, "57Q": 0.2816666666666667, "79Q": 0.30766666666666664, "77Q": 0.35933333333333334, "67Q": 0.2856666666666667, "47Q": 0.29833333333333334, "27Q": 0.5666666666666667, "7QQ": 0.374, "57J": 0.7176666666666667, "79J": 0.7, "77J": 0.7173333333333334, "67J": 0.7246666666666667, "47J": 0.7413333333333333, "27J": 0.7723333333333333, "7JJ": 0.912, "579": 0.25, "577": 0.29833333333333334, "557": 0.3263333333333333, "567": 0.20933333333333334, "457": 0.21566666666666667, "257": 0.5386666666666666, "779": 0.306, "679": 0.23266666666666666, "479": 0.2683333333333333, "279": 0.5506666666666666, "799": 0.326, "677": 0.28633333333333333, "477": 0.3353333333333333, "277": 0.6086666666666667, "777": 0.4033333333333333, "467": 0.21933333333333332, "267": 0.5326666666666666, "667": 0.30833333333333335, "247": 0.5576666666666666, "447": 0.3016666666666667, "227": 0.9226666666666666, "8TT": 0.32866666666666666, "38T": 0.304, "8QT": 0.406, "8JT": 0.661, "58T": 0.2816666666666667, "88T": 0.33766666666666667, "89T": 0.42333333333333334, "68T": 0.252, "48T": 0.285, "28T": 0.5433333333333333, "3TT": 0.33866666666666667, "QTT": 0.396, "JTT": 0.7016666666666667, "5TT": 0.3426666666666667, "9TT": 0.3476666666666667, "6TT": 0.319, "4TT": 0.3506666666666667, "2TT": 0.621, "TTT": 0.4096666666666667, "3QT": 0.31633333333333336, "3JT": 0.7233333333333334, "33T": 0.31333333333333335, "35T": 0.2856666666666667, "39T": 0.276, "36T": 0.25966666666666666, "34T": 0.291, "23T": 0.572, "JQT": 0.5913333333333334, "5QT": 0.31766666666666665, "9QT": 0.44266666666666665, "6QT": 0.30833333333333335, "4QT": 0.3323333333333333, "2QT": 0.5796666666666667, "QQT": 0.391, "5JT": 0.7203333333333334, "9JT": 0.6276666666666667, "6JT": 0.7186666666666667, "4JT": 0.72, "2JT": 0.745, "JJT": 0.8923333333333333, "59T": 0.2703333333333333, "55T": 0.3353333333333333, "56T": 0.2703333333333333, "45T": 0.258, "25T": 0.5653333333333334, "69T": 0.2643333333333333, "49T": 0.2946666666666667, "29T": 0.5516666666666666, "99T": 0.337, "46T": 0.2713333333333333, "26T": 0.5453333333333333, "66T": 0.31233333333333335, "24T": 0.557, "44T": 0.31633333333333336, "22T": 0.9256666666666666, "38Q": 0.33266666666666667, "38J": 0.762, "338": 0.3373333333333333, "358": 0.282, "388": 0.33466666666666667, "389": 0.2936666666666667, "368": 0.2683333333333333, "348": 0.29033333333333333, "238": 0.5786666666666667, "8JQ": 0.6726666666666666, "58Q": 0.2936666666666667, "88Q": 0.37533333333333335, "89Q": 0.37733333333333335, "68Q": 0.30333333333333334, "48Q": 0.297, "28Q": 0.612, "8QQ": 0.4046666666666667, "58J": 0.7473333333333333, "88J": 0.7363333333333333, "89J": 0.6773333333333333, "68J": 0.7536666666666667, "48J": 0.7563333333333333, "28J": 0.865, "8JJ": 0.923, "588": 0.30266666666666664, "589": 0.24466666666666667, "558": 0.337, "568": 0.22633333333333333, "458": 0.2643333333333333, "258": 0.5526666666666666, "889": 0.33366666666666667, "688": 0.31033333333333335, "488": 0.3323333333333333, "288": 0.6313333333333333, "888": 0.4103333333333333, "689": 0.23166666666666666, "489": 0.27, "289": 0.5673333333333334, "899": 0.3586666666666667, "468": 0.24866666666666667, "268": 0.5453333333333333, "668": 0.304, "248": 0.5553333333333333, "448": 0.3396666666666667, "228": 0.9573333333333334, "3JQ": 0.7176666666666667, "33Q": 0.38166666666666665, "35Q": 0.29833333333333334, "39Q": 0.31966666666666665, "36Q": 0.2926666666666667, "34Q": 0.32133333333333336, "23Q": 0.597, "3QQ": 0.4166666666666667, "33J": 0.7673333333333333, "35J": 0.7786666666666666, "39J": 0.773, "36J": 0.778, "34J": 0.779, "23J": 0.878, "3JJ": 0.935, "335": 0.3446666666666667,