{"6AQ": 0.24033333333333334, "36A": 0.22333333333333333, "69A": 0.22266666666666668, "6AT": 0.216, "26A": 0.574, "67A": 0.23533333333333334, "68A": 0.6526666666666666, "46A": 0.20733333333333334, "6AJ": 0.23633333333333334, "66A": 0.23, "56A": 0.21366666666666667, "6AA": 0.256, "6AK": 0.24766666666666667, "3AQ": 0.233, "9AQ": 0.24833333333333332, "AQT": 0.2673333333333333, "2AQ": 0.5763333333333334, "7AQ": 0.23966666666666667, "8AQ": 0.609, "AQQ": 0.283, "4AQ": 0.379, "AJQ": 0.41833333333333333, "5AQ": 0.24233333333333335, "AAQ": 0.30933333333333335, "AKQ": 0.26, "39A": 0.20966666666666667, "3AT": 0.21666666666666667, "23A": 0.5676666666666667, "37A": 0.198, "38A": 0.7046666666666667, "34A": 0.216, "3AJ": 0.23866666666666667, "33A": 0.248, "35A": 0.194, "3AA": 0.23566666666666666, "3AK": 0.24133333333333334, "9AT": 0.25866666666666666, "29A": 0.5763333333333334, "79A": 0.22833333333333333, "99A": 0.261, "89A": 0.5803333333333334, "49A": 0.24433333333333335, "9AJ": 0.2896666666666667, "59A": 0.23233333333333334, "9AA": 0.25766666666666665, "9AK": 0.259, "2AT": 0.5516666666666666, "7AT": 0.24, "ATT": 0.26266666666666666, "8AT": 0.608, "4AT": 0.228, "AJT": 0.26766666666666666, "5AT": 0.21966666666666668, "AAT": 0.24433333333333335, "AKT": 0.23833333333333334, "27A": 0.5613333333333334, "28A": 0.8676666666666667, "24A": 0.576, "22A": 0.943, "2AJ": 0.564, "25A": 0.5236666666666666, "2AA": 0.6, "2AK": 0.5893333333333334, "78A": 0.6336666666666667, "77A": 0.23666666666666666, "47A": 0.22766666666666666, "7AJ": 0.25566666666666665, "57A": 0.20666666666666667, "7AA": 0.237, "7AK": 0.23066666666666666, "48A": 0.6636666666666666, "8AJ": 0.614, "58A": 0.6593333333333333, "8AA": 0.6946666666666667, "8AK": 0.6353333333333333, "88A": 0.9153333333333333, "44A": 0.25166666666666665, "4AJ": 0.374, "45A": 0.23033333333333333, "4AA": 0.27366666666666667, "4AK": 0.23333333333333334, "AJJ": 0.28633333333333333, "5AJ": 0.224, "AAJ": 0.2823333333333333, "AJK": 0.26466666666666666, "5AA": 0.237, "55A": 0.24433333333333335, "5AK": 0.222, "AAK": 0.27066666666666667, "AAA": 0.3016666666666667, "AKK": 0.28733333333333333, "36Q": 0.22233333333333333, "69Q": 0.233, "6QT": 0.22933333333333333, "26Q": 0.5723333333333334, "67Q": 0.23933333333333334, "68Q": 0.6543333333333333, "6QQ": 0.25133333333333335, "46Q": 0.23333333333333334, "6JQ": 0.229, "66Q": 0.22966666666666666, "56Q": 0.21633333333333332, "6KQ": 0.23266666666666666, "369": 0.228, "36T": 0.21566666666666667, "236": 0.5376666666666666, "367": 0.355, "368": 0.7156666666666667, "346": 0.26866666666666666, "36J": 0.21, "366": 0.23, "336": 0.218, "356": 0.2623333333333333, "36K": 0.36033333333333334, "69T": 0.303, "269": 0.5513333333333333, "679": 0.38766666666666666, "699": 0.2633333333333333, "689": 0.5823333333333334, "469": 0.20966666666666667, "69J": 0.241, "669": 0.228, "569": 0.29433333333333334, "69K": 0.247, "26T": 0.5403333333333333, "67T": 0.30666666666666664, "6TT": 0.234, "68T": 0.6153333333333333, "46T": 0.20533333333333334, "6JT": 0.23733333333333334, "66T": 0.23066666666666666, "56T": 0.19366666666666665, "6KT": 0.23266666666666666, "267": 0.564, "268": 0.843, "246": 0.5373333333333333, "226": 0.9183333333333333, "26J": 0.549, "266": 0.5746666666666667, "256": 0.494, "26K": 0.5403333333333333, "678": 0.5933333333333334, "677": 0.248, "467": 0.30233333333333334, "67J": 0.232, "667": 0.261, "567": 0.38, "67K": 0.39366666666666666, "468": 0.6713333333333333, "68J": 0.6376666666666667, "668": 0.6736666666666666, "568": 0.6196666666666667, "68K": 0.667, "688": 0.9166666666666666, "446": 0.21133333333333335, "46J": 0.221, "466": 0.21933333333333332, "456": 0.3443333333333333, "46K": 0.232, "6JJ": 0.24633333333333332, "66J": 0.235, "56J": 0.21433333333333332, "6JK": 0.233, "666": 0.2743333333333333, "566": 0.21133333333333335, "66K": 0.269, "556": 0.22433333333333333, "56K": 0.229, "6KK": 0.2713333333333333, "39Q": 0.22166666666666668, "3QT": 0.21233333333333335, "23Q": 0.553, "37Q": 0.20533333333333334, "38Q": 0.6526666666666666, "3QQ": 0.25333333333333335, "34Q": 0.21966666666666668, "3JQ": 0.243, "33Q": 0.24966666666666668, "35Q": 0.18566666666666667, "3KQ": 0.249, "9QT": 0.31333333333333335, "29Q": 0.57, "79Q": 0.236, "99Q": 0.2743333333333333, "89Q": 0.579, "9QQ": 0.2743333333333333, "49Q": 0.219, "9JQ": 0.31066666666666665, "59Q": 0.21266666666666667, "9KQ": 0.24666666666666667, "2QT": 0.55, "7QT": 0.22566666666666665, "QTT": 0.2803333333333333, "8QT": 0.5813333333333334, "QQT": 0.26466666666666666, "4QT": 0.24066666666666667, "JQT": 0.326, "5QT": 0.234, "KQT": 0.23766666666666666, "27Q": 0.5613333333333334, "28Q": 0.864, "2QQ": 0.5943333333333334, "24Q": 0.53, "22Q": 0.94, "2JQ": 0.5616666666666666, "25Q": 0.545, "2KQ": 0.5596666666666666, "78Q": 0.6556666666666666, "7QQ": 0.247, "77Q": 0.23666666666666666, "47Q": 0.21133333333333335, "7JQ": 0.23733333333333334, "57Q": 0.20566666666666666, "7KQ": 0.239, "8QQ": 0.6816666666666666, "48Q": 0.6526666666666666, "8JQ": 0.5753333333333334, "58Q": 0.629, "8KQ": 0.629, "88Q": 0.9026666666666666, "4QQ": 0.246, "QQQ": 0.31533333333333335, "JQQ": 0.2813333333333333, "5QQ": 0.24333333333333335, "KQQ": 0.2773333333333333, "44Q": 0.231, "4JQ": 0.368, "45Q": 0.22433333333333333, "4KQ": 0.24533333333333332, "JJQ": 0.30333333333333334, "5JQ": 0.23233333333333334, "JKQ": 0.256, "55Q": 0.246, "5KQ": 0.21666666666666667, "KKQ": 0.262, "39T": 0.22566666666666665, "239": 0.5596666666666666, "379": 0.23466666666666666, "399": 0.249, "389": 0.6673333333333333, "349": 0.19533333333333333, "39J": 0.213, "339": 0.22933333333333333, "359": 0.19833333333333333, "39K": 0.226, "23T": 0.56, "37T": 0.21266666666666667, "3TT": 0.23266666666666666, "38T": 0.6816666666666666, "34T": 0.188, "3JT": 0.21533333333333332, "33T": 0.232, "35T": 0.19066666666666668, "3KT": 0.24333333333333335, "237": 0.5616666666666666, "238": 0.8726666666666667, "234": 0.5353333333333333, "223": 0.921, "23J": 0.556, "233": 0.575, "235": 0.495, "23K": 0.5483333333333333, "378": 0.697, "377": 0.22233333333333333, "347": 0.19733333333333333, "37J": 0.22033333333333333, "337": 0.22233333333333333, "357": 0.209, "37K": 0.3556666666666667, "348": 0.7376666666666667, "38J": 0.668, "338": 0.693, "358": 0.6996666666666667, "38K": 0.6736666666666666, "388": 0.9416666666666667, "344": 0.21033333333333334, "34J": 0.212, "334": 0.21633333333333332, "345": 0.25233333333333335, "34K": 0.22533333333333333, "3JJ": 0.237, "33J": 0.24, "35J": 0.197, "3JK": 0.238, "335": 0.20066666666666666, "33K": 0.23766666666666666, "333": 0.26566666666666666, "355": 0.21033333333333334, "35K": 0.21566666666666667, "3KK": 0.26566666666666666, "29T": 0.5443333333333333, "79T": 0.382, "9TT": 0.2796666666666667, "99T": 0.294, "89T": 0.49166666666666664, "49T": 0.22266666666666668, "9JT": 0.3456666666666667, "59T": 0.235, "9KT": 0.23466666666666666, "279": 0.5663333333333334, "299": 0.5976666666666667, "289": 0.8336666666666667, "249": 0.562, "229": 0.9496666666666667, "29J": 0.5716666666666667, "259": 0.5446666666666666, "29K": 0.5626666666666666, "799": 0.2723333333333333, "789": 0.549, "779": 0.24066666666666667, "479": 0.21466666666666667, "79J": 0.3293333333333333, "579": 0.29633333333333334, "79K": 0.25433333333333336, "899": 0.6323333333333333, "999": 0.30566666666666664, "499": 0.243, "99J": 0.2833333333333333, "599": 0.23433333333333334, "99K": 0.26366666666666666, "489": 0.662, "89J": 0.5426666666666666, "589": 0.599, "89K": 0.593, "889": 0.8966666666666666, "449": 0.211, "49J": 0.244, "459": 0.19766666666666666, "49K": 0.232, "9JJ": 0.272, "59J": 0.24033333333333334, "9JK": 0.255, "559": 0.23666666666666666, "59K": 0.21666666666666667, "9KK": 0.25866666666666666, "27T": 0.566, "2TT": 0.5666666666666667, "28T": 0.8253333333333334, "24T": 0.5696666666666667, "22T": 0.9483333333333334, "2JT": 0.5603333333333333, "25T": 0.5513333333333333, "2KT": 0.5583333333333333, "7TT": 0.242, "78T": 0.6, "77T": 0.234, "47T": 0.21933333333333332,