{"9AK": 0.18966666666666668, "7AK": 0.20566666666666666, "4AK": 0.5626666666666666, "AKK": 0.20733333333333334, "AKT": 0.23166666666666666, "3AK": 0.19266666666666668, "5AK": 0.26, "2AK": 0.19033333333333333, "6AK": 0.607, "AJK": 0.225, "AKQ": 0.195, "AAK": 0.25133333333333335, "8AK": 0.19633333333333333, "79A": 0.22166666666666668, "49A": 0.4716666666666667, "9AT": 0.22633333333333333, "39A": 0.16566666666666666, "59A": 0.24433333333333335, "29A": 0.14733333333333334, "69A": 0.578, "99A": 0.248, "9AJ": 0.23866666666666667, "9AQ": 0.18, "9AA": 0.22533333333333333, "89A": 0.16066666666666668, "47A": 0.5846666666666667, "77A": 0.24666666666666667, "7AT": 0.26033333333333336, "37A": 0.2916666666666667, "57A": 0.45866666666666667, "27A": 0.21033333333333334, "67A": 0.5973333333333334, "7AJ": 0.2653333333333333, "7AQ": 0.21966666666666668, "7AA": 0.2866666666666667, "78A": 0.302, "4AT": 0.589, "34A": 0.521, "45A": 0.5913333333333334, "24A": 0.542, "46A": 0.8316666666666667, "4AJ": 0.5756666666666667, "4AQ": 0.573, "4AA": 0.6203333333333333, "44A": 0.921, "48A": 0.4736666666666667, "3AT": 0.23266666666666666, "5AT": 0.49166666666666664, "ATT": 0.23833333333333334, "2AT": 0.209, "6AT": 0.6086666666666667, "AJT": 0.459, "AQT": 0.21733333333333332, "AAT": 0.466, "8AT": 0.22366666666666668, "35A": 0.4573333333333333, "23A": 0.251, "36A": 0.6333333333333333, "3AJ": 0.25066666666666665, "3AQ": 0.192, "3AA": 0.271, "33A": 0.20833333333333334, "38A": 0.16133333333333333, "25A": 0.344, "56A": 0.653, "5AJ": 0.49066666666666664, "5AQ": 0.274, "5AA": 0.49266666666666664, "55A": 0.2673333333333333, "58A": 0.347, "26A": 0.6433333333333333, "2AJ": 0.22933333333333333, "22A": 0.22333333333333333, "2AQ": 0.185, "2AA": 0.252, "28A": 0.152, "6AJ": 0.6246666666666667, "66A": 0.9086666666666666, "6AQ": 0.6056666666666667, "6AA": 0.6763333333333333, "68A": 0.5646666666666667, "AJQ": 0.22433333333333333, "AAJ": 0.4766666666666667, "AJJ": 0.24933333333333332, "8AJ": 0.23066666666666666, "AAQ": 0.244, "AQQ": 0.21266666666666667, "8AQ": 0.203, "AAA": 0.26966666666666667, "8AA": 0.251, "88A": 0.21466666666666667, "79K": 0.21133333333333335, "49K": 0.563, "9KK": 0.20666666666666667, "9KT": 0.231, "39K": 0.19333333333333333, "59K": 0.25333333333333335, "29K": 0.17466666666666666, "69K": 0.5853333333333334, "99K": 0.24633333333333332, "9JK": 0.22033333333333333, "9KQ": 0.18433333333333332, "89K": 0.19766666666666666, "47K": 0.582, "77K": 0.22566666666666665, "7KK": 0.234, "7KT": 0.245, "37K": 0.2996666666666667, "57K": 0.45366666666666666, "27K": 0.19666666666666666, "67K": 0.5596666666666666, "7JK": 0.24666666666666667, "7KQ": 0.172, "78K": 0.31133333333333335, "4KK": 0.624, "4KT": 0.599, "34K": 0.6333333333333333, "45K": 0.6033333333333334, "24K": 0.6063333333333333, "46K": 0.8586666666666667, "4JK": 0.606, "4KQ": 0.5666666666666667, "44K": 0.917, "48K": 0.5773333333333334, "KKT": 0.24866666666666667, "3KK": 0.232, "5KK": 0.273, "2KK": 0.215, "6KK": 0.638, "JKK": 0.25766666666666665, "KKQ": 0.21133333333333335, "KKK": 0.2723333333333333, "8KK": 0.22933333333333333, "3KT": 0.24033333333333334, "5KT": 0.48433333333333334, "KTT": 0.25566666666666665, "2KT": 0.21233333333333335, "6KT": 0.6023333333333334, "JKT": 0.464, "KQT": 0.21333333333333335, "8KT": 0.241, "35K": 0.4673333333333333, "23K": 0.309, "36K": 0.674, "3JK": 0.24266666666666667, "3KQ": 0.20133333333333334, "33K": 0.203, "38K": 0.189, "25K": 0.36333333333333334, "56K": 0.6743333333333333, "5JK": 0.4776666666666667, "5KQ": 0.25266666666666665, "55K": 0.24233333333333335, "58K": 0.36766666666666664, "26K": 0.6636666666666666, "2JK": 0.224, "22K": 0.24533333333333332, "2KQ": 0.185, "28K": 0.18, "6JK": 0.6033333333333334, "66K": 0.9313333333333333, "6KQ": 0.5663333333333334, "68K": 0.594, "JKQ": 0.20033333333333334, "JJK": 0.22733333333333333, "8JK": 0.23066666666666666, "KQQ": 0.20033333333333334, "8KQ": 0.18333333333333332, "88K": 0.23333333333333334, "479": 0.546, "779": 0.24766666666666667, "79T": 0.303, "379": 0.313, "579": 0.42633333333333334, "279": 0.215, "679": 0.5216666666666666, "799": 0.274, "79J": 0.25433333333333336, "79Q": 0.21666666666666667, "789": 0.35, "49T": 0.5663333333333334, "349": 0.51, "459": 0.5853333333333334, "249": 0.5186666666666667, "469": 0.8273333333333334, "499": 0.632, "49J": 0.5793333333333334, "49Q": 0.546, "449": 0.914, "489": 0.4736666666666667, "39T": 0.237, "59T": 0.48133333333333334, "9TT": 0.24766666666666667, "29T": 0.226, "69T": 0.5526666666666666, "99T": 0.47933333333333333, "9JT": 0.4553333333333333, "9QT": 0.22533333333333333, "89T": 0.27566666666666667, "359": 0.43733333333333335, "239": 0.23766666666666666, "369": 0.6073333333333333, "399": 0.266, "39J": 0.23666666666666666, "39Q": 0.198, "339": 0.20066666666666666, "389": 0.15466666666666667, "259": 0.32766666666666666, "569": 0.628, "599": 0.4866666666666667, "59J": 0.4713333333333333, "59Q": 0.24133333333333334, "559": 0.26, "589": 0.306, "269": 0.619, "299": 0.247, "29J": 0.21133333333333335, "229": 0.215, "29Q": 0.18966666666666668, "289": 0.163, "699": 0.6463333333333333, "69J": 0.607, "669": 0.8856666666666667, "69Q": 0.571, "689": 0.496, "999": 0.268, "99J": 0.4643333333333333, "99Q": 0.226, "899": 0.271, "9JQ": 0.21233333333333335, "9JJ": 0.244, "89J": 0.222, "9QQ": 0.20466666666666666, "89Q": 0.185, "889": 0.209, "477": 0.618, "47T": 0.6043333333333333, "347": 0.6326666666666667, "457": 0.6483333333333333, "247": 0.628, "467": 0.772, "47J": 0.597, "47Q": 0.5856666666666667, "447": 0.9126666666666666, "478": 0.6043333333333333, "77T": 0.2796666666666667, "377": 0.3423333333333333, "577": 0.46366666666666667, "277": 0.22233333333333333, "677": 0.6173333333333333, "77J": 0.2836666666666667, "77Q": 0.22266666666666668, "777": 0.2773333333333333, "778": 0.3536666666666667, "37T": 0.352, "57T": 0.612, "7TT": 0.26266666666666666, "27T": 0.24233333333333335, "67T": 0.5766666666666667, "7JT": 0.4693333333333333, "7QT": 0.251, "78T": 0.4043333333333333, "357": 0.9323333333333333, "237": 0.2946666666666667, "367": 0.658, "37J": 0.3556666666666667, "37Q": 0.311, "337": 0.304, "378": 0.2916666666666667, "257": 0.447, "567": 0.6473333333333333, "57J": 0.6233333333333333, "57Q": 0.46366666666666667, "557": 0.433, "578": 0.8816666666666667, "267": 0.632, "27J": 0.24733333333333332, "227": 0.23666666666666666, "27Q": 0.21066666666666667, "278": 0.2936666666666667, "67J": 0.618, "667": 0.9046666666666666, "67Q": 0.5676666666666667, "678": 0.54, "7JQ": 0.24933333333333332, "7JJ": 0.25766666666666665, "78J": 0.3423333333333333, "7QQ": 0.22666666666666666, "78Q": 0.305, "788": 0.33666666666666667, "34T": 0.6293333333333333, "45T": 0.7293333333333333, "4TT": 0.6343333333333333, "24T": 0.637, "46T": 0.8503333333333334, "4JT": 0.7066666666666667, "4QT": 0.5976666666666667, "44T": 0.9436666666666667, "48T": 0.5856666666666667, "345": 0.667, "234": 0.58, "346": 0.7843333333333333, "34J": 0.6443333333333333, "34Q": 0.6273333333333333, "344": 0.926, "334": 0.6286666666666667, "348": 0.5356666666666666, "245": 0.6433333333333333, "456": 0.743, "45J": 0.729, "45Q": 0.606, "445": 0.9366666666666666, "455": 0.614, "458": 0.6193333333333333, "246": 0.8136666666666666, "24J": 0.6513333333333333, "224": 0.6466666666666666, "24Q": 0.631, "244": 0.9316666666666666, "248": 0.509, "46J": 0.87, "466": 0.9876666666666667, "46Q": 0.862, "446": 0.9853333333333333, "468": 0.7906666666666666, "4JQ": 0.588, "44J": 0.9393333333333334, "4JJ": 0.6376666666666667, "48J": 0.5843333333333334, "4QQ": 0.6263333333333333, "44Q": 0.9056666666666666, "48Q": 0.5603333333333333, "448": 0.9153333333333333, "444": 0.9996666666666667, "488": 0.6273333333333333, "35T": 0.6146666666666667, "3TT": 0.2853333333333333, "23T": 0.3413333333333333, "36T": 0.6643333333333333, "3JT": 0.484, "3QT": 0.23466666666666666, "33T": 0.23966666666666667, "38T": 0.24833333333333332, "5TT": 0.48033333333333333, "25T": 0.5543333333333333, "56T": 0.7646666666666667, "5JT": 0.8583333333333333,