{"6KQ": 0.21233333333333335, "6AQ": 0.22566666666666665, "67Q": 0.4116666666666667, "6JQ": 0.19533333333333333, "6QQ": 0.231, "6QT": 0.22066666666666668, "26Q": 0.324, "68Q": 0.2916666666666667, "66Q": 0.22033333333333333, "56Q": 0.5866666666666667, "36Q": 0.44866666666666666, "46Q": 0.585, "69Q": 0.199, "AKQ": 0.15866666666666668, "7KQ": 0.212, "KKQ": 0.205, "JKQ": 0.16, "KQQ": 0.17766666666666667, "KQT": 0.178, "2KQ": 0.17333333333333334, "8KQ": 0.171, "5KQ": 0.5543333333333333, "3KQ": 0.181, "4KQ": 0.5673333333333334, "9KQ": 0.16266666666666665, "7AQ": 0.219, "AJQ": 0.163, "AQQ": 0.19133333333333333, "AQT": 0.19033333333333333, "2AQ": 0.19833333333333333, "8AQ": 0.18666666666666668, "AAQ": 0.18566666666666667, "5AQ": 0.571, "3AQ": 0.18633333333333332, "4AQ": 0.588, "9AQ": 0.169, "7JQ": 0.239, "7QQ": 0.23166666666666666, "7QT": 0.3456666666666667, "27Q": 0.228, "77Q": 0.23166666666666666, "78Q": 0.31466666666666665, "57Q": 0.5933333333333334, "37Q": 0.32966666666666666, "47Q": 0.5823333333333334, "79Q": 0.22066666666666668, "JQQ": 0.19633333333333333, "JQT": 0.172, "2JQ": 0.16566666666666666, "JJQ": 0.17433333333333334, "8JQ": 0.16066666666666668, "5JQ": 0.5686666666666667, "3JQ": 0.18333333333333332, "4JQ": 0.5613333333333334, "9JQ": 0.15266666666666667, "QQT": 0.209, "2QQ": 0.211, "QQQ": 0.22433333333333333, "8QQ": 0.20666666666666667, "5QQ": 0.605, "3QQ": 0.22766666666666666, "4QQ": 0.629, "9QQ": 0.187, "2QT": 0.18433333333333332, "8QT": 0.192, "5QT": 0.5573333333333333, "3QT": 0.208, "4QT": 0.558, "QTT": 0.19433333333333333, "9QT": 0.18133333333333335, "28Q": 0.18133333333333335, "25Q": 0.6573333333333333, "23Q": 0.32366666666666666, "24Q": 0.6443333333333333, "22Q": 0.20566666666666666, "29Q": 0.17366666666666666, "58Q": 0.569, "38Q": 0.17266666666666666, "48Q": 0.584, "89Q": 0.163, "88Q": 0.18666666666666668, "35Q": 0.6313333333333333, "45Q": 0.8493333333333334, "55Q": 0.932, "59Q": 0.563, "34Q": 0.637, "39Q": 0.16933333333333334, "33Q": 0.18666666666666668, "44Q": 0.938, "49Q": 0.5693333333333334, "99Q": 0.18866666666666668, "6AK": 0.22733333333333333, "67K": 0.41433333333333333, "6KK": 0.22833333333333333, "6JK": 0.21833333333333332, "6KT": 0.21166666666666667, "26K": 0.32366666666666666, "68K": 0.30333333333333334, "66K": 0.216, "56K": 0.5626666666666666, "36K": 0.4246666666666667, "46K": 0.5996666666666667, "69K": 0.20133333333333334, "67A": 0.4236666666666667, "6AJ": 0.22866666666666666, "6AT": 0.22233333333333333, "26A": 0.419, "68A": 0.32266666666666666, "66A": 0.256, "6AA": 0.23666666666666666, "56A": 0.579, "36A": 0.43666666666666665, "46A": 0.59, "69A": 0.22633333333333333, "67J": 0.43366666666666664, "67T": 0.3993333333333333, "267": 0.412, "677": 0.401, "678": 0.832, "667": 0.4236666666666667, "567": 0.572, "367": 0.927, "467": 0.6193333333333333, "679": 0.37133333333333335, "6JT": 0.201, "26J": 0.32966666666666666, "6JJ": 0.22733333333333333, "68J": 0.2833333333333333, "66J": 0.22133333333333333, "56J": 0.588, "36J": 0.42133333333333334, "46J": 0.5833333333333334, "69J": 0.19166666666666668, "26T": 0.31066666666666665, "68T": 0.256, "66T": 0.242, "56T": 0.594, "36T": 0.42033333333333334, "46T": 0.5803333333333334, "6TT": 0.23666666666666666, "69T": 0.18333333333333332, "268": 0.432, "266": 0.3476666666666667, "256": 0.651, "236": 0.92, "246": 0.66, "226": 0.325, "269": 0.32066666666666666, "668": 0.32666666666666666, "568": 0.563, "368": 0.39466666666666667, "468": 0.6053333333333333, "689": 0.255, "688": 0.321, "566": 0.587, "366": 0.42866666666666664, "666": 0.24566666666666667, "466": 0.638, "669": 0.22633333333333333, "356": 0.6416666666666667, "456": 0.7203333333333334, "556": 0.925, "569": 0.525, "346": 0.673, "369": 0.384, "336": 0.419, "446": 0.9156666666666666, "469": 0.5883333333333334, "699": 0.21666666666666667, "7AK": 0.19533333333333333, "AKK": 0.188, "AJK": 0.16133333333333333, "AKT": 0.15933333333333333, "2AK": 0.19133333333333333, "8AK": 0.17733333333333334, "AAK": 0.18666666666666668, "5AK": 0.559, "3AK": 0.19366666666666665, "4AK": 0.5943333333333334, "9AK": 0.17466666666666666, "7KK": 0.23433333333333334, "7JK": 0.17866666666666667, "7KT": 0.21, "27K": 0.19166666666666668, "77K": 0.19566666666666666, "78K": 0.30033333333333334, "57K": 0.552, "37K": 0.29733333333333334, "47K": 0.5916666666666667, "79K": 0.17933333333333334, "JKK": 0.18066666666666667, "KKK": 0.22366666666666668, "KKT": 0.215, "2KK": 0.205, "8KK": 0.19366666666666665, "5KK": 0.6116666666666667, "3KK": 0.228, "4KK": 0.6306666666666667, "9KK": 0.18266666666666667, "JKT": 0.15333333333333332, "2JK": 0.17, "JJK": 0.172, "8JK": 0.186, "5JK": 0.5406666666666666, "3JK": 0.175, "4JK": 0.5716666666666667, "9JK": 0.144, "2KT": 0.18266666666666667, "8KT": 0.18033333333333335, "5KT": 0.5583333333333333, "3KT": 0.19266666666666668, "4KT": 0.556, "KTT": 0.191, "9KT": 0.16366666666666665, "28K": 0.19033333333333333, "25K": 0.6153333333333333, "23K": 0.297, "24K": 0.647, "22K": 0.173, "29K": 0.18566666666666667, "58K": 0.5506666666666666, "38K": 0.182, "48K": 0.5806666666666667, "89K": 0.16233333333333333, "88K": 0.20666666666666667, "35K": 0.6153333333333333, "45K": 0.836, "55K": 0.918, "59K": 0.5593333333333333, "34K": 0.6376666666666667, "39K": 0.18266666666666667, "33K": 0.18766666666666668, "44K": 0.9436666666666667, "49K": 0.5726666666666667, "99K": 0.18166666666666667, "7AJ": 0.189, "7AT": 0.212, "27A": 0.193, "77A": 0.20666666666666667, "78A": 0.2783333333333333, "7AA": 0.21533333333333332, "57A": 0.602, "37A": 0.307, "47A": 0.5863333333333334, "79A": 0.18666666666666668, "AJT": 0.16466666666666666, "2AJ": 0.192, "AJJ": 0.18533333333333332, "8AJ": 0.162, "AAJ": 0.18533333333333332, "5AJ": 0.5786666666666667, "3AJ": 0.17566666666666667, "4AJ": 0.5783333333333334, "9AJ": 0.15866666666666668, "2AT": 0.19766666666666666, "8AT": 0.17733333333333334, "AAT": 0.17833333333333334, "5AT": 0.5866666666666667, "3AT": 0.194, "4AT": 0.5906666666666667, "ATT": 0.20966666666666667, "9AT": 0.164, "28A": 0.20433333333333334, "2AA": 0.211, "25A": 0.641, "23A": 0.32366666666666666, "24A": 0.6386666666666667, "22A": 0.18833333333333332, "29A": 0.198, "8AA": 0.195, "58A": 0.5806666666666667, "38A": 0.177, "48A": 0.5923333333333334, "89A": 0.155, "88A": 0.20166666666666666, "5AA": 0.6083333333333333, "3AA": 0.21133333333333335, "AAA": 0.227, "4AA": 0.6023333333333334, "9AA": 0.174, "35A": 0.65, "45A": 0.84, "55A": 0.9313333333333333, "59A": 0.5866666666666667, "34A": 0.6663333333333333, "39A": 0.17633333333333334, "33A": 0.19033333333333333, "44A": 0.9276666666666666, "49A": 0.5833333333333334, "99A": 0.19166666666666668, "7JT": 0.203, "27J": 0.18766666666666668, "77J": 0.21766666666666667, "7JJ": 0.22133333333333333, "78J": 0.2866666666666667, "57J": 0.5796666666666667, "37J": 0.289, "47J": 0.5773333333333334, "79J": 0.159, "27T": 0.20466666666666666, "77T": 0.224, "78T": 0.2673333333333333, "57T": 0.5636666666666666, "37T": 0.31, "47T": 0.578, "7TT": 0.22933333333333333, "79T": 0.189, "277": 0.21966666666666668, "278": 0.2906666666666667, "257": 0.637, "237": 0.32766666666666666, "247": 0.6433333333333333, "227": 0.207, "279": 0.18666666666666668, "778": 0.30566666666666664, "777": 0.23366666666666666, "577": 0.599, "377": 0.3243333333333333, "477": 0.629, "779": 0.19933333333333333, "578": 0.5503333333333333, "378": 0.30266666666666664, "478": 0.5976666666666667, "789": 0.212, "788": 0.312, "357": 0.6506666666666666, "457": 0.762, "557": 0.9213333333333333, "579": 0.544, "347": 0.6606666666666666, "379": 0.2713333333333333, "337": 0.31666666666666665, "447": 0.929, "479": 0.5816666666666667, "799": 0.21033333333333334, "2JT": 0.17766666666666667, "JJT": 0.179, "8JT": 0.15466666666666667, "5JT": 0.564, "3JT": 0.17833333333333334, "4JT": 0.5676666666666667, "JTT": 0.18366666666666667, "9JT": 0.14166666666666666, "2JJ": 0.216, "28J": 0.174, "25J": 0.6396666666666667, "23J": 0.281, "24J": 0.636, "22J": 0.17066666666666666, "29J": 0.155, "8JJ": 0.18733333333333332,