{"AJJ": 0.8776666666666667, "9JJ": 0.6, "8JJ": 0.629, "7JJ": 0.628, "5JJ": 0.6493333333333333, "JJK": 0.6866666666666666, "4JJ": 0.6233333333333333, "2JJ": 0.643, "JJJ": 0.736, "JJT": 0.6963333333333334, "6JJ": 0.6366666666666667, "3JJ": 0.65, "JJQ": 0.8316666666666667, "9AJ": 0.8826666666666667, "8AJ": 0.872, "7AJ": 0.8883333333333333, "5AJ": 0.8873333333333333, "AJK": 0.9016666666666666, "4AJ": 0.897, "2AJ": 0.9003333333333333, "AAJ": 0.9613333333333334, "AJT": 0.902, "6AJ": 0.91, "3AJ": 0.9163333333333333, "AJQ": 0.9056666666666666, "89J": 0.5786666666666667, "99J": 0.6206666666666667, "79J": 0.5106666666666667, "59J": 0.554, "9JK": 0.6133333333333333, "49J": 0.55, "29J": 0.534, "9JT": 0.649, "69J": 0.555, "39J": 0.5466666666666666, "9JQ": 0.7523333333333333, "78J": 0.5113333333333333, "58J": 0.5136666666666667, "8JK": 0.6093333333333333, "48J": 0.5336666666666666, "88J": 0.6443333333333333, "28J": 0.5556666666666666, "8JT": 0.6443333333333333, "68J": 0.5433333333333333, "38J": 0.5753333333333334, "8JQ": 0.8243333333333334, "57J": 0.5323333333333333, "7JK": 0.6323333333333333, "47J": 0.532, "27J": 0.5636666666666666, "7JT": 0.6003333333333334, "77J": 0.6323333333333333, "67J": 0.5466666666666666, "37J": 0.5533333333333333, "7JQ": 0.8623333333333333, "55J": 0.628, "5JK": 0.6196666666666667, "45J": 0.5216666666666666, "25J": 0.533, "5JT": 0.6223333333333333, "56J": 0.5316666666666666, "35J": 0.5576666666666666, "5JQ": 0.8486666666666667, "4JK": 0.6396666666666667, "2JK": 0.6256666666666667, "JKT": 0.9703333333333334, "JKK": 0.714, "6JK": 0.627, "3JK": 0.6423333333333333, "JKQ": 0.8126666666666666, "44J": 0.6493333333333333, "24J": 0.557, "4JT": 0.6326666666666667, "46J": 0.5393333333333333, "34J": 0.5433333333333333, "4JQ": 0.858, "2JT": 0.626, "26J": 0.568, "23J": 0.5613333333333334, "2JQ": 0.863, "22J": 0.636, "JTT": 0.6796666666666666, "6JT": 0.7236666666666667, "3JT": 0.6953333333333334, "JQT": 0.8146666666666667, "36J": 0.67, "6JQ": 0.866, "66J": 0.6393333333333333, "3JQ": 0.848, "33J": 0.6273333333333333, "JQQ": 0.962, "89A": 0.8663333333333333, "99A": 0.8903333333333333, "79A": 0.8743333333333333, "59A": 0.888, "9AK": 0.8923333333333333, "49A": 0.8953333333333333, "29A": 0.8843333333333333, "9AA": 0.9726666666666667, "9AT": 0.8736666666666667, "69A": 0.886, "39A": 0.8983333333333333, "9AQ": 0.91, "78A": 0.8486666666666667, "58A": 0.853, "8AK": 0.9026666666666666, "48A": 0.8823333333333333, "88A": 0.8866666666666667, "28A": 0.8853333333333333, "8AA": 0.956, "8AT": 0.859, "68A": 0.859, "38A": 0.8933333333333333, "8AQ": 0.944, "57A": 0.8723333333333333, "7AK": 0.9016666666666666, "47A": 0.884, "27A": 0.9076666666666666, "7AA": 0.9676666666666667, "7AT": 0.87, "77A": 0.8826666666666667, "67A": 0.85, "37A": 0.8776666666666667, "7AQ": 0.951, "55A": 0.8843333333333333, "5AK": 0.8983333333333333, "45A": 0.864, "25A": 0.8916666666666667, "5AA": 0.9443333333333334, "5AT": 0.8906666666666667, "56A": 0.855, "35A": 0.884, "5AQ": 0.9493333333333334, "4AK": 0.8946666666666667, "2AK": 0.901, "AAK": 0.984, "AKT": 0.8883333333333333, "AKK": 0.8923333333333333, "6AK": 0.8926666666666667, "3AK": 0.8893333333333333, "AKQ": 0.9013333333333333, "44A": 0.8856666666666667, "24A": 0.8853333333333333, "4AA": 0.972, "4AT": 0.887, "46A": 0.853, "34A": 0.8756666666666667, "4AQ": 0.954, "2AA": 0.9803333333333333, "2AT": 0.8886666666666667, "26A": 0.883, "23A": 0.885, "2AQ": 0.9473333333333334, "22A": 0.889, "AAT": 0.971, "6AA": 0.972, "3AA": 0.9703333333333334, "AAQ": 0.9993333333333333, "AAA": 1.0, "ATT": 0.885, "6AT": 0.9023333333333333, "3AT": 0.9096666666666666, "AQT": 0.9086666666666666, "36A": 0.9036666666666666, "6AQ": 0.9426666666666667, "66A": 0.894, "3AQ": 0.9503333333333334, "33A": 0.8946666666666667, "AQQ": 0.9973333333333333, "899": 0.61, "789": 0.44333333333333336, "589": 0.48233333333333334, "89K": 0.5293333333333333, "489": 0.5283333333333333, "889": 0.6243333333333333, "289": 0.53, "89T": 0.563, "689": 0.49033333333333334, "389": 0.5083333333333333, "89Q": 0.769, "799": 0.6066666666666667, "599": 0.613, "99K": 0.6403333333333333, "499": 0.6293333333333333, "999": 0.73, "299": 0.6476666666666666, "99T": 0.6163333333333333, "699": 0.6086666666666667, "399": 0.6386666666666667, "99Q": 0.8366666666666667, "579": 0.49266666666666664, "79K": 0.533, "479": 0.5206666666666667, "279": 0.5436666666666666, "79T": 0.49333333333333335, "779": 0.6143333333333333, "679": 0.4693333333333333, "379": 0.513, "79Q": 0.8223333333333334, "559": 0.593, "59K": 0.5396666666666666, "459": 0.527, "259": 0.5103333333333333, "59T": 0.5256666666666666, "569": 0.4856666666666667, "359": 0.49866666666666665, "59Q": 0.8266666666666667, "49K": 0.578, "29K": 0.575, "9KT": 0.5983333333333334, "9KK": 0.6383333333333333, "69K": 0.5496666666666666, "39K": 0.563, "9KQ": 0.7713333333333333, "449": 0.6213333333333333, "249": 0.541, "49T": 0.527, "469": 0.5136666666666667, "349": 0.533, "49Q": 0.829, "29T": 0.5303333333333333, "269": 0.5143333333333333, "239": 0.5313333333333333, "29Q": 0.835, "229": 0.616, "9TT": 0.637, "69T": 0.5333333333333333, "39T": 0.5376666666666666, "9QT": 0.7606666666666667, "369": 0.539, "69Q": 0.805, "669": 0.6163333333333333, "39Q": 0.8323333333333334, "339": 0.5883333333333334, "9QQ": 0.9306666666666666, "578": 0.4656666666666667, "78K": 0.5326666666666666, "478": 0.5183333333333333, "788": 0.582, "278": 0.5323333333333333, "78T": 0.491, "778": 0.5896666666666667, "678": 0.44466666666666665, "378": 0.5046666666666667, "78Q": 0.833, "558": 0.583, "58K": 0.5096666666666667, "458": 0.48433333333333334, "588": 0.595, "258": 0.4826666666666667, "58T": 0.5093333333333333, "568": 0.455, "358": 0.5063333333333333, "58Q": 0.8293333333333334, "48K": 0.546, "88K": 0.6446666666666667, "28K": 0.561, "8KT": 0.6, "8KK": 0.6623333333333333, "68K": 0.535, "38K": 0.5486666666666666, "8KQ": 0.8213333333333334, "448": 0.612, "488": 0.6106666666666667, "248": 0.5546666666666666, "48T": 0.5253333333333333, "468": 0.47933333333333333, "348": 0.5293333333333333, "48Q": 0.8666666666666667, "288": 0.6356666666666667, "888": 0.7326666666666667, "88T": 0.6243333333333333, "688": 0.6153333333333333, "388": 0.6186666666666667, "88Q": 0.8673333333333333, "28T": 0.538, "268": 0.5043333333333333, "238": 0.5243333333333333, "28Q": 0.8693333333333333, "228": 0.6023333333333334, "8TT": 0.63, "68T": 0.5206666666666667, "38T": 0.551, "8QT": 0.8093333333333333, "368": 0.5306666666666666, "68Q": 0.8406666666666667, "668": 0.6036666666666667, "38Q": 0.8633333333333333, "338": 0.6316666666666667, "8QQ": 0.9433333333333334, "557": 0.6073333333333333, "57K": 0.547, "457": 0.48966666666666664, "257": 0.5233333333333333, "57T": 0.5286666666666666, "577": 0.6063333333333333, "567": 0.4693333333333333, "357": 0.49366666666666664, "57Q": 0.8583333333333333, "47K": 0.679, "27K": 0.6953333333333334, "7KT": 0.6336666666666667, "7KK": 0.67, "77K": 0.644, "67K": 0.5283333333333333, "37K": 0.5673333333333334, "7KQ": 0.837, "447": 0.6243333333333333, "247": 0.6916666666666667, "47T": 0.543, "477": 0.6306666666666667, "467": 0.489, "347": 0.5126666666666667, "47Q": 0.868, "27T": 0.5546666666666666, "277": 0.6506666666666666, "267": 0.528, "237": 0.5573333333333333, "27Q": 0.8726666666666667, "227": 0.6256666666666667, "7TT": 0.6226666666666667, "77T": 0.6186666666666667, "67T": 0.5313333333333333, "37T": 0.5546666666666666, "7QT": 0.8543333333333333, "677": 0.593, "377": 0.633, "77Q": 0.8743333333333333, "777": 0.7233333333333334, "367": 0.511, "67Q": 0.8376666666666667, "667": 0.603, "37Q": 0.8766666666666667, "337": 0.6186666666666667, "7QQ": 0.9753333333333334, "55K": 0.6386666666666667, "455": 0.622, "255": 0.626, "55T": 0.6433333333333333, "556": 0.5966666666666667, "355": 0.6173333333333333, "55Q": 0.8376666666666667, "555": 0.7163333333333334, "45K": 0.55, "25K": 0.5516666666666666, "5KT": 0.6123333333333333, "5KK": 0.6463333333333333, "56K": 0.5123333333333333, "35K": 0.5256666666666666, "5KQ": 0.832, "445": 0.606,