{"2KT": 0.69, "9KT": 0.654, "KQT": 0.5923333333333334, "8KT": 0.6803333333333333, "3KT": 0.8506666666666667, "KKT": 0.74, "AKT": 0.6376666666666667, "JKT": 0.5886666666666667, "7KT": 0.6646666666666666, "5KT": 0.714, "4KT": 0.718, "KTT": 0.9173333333333333, "6KT": 0.6953333333333334, "22K": 0.31966666666666665, "29K": 0.272, "2KQ": 0.3403333333333333, "28K": 0.26866666666666666, "23K": 0.6363333333333333, "2KK": 0.352, "2AK": 0.33866666666666667, "2JK": 0.327, "27K": 0.2723333333333333, "25K": 0.284, "24K": 0.283, "26K": 0.29333333333333333, "9KQ": 0.381, "89K": 0.299, "39K": 0.5713333333333334, "9KK": 0.36633333333333334, "9AK": 0.3313333333333333, "9JK": 0.4033333333333333, "79K": 0.2833333333333333, "59K": 0.2713333333333333, "49K": 0.2986666666666667, "99K": 0.366, "69K": 0.2876666666666667, "8KQ": 0.3293333333333333, "3KQ": 0.6116666666666667, "KKQ": 0.41, "AKQ": 0.44, "JKQ": 0.501, "7KQ": 0.30433333333333334, "5KQ": 0.361, "4KQ": 0.344, "6KQ": 0.31033333333333335, "KQQ": 0.4046666666666667, "38K": 0.584, "8KK": 0.3333333333333333, "8AK": 0.3383333333333333, "8JK": 0.31366666666666665, "78K": 0.27466666666666667, "58K": 0.282, "48K": 0.27466666666666667, "68K": 0.25266666666666665, "88K": 0.3273333333333333, "3KK": 0.6446666666666667, "3AK": 0.6073333333333333, "3JK": 0.6, "37K": 0.5813333333333334, "35K": 0.5856666666666667, "34K": 0.5863333333333334, "33K": 0.9386666666666666, "36K": 0.5983333333333334, "AKK": 0.4146666666666667, "JKK": 0.37166666666666665, "7KK": 0.3606666666666667, "5KK": 0.353, "4KK": 0.35233333333333333, "6KK": 0.33566666666666667, "KKK": 0.42433333333333334, "AJK": 0.441, "7AK": 0.34833333333333333, "AAK": 0.41133333333333333, "5AK": 0.344, "4AK": 0.34, "6AK": 0.3363333333333333, "7JK": 0.326, "5JK": 0.33766666666666667, "4JK": 0.32466666666666666, "JJK": 0.4073333333333333, "6JK": 0.3293333333333333, "57K": 0.2826666666666667, "47K": 0.26366666666666666, "67K": 0.2693333333333333, "77K": 0.3446666666666667, "55K": 0.331, "45K": 0.295, "56K": 0.2816666666666667, "46K": 0.283, "44K": 0.328, "66K": 0.342, "22T": 0.7106666666666667, "29T": 0.612, "2QT": 0.6843333333333333, "28T": 0.7223333333333334, "23T": 0.782, "2AT": 0.689, "2JT": 0.6696666666666666, "27T": 0.626, "25T": 0.744, "24T": 0.7563333333333333, "2TT": 0.928, "26T": 0.7313333333333333, "9QT": 0.6033333333333334, "89T": 0.6123333333333333, "39T": 0.729, "9AT": 0.666, "9JT": 0.587, "79T": 0.5773333333333334, "59T": 0.728, "49T": 0.7206666666666667, "99T": 0.6856666666666666, "9TT": 0.8916666666666667, "69T": 0.6696666666666666, "8QT": 0.6586666666666666, "3QT": 0.852, "AQT": 0.6453333333333333, "JQT": 0.548, "7QT": 0.661, "5QT": 0.69, "4QT": 0.706, "QTT": 0.8953333333333333, "6QT": 0.6956666666666667, "QQT": 0.7243333333333334, "38T": 0.8553333333333333, "8AT": 0.7023333333333334, "8JT": 0.602, "78T": 0.638, "58T": 0.7343333333333333, "48T": 0.7433333333333333, "8TT": 0.928, "68T": 0.6716666666666666, "88T": 0.7176666666666667, "3AT": 0.8616666666666667, "3JT": 0.8403333333333334, "37T": 0.7483333333333333, "35T": 0.8726666666666667, "34T": 0.851, "33T": 0.983, "3TT": 0.988, "36T": 0.8676666666666667, "AJT": 0.6143333333333333, "7AT": 0.683, "AAT": 0.714, "5AT": 0.7266666666666667, "4AT": 0.7266666666666667, "ATT": 0.9253333333333333, "6AT": 0.7176666666666667, "7JT": 0.6346666666666667, "5JT": 0.6846666666666666, "4JT": 0.692, "JJT": 0.6913333333333334, "JTT": 0.8963333333333333, "6JT": 0.6826666666666666, "57T": 0.733, "47T": 0.722, "7TT": 0.905, "67T": 0.6906666666666667, "77T": 0.6983333333333334, "55T": 0.7216666666666667, "45T": 0.765, "5TT": 0.933, "56T": 0.7623333333333333, "4TT": 0.932, "46T": 0.7566666666666667, "44T": 0.7603333333333333, "6TT": 0.932, "TTT": 0.9996666666666667, "66T": 0.74, "229": 0.2793333333333333, "222": 0.3616666666666667, "22Q": 0.3263333333333333, "228": 0.271, "223": 0.6416666666666667, "22A": 0.3273333333333333, "22J": 0.31333333333333335, "227": 0.277, "225": 0.283, "224": 0.29033333333333333, "226": 0.2803333333333333, "29Q": 0.2796666666666667, "289": 0.24866666666666667, "239": 0.5526666666666666, "29A": 0.2713333333333333, "29J": 0.276, "279": 0.20233333333333334, "259": 0.247, "249": 0.23766666666666666, "299": 0.2996666666666667, "269": 0.26166666666666666, "28Q": 0.2853333333333333, "23Q": 0.6246666666666667, "2AQ": 0.319, "2JQ": 0.3416666666666667, "27Q": 0.27066666666666667, "25Q": 0.301, "24Q": 0.3016666666666667, "26Q": 0.2806666666666667, "2QQ": 0.355, "238": 0.6343333333333333, "28A": 0.26866666666666666, "28J": 0.27666666666666667, "278": 0.24366666666666667, "258": 0.229, "248": 0.24366666666666667, "268": 0.23166666666666666, "288": 0.30566666666666664, "23A": 0.6173333333333333, "23J": 0.6186666666666667, "237": 0.5383333333333333, "235": 0.602, "234": 0.5803333333333334, "233": 0.926, "236": 0.5786666666666667, "2AJ": 0.3323333333333333, "27A": 0.268, "2AA": 0.3466666666666667, "25A": 0.2936666666666667, "24A": 0.2936666666666667, "26A": 0.2763333333333333, "27J": 0.26666666666666666, "25J": 0.278, "24J": 0.2743333333333333, "2JJ": 0.3373333333333333, "26J": 0.272, "257": 0.23666666666666666, "247": 0.237, "267": 0.23566666666666666, "277": 0.295, "255": 0.303, "245": 0.342, "256": 0.328, "246": 0.328, "244": 0.30333333333333334, "266": 0.30566666666666664, "89Q": 0.36133333333333334, "39Q": 0.5876666666666667, "9AQ": 0.318, "9JQ": 0.4573333333333333, "79Q": 0.2793333333333333, "59Q": 0.31333333333333335, "49Q": 0.30833333333333335, "99Q": 0.3546666666666667, "69Q": 0.295, "9QQ": 0.36766666666666664, "389": 0.5803333333333334, "89A": 0.2826666666666667, "89J": 0.41733333333333333, "789": 0.3893333333333333, "589": 0.24533333333333332, "489": 0.25766666666666665, "899": 0.32366666666666666, "689": 0.319, "889": 0.30333333333333334, "39A": 0.5836666666666667, "39J": 0.5866666666666667, "379": 0.469, "359": 0.542, "349": 0.5626666666666666, "399": 0.6126666666666667, "339": 0.9166666666666666, "369": 0.545, "9AJ": 0.3396666666666667, "79A": 0.27266666666666667, "9AA": 0.343, "59A": 0.263, "49A": 0.27666666666666667, "99A": 0.364, "69A": 0.2793333333333333, "79J": 0.36633333333333334, "59J": 0.29433333333333334, "49J": 0.289, "9JJ": 0.348, "99J": 0.363, "69J": 0.27566666666666667, "579": 0.234, "479": 0.26766666666666666, "799": 0.281, "679": 0.31333333333333335, "779": 0.2896666666666667, "559": 0.2813333333333333, "459": 0.2783333333333333, "599": 0.301, "569": 0.24333333333333335, "499": 0.2996666666666667, "469": 0.27266666666666667, "449": 0.284, "699": 0.294, "999": 0.38033333333333336, "669": 0.294, "38Q": 0.602, "8AQ": 0.344, "8JQ": 0.38433333333333336, "78Q": 0.2793333333333333, "58Q": 0.3, "48Q": 0.2996666666666667, "68Q": 0.263, "8QQ": 0.3536666666666667, "88Q": 0.36333333333333334, "3AQ": 0.614, "3JQ": 0.6, "37Q": 0.565, "35Q": 0.571, "34Q": 0.5873333333333334, "33Q": 0.9553333333333334, "36Q": 0.57, "3QQ": 0.6516666666666666, "AJQ": 0.433, "7AQ": 0.30466666666666664, "AAQ": 0.3933333333333333, "5AQ": 0.35, "4AQ": 0.332, "6AQ": 0.3263333333333333, "AQQ": 0.417, "7JQ": 0.31766666666666665, "5JQ": 0.346, "4JQ": 0.35833333333333334, "JJQ": 0.39966666666666667, "6JQ": 0.32666666666666666, "JQQ": 0.4126666666666667, "57Q": 0.2843333333333333, "47Q": 0.297, "67Q": 0.27566666666666667, "7QQ": 0.3443333333333333, "77Q": 0.337, "55Q": 0.35133333333333333, "45Q": 0.43566666666666665, "56Q": 0.28833333333333333, "5QQ": 0.3526666666666667, "46Q": 0.31733333333333336, "4QQ": 0.373, "44Q": 0.3263333333333333, "6QQ": 0.345, "66Q": 0.32566666666666666, "QQQ": 0.43166666666666664, "38A": 0.597, "38J": 0.5726666666666667, "378": 0.5586666666666666, "358": 0.5783333333333334, "348": 0.5866666666666667, "338": 0.947, "368": 0.54, "388": 0.6526666666666666, "8AJ": 0.3253333333333333, "78A": 0.2793333333333333, "8AA": 0.35233333333333333, "58A": 0.25066666666666665, "48A": 0.273, "68A": 0.2733333333333333, "88A": 0.31766666666666665, "78J": 0.352, "58J": 0.265, "48J": 0.27366666666666667, "8JJ": 0.342,