{"2JT": 0.7653333333333333, "JTT": 0.731, "8JT": 0.6936666666666667, "5JT": 0.7496666666666667, "JKT": 0.6576666666666666, "JQT": 0.6246666666666667, "4JT": 0.8706666666666667, "9JT": 0.6803333333333333, "AJT": 0.6923333333333334, "3JT": 0.7696666666666667, "6JT": 0.7713333333333333, "7JT": 0.7456666666666667, "JJT": 0.896, "28J": 0.7656666666666667, "25J": 0.8023333333333333, "2JK": 0.7113333333333334, "2JQ": 0.727, "24J": 0.8946666666666667, "29J": 0.771, "2AJ": 0.7453333333333333, "23J": 0.7753333333333333, "22J": 0.7883333333333333, "26J": 0.7946666666666666, "27J": 0.782, "2JJ": 0.9243333333333333, "58J": 0.7763333333333333, "8JK": 0.702, "8JQ": 0.682, "48J": 0.8746666666666667, "89J": 0.6763333333333333, "8AJ": 0.722, "38J": 0.756, "68J": 0.777, "78J": 0.748, "88J": 0.754, "8JJ": 0.9123333333333333, "5JK": 0.7223333333333334, "5JQ": 0.7323333333333333, "45J": 0.8813333333333333, "59J": 0.7643333333333333, "5AJ": 0.736, "35J": 0.7953333333333333, "56J": 0.765, "55J": 0.7776666666666666, "57J": 0.761, "5JJ": 0.9506666666666667, "JKK": 0.7666666666666667, "JKQ": 0.6256666666666667, "4JK": 0.8603333333333333, "9JK": 0.694, "AJK": 0.653, "3JK": 0.71, "6JK": 0.728, "7JK": 0.728, "JJK": 0.899, "4JQ": 0.865, "9JQ": 0.687, "AJQ": 0.6393333333333333, "3JQ": 0.714, "6JQ": 0.7173333333333334, "7JQ": 0.7263333333333334, "JJQ": 0.911, "JQQ": 0.7503333333333333, "49J": 0.8813333333333333, "44J": 0.9856666666666667, "4AJ": 0.901, "34J": 0.8883333333333333, "46J": 0.8843333333333333, "47J": 0.878, "4JJ": 0.9903333333333333, "9AJ": 0.717, "39J": 0.7743333333333333, "99J": 0.75, "69J": 0.7706666666666667, "79J": 0.7143333333333334, "9JJ": 0.924, "3AJ": 0.7676666666666667, "AAJ": 0.7893333333333333, "6AJ": 0.757, "7AJ": 0.7256666666666667, "AJJ": 0.9263333333333333, "36J": 0.7896666666666666, "33J": 0.78, "37J": 0.7803333333333333, "3JJ": 0.929, "67J": 0.7706666666666667, "66J": 0.7616666666666667, "6JJ": 0.9336666666666666, "77J": 0.755, "7JJ": 0.9243333333333333, "JJJ": 1.0, "2TT": 0.36333333333333334, "28T": 0.28733333333333333, "25T": 0.29733333333333334, "2KT": 0.33466666666666667, "2QT": 0.341, "24T": 0.651, "29T": 0.31766666666666665, "2AT": 0.3456666666666667, "23T": 0.30233333333333334, "22T": 0.357, "26T": 0.306, "27T": 0.31833333333333336, "8TT": 0.369, "5TT": 0.35233333333333333, "KTT": 0.4096666666666667, "QTT": 0.4076666666666667, "4TT": 0.6673333333333333, "9TT": 0.367, "ATT": 0.4186666666666667, "3TT": 0.36633333333333334, "6TT": 0.361, "7TT": 0.37433333333333335, "TTT": 0.44066666666666665, "58T": 0.3263333333333333, "8KT": 0.33166666666666667, "8QT": 0.411, "48T": 0.5886666666666667, "89T": 0.44266666666666665, "8AT": 0.331, "38T": 0.2793333333333333, "68T": 0.321, "78T": 0.378, "88T": 0.38033333333333336, "5KT": 0.349, "5QT": 0.37333333333333335, "45T": 0.5863333333333334, "59T": 0.31333333333333335, "5AT": 0.35233333333333333, "35T": 0.30566666666666664, "56T": 0.3363333333333333, "55T": 0.34833333333333333, "57T": 0.319, "KKT": 0.44, "KQT": 0.5316666666666666, "4KT": 0.6053333333333333, "9KT": 0.4046666666666667, "AKT": 0.42533333333333334, "3KT": 0.3426666666666667, "6KT": 0.36233333333333334, "7KT": 0.365, "4QT": 0.6286666666666667, "9QT": 0.4623333333333333, "AQT": 0.459, "3QT": 0.3566666666666667, "6QT": 0.36333333333333334, "7QT": 0.356, "QQT": 0.44066666666666665, "49T": 0.618, "44T": 0.9433333333333334, "4AT": 0.6213333333333333, "34T": 0.6386666666666667, "46T": 0.585, "47T": 0.5843333333333334, "9AT": 0.3476666666666667, "39T": 0.30566666666666664, "99T": 0.37533333333333335, "69T": 0.30966666666666665, "79T": 0.3863333333333333, "3AT": 0.3383333333333333, "AAT": 0.42733333333333334, "6AT": 0.34833333333333333, "7AT": 0.371, "36T": 0.33266666666666667, "33T": 0.35933333333333334, "37T": 0.32566666666666666, "67T": 0.44533333333333336, "66T": 0.34833333333333333, "77T": 0.37766666666666665, "258": 0.295, "28K": 0.271, "28Q": 0.3233333333333333, "248": 0.5506666666666666, "289": 0.2856666666666667, "28A": 0.31433333333333335, "238": 0.256, "228": 0.33166666666666667, "268": 0.2733333333333333, "278": 0.2773333333333333, "288": 0.3393333333333333, "25K": 0.3293333333333333, "25Q": 0.363, "245": 0.602, "259": 0.29333333333333333, "25A": 0.371, "235": 0.39066666666666666, "225": 0.37133333333333335, "256": 0.38866666666666666, "255": 0.37233333333333335, "257": 0.30366666666666664, "2KK": 0.41733333333333333, "2KQ": 0.37833333333333335, "24K": 0.5746666666666667, "29K": 0.31366666666666665, "2AK": 0.38366666666666666, "23K": 0.2793333333333333, "22K": 0.37033333333333335, "26K": 0.31566666666666665, "27K": 0.31, "24Q": 0.6643333333333333, "29Q": 0.36, "2AQ": 0.41133333333333333, "23Q": 0.3283333333333333, "22Q": 0.421, "26Q": 0.3396666666666667, "27Q": 0.333, "2QQ": 0.4156666666666667, "249": 0.6466666666666666, "244": 0.932, "24A": 0.6626666666666666, "234": 0.561, "224": 0.6536666666666666, "246": 0.594, "247": 0.6476666666666666, "29A": 0.32966666666666666, "239": 0.30033333333333334, "229": 0.346, "299": 0.345, "269": 0.2976666666666667, "279": 0.284, "23A": 0.33666666666666667, "2AA": 0.4106666666666667, "22A": 0.4063333333333333, "26A": 0.345, "27A": 0.35333333333333333, "223": 0.341, "236": 0.377, "233": 0.3496666666666667, "237": 0.2956666666666667, "226": 0.33566666666666667, "227": 0.366, "222": 0.42766666666666664, "267": 0.30633333333333335, "266": 0.3536666666666667, "277": 0.34933333333333333, "58K": 0.31866666666666665, "58Q": 0.347, "458": 0.5503333333333333, "589": 0.305, "58A": 0.355, "358": 0.2833333333333333, "568": 0.3426666666666667, "558": 0.3396666666666667, "578": 0.3453333333333333, "588": 0.3546666666666667, "8KK": 0.3943333333333333, "8KQ": 0.386, "48K": 0.49966666666666665, "89K": 0.31233333333333335, "8AK": 0.374, "38K": 0.2763333333333333, "68K": 0.311, "78K": 0.32766666666666666, "88K": 0.398, "48Q": 0.5886666666666667, "89Q": 0.422, "8AQ": 0.41133333333333333, "38Q": 0.3243333333333333, "68Q": 0.324, "78Q": 0.33066666666666666, "88Q": 0.4266666666666667, "8QQ": 0.39666666666666667, "489": 0.5816666666666667, "448": 0.9256666666666666, "48A": 0.585, "348": 0.5546666666666666, "468": 0.5466666666666666, "478": 0.5456666666666666, "488": 0.6433333333333333, "89A": 0.3396666666666667, "389": 0.2846666666666667, "899": 0.3506666666666667, "689": 0.272, "789": 0.3463333333333333, "889": 0.3566666666666667, "38A": 0.327, "8AA": 0.402, "68A": 0.32033333333333336, "78A": 0.3373333333333333, "88A": 0.4036666666666667, "368": 0.304, "338": 0.3403333333333333, "378": 0.276, "388": 0.333, "678": 0.347, "688": 0.36433333333333334, "668": 0.345, "788": 0.38233333333333336, "778": 0.354, "888": 0.435, "5KK": 0.42333333333333334, "5KQ": 0.423, "45K": 0.586, "59K": 0.33566666666666667, "5AK": 0.4023333333333333, "35K": 0.3273333333333333, "56K": 0.3446666666666667, "55K": 0.4, "57K": 0.3233333333333333, "45Q": 0.5836666666666667, "59Q": 0.363, "5AQ": 0.5526666666666666, "35Q": 0.37033333333333335, "56Q": 0.3576666666666667, "55Q": 0.406, "57Q": 0.3546666666666667, "5QQ": 0.4493333333333333, "459": 0.5936666666666667, "445": 0.9196666666666666, "45A": 0.589, "345": 0.5406666666666666, "456": 0.48033333333333333, "455": 0.6483333333333333, "457": 0.536, "59A": 0.3443333333333333, "359": 0.30033333333333334, "599": 0.3596666666666667, "569": 0.3016666666666667, "559": 0.3416666666666667, "579": 0.28833333333333333, "35A": 0.381, "5AA": 0.429, "56A": 0.36433333333333334, "55A": 0.423, "57A": 0.3616666666666667, "356": 0.4716666666666667, "355": 0.37966666666666665, "335": 0.356, "357": 0.374, "556": 0.35, "567": 0.44633333333333336, "566": 0.36433333333333334, "557": 0.359, "555": 0.43633333333333335, "577": 0.37166666666666665, "KKK": 0.49766666666666665, "KKQ": 0.4886666666666667, "4KK": 0.6573333333333333, "9KK": 0.42533333333333334, "AKK": 0.5073333333333333, "3KK": 0.3973333333333333, "6KK": 0.407, "7KK": 0.411, "4KQ": 0.5993333333333334, "9KQ": 0.4643333333333333, "AKQ": 0.5076666666666667, "3KQ": 0.36766666666666664,