{"8KT": 0.425, "2KT": 0.48033333333333333, "KKT": 0.5566666666666666, "6KT": 0.4563333333333333, "KQT": 0.5096666666666667, "JKT": 0.49233333333333335, "9KT": 0.43666666666666665, "7KT": 0.43766666666666665, "4KT": 0.48966666666666664, "5KT": 0.6433333333333333, "3KT": 0.477, "AKT": 0.815, "KTT": 0.5756666666666667, "28K": 0.49166666666666664, "8KK": 0.5796666666666667, "68K": 0.4643333333333333, "8KQ": 0.4493333333333333, "8JK": 0.464, "89K": 0.4713333333333333, "78K": 0.45166666666666666, "48K": 0.49333333333333335, "58K": 0.6296666666666667, "38K": 0.4676666666666667, "88K": 0.5776666666666667, "8AK": 0.8496666666666667, "2KK": 0.5886666666666667, "26K": 0.502, "2KQ": 0.486, "2JK": 0.48333333333333334, "29K": 0.6383333333333333, "27K": 0.4866666666666667, "24K": 0.6273333333333333, "25K": 0.707, "22K": 0.5756666666666667, "23K": 0.495, "2AK": 0.8523333333333334, "6KK": 0.5753333333333334, "KKK": 0.6733333333333333, "KKQ": 0.582, "JKK": 0.584, "9KK": 0.5753333333333334, "7KK": 0.5603333333333333, "4KK": 0.5926666666666667, "5KK": 0.743, "3KK": 0.5806666666666667, "AKK": 0.843, "66K": 0.5643333333333334, "6KQ": 0.468, "6JK": 0.4656666666666667, "69K": 0.465, "67K": 0.4696666666666667, "46K": 0.514, "56K": 0.6426666666666667, "36K": 0.5076666666666667, "6AK": 0.862, "KQQ": 0.587, "JKQ": 0.48233333333333334, "9KQ": 0.4746666666666667, "7KQ": 0.46366666666666667, "4KQ": 0.49066666666666664, "5KQ": 0.6653333333333333, "3KQ": 0.4706666666666667, "AKQ": 0.8173333333333334, "9JK": 0.44966666666666666, "7JK": 0.45, "4JK": 0.5006666666666667, "5JK": 0.6626666666666666, "3JK": 0.466, "JJK": 0.581, "AJK": 0.8156666666666667, "79K": 0.4876666666666667, "49K": 0.626, "59K": 0.646, "39K": 0.4856666666666667, "99K": 0.5736666666666667, "9AK": 0.8553333333333333, "47K": 0.49533333333333335, "57K": 0.6266666666666667, "77K": 0.5566666666666666, "37K": 0.473, "7AK": 0.8676666666666667, "45K": 0.6903333333333334, "34K": 0.5146666666666667, "44K": 0.5613333333333334, "4AK": 0.854, "35K": 0.696, "55K": 0.9566666666666667, "5AK": 0.9303333333333333, "33K": 0.5493333333333333, "3AK": 0.8596666666666667, "AAK": 0.9486666666666667, "28T": 0.445, "68T": 0.42933333333333334, "8QT": 0.379, "8JT": 0.355, "89T": 0.368, "78T": 0.3636666666666667, "48T": 0.441, "58T": 0.606, "38T": 0.4623333333333333, "88T": 0.5183333333333333, "8AT": 0.812, "8TT": 0.5226666666666666, "26T": 0.47333333333333333, "2QT": 0.45666666666666667, "2JT": 0.45466666666666666, "29T": 0.457, "27T": 0.434, "24T": 0.483, "25T": 0.6993333333333334, "22T": 0.529, "23T": 0.4766666666666667, "2AT": 0.8583333333333333, "2TT": 0.563, "66T": 0.5393333333333333, "6QT": 0.4483333333333333, "6JT": 0.43133333333333335, "69T": 0.44066666666666665, "67T": 0.43333333333333335, "46T": 0.474, "56T": 0.631, "36T": 0.49666666666666665, "6AT": 0.8396666666666667, "6TT": 0.5583333333333333, "QQT": 0.5506666666666666, "JQT": 0.42733333333333334, "9QT": 0.3863333333333333, "7QT": 0.389, "4QT": 0.448, "5QT": 0.6173333333333333, "3QT": 0.44366666666666665, "AQT": 0.7876666666666666, "QTT": 0.5326666666666666, "9JT": 0.37733333333333335, "7JT": 0.36966666666666664, "4JT": 0.43533333333333335, "5JT": 0.613, "3JT": 0.432, "JJT": 0.53, "AJT": 0.774, "JTT": 0.5343333333333333, "79T": 0.39666666666666667, "49T": 0.4603333333333333, "59T": 0.618, "39T": 0.44033333333333335, "99T": 0.508, "9AT": 0.8356666666666667, "9TT": 0.549, "47T": 0.445, "57T": 0.608, "77T": 0.5216666666666666, "37T": 0.44533333333333336, "7AT": 0.8123333333333334, "7TT": 0.526, "45T": 0.679, "34T": 0.491, "44T": 0.547, "4AT": 0.8463333333333334, "4TT": 0.574, "35T": 0.6963333333333334, "55T": 0.9616666666666667, "5AT": 0.9236666666666666, "5TT": 0.7306666666666667, "33T": 0.5416666666666666, "3AT": 0.848, "3TT": 0.5746666666666667, "ATT": 0.8256666666666667, "AAT": 0.9446666666666667, "TTT": 0.6506666666666666, "268": 0.4796666666666667, "28Q": 0.4563333333333333, "28J": 0.42433333333333334, "289": 0.45866666666666667, "278": 0.4503333333333333, "248": 0.49266666666666664, "258": 0.6893333333333334, "228": 0.5413333333333333, "238": 0.481, "288": 0.567, "28A": 0.8566666666666667, "668": 0.5413333333333333, "68Q": 0.44666666666666666, "68J": 0.44, "689": 0.479, "678": 0.5403333333333333, "468": 0.5323333333333333, "568": 0.5853333333333334, "368": 0.49133333333333334, "688": 0.5576666666666666, "68A": 0.84, "8QQ": 0.5516666666666666, "8JQ": 0.38566666666666666, "89Q": 0.437, "78Q": 0.409, "48Q": 0.45066666666666666, "58Q": 0.604, "38Q": 0.45666666666666667, "88Q": 0.5486666666666666, "8AQ": 0.8223333333333334, "89J": 0.4056666666666667, "78J": 0.388, "48J": 0.445, "58J": 0.6003333333333334, "38J": 0.43433333333333335, "88J": 0.5356666666666666, "8JJ": 0.525, "8AJ": 0.823, "789": 0.4553333333333333, "489": 0.45666666666666667, "589": 0.6013333333333334, "389": 0.45366666666666666, "899": 0.514, "889": 0.5726666666666667, "89A": 0.8346666666666667, "478": 0.501, "578": 0.5636666666666666, "778": 0.5313333333333333, "378": 0.458, "788": 0.535, "78A": 0.8133333333333334, "458": 0.6476666666666666, "348": 0.47433333333333333, "448": 0.5596666666666666, "488": 0.5833333333333334, "48A": 0.868, "358": 0.7003333333333334, "588": 0.718, "558": 0.9313333333333333, "58A": 0.9246666666666666, "338": 0.5583333333333333, "388": 0.5766666666666667, "38A": 0.8726666666666667, "88A": 0.8436666666666667, "888": 0.6863333333333334, "8AA": 0.956, "266": 0.567, "26Q": 0.4856666666666667, "26J": 0.48333333333333334, "269": 0.481, "267": 0.479, "246": 0.558, "256": 0.6526666666666666, "226": 0.555, "236": 0.5543333333333333, "26A": 0.8483333333333334, "2QQ": 0.5903333333333334, "2JQ": 0.445, "29Q": 0.4776666666666667, "27Q": 0.46066666666666667, "24Q": 0.503, "25Q": 0.711, "22Q": 0.529, "23Q": 0.4716666666666667, "2AQ": 0.8506666666666667, "29J": 0.466, "27J": 0.43566666666666665, "24J": 0.4796666666666667, "25J": 0.692, "22J": 0.5616666666666666, "23J": 0.4696666666666667, "2JJ": 0.5676666666666667, "2AJ": 0.8426666666666667, "279": 0.475, "249": 0.5956666666666667, "259": 0.6963333333333334, "229": 0.551, "239": 0.48433333333333334, "299": 0.5686666666666667, "29A": 0.867, "247": 0.49933333333333335, "257": 0.6926666666666667, "227": 0.5493333333333333, "277": 0.5693333333333334, "237": 0.47433333333333333, "27A": 0.8636666666666667, "245": 0.7053333333333334, "224": 0.5716666666666667, "234": 0.5576666666666666, "244": 0.581, "24A": 0.859, "225": 0.7153333333333334, "235": 0.716, "255": 0.962, "25A": 0.9426666666666667, "223": 0.5613333333333334, "22A": 0.8213333333333334, "222": 0.661, "233": 0.5706666666666667, "23A": 0.8576666666666667, "2AA": 0.9496666666666667, "66Q": 0.5473333333333333, "66J": 0.5456666666666666, "669": 0.5656666666666667, "667": 0.553, "466": 0.597, "566": 0.7066666666666667, "366": 0.5823333333333334, "666": 0.6846666666666666, "66A": 0.8446666666666667, "6QQ": 0.5606666666666666, "6JQ": 0.4563333333333333, "69Q": 0.4503333333333333, "67Q": 0.46066666666666667, "46Q": 0.4806666666666667, "56Q": 0.6416666666666667, "36Q": 0.49866666666666665, "6AQ": 0.8513333333333334, "69J": 0.446, "67J": 0.4643333333333333, "46J": 0.4786666666666667, "56J": 0.6396666666666667, "36J": 0.48933333333333334, "6JJ": 0.567, "6AJ": 0.849, "679": 0.49933333333333335, "469": 0.49, "569": 0.5936666666666667, "369": 0.49266666666666664, "699": 0.5486666666666666, "69A": 0.8496666666666667, "467": 0.59, "567": 0.5456666666666666, "677": 0.5823333333333334, "367": 0.5606666666666666, "67A": 0.838, "456": 0.5903333333333334, "346": 0.617, "446": 0.5783333333333334, "46A": 0.851, "356": 0.7366666666666667, "556": 0.9156666666666666, "56A": 0.903, "336": 0.5473333333333333, "36A": 0.8513333333333334, "6AA": 0.9586666666666667, "JQQ": 0.5533333333333333, "9QQ": 0.572, "7QQ": 0.5373333333333333, "4QQ": 0.588, "5QQ": 0.7326666666666667, "QQQ": 0.658, "3QQ": 0.5743333333333334, "AQQ": 0.856, "9JQ": 0.4156666666666667, "7JQ": 0.38866666666666666, "4JQ": 0.432, "5JQ": 0.615,