{"AAJ": 0.587, "6AJ": 0.5106666666666667, "8AJ": 0.4886666666666667, "2AJ": 0.494, "5AJ": 0.5086666666666667, "AJJ": 0.5946666666666667, "AJK": 0.7386666666666667, "4AJ": 0.511, "7AJ": 0.49533333333333335, "3AJ": 0.5046666666666667, "9AJ": 0.709, "AJQ": 0.548, "AJT": 0.5976666666666667, "6AA": 0.6, "8AA": 0.6116666666666667, "2AA": 0.6043333333333333, "5AA": 0.5983333333333334, "AAK": 0.837, "4AA": 0.6086666666666667, "7AA": 0.5986666666666667, "3AA": 0.588, "9AA": 0.801, "AAQ": 0.6243333333333333, "AAT": 0.6293333333333333, "AAA": 0.7156666666666667, "68A": 0.5286666666666666, "26A": 0.519, "56A": 0.508, "6AK": 0.8103333333333333, "66A": 0.567, "46A": 0.5113333333333333, "67A": 0.5143333333333333, "36A": 0.49533333333333335, "69A": 0.766, "6AQ": 0.5183333333333333, "6AT": 0.656, "28A": 0.4826666666666667, "58A": 0.505, "88A": 0.5973333333333334, "8AK": 0.784, "48A": 0.497, "78A": 0.5076666666666667, "38A": 0.474, "89A": 0.7323333333333333, "8AQ": 0.5126666666666667, "8AT": 0.5186666666666667, "25A": 0.489, "2AK": 0.7893333333333333, "24A": 0.498, "27A": 0.5136666666666667, "23A": 0.494, "22A": 0.571, "29A": 0.759, "2AQ": 0.5146666666666667, "2AT": 0.529, "5AK": 0.811, "45A": 0.4836666666666667, "57A": 0.49266666666666664, "35A": 0.492, "59A": 0.7773333333333333, "5AQ": 0.5073333333333333, "5AT": 0.524, "55A": 0.5863333333333334, "4AK": 0.8056666666666666, "7AK": 0.8103333333333333, "3AK": 0.7793333333333333, "9AK": 0.8926666666666667, "AKQ": 0.7806666666666666, "AKT": 0.768, "AKK": 0.9516666666666667, "47A": 0.49666666666666665, "34A": 0.49066666666666664, "49A": 0.77, "4AQ": 0.517, "4AT": 0.5326666666666666, "44A": 0.5873333333333334, "37A": 0.5113333333333333, "79A": 0.7526666666666667, "7AQ": 0.503, "7AT": 0.5366666666666666, "77A": 0.588, "39A": 0.7466666666666667, "3AQ": 0.5146666666666667, "3AT": 0.5246666666666666, "33A": 0.5886666666666667, "9AQ": 0.7133333333333334, "9AT": 0.713, "99A": 0.961, "AQT": 0.5813333333333334, "AQQ": 0.6053333333333333, "ATT": 0.6176666666666667, "68J": 0.43366666666666664, "26J": 0.428, "56J": 0.427, "6JJ": 0.5423333333333333, "6JK": 0.815, "66J": 0.5153333333333333, "46J": 0.452, "67J": 0.445, "36J": 0.42933333333333334, "69J": 0.7196666666666667, "6JQ": 0.526, "6JT": 0.55, "28J": 0.38166666666666665, "58J": 0.42633333333333334, "8JJ": 0.5093333333333333, "88J": 0.5123333333333333, "8JK": 0.7066666666666667, "48J": 0.43733333333333335, "78J": 0.5026666666666667, "38J": 0.38266666666666665, "89J": 0.574, "8JQ": 0.5113333333333333, "8JT": 0.565, "25J": 0.43633333333333335, "2JJ": 0.5206666666666667, "2JK": 0.713, "24J": 0.43233333333333335, "27J": 0.448, "23J": 0.388, "22J": 0.486, "29J": 0.6343333333333333, "2JQ": 0.5183333333333333, "2JT": 0.5273333333333333, "5JJ": 0.5343333333333333, "5JK": 0.828, "45J": 0.466, "57J": 0.454, "35J": 0.43166666666666664, "59J": 0.7233333333333334, "5JQ": 0.5406666666666666, "5JT": 0.534, "55J": 0.511, "JJJ": 0.6343333333333333, "JJK": 0.8183333333333334, "4JJ": 0.5473333333333333, "7JJ": 0.5433333333333333, "3JJ": 0.5363333333333333, "9JJ": 0.7576666666666667, "JJQ": 0.5796666666666667, "JJT": 0.6096666666666667, "4JK": 0.817, "7JK": 0.8123333333333334, "3JK": 0.7256666666666667, "9JK": 0.757, "JKQ": 0.7966666666666666, "JKT": 0.7833333333333333, "JKK": 0.933, "47J": 0.458, "34J": 0.4186666666666667, "49J": 0.737, "4JQ": 0.523, "4JT": 0.5406666666666666, "44J": 0.49233333333333335, "37J": 0.431, "79J": 0.688, "7JQ": 0.5066666666666667, "7JT": 0.5906666666666667, "77J": 0.528, "39J": 0.639, "3JQ": 0.5146666666666667, "3JT": 0.512, "33J": 0.5033333333333333, "9JQ": 0.712, "9JT": 0.6573333333333333, "99J": 0.9246666666666666, "JQT": 0.941, "JQQ": 0.5763333333333334, "JTT": 0.617, "268": 0.4256666666666667, "568": 0.4706666666666667, "688": 0.53, "68K": 0.8273333333333334, "668": 0.48433333333333334, "468": 0.42866666666666664, "678": 0.564, "368": 0.429, "689": 0.6866666666666666, "68Q": 0.447, "68T": 0.53, "256": 0.419, "26K": 0.8196666666666667, "266": 0.4816666666666667, "246": 0.4086666666666667, "267": 0.45766666666666667, "236": 0.39866666666666667, "226": 0.49866666666666665, "269": 0.76, "26Q": 0.451, "26T": 0.4796666666666667, "56K": 0.826, "566": 0.5176666666666667, "456": 0.4043333333333333, "567": 0.4876666666666667, "356": 0.411, "569": 0.7503333333333333, "56Q": 0.43766666666666665, "56T": 0.451, "556": 0.5186666666666667, "66K": 0.8273333333333334, "46K": 0.8296666666666667, "67K": 0.8346666666666667, "36K": 0.81, "69K": 0.9023333333333333, "6KQ": 0.8543333333333333, "6KT": 0.8383333333333334, "6KK": 0.9686666666666667, "466": 0.507, "667": 0.521, "366": 0.491, "669": 0.7493333333333333, "66Q": 0.5233333333333333, "66T": 0.5323333333333333, "666": 0.6273333333333333, "467": 0.4033333333333333, "346": 0.39666666666666667, "469": 0.7926666666666666, "46Q": 0.4236666666666667, "46T": 0.466, "446": 0.49933333333333335, "367": 0.437, "679": 0.698, "67Q": 0.43233333333333335, "67T": 0.5303333333333333, "677": 0.5133333333333333, "369": 0.7426666666666667, "36Q": 0.456, "36T": 0.4593333333333333, "336": 0.49433333333333335, "69Q": 0.752, "69T": 0.7176666666666667, "699": 0.949, "6QT": 0.554, "6QQ": 0.536, "6TT": 0.552, "258": 0.42333333333333334, "288": 0.506, "28K": 0.727, "248": 0.417, "278": 0.4503333333333333, "238": 0.389, "228": 0.49833333333333335, "289": 0.6683333333333333, "28Q": 0.43533333333333335, "28T": 0.45366666666666666, "588": 0.5323333333333333, "58K": 0.8133333333333334, "458": 0.44166666666666665, "578": 0.48433333333333334, "358": 0.438, "589": 0.72, "58Q": 0.4603333333333333, "58T": 0.45966666666666667, "558": 0.511, "88K": 0.816, "488": 0.52, "788": 0.519, "388": 0.5123333333333333, "889": 0.7343333333333333, "88Q": 0.538, "88T": 0.544, "888": 0.6263333333333333, "48K": 0.819, "78K": 0.8136666666666666, "38K": 0.725, "89K": 0.7833333333333333, "8KQ": 0.8326666666666667, "8KT": 0.8133333333333334, "8KK": 0.936, "478": 0.44233333333333336, "348": 0.425, "489": 0.7563333333333333, "48Q": 0.4533333333333333, "48T": 0.45866666666666667, "448": 0.494, "378": 0.43266666666666664, "789": 0.661, "78Q": 0.43833333333333335, "78T": 0.5706666666666667, "778": 0.5106666666666667, "389": 0.664, "38Q": 0.44433333333333336, "38T": 0.43066666666666664, "338": 0.49766666666666665, "89Q": 0.6843333333333333, "89T": 0.6363333333333333, "899": 0.9106666666666666, "8QT": 0.5286666666666666, "8QQ": 0.5163333333333333, "8TT": 0.5366666666666666, "25K": 0.8233333333333334, "245": 0.4176666666666667, "257": 0.43566666666666665, "235": 0.39166666666666666, "225": 0.529, "259": 0.78, "25Q": 0.45866666666666667, "25T": 0.44266666666666665, "255": 0.5296666666666666, "24K": 0.8276666666666667, "27K": 0.839, "23K": 0.7276666666666667, "22K": 0.8236666666666667, "29K": 0.8086666666666666, "2KQ": 0.8333333333333334, "2KT": 0.8246666666666667, "2KK": 0.9393333333333334, "247": 0.44333333333333336, "234": 0.41333333333333333, "224": 0.523, "249": 0.7833333333333333, "24Q": 0.4633333333333333, "24T": 0.44, "244": 0.5003333333333333, "237": 0.424, "227": 0.5136666666666667, "279": 0.7613333333333333, "27Q": 0.447, "27T": 0.45666666666666667, "277": 0.5126666666666667, "223": 0.47733333333333333, "239": 0.6816666666666666, "23Q": 0.423, "23T": 0.423, "233": 0.502, "229": 0.787, "22Q": 0.5253333333333333, "22T": 0.522, "222": 0.6236666666666667, "29Q": 0.76, "29T": 0.7306666666666667, "299": 0.9573333333333334, "2QT": 0.5373333333333333, "2QQ": 0.5356666666666666, "2TT": 0.544, "45K": 0.8366666666666667, "57K": 0.8486666666666667, "35K": 0.8086666666666666, "59K": 0.9056666666666666, "5KQ": 0.8573333333333333, "5KT": 0.851, "55K": 0.8386666666666667, "5KK": 0.9646666666666667, "457": 0.42533333333333334, "345": 0.414, "459": 0.786, "45Q": 0.45666666666666667, "45T": 0.45, "445": 0.49666666666666665, "455": 0.5193333333333333, "357": 0.43466666666666665, "579": 0.7596666666666667, "57Q": 0.423, "57T": 0.4583333333333333, "557": 0.5183333333333333, "577": 0.5056666666666667,