{"AJT": 0.694, "4AJ": 0.7406666666666667, "9AJ": 0.7366666666666667, "AJJ": 0.903, "AAJ": 0.748, "AJQ": 0.6083333333333333, "2AJ": 0.8793333333333333, "AJK": 0.6523333333333333, "5AJ": 0.7363333333333333, "3AJ": 0.7516666666666667, "7AJ": 0.7043333333333334, "6AJ": 0.732, "8AJ": 0.6966666666666667, "4JT": 0.7693333333333333, "9JT": 0.6776666666666666, "JJT": 0.9016666666666666, "JQT": 0.629, "2JT": 0.862, "JKT": 0.6566666666666666, "5JT": 0.8423333333333334, "3JT": 0.8373333333333334, "7JT": 0.7053333333333334, "6JT": 0.768, "JTT": 0.742, "8JT": 0.681, "49J": 0.745, "4JJ": 0.9346666666666666, "4JQ": 0.715, "24J": 0.8746666666666667, "4JK": 0.7093333333333334, "45J": 0.788, "34J": 0.804, "47J": 0.7303333333333333, "46J": 0.7313333333333333, "48J": 0.7193333333333334, "44J": 0.729, "9JJ": 0.9076666666666666, "9JQ": 0.6646666666666666, "29J": 0.8413333333333334, "9JK": 0.665, "59J": 0.765, "39J": 0.771, "79J": 0.6836666666666666, "99J": 0.6986666666666667, "69J": 0.731, "89J": 0.654, "JJQ": 0.8816666666666667, "2JJ": 0.9846666666666667, "JJK": 0.9206666666666666, "5JJ": 0.947, "3JJ": 0.945, "7JJ": 0.91, "6JJ": 0.9386666666666666, "8JJ": 0.911, "JJJ": 1.0, "2JQ": 0.852, "JKQ": 0.6143333333333333, "5JQ": 0.7223333333333334, "3JQ": 0.7163333333333334, "7JQ": 0.6923333333333334, "6JQ": 0.714, "JQQ": 0.7336666666666667, "8JQ": 0.665, "2JK": 0.857, "25J": 0.8796666666666667, "23J": 0.887, "27J": 0.7733333333333333, "26J": 0.8816666666666667, "28J": 0.7556666666666667, "22J": 0.9836666666666667, "JKK": 0.7523333333333333, "5JK": 0.717, "3JK": 0.7353333333333333, "7JK": 0.691, "6JK": 0.6946666666666667, "8JK": 0.6843333333333333, "35J": 0.8433333333333334, "57J": 0.7406666666666667, "56J": 0.7676666666666667, "58J": 0.744, "55J": 0.7686666666666667, "33J": 0.762, "37J": 0.764, "36J": 0.79, "38J": 0.757, "67J": 0.7306666666666667, "78J": 0.5793333333333334, "77J": 0.7186666666666667, "68J": 0.7143333333333334, "66J": 0.7323333333333333, "88J": 0.7316666666666667, "4AT": 0.3423333333333333, "9AT": 0.361, "AAT": 0.4226666666666667, "AQT": 0.438, "2AT": 0.611, "AKT": 0.4523333333333333, "5AT": 0.5553333333333333, "3AT": 0.5396666666666666, "7AT": 0.36666666666666664, "6AT": 0.337, "ATT": 0.4096666666666667, "8AT": 0.37166666666666665, "49A": 0.31, "4AA": 0.38333333333333336, "4AQ": 0.3486666666666667, "24A": 0.5876666666666667, "4AK": 0.37, "45A": 0.336, "34A": 0.3393333333333333, "47A": 0.307, "46A": 0.30633333333333335, "48A": 0.2996666666666667, "44A": 0.38066666666666665, "9AA": 0.39566666666666667, "9AQ": 0.35133333333333333, "29A": 0.5926666666666667, "9AK": 0.3403333333333333, "59A": 0.34, "39A": 0.3466666666666667, "79A": 0.29333333333333333, "99A": 0.37633333333333335, "69A": 0.2966666666666667, "89A": 0.32233333333333336, "AAQ": 0.44266666666666665, "2AA": 0.6436666666666667, "AAK": 0.469, "5AA": 0.4216666666666667, "3AA": 0.423, "7AA": 0.368, "6AA": 0.4053333333333333, "8AA": 0.38133333333333336, "AAA": 0.46266666666666667, "2AQ": 0.5486666666666666, "AKQ": 0.4593333333333333, "5AQ": 0.38566666666666666, "3AQ": 0.38133333333333336, "7AQ": 0.354, "6AQ": 0.3606666666666667, "AQQ": 0.43333333333333335, "8AQ": 0.358, "2AK": 0.589, "25A": 0.6036666666666667, "23A": 0.6013333333333334, "27A": 0.564, "26A": 0.583, "28A": 0.564, "22A": 0.965, "AKK": 0.43933333333333335, "5AK": 0.3983333333333333, "3AK": 0.4026666666666667, "7AK": 0.36833333333333335, "6AK": 0.363, "8AK": 0.373, "35A": 0.5546666666666666, "57A": 0.326, "56A": 0.30833333333333335, "58A": 0.32766666666666666, "55A": 0.3933333333333333, "33A": 0.38333333333333336, "37A": 0.35033333333333333, "36A": 0.34833333333333333, "38A": 0.3353333333333333, "67A": 0.275, "78A": 0.31066666666666665, "77A": 0.375, "68A": 0.287, "66A": 0.36966666666666664, "88A": 0.406, "49T": 0.32033333333333336, "4QT": 0.3546666666666667, "24T": 0.6053333333333333, "4KT": 0.3466666666666667, "45T": 0.5413333333333333, "34T": 0.536, "47T": 0.30433333333333334, "46T": 0.2743333333333333, "4TT": 0.365, "48T": 0.31066666666666665, "44T": 0.329, "9QT": 0.48333333333333334, "29T": 0.5976666666666667, "9KT": 0.39366666666666666, "59T": 0.5473333333333333, "39T": 0.5366666666666666, "79T": 0.38266666666666665, "99T": 0.375, "69T": 0.307, "9TT": 0.383, "89T": 0.45566666666666666, "2QT": 0.611, "KQT": 0.5213333333333333, "5QT": 0.531, "3QT": 0.5663333333333334, "7QT": 0.35733333333333334, "6QT": 0.344, "QTT": 0.39466666666666667, "QQT": 0.4563333333333333, "8QT": 0.4226666666666667, "2KT": 0.6126666666666667, "25T": 0.7113333333333334, "23T": 0.72, "27T": 0.578, "26T": 0.5756666666666667, "2TT": 0.6436666666666667, "28T": 0.5703333333333334, "22T": 0.962, "KKT": 0.42866666666666664, "5KT": 0.5576666666666666, "3KT": 0.5673333333333334, "7KT": 0.36133333333333334, "6KT": 0.331, "KTT": 0.4256666666666667, "8KT": 0.36133333333333334, "35T": 0.917, "57T": 0.517, "56T": 0.515, "5TT": 0.5533333333333333, "58T": 0.5266666666666666, "55T": 0.527, "33T": 0.5396666666666666, "37T": 0.5113333333333333, "36T": 0.5203333333333333, "3TT": 0.557, "38T": 0.534, "67T": 0.271, "7TT": 0.36666666666666664, "78T": 0.3616666666666667, "77T": 0.361, "6TT": 0.37, "68T": 0.2876666666666667, "66T": 0.351, "8TT": 0.37333333333333335, "TTT": 0.44, "88T": 0.5603333333333333, "49Q": 0.2936666666666667, "249": 0.561, "49K": 0.26766666666666666, "459": 0.2793333333333333, "349": 0.29, "479": 0.25733333333333336, "499": 0.32266666666666666, "469": 0.218, "489": 0.2673333333333333, "449": 0.31566666666666665, "24Q": 0.572, "4KQ": 0.369, "45Q": 0.33566666666666667, "34Q": 0.3536666666666667, "47Q": 0.314, "46Q": 0.287, "4QQ": 0.3943333333333333, "48Q": 0.31333333333333335, "44Q": 0.386, "24K": 0.5596666666666666, "245": 0.5693333333333334, "234": 0.5716666666666667, "247": 0.5616666666666666, "246": 0.496, "248": 0.5323333333333333, "244": 0.6006666666666667, "224": 0.9183333333333333, "4KK": 0.356, "45K": 0.30433333333333334, "34K": 0.339, "47K": 0.293, "46K": 0.24033333333333334, "48K": 0.28733333333333333, "44K": 0.36833333333333335, "345": 0.5776666666666667, "457": 0.2786666666666667, "456": 0.32466666666666666, "458": 0.284, "445": 0.353, "455": 0.3466666666666667, "334": 0.3473333333333333, "347": 0.298, "346": 0.333, "348": 0.2976666666666667, "344": 0.38266666666666665, "467": 0.23266666666666666, "478": 0.24066666666666667, "447": 0.303, "477": 0.30533333333333335, "468": 0.23166666666666666, "466": 0.32033333333333336, "446": 0.311, "488": 0.37733333333333335, "448": 0.30533333333333335, "444": 0.4116666666666667, "29Q": 0.5856666666666667, "9KQ": 0.41733333333333333, "59Q": 0.345, "39Q": 0.3456666666666667, "79Q": 0.318, "99Q": 0.378, "69Q": 0.31266666666666665, "9QQ": 0.3943333333333333, "89Q": 0.3893333333333333, "29K": 0.576, "259": 0.5886666666666667, "239": 0.5983333333333334, "279": 0.536, "299": 0.6033333333333334, "269": 0.555, "289": 0.5513333333333333, "229": 0.9196666666666666, "9KK": 0.37466666666666665, "59K": 0.31866666666666665, "39K": 0.3536666666666667, "79K": 0.307, "99K": 0.37, "69K": 0.2643333333333333, "89K": 0.30633333333333335, "359": 0.532, "579": 0.2946666666666667, "599": 0.35933333333333334, "569": 0.273, "589": 0.30333333333333334, "559": 0.35133333333333333, "339": 0.3516666666666667, "379": 0.2856666666666667, "399": 0.35933333333333334, "369": 0.2916666666666667, "389": 0.317, "799": 0.29033333333333333, "679": 0.228, "789": 0.322, "779": 0.32066666666666666, "699": 0.31533333333333335, "999": 0.44133333333333336, "899": 0.32566666666666666, "689": 0.242, "669": 0.31266666666666665, "889": 0.347, "2KQ": 0.5976666666666667, "25Q": 0.6056666666666667, "23Q": 0.5956666666666667, "27Q": 0.561, "26Q": 0.5783333333333334, "2QQ": 0.62, "28Q": 0.5683333333333334, "22Q": 0.9633333333333334, "KKQ": 0.445, "5KQ": 0.38066666666666665, "3KQ": 0.4003333333333333, "7KQ": 0.377, "6KQ": 0.3436666666666667, "KQQ": 0.4663333333333333, "8KQ": 0.3626666666666667, "35Q": 0.5523333333333333, "57Q": 0.321, "56Q": 0.32666666666666666,