{"6JK": 0.7403333333333333, "JKQ": 0.6403333333333333, "JKT": 0.677, "2JK": 0.7443333333333333, "8JK": 0.7316666666666667, "9JK": 0.7013333333333334, "4JK": 0.736, "3JK": 0.734, "JJK": 0.9316666666666666, "AJK": 0.6716666666666666, "JKK": 0.767, "5JK": 0.8876666666666667, "7JK": 0.7236666666666667, "66K": 0.39166666666666666, "6KQ": 0.3943333333333333, "6KT": 0.337, "26K": 0.351, "68K": 0.35833333333333334, "69K": 0.3496666666666667, "46K": 0.3496666666666667, "36K": 0.39966666666666667, "6AK": 0.38033333333333336, "6KK": 0.416, "56K": 0.5896666666666667, "67K": 0.353, "KQT": 0.517, "2KQ": 0.4066666666666667, "8KQ": 0.419, "KQQ": 0.5096666666666667, "9KQ": 0.463, "4KQ": 0.41333333333333333, "3KQ": 0.431, "AKQ": 0.5056666666666667, "KKQ": 0.5016666666666667, "5KQ": 0.6366666666666667, "7KQ": 0.4, "2KT": 0.357, "8KT": 0.352, "9KT": 0.39866666666666667, "4KT": 0.3606666666666667, "3KT": 0.37366666666666665, "KTT": 0.4236666666666667, "AKT": 0.4573333333333333, "KKT": 0.43066666666666664, "5KT": 0.619, "7KT": 0.3443333333333333, "28K": 0.3536666666666667, "29K": 0.365, "24K": 0.35033333333333333, "23K": 0.365, "2AK": 0.3993333333333333, "2KK": 0.4236666666666667, "22K": 0.3943333333333333, "25K": 0.675, "27K": 0.3273333333333333, "89K": 0.358, "48K": 0.3566666666666667, "38K": 0.36566666666666664, "88K": 0.4063333333333333, "8AK": 0.3933333333333333, "8KK": 0.453, "58K": 0.618, "78K": 0.34933333333333333, "49K": 0.369, "39K": 0.372, "99K": 0.422, "9AK": 0.398, "9KK": 0.45466666666666666, "59K": 0.6053333333333333, "79K": 0.36333333333333334, "34K": 0.382, "44K": 0.42233333333333334, "4AK": 0.3933333333333333, "4KK": 0.448, "45K": 0.6826666666666666, "47K": 0.35833333333333334, "3AK": 0.4176666666666667, "3KK": 0.441, "33K": 0.42433333333333334, "35K": 0.6796666666666666, "37K": 0.36566666666666664, "AAK": 0.5023333333333333, "AKK": 0.4856666666666667, "5AK": 0.6526666666666666, "7AK": 0.386, "5KK": 0.7153333333333334, "KKK": 0.5166666666666667, "7KK": 0.43266666666666664, "55K": 0.9426666666666667, "57K": 0.6096666666666667, "77K": 0.418, "66J": 0.7856666666666666, "6JQ": 0.7233333333333334, "6JT": 0.7843333333333333, "26J": 0.763, "68J": 0.7713333333333333, "69J": 0.775, "46J": 0.7926666666666666, "36J": 0.799, "6JJ": 0.951, "6AJ": 0.728, "56J": 0.877, "67J": 0.7706666666666667, "JQT": 0.632, "2JQ": 0.739, "8JQ": 0.73, "JQQ": 0.7683333333333333, "9JQ": 0.6826666666666666, "4JQ": 0.7586666666666667, "3JQ": 0.7393333333333333, "JJQ": 0.9133333333333333, "AJQ": 0.637, "5JQ": 0.8606666666666667, "7JQ": 0.7213333333333334, "2JT": 0.776, "8JT": 0.7093333333333334, "9JT": 0.644, "4JT": 0.7626666666666667, "3JT": 0.774, "JTT": 0.7556666666666667, "JJT": 0.9053333333333333, "AJT": 0.667, "5JT": 0.8593333333333333, "7JT": 0.7366666666666667, "28J": 0.787, "29J": 0.7843333333333333, "24J": 0.8026666666666666, "23J": 0.7993333333333333, "2JJ": 0.9573333333333334, "2AJ": 0.7296666666666667, "22J": 0.7683333333333333, "25J": 0.918, "27J": 0.7883333333333333, "89J": 0.705, "48J": 0.779, "38J": 0.782, "88J": 0.7593333333333333, "8JJ": 0.9253333333333333, "8AJ": 0.7183333333333334, "58J": 0.871, "78J": 0.7353333333333333, "49J": 0.778, "39J": 0.775, "9JJ": 0.9073333333333333, "99J": 0.7493333333333333, "9AJ": 0.7493333333333333, "59J": 0.852, "79J": 0.7403333333333333, "34J": 0.7883333333333333, "44J": 0.7836666666666666, "4JJ": 0.9396666666666667, "4AJ": 0.744, "45J": 0.8886666666666667, "47J": 0.7916666666666666, "3JJ": 0.9573333333333334, "3AJ": 0.733, "33J": 0.7916666666666666, "35J": 0.915, "37J": 0.7886666666666666, "AJJ": 0.936, "5JJ": 0.9866666666666667, "7JJ": 0.95, "JJJ": 1.0, "AAJ": 0.79, "5AJ": 0.898, "7AJ": 0.7306666666666667, "55J": 0.9873333333333333, "57J": 0.8946666666666667, "77J": 0.781, "66Q": 0.4046666666666667, "66T": 0.3303333333333333, "266": 0.36533333333333334, "668": 0.35033333333333333, "669": 0.3413333333333333, "466": 0.386, "366": 0.393, "66A": 0.38166666666666665, "566": 0.635, "666": 0.45, "667": 0.3506666666666667, "6QT": 0.3456666666666667, "26Q": 0.3413333333333333, "68Q": 0.36566666666666664, "6QQ": 0.43933333333333335, "69Q": 0.35433333333333333, "46Q": 0.3873333333333333, "36Q": 0.3496666666666667, "6AQ": 0.372, "56Q": 0.6, "67Q": 0.343, "26T": 0.29833333333333334, "68T": 0.3016666666666667, "69T": 0.292, "46T": 0.31833333333333336, "36T": 0.30033333333333334, "6TT": 0.345, "6AT": 0.3313333333333333, "56T": 0.5943333333333334, "67T": 0.2816666666666667, "268": 0.30666666666666664, "269": 0.28933333333333333, "246": 0.385, "236": 0.3873333333333333, "26A": 0.319, "226": 0.342, "256": 0.585, "267": 0.25666666666666665, "689": 0.3616666666666667, "468": 0.413, "368": 0.31433333333333335, "688": 0.366, "68A": 0.3273333333333333, "568": 0.5556666666666666, "678": 0.43233333333333335, "469": 0.30466666666666664, "369": 0.32, "699": 0.359, "69A": 0.317, "569": 0.556, "679": 0.355, "346": 0.48333333333333334, "446": 0.37666666666666665, "46A": 0.35933333333333334, "456": 0.5543333333333333, "467": 0.4643333333333333, "36A": 0.3373333333333333, "336": 0.3586666666666667, "356": 0.578, "367": 0.385, "6AA": 0.404, "56A": 0.5803333333333334, "67A": 0.2916666666666667, "556": 0.9113333333333333, "567": 0.49533333333333335, "677": 0.37, "2QT": 0.36433333333333334, "8QT": 0.436, "QQT": 0.4176666666666667, "9QT": 0.46, "4QT": 0.37233333333333335, "3QT": 0.36933333333333335, "QTT": 0.43133333333333335, "AQT": 0.472, "5QT": 0.6226666666666667, "7QT": 0.36566666666666664, "28Q": 0.38033333333333336, "2QQ": 0.43866666666666665, "29Q": 0.368, "24Q": 0.37933333333333336, "23Q": 0.36533333333333334, "2AQ": 0.3893333333333333, "22Q": 0.422, "25Q": 0.6873333333333334, "27Q": 0.3446666666666667, "8QQ": 0.44766666666666666, "89Q": 0.44166666666666665, "48Q": 0.5046666666666667, "38Q": 0.36666666666666664, "88Q": 0.42433333333333334, "8AQ": 0.43666666666666665, "58Q": 0.6236666666666667, "78Q": 0.37266666666666665, "9QQ": 0.41533333333333333, "4QQ": 0.44966666666666666, "3QQ": 0.423, "AQQ": 0.488, "QQQ": 0.5136666666666667, "5QQ": 0.6936666666666667, "7QQ": 0.43033333333333335, "49Q": 0.36966666666666664, "39Q": 0.34933333333333333, "99Q": 0.433, "9AQ": 0.409, "59Q": 0.619, "79Q": 0.36766666666666664, "34Q": 0.36, "44Q": 0.4176666666666667, "4AQ": 0.41433333333333333, "45Q": 0.6683333333333333, "47Q": 0.376, "3AQ": 0.4066666666666667, "33Q": 0.40166666666666667, "35Q": 0.675, "37Q": 0.362, "AAQ": 0.4866666666666667, "5AQ": 0.6566666666666666, "7AQ": 0.384, "55Q": 0.956, "57Q": 0.6236666666666667, "77Q": 0.42733333333333334, "28T": 0.297, "29T": 0.31166666666666665, "24T": 0.32466666666666666, "23T": 0.314, "2TT": 0.3626666666666667, "2AT": 0.3253333333333333, "22T": 0.3416666666666667, "25T": 0.6436666666666667, "27T": 0.29833333333333334, "89T": 0.44466666666666665, "48T": 0.33566666666666667, "38T": 0.321, "88T": 0.346, "8TT": 0.378, "8AT": 0.3423333333333333, "58T": 0.601, "78T": 0.37266666666666665, "49T": 0.2853333333333333, "39T": 0.31466666666666665, "9TT": 0.36033333333333334, "99T": 0.36633333333333334, "9AT": 0.341, "59T": 0.526, "79T": 0.37033333333333335, "34T": 0.335, "4TT": 0.372, "44T": 0.36933333333333335, "4AT": 0.3433333333333333, "45T": 0.6303333333333333, "47T": 0.31533333333333335, "3TT": 0.372, "3AT": 0.3383333333333333, "33T": 0.342, "35T": 0.6526666666666666, "37T": 0.31733333333333336, "ATT": 0.3913333333333333, "TTT": 0.44166666666666665, "5TT": 0.6673333333333333, "7TT": 0.3576666666666667, "AAT": 0.448, "5AT": 0.6133333333333333, "7AT": 0.32066666666666666, "55T": 0.9313333333333333, "57T": 0.5973333333333334, "77T": 0.36833333333333335, "289": 0.3273333333333333, "248": 0.3253333333333333, "238": 0.318, "288": 0.383, "28A": 0.321, "228": 0.367, "258": 0.6616666666666666, "278": 0.3, "249": 0.321, "239": 0.30333333333333334, "299": 0.374, "29A": 0.33266666666666667, "229": 0.3466666666666667, "259": 0.6473333333333333, "279": 0.30533333333333335, "234": 0.402, "244": 0.36866666666666664, "24A": 0.32666666666666666, "224": 0.372,