{"2AJ": 0.34, "AAJ": 0.42133333333333334, "4AJ": 0.6266666666666667, "AJJ": 0.4083333333333333, "7AJ": 0.35433333333333333, "5AJ": 0.31266666666666665, "AJQ": 0.42633333333333334, "8AJ": 0.3453333333333333, "AJK": 0.43233333333333335, "3AJ": 0.31233333333333335, "6AJ": 0.31033333333333335, "9AJ": 0.3586666666666667, "AJT": 0.6246666666666667, "2AA": 0.344, "24A": 0.6533333333333333, "27A": 0.2866666666666667, "25A": 0.2713333333333333, "2AQ": 0.332, "28A": 0.2853333333333333, "2AK": 0.32166666666666666, "22A": 0.313, "23A": 0.2713333333333333, "26A": 0.277, "29A": 0.29333333333333333, "2AT": 0.7343333333333333, "4AA": 0.6596666666666666, "AAA": 0.429, "7AA": 0.3576666666666667, "5AA": 0.355, "AAQ": 0.4023333333333333, "8AA": 0.35733333333333334, "AAK": 0.397, "3AA": 0.35833333333333334, "6AA": 0.36466666666666664, "9AA": 0.35933333333333334, "AAT": 0.7473333333333333, "47A": 0.5983333333333334, "45A": 0.5776666666666667, "4AQ": 0.595, "48A": 0.6176666666666667, "4AK": 0.5923333333333334, "44A": 0.9313333333333333, "34A": 0.651, "46A": 0.5743333333333334, "49A": 0.5973333333333334, "4AT": 0.8796666666666667, "57A": 0.2876666666666667, "7AQ": 0.31366666666666665, "78A": 0.3006666666666667, "7AK": 0.301, "37A": 0.29433333333333334, "67A": 0.2846666666666667, "79A": 0.32166666666666666, "7AT": 0.7043333333333334, "77A": 0.3526666666666667, "5AQ": 0.26966666666666667, "58A": 0.2633333333333333, "5AK": 0.26466666666666666, "35A": 0.24, "56A": 0.248, "55A": 0.32233333333333336, "59A": 0.276, "5AT": 0.708, "8AQ": 0.3283333333333333, "AKQ": 0.35733333333333334, "3AQ": 0.2793333333333333, "6AQ": 0.274, "9AQ": 0.31866666666666665, "AQT": 0.6046666666666667, "AQQ": 0.40166666666666667, "8AK": 0.33866666666666667, "88A": 0.3353333333333333, "38A": 0.2856666666666667, "68A": 0.2876666666666667, "89A": 0.293, "8AT": 0.6873333333333334, "3AK": 0.271, "AKK": 0.398, "6AK": 0.26166666666666666, "9AK": 0.31533333333333335, "AKT": 0.6053333333333333, "33A": 0.322, "36A": 0.247, "39A": 0.2773333333333333, "3AT": 0.7076666666666667, "69A": 0.278, "6AT": 0.7033333333333334, "66A": 0.32, "9AT": 0.7013333333333334, "99A": 0.357, "ATT": 0.9103333333333333, "24J": 0.636, "2JJ": 0.366, "27J": 0.31133333333333335, "25J": 0.2956666666666667, "2JQ": 0.35233333333333333, "28J": 0.304, "2JK": 0.35, "22J": 0.33266666666666667, "23J": 0.30333333333333334, "26J": 0.297, "29J": 0.3373333333333333, "2JT": 0.699, "4JJ": 0.6573333333333333, "47J": 0.6013333333333334, "45J": 0.57, "4JQ": 0.6256666666666667, "48J": 0.6106666666666667, "4JK": 0.6376666666666667, "44J": 0.9426666666666667, "34J": 0.6676666666666666, "46J": 0.5936666666666667, "49J": 0.608, "4JT": 0.8473333333333334, "7JJ": 0.38866666666666666, "5JJ": 0.3586666666666667, "JJQ": 0.42633333333333334, "8JJ": 0.37166666666666665, "JJK": 0.411, "JJJ": 0.43233333333333335, "3JJ": 0.3496666666666667, "6JJ": 0.352, "9JJ": 0.38766666666666666, "JJT": 0.7366666666666667, "57J": 0.3323333333333333, "7JQ": 0.37433333333333335, "78J": 0.4023333333333333, "7JK": 0.37166666666666665, "37J": 0.319, "67J": 0.31566666666666665, "79J": 0.5013333333333333, "7JT": 0.6963333333333334, "77J": 0.368, "5JQ": 0.3343333333333333, "58J": 0.2853333333333333, "5JK": 0.328, "35J": 0.2776666666666667, "56J": 0.2853333333333333, "55J": 0.33266666666666667, "59J": 0.321, "5JT": 0.6836666666666666, "8JQ": 0.4053333333333333, "JKQ": 0.481, "3JQ": 0.33866666666666667, "6JQ": 0.31733333333333336, "9JQ": 0.48433333333333334, "JQT": 0.5523333333333333, "JQQ": 0.426, "8JK": 0.342, "88J": 0.37, "38J": 0.30133333333333334, "68J": 0.2996666666666667, "89J": 0.461, "8JT": 0.6473333333333333, "3JK": 0.31, "JKK": 0.407, "6JK": 0.324, "9JK": 0.4226666666666667, "JKT": 0.5863333333333334, "33J": 0.3393333333333333, "36J": 0.28, "39J": 0.32366666666666666, "3JT": 0.7046666666666667, "69J": 0.31733333333333336, "6JT": 0.7083333333333334, "66J": 0.3433333333333333, "9JT": 0.6543333333333333, "99J": 0.38533333333333336, "JTT": 0.8803333333333333, "247": 0.6396666666666667, "245": 0.5896666666666667, "24Q": 0.6156666666666667, "248": 0.6263333333333333, "24K": 0.65, "244": 0.9303333333333333, "224": 0.6443333333333333, "234": 0.6546666666666666, "246": 0.5763333333333334, "249": 0.6463333333333333, "24T": 0.895, "257": 0.2833333333333333, "27Q": 0.2846666666666667, "278": 0.27566666666666667, "27K": 0.2836666666666667, "227": 0.2823333333333333, "237": 0.266, "267": 0.27, "279": 0.2833333333333333, "27T": 0.7666666666666667, "277": 0.2843333333333333, "25Q": 0.28733333333333333, "258": 0.262, "25K": 0.2853333333333333, "225": 0.29133333333333333, "235": 0.33766666666666667, "256": 0.33566666666666667, "255": 0.30666666666666664, "259": 0.24833333333333332, "25T": 0.7776666666666666, "28Q": 0.29233333333333333, "2KQ": 0.32466666666666666, "22Q": 0.31766666666666665, "23Q": 0.2826666666666667, "26Q": 0.26566666666666666, "29Q": 0.3006666666666667, "2QT": 0.7033333333333334, "2QQ": 0.36933333333333335, "28K": 0.295, "288": 0.2866666666666667, "228": 0.292, "238": 0.26066666666666666, "268": 0.2643333333333333, "289": 0.265, "28T": 0.7503333333333333, "22K": 0.31433333333333335, "23K": 0.2763333333333333, "2KK": 0.374, "26K": 0.2866666666666667, "29K": 0.28633333333333333, "2KT": 0.7236666666666667, "223": 0.29433333333333334, "226": 0.2916666666666667, "229": 0.297, "22T": 0.7643333333333333, "222": 0.36, "233": 0.32066666666666666, "236": 0.3473333333333333, "239": 0.277, "23T": 0.7803333333333333, "269": 0.27, "26T": 0.7593333333333333, "266": 0.309, "29T": 0.7506666666666667, "299": 0.31233333333333335, "2TT": 0.9446666666666667, "457": 0.533, "47Q": 0.587, "478": 0.5766666666666667, "47K": 0.6176666666666667, "447": 0.9293333333333333, "347": 0.606, "467": 0.502, "479": 0.603, "47T": 0.8636666666666667, "477": 0.62, "45Q": 0.569, "458": 0.5466666666666666, "45K": 0.558, "445": 0.8933333333333333, "345": 0.55, "456": 0.4593333333333333, "455": 0.618, "459": 0.5796666666666667, "45T": 0.895, "48Q": 0.6153333333333333, "4KQ": 0.5946666666666667, "44Q": 0.9226666666666666, "34Q": 0.6396666666666667, "46Q": 0.564, "49Q": 0.6016666666666667, "4QT": 0.864, "4QQ": 0.662, "48K": 0.5946666666666667, "448": 0.9476666666666667, "488": 0.644, "348": 0.638, "468": 0.5543333333333333, "489": 0.6036666666666667, "48T": 0.8683333333333333, "44K": 0.939, "34K": 0.6416666666666667, "4KK": 0.6786666666666666, "46K": 0.5613333333333334, "49K": 0.6133333333333333, "4KT": 0.884, "344": 0.9106666666666666, "446": 0.9016666666666666, "449": 0.941, "44T": 0.9843333333333333, "444": 1.0, "334": 0.674, "346": 0.5476666666666666, "349": 0.6526666666666666, "34T": 0.9153333333333333, "469": 0.5786666666666667, "46T": 0.8763333333333333, "466": 0.6206666666666667, "49T": 0.8553333333333333, "499": 0.638, "4TT": 0.988, "57Q": 0.2836666666666667, "578": 0.31933333333333336, "57K": 0.29033333333333333, "357": 0.32966666666666666, "567": 0.38166666666666665, "557": 0.2946666666666667, "579": 0.2853333333333333, "57T": 0.7606666666666667, "577": 0.313, "78Q": 0.29733333333333334, "7KQ": 0.316, "37Q": 0.2713333333333333, "67Q": 0.28933333333333333, "79Q": 0.32266666666666666, "7QT": 0.7146666666666667, "7QQ": 0.36633333333333334, "77Q": 0.342, "78K": 0.294, "788": 0.32866666666666666, "378": 0.26366666666666666, "678": 0.3963333333333333, "789": 0.422, "78T": 0.691, "778": 0.31666666666666665, "37K": 0.2813333333333333, "7KK": 0.38, "67K": 0.283, "79K": 0.32133333333333336, "7KT": 0.6893333333333334, "77K": 0.3453333333333333, "337": 0.306, "367": 0.335, "379": 0.2803333333333333, "37T": 0.7603333333333333, "377": 0.31533333333333335, "679": 0.355, "67T": 0.7096666666666667, "677": 0.3243333333333333, "667": 0.2946666666666667, "79T": 0.7013333333333334, "779": 0.32566666666666666, "799": 0.33366666666666667, "77T": 0.717, "7TT": 0.9243333333333333, "777": 0.382, "58Q": 0.269, "5KQ": 0.26366666666666666, "35Q": 0.254, "56Q": 0.236, "55Q": 0.3283333333333333, "59Q": 0.2683333333333333, "5QT": 0.6896666666666667,