{"8AT": 0.611, "8KT": 0.8613333333333333, "58T": 0.45966666666666667, "8TT": 0.5633333333333334, "8JT": 0.6206666666666667, "68T": 0.474, "8QT": 0.8086666666666666, "78T": 0.44466666666666665, "28T": 0.5013333333333333, "48T": 0.45066666666666666, "89T": 0.5186666666666667, "38T": 0.4886666666666667, "88T": 0.5853333333333334, "AKT": 0.843, "5AT": 0.5856666666666667, "ATT": 0.6823333333333333, "AJT": 0.9726666666666667, "6AT": 0.611, "AQT": 0.836, "7AT": 0.621, "2AT": 0.6216666666666667, "4AT": 0.614, "AAT": 0.692, "9AT": 0.6033333333333334, "3AT": 0.623, "5KT": 0.8733333333333333, "KTT": 0.866, "JKT": 0.892, "KKT": 0.9576666666666667, "6KT": 0.855, "KQT": 0.848, "7KT": 0.851, "2KT": 0.8603333333333333, "4KT": 0.8416666666666667, "9KT": 0.8543333333333333, "3KT": 0.8616666666666667, "5TT": 0.5716666666666667, "5JT": 0.6506666666666666, "56T": 0.482, "5QT": 0.851, "57T": 0.47433333333333333, "25T": 0.476, "55T": 0.5696666666666667, "45T": 0.474, "59T": 0.555, "35T": 0.479, "JTT": 0.6933333333333334, "6TT": 0.5733333333333334, "QTT": 0.8633333333333333, "7TT": 0.5726666666666667, "2TT": 0.5783333333333334, "4TT": 0.576, "9TT": 0.637, "3TT": 0.586, "TTT": 0.6493333333333333, "6JT": 0.652, "JQT": 0.8483333333333334, "7JT": 0.6353333333333333, "2JT": 0.6416666666666667, "4JT": 0.6383333333333333, "9JT": 0.9603333333333334, "3JT": 0.656, "JJT": 0.683, "6QT": 0.851, "67T": 0.4633333333333333, "66T": 0.577, "26T": 0.5156666666666667, "46T": 0.4796666666666667, "69T": 0.5543333333333333, "36T": 0.508, "7QT": 0.847, "2QT": 0.8636666666666667, "4QT": 0.8256666666666667, "9QT": 0.8206666666666667, "QQT": 0.958, "3QT": 0.8663333333333333, "27T": 0.496, "47T": 0.4766666666666667, "79T": 0.544, "77T": 0.57, "37T": 0.49066666666666664, "24T": 0.48966666666666664, "29T": 0.558, "22T": 0.5756666666666667, "23T": 0.499, "49T": 0.5523333333333333, "34T": 0.46066666666666667, "44T": 0.5636666666666666, "99T": 0.6186666666666667, "39T": 0.572, "33T": 0.5683333333333334, "8AK": 0.8323333333333334, "58A": 0.509, "8AJ": 0.6113333333333333, "68A": 0.517, "8AQ": 0.8143333333333334, "78A": 0.506, "28A": 0.5593333333333333, "48A": 0.5306666666666666, "8AA": 0.6526666666666666, "89A": 0.5196666666666667, "38A": 0.5526666666666666, "88A": 0.6106666666666667, "58K": 0.858, "8JK": 0.8673333333333333, "8KK": 0.9716666666666667, "68K": 0.851, "8KQ": 0.9113333333333333, "78K": 0.8403333333333334, "28K": 0.8753333333333333, "48K": 0.8416666666666667, "89K": 0.8506666666666667, "38K": 0.8773333333333333, "88K": 0.8733333333333333, "58J": 0.49366666666666664, "568": 0.43833333333333335, "58Q": 0.8516666666666667, "578": 0.42, "258": 0.4653333333333333, "558": 0.529, "458": 0.4583333333333333, "589": 0.4533333333333333, "358": 0.47433333333333333, "588": 0.5396666666666666, "68J": 0.629, "8JQ": 0.823, "78J": 0.4583333333333333, "28J": 0.638, "48J": 0.48933333333333334, "89J": 0.6656666666666666, "38J": 0.636, "8JJ": 0.5843333333333334, "88J": 0.5776666666666667, "68Q": 0.8346666666666667, "678": 0.42133333333333334, "668": 0.5243333333333333, "268": 0.618, "468": 0.45066666666666666, "689": 0.5983333333333334, "368": 0.6183333333333333, "688": 0.5313333333333333, "78Q": 0.846, "28Q": 0.8656666666666667, "48Q": 0.822, "89Q": 0.811, "8QQ": 0.962, "38Q": 0.872, "88Q": 0.8603333333333333, "278": 0.466, "478": 0.4236666666666667, "789": 0.4256666666666667, "778": 0.5293333333333333, "378": 0.4686666666666667, "788": 0.5343333333333333, "248": 0.4856666666666667, "289": 0.6323333333333333, "228": 0.564, "238": 0.637, "288": 0.565, "489": 0.474, "348": 0.498, "448": 0.559, "488": 0.5573333333333333, "899": 0.558, "389": 0.637, "889": 0.545, "338": 0.5613333333333334, "388": 0.568, "888": 0.6493333333333333, "5AK": 0.8093333333333333, "AJK": 0.8373333333333334, "AKK": 0.9703333333333334, "6AK": 0.8173333333333334, "AKQ": 0.855, "7AK": 0.832, "2AK": 0.8286666666666667, "4AK": 0.8003333333333333, "AAK": 0.867, "9AK": 0.8373333333333334, "3AK": 0.826, "5AJ": 0.5953333333333334, "56A": 0.5006666666666667, "5AQ": 0.7893333333333333, "57A": 0.5053333333333333, "25A": 0.5113333333333333, "55A": 0.606, "45A": 0.492, "5AA": 0.6136666666666667, "59A": 0.5, "35A": 0.514, "6AJ": 0.617, "AJQ": 0.828, "7AJ": 0.599, "2AJ": 0.6316666666666667, "4AJ": 0.624, "AAJ": 0.71, "9AJ": 0.6203333333333333, "3AJ": 0.6323333333333333, "AJJ": 0.663, "6AQ": 0.8313333333333334, "67A": 0.511, "66A": 0.5966666666666667, "26A": 0.5483333333333333, "46A": 0.5166666666666667, "6AA": 0.6556666666666666, "69A": 0.5273333333333333, "36A": 0.555, "7AQ": 0.819, "2AQ": 0.833, "4AQ": 0.7973333333333333, "AAQ": 0.856, "9AQ": 0.823, "AQQ": 0.9463333333333334, "3AQ": 0.8373333333333334, "27A": 0.5406666666666666, "47A": 0.5216666666666666, "7AA": 0.6463333333333333, "79A": 0.517, "77A": 0.6266666666666667, "37A": 0.521, "24A": 0.5203333333333333, "2AA": 0.667, "29A": 0.55, "22A": 0.6273333333333333, "23A": 0.5416666666666666, "4AA": 0.6176666666666667, "49A": 0.545, "34A": 0.514, "44A": 0.6026666666666667, "9AA": 0.655, "AAA": 0.753, "3AA": 0.634, "99A": 0.597, "39A": 0.548, "33A": 0.6166666666666667, "5JK": 0.8716666666666667, "5KK": 0.9753333333333334, "56K": 0.8343333333333334, "5KQ": 0.8976666666666666, "57K": 0.832, "25K": 0.877, "55K": 0.837, "45K": 0.8216666666666667, "59K": 0.8733333333333333, "35K": 0.8663333333333333, "JKK": 0.9713333333333334, "6JK": 0.867, "JKQ": 0.8423333333333334, "7JK": 0.867, "2JK": 0.8703333333333333, "4JK": 0.8536666666666667, "9JK": 0.852, "3JK": 0.8576666666666667, "JJK": 0.842, "6KK": 0.968, "KKQ": 0.997, "7KK": 0.9656666666666667, "2KK": 0.981, "4KK": 0.954, "9KK": 0.9743333333333334, "KKK": 1.0, "3KK": 0.9753333333333334, "6KQ": 0.9023333333333333, "67K": 0.832, "66K": 0.8743333333333333, "26K": 0.8726666666666667, "46K": 0.8173333333333334, "69K": 0.8526666666666667, "36K": 0.8613333333333333, "7KQ": 0.8993333333333333, "2KQ": 0.9076666666666666, "4KQ": 0.8033333333333333, "9KQ": 0.8676666666666667, "KQQ": 0.997, "3KQ": 0.9186666666666666, "27K": 0.8813333333333333, "47K": 0.8303333333333334, "79K": 0.8413333333333334, "77K": 0.8766666666666667, "37K": 0.866, "24K": 0.8396666666666667, "29K": 0.8696666666666667, "22K": 0.8666666666666667, "23K": 0.8703333333333333, "49K": 0.8436666666666667, "34K": 0.84, "44K": 0.8443333333333334, "99K": 0.865, "39K": 0.87, "33K": 0.8403333333333334, "56J": 0.495, "5JQ": 0.8526666666666667, "57J": 0.4703333333333333, "25J": 0.531, "55J": 0.571, "45J": 0.486, "59J": 0.5723333333333334, "35J": 0.49666666666666665, "5JJ": 0.572, "56Q": 0.839, "567": 0.3923333333333333, "566": 0.5073333333333333, "256": 0.449, "556": 0.5103333333333333, "456": 0.4063333333333333, "569": 0.457, "356": 0.43933333333333335, "57Q": 0.843, "25Q": 0.8603333333333333, "55Q": 0.8346666666666667, "45Q": 0.82, "59Q": 0.853, "5QQ": 0.9433333333333334, "35Q": 0.8486666666666667, "257": 0.462, "557": 0.5266666666666666, "457": 0.42633333333333334, "579": 0.4593333333333333, "577": 0.53, "357": 0.44266666666666665, "255": 0.5433333333333333, "245": 0.45466666666666666, "259": 0.49366666666666664, "225": 0.5336666666666666, "235": 0.4646666666666667, "455": 0.531, "559": 0.5566666666666666, "555": 0.654, "355": 0.538, "459": 0.458, "345": 0.426, "445": 0.5166666666666667, "599": 0.5483333333333333, "359": 0.49866666666666665, "335": 0.541, "6JQ": 0.858, "67J": 0.4806666666666667, "66J": 0.572, "26J": 0.6413333333333333, "46J": 0.5113333333333333, "69J": 0.6963333333333334, "36J": 0.635, "6JJ": 0.5993333333333334, "7JQ": 0.8466666666666667, "2JQ": 0.8576666666666667, "4JQ": 0.8156666666666667, "9JQ": 0.84, "JQQ": 0.9576666666666667, "3JQ": 0.8553333333333333, "JJQ": 0.8413333333333334, "27J": 0.5236666666666666, "47J": 0.4623333333333333, "79J": 0.5646666666666667, "77J": 0.5786666666666667, "37J": 0.5116666666666667, "7JJ": 0.5646666666666667, "24J": 0.48966666666666664, "29J": 0.7033333333333334, "22J": 0.582, "23J": 0.6646666666666666, "2JJ": 0.5733333333333334, "49J": 0.5813333333333334,