{"5AQ": 0.458, "35A": 0.3586666666666667, "5AT": 0.40066666666666667, "5AJ": 0.7713333333333333, "5AA": 0.48133333333333334, "55A": 0.43233333333333335, "59A": 0.7636666666666667, "56A": 0.35133333333333333, "5AK": 0.43866666666666665, "45A": 0.3963333333333333, "57A": 0.38866666666666666, "25A": 0.384, "58A": 0.42733333333333334, "3AQ": 0.44966666666666666, "AQT": 0.5946666666666667, "AJQ": 0.6786666666666666, "AAQ": 0.548, "9AQ": 0.7183333333333334, "6AQ": 0.4216666666666667, "AKQ": 0.5526666666666666, "4AQ": 0.464, "7AQ": 0.455, "2AQ": 0.44033333333333335, "8AQ": 0.5373333333333333, "AQQ": 0.5333333333333333, "3AT": 0.3923333333333333, "3AJ": 0.7803333333333333, "3AA": 0.47733333333333333, "39A": 0.7733333333333333, "36A": 0.3516666666666667, "33A": 0.42, "3AK": 0.403, "34A": 0.391, "37A": 0.38766666666666666, "23A": 0.358, "38A": 0.41133333333333333, "AJT": 0.7253333333333334, "AAT": 0.483, "ATT": 0.46366666666666667, "9AT": 0.6976666666666667, "6AT": 0.38166666666666665, "AKT": 0.47833333333333333, "4AT": 0.4126666666666667, "7AT": 0.46066666666666667, "2AT": 0.4026666666666667, "8AT": 0.5796666666666667, "AAJ": 0.8216666666666667, "9AJ": 0.8866666666666667, "6AJ": 0.739, "AJK": 0.703, "4AJ": 0.766, "7AJ": 0.767, "2AJ": 0.767, "8AJ": 0.7603333333333333, "AJJ": 0.931, "9AA": 0.8013333333333333, "6AA": 0.451, "AAK": 0.5236666666666666, "4AA": 0.48333333333333334, "7AA": 0.47633333333333333, "2AA": 0.4876666666666667, "AAA": 0.544, "8AA": 0.493, "69A": 0.7263333333333334, "9AK": 0.7216666666666667, "49A": 0.769, "79A": 0.7463333333333333, "29A": 0.7693333333333333, "99A": 0.9576666666666667, "89A": 0.753, "6AK": 0.4103333333333333, "46A": 0.36033333333333334, "67A": 0.38033333333333336, "26A": 0.362, "68A": 0.37133333333333335, "66A": 0.4073333333333333, "4AK": 0.43266666666666664, "7AK": 0.44266666666666665, "2AK": 0.413, "8AK": 0.4493333333333333, "AKK": 0.5223333333333333, "47A": 0.3913333333333333, "24A": 0.363, "48A": 0.4226666666666667, "44A": 0.44166666666666665, "27A": 0.38566666666666666, "78A": 0.49566666666666664, "77A": 0.44233333333333336, "28A": 0.394, "22A": 0.436, "88A": 0.454, "35Q": 0.4136666666666667, "5QT": 0.57, "5JQ": 0.7593333333333333, "55Q": 0.4846666666666667, "59Q": 0.7663333333333333, "56Q": 0.407, "5KQ": 0.5426666666666666, "45Q": 0.5236666666666666, "57Q": 0.4116666666666667, "25Q": 0.4176666666666667, "58Q": 0.6036666666666667, "5QQ": 0.4876666666666667, "35T": 0.3466666666666667, "35J": 0.8013333333333333, "355": 0.3893333333333333, "359": 0.7836666666666666, "356": 0.28833333333333333, "335": 0.3893333333333333, "35K": 0.36566666666666664, "345": 0.312, "357": 0.31866666666666665, "235": 0.2966666666666667, "358": 0.37666666666666665, "5JT": 0.8033333333333333, "55T": 0.41433333333333333, "5TT": 0.44133333333333336, "59T": 0.75, "56T": 0.3636666666666667, "5KT": 0.4553333333333333, "45T": 0.38533333333333336, "57T": 0.45566666666666666, "25T": 0.37066666666666664, "58T": 0.5623333333333334, "55J": 0.8046666666666666, "59J": 0.894, "56J": 0.7876666666666666, "5JK": 0.768, "45J": 0.7876666666666666, "57J": 0.805, "25J": 0.802, "58J": 0.8076666666666666, "5JJ": 0.961, "555": 0.4726666666666667, "559": 0.76, "556": 0.37966666666666665, "55K": 0.44166666666666665, "455": 0.39566666666666667, "557": 0.39666666666666667, "255": 0.3883333333333333, "558": 0.442, "569": 0.7363333333333333, "59K": 0.7606666666666667, "459": 0.7876666666666666, "579": 0.7333333333333333, "259": 0.7926666666666666, "599": 0.9513333333333334, "589": 0.7656666666666667, "56K": 0.363, "456": 0.302, "567": 0.4063333333333333, "256": 0.31466666666666665, "568": 0.443, "566": 0.38266666666666665, "45K": 0.383, "57K": 0.38066666666666665, "25K": 0.38466666666666666, "58K": 0.4236666666666667, "5KK": 0.48933333333333334, "457": 0.339, "245": 0.3243333333333333, "458": 0.507, "445": 0.371, "257": 0.348, "578": 0.5356666666666666, "577": 0.4216666666666667, "258": 0.4023333333333333, "225": 0.37966666666666665, "588": 0.44633333333333336, "3QT": 0.5513333333333333, "3JQ": 0.7746666666666666, "39Q": 0.7753333333333333, "36Q": 0.387, "33Q": 0.468, "3KQ": 0.5053333333333333, "34Q": 0.4196666666666667, "37Q": 0.381, "23Q": 0.37866666666666665, "38Q": 0.48933333333333334, "3QQ": 0.4713333333333333, "JQT": 0.7663333333333333, "QTT": 0.621, "9QT": 0.7596666666666667, "6QT": 0.573, "KQT": 0.9036666666666666, "4QT": 0.5993333333333334, "7QT": 0.549, "2QT": 0.535, "8QT": 0.9403333333333334, "QQT": 0.5826666666666667, "9JQ": 0.8323333333333334, "6JQ": 0.7573333333333333, "JKQ": 0.696, "4JQ": 0.7523333333333333, "7JQ": 0.7556666666666667, "2JQ": 0.761, "8JQ": 0.7753333333333333, "JQQ": 0.8023333333333333, "JJQ": 0.9343333333333333, "69Q": 0.746, "9KQ": 0.7383333333333333, "49Q": 0.777, "79Q": 0.7526666666666667, "29Q": 0.7643333333333333, "99Q": 0.9413333333333334, "89Q": 0.7853333333333333, "9QQ": 0.8026666666666666, "6KQ": 0.5226666666666666, "46Q": 0.389, "67Q": 0.39366666666666666, "26Q": 0.38266666666666665, "68Q": 0.489, "6QQ": 0.488, "66Q": 0.461, "4KQ": 0.5313333333333333, "7KQ": 0.49333333333333335, "2KQ": 0.517, "8KQ": 0.5383333333333333, "KQQ": 0.5666666666666667, "KKQ": 0.605, "47Q": 0.39966666666666667, "24Q": 0.42433333333333334, "48Q": 0.6103333333333333, "4QQ": 0.49966666666666665, "44Q": 0.4646666666666667, "27Q": 0.37766666666666665, "78Q": 0.49433333333333335, "77Q": 0.48533333333333334, "7QQ": 0.47, "28Q": 0.5046666666666667, "22Q": 0.44233333333333336, "2QQ": 0.489, "88Q": 0.544, "8QQ": 0.562, "QQQ": 0.5806666666666667, "3JT": 0.7953333333333333, "3TT": 0.4093333333333333, "39T": 0.723, "36T": 0.35233333333333333, "33T": 0.415, "3KT": 0.4, "34T": 0.35033333333333333, "37T": 0.3883333333333333, "23T": 0.307, "38T": 0.5296666666666666, "39J": 0.9163333333333333, "36J": 0.815, "33J": 0.804, "3JK": 0.744, "34J": 0.8086666666666666, "37J": 0.7746666666666666, "23J": 0.8023333333333333, "38J": 0.8183333333333334, "3JJ": 0.961, "369": 0.774, "339": 0.7953333333333333, "39K": 0.7406666666666667, "349": 0.789, "379": 0.7683333333333333, "239": 0.7676666666666667, "399": 0.9423333333333334, "389": 0.798, "336": 0.379, "36K": 0.354, "346": 0.293, "367": 0.323, "236": 0.306, "368": 0.36966666666666664, "366": 0.384, "33K": 0.43533333333333335, "334": 0.415, "337": 0.402, "233": 0.38033333333333336, "338": 0.44466666666666665, "333": 0.49166666666666664, "34K": 0.36433333333333334, "37K": 0.3253333333333333, "23K": 0.32233333333333336, "38K": 0.38066666666666665, "3KK": 0.46, "347": 0.31533333333333335, "234": 0.2896666666666667, "348": 0.373, "344": 0.382, "237": 0.3006666666666667, "378": 0.442, "377": 0.395, "238": 0.3626666666666667, "223": 0.36966666666666664, "388": 0.395, "JTT": 0.7943333333333333, "9JT": 0.789, "6JT": 0.8083333333333333, "JKT": 0.7216666666666667, "4JT": 0.8053333333333333, "7JT": 0.7766666666666666, "2JT": 0.784, "8JT": 0.8026666666666666, "JJT": 0.9543333333333334, "9TT": 0.7753333333333333, "6TT": 0.4086666666666667, "KTT": 0.5233333333333333, "4TT": 0.436, "7TT": 0.499, "2TT": 0.4136666666666667, "8TT": 0.5796666666666667, "TTT": 0.5016666666666667, "69T": 0.711, "9KT": 0.6973333333333334, "49T": 0.737, "79T": 0.7163333333333334, "29T": 0.7286666666666667, "99T": 0.9173333333333333, "89T": 0.7716666666666666, "6KT": 0.4653333333333333, "46T": 0.36033333333333334, "67T": 0.4186666666666667, "26T": 0.359, "68T": 0.5503333333333333, "66T": 0.4246666666666667, "4KT": 0.47733333333333333, "7KT": 0.48133333333333334, "2KT": 0.415, "8KT": 0.567, "KKT": 0.5286666666666666, "47T": 0.432, "24T": 0.363, "48T": 0.5703333333333334, "44T": 0.3993333333333333, "27T": 0.398, "78T": 0.9266666666666666, "77T": 0.478, "28T": 0.53, "22T": 0.4126666666666667, "88T": 0.5706666666666667, "69J": 0.8996666666666666, "9JK": 0.8606666666666667, "49J": 0.902, "79J": 0.8693333333333333, "29J": 0.9053333333333333, "99J": 0.9916666666666667, "89J": 0.8236666666666667, "9JJ": 0.9926666666666667, "6JK": 0.7586666666666667, "46J": 0.793, "67J": 0.805,