{"8JT": 0.4083333333333333, "AJT": 0.441, "9JT": 0.4746666666666667, "2JT": 0.341, "5JT": 0.5433333333333333, "4JT": 0.3456666666666667, "7JT": 0.2876666666666667, "JQT": 0.6683333333333333, "3JT": 0.366, "JKT": 0.5103333333333333, "6JT": 0.355, "JTT": 0.438, "JJT": 0.417, "8AT": 0.3923333333333333, "89T": 0.38766666666666666, "28T": 0.36, "58T": 0.589, "48T": 0.36533333333333334, "78T": 0.292, "8QT": 0.732, "38T": 0.3383333333333333, "8KT": 0.39666666666666667, "68T": 0.337, "8TT": 0.4103333333333333, "88T": 0.4033333333333333, "9AT": 0.38866666666666666, "2AT": 0.4136666666666667, "5AT": 0.6236666666666667, "4AT": 0.41533333333333333, "AAT": 0.5026666666666667, "7AT": 0.378, "AQT": 0.6913333333333334, "3AT": 0.3863333333333333, "AKT": 0.5093333333333333, "6AT": 0.3893333333333333, "ATT": 0.478, "29T": 0.35, "99T": 0.434, "59T": 0.596, "49T": 0.351, "79T": 0.31466666666666665, "9QT": 0.6866666666666666, "39T": 0.3283333333333333, "9KT": 0.45566666666666666, "69T": 0.332, "9TT": 0.43566666666666665, "25T": 0.6506666666666666, "24T": 0.386, "27T": 0.3453333333333333, "2QT": 0.7883333333333333, "23T": 0.36333333333333334, "2KT": 0.413, "26T": 0.3496666666666667, "2TT": 0.454, "22T": 0.399, "45T": 0.6443333333333333, "57T": 0.5156666666666667, "5QT": 0.8836666666666667, "35T": 0.6646666666666666, "5KT": 0.6126666666666667, "56T": 0.5916666666666667, "55T": 0.9203333333333333, "5TT": 0.6893333333333334, "47T": 0.333, "4QT": 0.781, "34T": 0.36966666666666664, "44T": 0.42, "4KT": 0.397, "46T": 0.36766666666666664, "4TT": 0.4493333333333333, "7QT": 0.757, "37T": 0.333, "7KT": 0.38533333333333336, "77T": 0.4053333333333333, "67T": 0.31733333333333336, "7TT": 0.4003333333333333, "3QT": 0.759, "KQT": 0.6836666666666666, "6QT": 0.8036666666666666, "QTT": 0.765, "QQT": 0.9293333333333333, "3KT": 0.425, "36T": 0.36333333333333334, "3TT": 0.4266666666666667, "33T": 0.396, "KKT": 0.5176666666666667, "6KT": 0.43733333333333335, "KTT": 0.49166666666666664, "6TT": 0.41133333333333333, "66T": 0.3963333333333333, "TTT": 0.515, "8AJ": 0.39566666666666667, "89J": 0.408, "28J": 0.36666666666666664, "58J": 0.5986666666666667, "48J": 0.34933333333333333, "78J": 0.3403333333333333, "8JQ": 0.7496666666666667, "38J": 0.344, "8JK": 0.4116666666666667, "68J": 0.37766666666666665, "88J": 0.42866666666666664, "8JJ": 0.42, "9AJ": 0.4, "2AJ": 0.4063333333333333, "5AJ": 0.6186666666666667, "4AJ": 0.444, "AAJ": 0.5003333333333333, "7AJ": 0.39366666666666666, "AJQ": 0.6936666666666667, "3AJ": 0.3913333333333333, "AJK": 0.543, "6AJ": 0.415, "AJJ": 0.49133333333333334, "29J": 0.3606666666666667, "99J": 0.43233333333333335, "59J": 0.5993333333333334, "49J": 0.36633333333333334, "79J": 0.32666666666666666, "9JQ": 0.695, "39J": 0.354, "9JK": 0.464, "69J": 0.36533333333333334, "9JJ": 0.42766666666666664, "25J": 0.6666666666666666, "24J": 0.35833333333333334, "27J": 0.3273333333333333, "2JQ": 0.799, "23J": 0.368, "2JK": 0.4083333333333333, "26J": 0.36233333333333334, "22J": 0.4066666666666667, "2JJ": 0.42833333333333334, "45J": 0.6536666666666666, "57J": 0.5216666666666666, "5JQ": 0.8816666666666667, "35J": 0.6486666666666666, "5JK": 0.617, "56J": 0.584, "55J": 0.9256666666666666, "5JJ": 0.6896666666666667, "47J": 0.3506666666666667, "4JQ": 0.8063333333333333, "34J": 0.3566666666666667, "44J": 0.4256666666666667, "4JK": 0.4086666666666667, "46J": 0.37066666666666664, "4JJ": 0.434, "7JQ": 0.7766666666666666, "37J": 0.3373333333333333, "7JK": 0.3943333333333333, "77J": 0.4026666666666667, "67J": 0.357, "7JJ": 0.38966666666666666, "3JQ": 0.7733333333333333, "JKQ": 0.6906666666666667, "6JQ": 0.797, "JQQ": 0.9223333333333333, "JJQ": 0.7703333333333333, "3JK": 0.41533333333333333, "36J": 0.366, "33J": 0.398, "3JJ": 0.437, "JKK": 0.49233333333333335, "6JK": 0.44066666666666665, "JJK": 0.5036666666666667, "66J": 0.403, "6JJ": 0.43, "JJJ": 0.524, "89A": 0.32366666666666666, "28A": 0.3913333333333333, "58A": 0.6206666666666667, "48A": 0.38, "8AA": 0.467, "78A": 0.39166666666666666, "8AQ": 0.6346666666666667, "38A": 0.3383333333333333, "8AK": 0.445, "68A": 0.38333333333333336, "88A": 0.4583333333333333, "289": 0.3293333333333333, "899": 0.4156666666666667, "589": 0.555, "489": 0.344, "789": 0.364, "89Q": 0.6433333333333333, "389": 0.30333333333333334, "89K": 0.40166666666666667, "689": 0.402, "889": 0.4126666666666667, "258": 0.6476666666666666, "248": 0.368, "278": 0.333, "28Q": 0.7823333333333333, "238": 0.338, "28K": 0.399, "268": 0.36033333333333334, "228": 0.4103333333333333, "288": 0.43766666666666665, "458": 0.639, "578": 0.5553333333333333, "58Q": 0.8823333333333333, "358": 0.6543333333333333, "58K": 0.6246666666666667, "568": 0.5566666666666666, "558": 0.9113333333333333, "588": 0.6956666666666667, "478": 0.43366666666666664, "48Q": 0.7836666666666666, "348": 0.35433333333333333, "448": 0.421, "48K": 0.41333333333333333, "468": 0.43766666666666665, "488": 0.445, "78Q": 0.7836666666666666, "378": 0.3406666666666667, "78K": 0.40066666666666667, "778": 0.4076666666666667, "678": 0.4766666666666667, "788": 0.4246666666666667, "38Q": 0.707, "8KQ": 0.7303333333333333, "68Q": 0.7596666666666667, "8QQ": 0.9216666666666666, "88Q": 0.771, "38K": 0.396, "368": 0.3456666666666667, "338": 0.396, "388": 0.4066666666666667, "8KK": 0.49533333333333335, "68K": 0.43, "88K": 0.5023333333333333, "668": 0.417, "688": 0.43833333333333335, "888": 0.5273333333333333, "29A": 0.392, "99A": 0.45966666666666667, "59A": 0.617, "49A": 0.38666666666666666, "9AA": 0.47333333333333333, "79A": 0.37466666666666665, "9AQ": 0.6263333333333333, "39A": 0.32566666666666666, "9AK": 0.4633333333333333, "69A": 0.383, "25A": 0.7063333333333334, "24A": 0.409, "2AA": 0.509, "27A": 0.392, "2AQ": 0.7436666666666667, "23A": 0.3863333333333333, "2AK": 0.4653333333333333, "26A": 0.4076666666666667, "22A": 0.4533333333333333, "45A": 0.6666666666666666, "5AA": 0.732, "57A": 0.614, "5AQ": 0.8873333333333333, "35A": 0.6506666666666666, "5AK": 0.6586666666666666, "56A": 0.615, "55A": 0.9273333333333333, "4AA": 0.515, "47A": 0.4073333333333333, "4AQ": 0.7416666666666667, "34A": 0.37066666666666664, "44A": 0.45466666666666666, "4AK": 0.46, "46A": 0.4246666666666667, "7AA": 0.48433333333333334, "AAQ": 0.7896666666666666, "3AA": 0.4776666666666667, "AAK": 0.5683333333333334, "AAA": 0.5963333333333334, "6AA": 0.475, "7AQ": 0.741, "37A": 0.3863333333333333, "7AK": 0.44766666666666666, "77A": 0.46266666666666667, "67A": 0.407, "3AQ": 0.6533333333333333, "AKQ": 0.6516666666666666, "6AQ": 0.733, "AQQ": 0.9146666666666666, "3AK": 0.455, "36A": 0.384, "33A": 0.44266666666666665, "AKK": 0.566, "6AK": 0.4713333333333333, "66A": 0.467, "299": 0.4246666666666667, "259": 0.668, "249": 0.376, "279": 0.335, "29Q": 0.7843333333333333, "239": 0.336, "29K": 0.4026666666666667, "269": 0.3606666666666667, "229": 0.41333333333333333, "599": 0.71, "499": 0.44233333333333336, "799": 0.421, "99Q": 0.7643333333333333, "399": 0.4086666666666667, "99K": 0.4736666666666667, "699": 0.4086666666666667, "999": 0.5033333333333333, "459": 0.6713333333333333, "579": 0.5586666666666666, "59Q": 0.877, "359": 0.6313333333333333, "59K": 0.6363333333333333, "569": 0.5906666666666667, "559": 0.92, "479": 0.3536666666666667, "49Q": 0.7756666666666666, "349": 0.3516666666666667, "449": 0.394, "49K": 0.3993333333333333, "469": 0.35833333333333334, "79Q": 0.771, "379": 0.33466666666666667, "79K": 0.40166666666666667, "779": 0.407, "679": 0.409, "39Q": 0.6943333333333334, "9KQ": 0.706, "69Q": 0.7753333333333333, "9QQ": 0.9123333333333333, "39K": 0.393, "369": 0.3506666666666667, "339": 0.3953333333333333, "9KK": 0.49533333333333335, "69K": 0.41633333333333333, "669": 0.414, "245": 0.699, "257": 0.655, "25Q": 0.9296666666666666, "235": 0.694, "25K": 0.6856666666666666, "256": 0.618, "255": 0.9586666666666667, "225": 0.6846666666666666, "247": 0.3873333333333333, "24Q": 0.8106666666666666, "234": 0.44866666666666666, "244": 0.449, "24K": 0.4206666666666667, "246": 0.45666666666666667,