{"7AJ": 0.12266666666666666, "2AJ": 0.531, "AJT": 0.10533333333333333, "9AJ": 0.11666666666666667, "8AJ": 0.11233333333333333, "5AJ": 0.139, "3AJ": 0.5246666666666666, "AJQ": 0.128, "AAJ": 0.12533333333333332, "6AJ": 0.14, "AJJ": 0.143, "AJK": 0.12066666666666667, "4AJ": 0.136, "27A": 0.5316666666666666, "7AT": 0.128, "79A": 0.122, "77A": 0.13466666666666666, "78A": 0.12733333333333333, "57A": 0.12133333333333333, "37A": 0.537, "7AQ": 0.11733333333333333, "7AA": 0.11933333333333333, "67A": 0.11733333333333333, "7AK": 0.11466666666666667, "47A": 0.12533333333333332, "2AT": 0.5386666666666666, "29A": 0.5466666666666666, "28A": 0.5356666666666666, "25A": 0.528, "23A": 0.8586666666666667, "2AQ": 0.5193333333333333, "22A": 0.939, "2AA": 0.539, "26A": 0.5146666666666667, "2AK": 0.5153333333333333, "24A": 0.563, "9AT": 0.11166666666666666, "8AT": 0.11733333333333333, "5AT": 0.12433333333333334, "3AT": 0.5006666666666667, "AQT": 0.11133333333333334, "AAT": 0.12633333333333333, "ATT": 0.129, "6AT": 0.13333333333333333, "AKT": 0.10666666666666667, "4AT": 0.123, "89A": 0.11766666666666667, "59A": 0.13666666666666666, "39A": 0.5333333333333333, "9AQ": 0.111, "9AA": 0.13833333333333334, "99A": 0.15133333333333332, "69A": 0.13133333333333333, "9AK": 0.11833333333333333, "49A": 0.12666666666666668, "58A": 0.12833333333333333, "38A": 0.5333333333333333, "8AQ": 0.116, "8AA": 0.12366666666666666, "68A": 0.139, "8AK": 0.11766666666666667, "48A": 0.13066666666666665, "88A": 0.16466666666666666, "35A": 0.5353333333333333, "5AQ": 0.13966666666666666, "5AA": 0.13933333333333334, "56A": 0.244, "55A": 0.14533333333333334, "5AK": 0.12733333333333333, "45A": 0.26666666666666666, "3AQ": 0.5303333333333333, "33A": 0.9323333333333333, "3AA": 0.5766666666666667, "36A": 0.5196666666666667, "3AK": 0.5416666666666666, "34A": 0.5283333333333333, "AAQ": 0.132, "6AQ": 0.125, "AQQ": 0.14333333333333334, "AKQ": 0.10966666666666666, "4AQ": 0.13, "6AA": 0.141, "AAK": 0.12766666666666668, "4AA": 0.15033333333333335, "AAA": 0.166, "66A": 0.14466666666666667, "6AK": 0.12933333333333333, "46A": 0.26666666666666666, "AKK": 0.14366666666666666, "4AK": 0.14166666666666666, "44A": 0.15333333333333332, "27J": 0.526, "7JT": 0.11566666666666667, "79J": 0.116, "77J": 0.12633333333333333, "78J": 0.10566666666666667, "57J": 0.11233333333333333, "37J": 0.5013333333333333, "7JQ": 0.11966666666666667, "67J": 0.127, "7JJ": 0.148, "7JK": 0.116, "47J": 0.13133333333333333, "2JT": 0.485, "29J": 0.49333333333333335, "28J": 0.5063333333333333, "25J": 0.5146666666666667, "23J": 0.8376666666666667, "2JQ": 0.5076666666666667, "22J": 0.912, "26J": 0.5186666666666667, "2JJ": 0.5186666666666667, "2JK": 0.5126666666666667, "24J": 0.5136666666666667, "9JT": 0.066, "8JT": 0.08566666666666667, "5JT": 0.13, "3JT": 0.4186666666666667, "JQT": 0.08966666666666667, "JTT": 0.129, "6JT": 0.12266666666666666, "JJT": 0.12533333333333332, "JKT": 0.10333333333333333, "4JT": 0.10433333333333333, "89J": 0.07366666666666667, "59J": 0.119, "39J": 0.41533333333333333, "9JQ": 0.09966666666666667, "99J": 0.132, "69J": 0.12066666666666667, "9JJ": 0.13, "9JK": 0.11033333333333334, "49J": 0.095, "58J": 0.13633333333333333, "38J": 0.422, "8JQ": 0.11, "68J": 0.12266666666666666, "8JJ": 0.12766666666666668, "8JK": 0.11233333333333333, "48J": 0.09433333333333334, "88J": 0.12433333333333334, "35J": 0.5213333333333333, "5JQ": 0.12333333333333334, "56J": 0.24466666666666667, "5JJ": 0.15433333333333332, "55J": 0.143, "5JK": 0.12766666666666668, "45J": 0.25033333333333335, "3JQ": 0.5066666666666667, "33J": 0.9033333333333333, "36J": 0.5146666666666667, "3JJ": 0.5296666666666666, "3JK": 0.525, "34J": 0.434, "6JQ": 0.12666666666666668, "JQQ": 0.133, "JJQ": 0.129, "JKQ": 0.09266666666666666, "4JQ": 0.12333333333333334, "66J": 0.14933333333333335, "6JJ": 0.14433333333333334, "6JK": 0.12966666666666668, "46J": 0.23866666666666667, "JJK": 0.13333333333333333, "JJJ": 0.16933333333333334, "4JJ": 0.148, "JKK": 0.129, "4JK": 0.13166666666666665, "44J": 0.14633333333333334, "27T": 0.5113333333333333, "279": 0.5143333333333333, "277": 0.548, "278": 0.49166666666666664, "257": 0.4266666666666667, "237": 0.854, "27Q": 0.43933333333333335, "227": 0.9086666666666666, "267": 0.418, "27K": 0.43233333333333335, "247": 0.519, "79T": 0.106, "77T": 0.135, "78T": 0.09933333333333333, "57T": 0.13066666666666665, "37T": 0.49366666666666664, "7QT": 0.111, "7TT": 0.12966666666666668, "67T": 0.11166666666666666, "7KT": 0.10966666666666666, "47T": 0.11833333333333333, "779": 0.12466666666666666, "789": 0.08933333333333333, "579": 0.12, "379": 0.49733333333333335, "79Q": 0.115, "799": 0.13933333333333334, "679": 0.116, "79K": 0.119, "479": 0.127, "778": 0.126, "577": 0.129, "377": 0.5643333333333334, "77Q": 0.13466666666666666, "677": 0.12166666666666667, "77K": 0.13666666666666666, "477": 0.14, "777": 0.16166666666666665, "578": 0.092, "378": 0.488, "78Q": 0.115, "678": 0.09266666666666666, "78K": 0.10733333333333334, "478": 0.11, "788": 0.12466666666666666, "357": 0.4713333333333333, "57Q": 0.09933333333333333, "567": 0.15, "557": 0.12933333333333333, "57K": 0.10233333333333333, "457": 0.19066666666666668, "37Q": 0.5123333333333333, "337": 0.9193333333333333, "367": 0.44633333333333336, "37K": 0.499, "347": 0.48933333333333334, "67Q": 0.10233333333333333, "7QQ": 0.12766666666666668, "7KQ": 0.084, "47Q": 0.12633333333333333, "667": 0.12933333333333333, "67K": 0.094, "467": 0.18166666666666667, "7KK": 0.12266666666666666, "47K": 0.13166666666666665, "447": 0.13066666666666665, "29T": 0.4866666666666667, "28T": 0.484, "25T": 0.5156666666666667, "23T": 0.8373333333333334, "2QT": 0.5103333333333333, "22T": 0.9046666666666666, "2TT": 0.553, "26T": 0.506, "2KT": 0.518, "24T": 0.5293333333333333, "289": 0.495, "259": 0.5186666666666667, "239": 0.8396666666666667, "29Q": 0.5076666666666667, "229": 0.8986666666666666, "299": 0.5646666666666667, "269": 0.5096666666666667, "29K": 0.5043333333333333, "249": 0.5216666666666666, "258": 0.49666666666666665, "238": 0.832, "28Q": 0.5103333333333333, "228": 0.9016666666666666, "268": 0.503, "28K": 0.5233333333333333, "248": 0.526, "288": 0.5613333333333334, "235": 0.7963333333333333, "25Q": 0.439, "225": 0.9083333333333333, "256": 0.45, "255": 0.5413333333333333, "25K": 0.423, "245": 0.544, "23Q": 0.8406666666666667, "233": 0.98, "223": 0.982, "236": 0.7983333333333333, "23K": 0.8493333333333334, "234": 0.7976666666666666, "22Q": 0.9093333333333333, "26Q": 0.4236666666666667, "2QQ": 0.5356666666666666, "2KQ": 0.411, "24Q": 0.5226666666666666, "226": 0.9073333333333333, "22K": 0.9036666666666666, "222": 1.0, "224": 0.912, "266": 0.5453333333333333, "26K": 0.43533333333333335, "246": 0.5453333333333333, "2KK": 0.548, "24K": 0.522, "244": 0.545, "89T": 0.07733333333333334, "59T": 0.116, "39T": 0.39366666666666666, "9QT": 0.09366666666666666, "99T": 0.126, "9TT": 0.116, "69T": 0.11933333333333333, "9KT": 0.10333333333333333, "49T": 0.10033333333333333, "58T": 0.115, "38T": 0.4056666666666667, "8QT": 0.10666666666666667, "8TT": 0.129, "68T": 0.11866666666666667, "8KT": 0.12733333333333333, "48T": 0.094, "88T": 0.121, "35T": 0.5336666666666666, "5QT": 0.12766666666666668, "5TT": 0.15333333333333332, "56T": 0.24366666666666667, "55T": 0.15366666666666667, "5KT": 0.13066666666666665, "45T": 0.23633333333333334, "3QT": 0.49666666666666665, "33T": 0.9, "3TT": 0.5466666666666666, "36T": 0.5033333333333333, "3KT": 0.5023333333333333, "34T": 0.4226666666666667, "QTT": 0.12633333333333333, "6QT": 0.12133333333333333, "QQT": 0.13566666666666666, "KQT": 0.09, "4QT": 0.12833333333333333, "6TT": 0.152, "KTT": 0.13866666666666666, "TTT": 0.16466666666666666, "4TT": 0.141, "66T": 0.14166666666666666, "6KT": 0.116, "46T": 0.23833333333333334, "KKT": 0.124, "4KT": 0.133, "44T": 0.13266666666666665, "589": 0.123, "389": 0.397, "89Q": 0.10466666666666667, "899": 0.12666666666666668, "689": 0.108, "89K": 0.119, "489": 0.09866666666666667, "889": 0.12833333333333333,