{"6QT": 0.84, "KQT": 0.8546666666666667, "4QT": 0.7813333333333333, "8QT": 0.85, "5QT": 0.7893333333333333, "3QT": 0.844, "7QT": 0.8436666666666667, "2QT": 0.7806666666666666, "QQT": 0.823, "9QT": 0.8046666666666666, "AQT": 0.8476666666666667, "QTT": 0.9556666666666667, "JQT": 0.7993333333333333, "6KT": 0.8393333333333334, "46T": 0.798, "66T": 0.798, "68T": 0.836, "56T": 0.7996666666666666, "36T": 0.8603333333333333, "67T": 0.8403333333333334, "26T": 0.7926666666666666, "69T": 0.7786666666666666, "6AT": 0.842, "6TT": 0.9486666666666667, "6JT": 0.899, "4KT": 0.793, "8KT": 0.8483333333333334, "5KT": 0.7913333333333333, "3KT": 0.8526666666666667, "7KT": 0.8406666666666667, "2KT": 0.7656666666666667, "9KT": 0.798, "AKT": 0.8366666666666667, "KTT": 0.963, "JKT": 0.8266666666666667, "KKT": 0.8376666666666667, "48T": 0.833, "45T": 0.7666666666666667, "34T": 0.8096666666666666, "47T": 0.8043333333333333, "24T": 0.793, "49T": 0.82, "4AT": 0.79, "4TT": 0.965, "4JT": 0.8723333333333333, "44T": 0.798, "58T": 0.817, "38T": 0.8763333333333333, "78T": 0.8576666666666667, "28T": 0.803, "89T": 0.8166666666666667, "8AT": 0.8396666666666667, "8TT": 0.9516666666666667, "88T": 0.8026666666666666, "8JT": 0.8363333333333334, "35T": 0.8253333333333334, "57T": 0.8103333333333333, "25T": 0.8033333333333333, "59T": 0.8023333333333333, "5AT": 0.783, "5TT": 0.9673333333333334, "5JT": 0.8743333333333333, "55T": 0.8146666666666667, "37T": 0.8683333333333333, "23T": 0.8176666666666667, "39T": 0.8213333333333334, "3AT": 0.8566666666666667, "3TT": 0.9723333333333334, "3JT": 0.9103333333333333, "33T": 0.8056666666666666, "27T": 0.8056666666666666, "79T": 0.8106666666666666, "77T": 0.8123333333333334, "7AT": 0.863, "7TT": 0.954, "7JT": 0.8606666666666667, "29T": 0.7893333333333333, "2AT": 0.7733333333333333, "22T": 0.785, "2TT": 0.941, "2JT": 0.8883333333333333, "9AT": 0.7766666666666666, "99T": 0.783, "9TT": 0.9366666666666666, "9JT": 0.8006666666666666, "ATT": 0.9653333333333334, "AJT": 0.8556666666666667, "AAT": 0.8403333333333334, "JTT": 0.9933333333333333, "TTT": 0.9996666666666667, "JJT": 0.9926666666666667, "6KQ": 0.954, "46Q": 0.6203333333333333, "66Q": 0.6466666666666666, "68Q": 0.9286666666666666, "56Q": 0.6186666666666667, "36Q": 0.9283333333333333, "67Q": 0.9193333333333333, "26Q": 0.6343333333333333, "6QQ": 0.663, "69Q": 0.7303333333333333, "6AQ": 0.9453333333333334, "6JQ": 0.8503333333333334, "4KQ": 0.745, "8KQ": 0.9476666666666667, "5KQ": 0.753, "3KQ": 0.949, "7KQ": 0.9536666666666667, "2KQ": 0.7373333333333333, "KQQ": 0.7783333333333333, "9KQ": 0.9693333333333334, "AKQ": 1.0, "JKQ": 0.8366666666666667, "KKQ": 0.7716666666666666, "48Q": 0.6883333333333334, "45Q": 0.427, "34Q": 0.611, "47Q": 0.6076666666666667, "24Q": 0.44433333333333336, "4QQ": 0.5026666666666667, "49Q": 0.621, "4AQ": 0.699, "4JQ": 0.764, "44Q": 0.48633333333333334, "58Q": 0.6766666666666666, "38Q": 0.9356666666666666, "78Q": 0.935, "28Q": 0.6866666666666666, "8QQ": 0.7233333333333334, "89Q": 0.9706666666666667, "8AQ": 0.9536666666666667, "88Q": 0.6823333333333333, "8JQ": 0.8493333333333334, "35Q": 0.631, "57Q": 0.6066666666666667, "25Q": 0.43433333333333335, "5QQ": 0.51, "59Q": 0.5996666666666667, "5AQ": 0.6843333333333333, "5JQ": 0.7706666666666667, "55Q": 0.498, "37Q": 0.9216666666666666, "23Q": 0.618, "3QQ": 0.6503333333333333, "39Q": 0.7166666666666667, "3AQ": 0.9453333333333334, "3JQ": 0.844, "33Q": 0.6286666666666667, "27Q": 0.638, "7QQ": 0.671, "79Q": 0.732, "77Q": 0.6603333333333333, "7AQ": 0.9476666666666667, "7JQ": 0.8436666666666667, "2QQ": 0.5376666666666666, "29Q": 0.583, "2AQ": 0.7156666666666667, "22Q": 0.48933333333333334, "2JQ": 0.7886666666666666, "9QQ": 0.6556666666666666, "AQQ": 0.732, "QQQ": 0.5916666666666667, "JQQ": 0.817, "9AQ": 0.7533333333333333, "99Q": 0.636, "9JQ": 0.814, "AJQ": 0.85, "AAQ": 0.723, "JJQ": 0.9593333333333334, "46K": 0.616, "66K": 0.6426666666666667, "68K": 0.928, "56K": 0.6033333333333334, "36K": 0.9243333333333333, "67K": 0.926, "26K": 0.61, "69K": 0.6603333333333333, "6AK": 0.952, "6JK": 0.8566666666666667, "6KK": 0.6696666666666666, "466": 0.4156666666666667, "468": 0.5723333333333334, "456": 0.319, "346": 0.5516666666666666, "467": 0.5603333333333333, "246": 0.3413333333333333, "469": 0.3973333333333333, "46A": 0.6213333333333333, "46J": 0.7803333333333333, "446": 0.416, "668": 0.6086666666666667, "566": 0.411, "366": 0.6, "667": 0.598, "266": 0.43533333333333335, "669": 0.44733333333333336, "66A": 0.6213333333333333, "66J": 0.817, "666": 0.5, "568": 0.5586666666666666, "368": 0.9276666666666666, "678": 0.9276666666666666, "268": 0.5966666666666667, "689": 0.6946666666666667, "68A": 0.932, "688": 0.6156666666666667, "68J": 0.8633333333333333, "356": 0.568, "567": 0.5536666666666666, "256": 0.3396666666666667, "569": 0.38233333333333336, "56A": 0.5883333333333334, "56J": 0.7763333333333333, "556": 0.4013333333333333, "367": 0.916, "236": 0.563, "369": 0.604, "36A": 0.93, "36J": 0.875, "336": 0.5986666666666667, "267": 0.5856666666666667, "679": 0.6296666666666667, "677": 0.601, "67A": 0.9286666666666666, "67J": 0.8726666666666667, "269": 0.39766666666666667, "26A": 0.6036666666666667, "226": 0.43533333333333335, "26J": 0.8306666666666667, "69A": 0.611, "699": 0.46, "69J": 0.8413333333333334, "6AJ": 0.852, "6AA": 0.6616666666666666, "6JJ": 0.9586666666666667, "48K": 0.6393333333333333, "45K": 0.408, "34K": 0.6193333333333333, "47K": 0.6426666666666667, "24K": 0.437, "49K": 0.5296666666666666, "4AK": 0.7033333333333334, "4JK": 0.7676666666666667, "44K": 0.494, "4KK": 0.5016666666666667, "58K": 0.6286666666666667, "38K": 0.9306666666666666, "78K": 0.9346666666666666, "28K": 0.63, "89K": 0.7323333333333333, "8AK": 0.9466666666666667, "88K": 0.637, "8JK": 0.8586666666666667, "8KK": 0.6593333333333333, "35K": 0.6046666666666667, "57K": 0.6353333333333333, "25K": 0.44533333333333336, "59K": 0.532, "5AK": 0.702, "5JK": 0.7656666666666667, "5KK": 0.5113333333333333, "55K": 0.5003333333333333, "37K": 0.9286666666666666, "23K": 0.6156666666666667, "39K": 0.6693333333333333, "3AK": 0.9433333333333334, "3JK": 0.8556666666666667, "3KK": 0.6503333333333333, "33K": 0.64, "27K": 0.6196666666666667, "79K": 0.7296666666666667, "77K": 0.6556666666666666, "7AK": 0.9463333333333334, "7JK": 0.8543333333333333, "7KK": 0.6723333333333333, "29K": 0.5123333333333333, "2AK": 0.6903333333333334, "22K": 0.481, "2JK": 0.8016666666666666, "2KK": 0.5046666666666667, "9AK": 0.7116666666666667, "99K": 0.569, "9JK": 0.8176666666666667, "9KK": 0.588, "AJK": 0.834, "AKK": 0.7223333333333334, "AAK": 0.717, "JKK": 0.8116666666666666, "JJK": 0.9553333333333334, "KKK": 0.584, "458": 0.35, "348": 0.578, "478": 0.6326666666666667, "248": 0.38466666666666666, "489": 0.5843333333333334, "48A": 0.6276666666666667, "488": 0.44333333333333336, "48J": 0.8063333333333333, "448": 0.441, "345": 0.343, "457": 0.354, "245": 0.2996666666666667, "459": 0.384, "45A": 0.4023333333333333, "45J": 0.676, "445": 0.355, "455": 0.38866666666666666, "347": 0.5913333333333334, "234": 0.355, "349": 0.4073333333333333, "34A": 0.6113333333333333, "34J": 0.8076666666666666, "344": 0.44033333333333335, "334": 0.406, "247": 0.37733333333333335, "479": 0.5086666666666667, "477": 0.441, "47A": 0.6253333333333333, "47J": 0.787, "447": 0.42233333333333334, "249": 0.38233333333333336, "24A": 0.43133333333333335, "224": 0.37333333333333335, "24J": 0.8093333333333333, "244": 0.395, "49A": 0.434, "499": 0.43266666666666664, "49J": 0.79, "449": 0.43233333333333335, "4AJ": 0.758, "44A": 0.496, "4AA": 0.5, "44J": 0.763, "4JJ": 0.9433333333333334, "444": 0.502, "358": 0.603, "578": 0.63, "258": 0.40066666666666667, "589": 0.5696666666666667, "58A": 0.6206666666666667, "588": 0.4493333333333333, "58J": 0.7806666666666666, "558": 0.444, "378": 0.9326666666666666, "238": 0.6236666666666667, "389": 0.7176666666666667, "38A": 0.9206666666666666, "388": 0.6226666666666667, "38J": 0.884, "338": 0.599, "278": 0.6456666666666667,