{"2KQ": 0.4673333333333333, "2AK": 0.8383333333333334, "2KT": 0.4786666666666667, "2JK": 0.44366666666666665, "26K": 0.47, "29K": 0.4523333333333333, "2KK": 0.5323333333333333, "27K": 0.4726666666666667, "23K": 0.472, "24K": 0.6713333333333333, "28K": 0.43566666666666665, "25K": 0.486, "22K": 0.5383333333333333, "AKQ": 0.823, "KQT": 0.5016666666666667, "JKQ": 0.5033333333333333, "6KQ": 0.4543333333333333, "9KQ": 0.4096666666666667, "KKQ": 0.5443333333333333, "7KQ": 0.443, "3KQ": 0.473, "4KQ": 0.607, "8KQ": 0.449, "5KQ": 0.4776666666666667, "KQQ": 0.5736666666666667, "AKT": 0.817, "AJK": 0.816, "6AK": 0.85, "9AK": 0.8536666666666667, "AKK": 0.8276666666666667, "7AK": 0.8536666666666667, "3AK": 0.8513333333333334, "AAK": 0.944, "4AK": 0.9326666666666666, "8AK": 0.8603333333333333, "5AK": 0.853, "JKT": 0.499, "6KT": 0.45966666666666667, "9KT": 0.4196666666666667, "KKT": 0.5523333333333333, "7KT": 0.46366666666666667, "3KT": 0.45366666666666666, "4KT": 0.6383333333333333, "KTT": 0.5653333333333334, "8KT": 0.44433333333333336, "5KT": 0.449, "6JK": 0.457, "9JK": 0.4, "JJK": 0.5663333333333334, "JKK": 0.5403333333333333, "7JK": 0.4583333333333333, "3JK": 0.462, "4JK": 0.609, "8JK": 0.449, "5JK": 0.4756666666666667, "69K": 0.434, "66K": 0.5536666666666666, "6KK": 0.546, "67K": 0.4226666666666667, "36K": 0.4623333333333333, "46K": 0.617, "68K": 0.45766666666666667, "56K": 0.44766666666666666, "9KK": 0.5283333333333333, "79K": 0.44433333333333336, "39K": 0.44633333333333336, "49K": 0.599, "89K": 0.417, "99K": 0.552, "59K": 0.43766666666666665, "7KK": 0.5533333333333333, "3KK": 0.5526666666666666, "4KK": 0.6823333333333333, "8KK": 0.5336666666666666, "5KK": 0.5773333333333334, "KKK": 0.6663333333333333, "37K": 0.44766666666666666, "47K": 0.6116666666666667, "78K": 0.43666666666666665, "57K": 0.43666666666666665, "77K": 0.5653333333333334, "34K": 0.6746666666666666, "38K": 0.47333333333333333, "35K": 0.4573333333333333, "33K": 0.5443333333333333, "48K": 0.602, "45K": 0.595, "44K": 0.9586666666666667, "58K": 0.452, "88K": 0.5786666666666667, "55K": 0.5453333333333333, "2AQ": 0.8363333333333334, "2QT": 0.44, "2JQ": 0.399, "26Q": 0.44733333333333336, "29Q": 0.393, "27Q": 0.45466666666666666, "23Q": 0.45066666666666666, "24Q": 0.5823333333333334, "28Q": 0.38233333333333336, "25Q": 0.4673333333333333, "2QQ": 0.534, "22Q": 0.521, "2AT": 0.8423333333333334, "2AJ": 0.819, "26A": 0.8566666666666667, "29A": 0.8346666666666667, "27A": 0.8513333333333334, "23A": 0.86, "2AA": 0.926, "24A": 0.9136666666666666, "28A": 0.8336666666666667, "25A": 0.867, "22A": 0.8466666666666667, "2JT": 0.427, "26T": 0.456, "29T": 0.4116666666666667, "27T": 0.44366666666666665, "23T": 0.47833333333333333, "24T": 0.646, "2TT": 0.5413333333333333, "28T": 0.411, "25T": 0.45166666666666666, "22T": 0.5523333333333333, "26J": 0.44266666666666665, "29J": 0.38466666666666666, "2JJ": 0.547, "27J": 0.45066666666666666, "23J": 0.4523333333333333, "24J": 0.601, "28J": 0.387, "25J": 0.46066666666666667, "22J": 0.529, "269": 0.43866666666666665, "266": 0.5496666666666666, "267": 0.43233333333333335, "236": 0.5166666666666667, "246": 0.6106666666666667, "268": 0.429, "256": 0.5066666666666667, "226": 0.539, "279": 0.422, "239": 0.4603333333333333, "249": 0.5923333333333334, "289": 0.3863333333333333, "299": 0.534, "259": 0.44666666666666666, "229": 0.526, "237": 0.43133333333333335, "247": 0.65, "278": 0.42966666666666664, "257": 0.44466666666666665, "277": 0.5706666666666667, "227": 0.5386666666666666, "234": 0.6823333333333333, "238": 0.46, "235": 0.51, "233": 0.5613333333333334, "223": 0.549, "248": 0.572, "245": 0.6256666666666667, "224": 0.685, "244": 0.9366666666666666, "258": 0.44033333333333335, "288": 0.542, "228": 0.514, "255": 0.5423333333333333, "225": 0.5233333333333333, "222": 0.6526666666666666, "AQT": 0.8173333333333334, "AJQ": 0.78, "6AQ": 0.8616666666666667, "9AQ": 0.8193333333333334, "7AQ": 0.8486666666666667, "3AQ": 0.8416666666666667, "AAQ": 0.9166666666666666, "4AQ": 0.907, "8AQ": 0.82, "5AQ": 0.8276666666666667, "AQQ": 0.834, "JQT": 0.4643333333333333, "6QT": 0.43933333333333335, "9QT": 0.4046666666666667, "7QT": 0.446, "3QT": 0.43966666666666665, "4QT": 0.6003333333333334, "QTT": 0.522, "8QT": 0.4086666666666667, "5QT": 0.4646666666666667, "QQT": 0.5556666666666666, "6JQ": 0.43133333333333335, "9JQ": 0.368, "JJQ": 0.5413333333333333, "7JQ": 0.435, "3JQ": 0.432, "4JQ": 0.5356666666666666, "8JQ": 0.372, "5JQ": 0.4256666666666667, "JQQ": 0.522, "69Q": 0.4146666666666667, "66Q": 0.5233333333333333, "67Q": 0.43066666666666664, "36Q": 0.45366666666666666, "46Q": 0.5993333333333334, "68Q": 0.4146666666666667, "56Q": 0.459, "6QQ": 0.5433333333333333, "79Q": 0.41633333333333333, "39Q": 0.434, "49Q": 0.5396666666666666, "89Q": 0.361, "99Q": 0.507, "59Q": 0.4066666666666667, "9QQ": 0.5166666666666667, "37Q": 0.4623333333333333, "47Q": 0.6133333333333333, "78Q": 0.415, "57Q": 0.44633333333333336, "77Q": 0.558, "7QQ": 0.5606666666666666, "34Q": 0.6476666666666666, "38Q": 0.45666666666666667, "35Q": 0.46366666666666667, "33Q": 0.5423333333333333, "3QQ": 0.5496666666666666, "48Q": 0.5516666666666666, "45Q": 0.588, "4QQ": 0.6963333333333334, "44Q": 0.9363333333333334, "58Q": 0.42866666666666664, "88Q": 0.5183333333333333, "8QQ": 0.5206666666666667, "55Q": 0.5266666666666666, "5QQ": 0.561, "QQQ": 0.661, "AJT": 0.7816666666666666, "6AT": 0.821, "9AT": 0.8176666666666667, "7AT": 0.83, "3AT": 0.8486666666666667, "AAT": 0.9423333333333334, "4AT": 0.924, "ATT": 0.8556666666666667, "8AT": 0.8046666666666666, "5AT": 0.855, "6AJ": 0.8406666666666667, "9AJ": 0.8163333333333334, "AJJ": 0.8293333333333334, "7AJ": 0.836, "3AJ": 0.8456666666666667, "AAJ": 0.9233333333333333, "4AJ": 0.9083333333333333, "8AJ": 0.8023333333333333, "5AJ": 0.8506666666666667, "69A": 0.8326666666666667, "66A": 0.828, "67A": 0.807, "36A": 0.838, "6AA": 0.9553333333333334, "46A": 0.9083333333333333, "68A": 0.835, "56A": 0.8133333333333334, "79A": 0.8413333333333334, "39A": 0.8623333333333333, "9AA": 0.93, "49A": 0.912, "89A": 0.8106666666666666, "99A": 0.849, "59A": 0.8423333333333334, "37A": 0.8193333333333334, "7AA": 0.9536666666666667, "47A": 0.9243333333333333, "78A": 0.8313333333333334, "57A": 0.818, "77A": 0.8386666666666667, "3AA": 0.957, "34A": 0.934, "38A": 0.8513333333333334, "35A": 0.833, "33A": 0.846, "4AA": 0.9913333333333333, "8AA": 0.928, "5AA": 0.9573333333333334, "AAA": 0.9996666666666667, "48A": 0.9016666666666666, "45A": 0.9196666666666666, "44A": 0.989, "58A": 0.828, "88A": 0.8476666666666667, "55A": 0.8463333333333334, "6JT": 0.446, "9JT": 0.38433333333333336, "JJT": 0.5406666666666666, "7JT": 0.433, "3JT": 0.4573333333333333, "4JT": 0.589, "JTT": 0.5183333333333333, "8JT": 0.38966666666666666, "5JT": 0.425, "69T": 0.4093333333333333, "66T": 0.5423333333333333, "67T": 0.424, "36T": 0.453, "46T": 0.622, "6TT": 0.5433333333333333, "68T": 0.4493333333333333, "56T": 0.44, "79T": 0.406, "39T": 0.43266666666666664, "49T": 0.587, "9TT": 0.5113333333333333, "89T": 0.37866666666666665, "99T": 0.527, "59T": 0.4156666666666667, "37T": 0.43766666666666665, "47T": 0.6086666666666667, "7TT": 0.5466666666666666, "78T": 0.4256666666666667, "57T": 0.45066666666666666, "77T": 0.5473333333333333, "34T": 0.674, "3TT": 0.5436666666666666, "38T": 0.44133333333333336, "35T": 0.46166666666666667, "33T": 0.5453333333333333, "4TT": 0.6823333333333333, "48T": 0.5936666666666667, "45T": 0.6036666666666667, "44T": 0.9586666666666667, "8TT": 0.5036666666666667, "TTT": 0.6723333333333333, "5TT": 0.551, "58T": 0.44033333333333335, "88T": 0.5096666666666667, "55T": 0.538, "69J": 0.42, "66J": 0.524, "6JJ": 0.5516666666666666, "67J": 0.434, "36J": 0.44366666666666665, "46J": 0.5936666666666667, "68J": 0.4196666666666667, "56J": 0.436, "9JJ": 0.5083333333333333, "79J": 0.405, "39J": 0.42633333333333334, "49J": 0.5256666666666666, "89J": 0.339, "99J": 0.5003333333333333, "59J": 0.43233333333333335, "7JJ": 0.547, "3JJ": 0.5636666666666666,