{"AAJ": 0.7863333333333333, "4AJ": 0.7486666666666667, "5AJ": 0.7343333333333333, "2AJ": 0.7536666666666667, "AJK": 0.686, "3AJ": 0.7706666666666667, "9AJ": 0.7276666666666667, "7AJ": 0.8876666666666667, "AJT": 0.6946666666666667, "6AJ": 0.7573333333333333, "8AJ": 0.7533333333333333, "AJQ": 0.6566666666666666, "AJJ": 0.9256666666666666, "45J": 0.767, "24J": 0.8126666666666666, "4JK": 0.755, "34J": 0.804, "49J": 0.7736666666666666, "44J": 0.7533333333333333, "47J": 0.8933333333333333, "4JT": 0.776, "46J": 0.8103333333333333, "48J": 0.8053333333333333, "4JQ": 0.733, "4JJ": 0.9613333333333334, "25J": 0.781, "5JK": 0.7203333333333334, "35J": 0.768, "59J": 0.662, "55J": 0.7596666666666667, "57J": 0.8683333333333333, "5JT": 0.669, "56J": 0.7703333333333333, "58J": 0.7693333333333333, "5JQ": 0.7256666666666667, "5JJ": 0.9343333333333333, "2JK": 0.741, "23J": 0.8103333333333333, "29J": 0.7816666666666666, "27J": 0.9193333333333333, "22J": 0.7933333333333333, "2JT": 0.7656666666666667, "26J": 0.8046666666666666, "28J": 0.7876666666666666, "2JQ": 0.7513333333333333, "2JJ": 0.9526666666666667, "3JK": 0.743, "9JK": 0.7006666666666667, "7JK": 0.8826666666666667, "JKT": 0.6493333333333333, "6JK": 0.7163333333333334, "JKK": 0.7913333333333333, "8JK": 0.724, "JKQ": 0.629, "JJK": 0.9243333333333333, "39J": 0.7606666666666667, "37J": 0.9133333333333333, "33J": 0.7616666666666667, "3JT": 0.76, "36J": 0.7953333333333333, "38J": 0.8046666666666666, "3JQ": 0.731, "3JJ": 0.9473333333333334, "99J": 0.7516666666666667, "79J": 0.8323333333333334, "9JT": 0.6136666666666667, "69J": 0.7763333333333333, "89J": 0.7266666666666667, "9JQ": 0.649, "9JJ": 0.9136666666666666, "7JT": 0.841, "67J": 0.8963333333333333, "78J": 0.8643333333333333, "77J": 0.9913333333333333, "7JQ": 0.8896666666666667, "7JJ": 0.9926666666666667, "6JT": 0.7486666666666667, "8JT": 0.7143333333333334, "JQT": 0.6323333333333333, "JJT": 0.9053333333333333, "JTT": 0.7376666666666667, "68J": 0.764, "66J": 0.7906666666666666, "6JQ": 0.74, "6JJ": 0.9576666666666667, "8JQ": 0.7063333333333334, "8JJ": 0.949, "88J": 0.769, "JQQ": 0.743, "JJQ": 0.9066666666666666, "JJJ": 0.9996666666666667, "4AA": 0.452, "5AA": 0.44866666666666666, "2AA": 0.45066666666666666, "AAK": 0.4856666666666667, "3AA": 0.46266666666666667, "9AA": 0.4643333333333333, "7AA": 0.7676666666666667, "AAT": 0.4633333333333333, "6AA": 0.43, "8AA": 0.43966666666666665, "AAQ": 0.5223333333333333, "AAA": 0.534, "45A": 0.37866666666666665, "24A": 0.36533333333333334, "4AK": 0.41833333333333333, "34A": 0.38766666666666666, "49A": 0.37366666666666665, "44A": 0.42533333333333334, "47A": 0.712, "4AT": 0.379, "46A": 0.38266666666666665, "48A": 0.38166666666666665, "4AQ": 0.424, "25A": 0.3526666666666667, "5AK": 0.4056666666666667, "35A": 0.379, "59A": 0.37333333333333335, "55A": 0.4266666666666667, "57A": 0.6986666666666667, "5AT": 0.36866666666666664, "56A": 0.365, "58A": 0.402, "5AQ": 0.43366666666666664, "2AK": 0.41733333333333333, "23A": 0.366, "29A": 0.382, "27A": 0.741, "22A": 0.4156666666666667, "2AT": 0.383, "26A": 0.3453333333333333, "28A": 0.377, "2AQ": 0.43433333333333335, "3AK": 0.43, "9AK": 0.436, "7AK": 0.6853333333333333, "AKT": 0.49966666666666665, "6AK": 0.41533333333333333, "AKK": 0.518, "8AK": 0.39966666666666667, "AKQ": 0.53, "39A": 0.3943333333333333, "37A": 0.72, "33A": 0.426, "3AT": 0.4103333333333333, "36A": 0.402, "38A": 0.405, "3AQ": 0.5726666666666667, "99A": 0.44466666666666665, "79A": 0.6523333333333333, "9AT": 0.46166666666666667, "69A": 0.36233333333333334, "89A": 0.4806666666666667, "9AQ": 0.44166666666666665, "7AT": 0.6833333333333333, "67A": 0.6966666666666667, "78A": 0.6516666666666666, "77A": 0.9566666666666667, "7AQ": 0.6966666666666667, "6AT": 0.3893333333333333, "8AT": 0.4683333333333333, "AQT": 0.49133333333333334, "ATT": 0.467, "68A": 0.38, "66A": 0.4186666666666667, "6AQ": 0.46, "8AQ": 0.44233333333333336, "88A": 0.454, "AQQ": 0.5163333333333333, "245": 0.33, "45K": 0.354, "345": 0.399, "459": 0.3446666666666667, "445": 0.381, "455": 0.41333333333333333, "457": 0.6696666666666666, "45T": 0.32566666666666666, "456": 0.4716666666666667, "458": 0.436, "45Q": 0.36533333333333334, "24K": 0.36766666666666664, "234": 0.328, "249": 0.3596666666666667, "244": 0.369, "247": 0.7806666666666666, "224": 0.38266666666666665, "24T": 0.346, "246": 0.32766666666666666, "248": 0.3626666666666667, "24Q": 0.40066666666666667, "34K": 0.37066666666666664, "49K": 0.39, "44K": 0.43133333333333335, "47K": 0.7143333333333334, "4KT": 0.393, "46K": 0.372, "4KK": 0.45266666666666666, "48K": 0.371, "4KQ": 0.416, "349": 0.33266666666666667, "344": 0.4026666666666667, "347": 0.731, "334": 0.3993333333333333, "34T": 0.3243333333333333, "346": 0.403, "348": 0.3496666666666667, "34Q": 0.38233333333333336, "499": 0.42, "449": 0.37233333333333335, "479": 0.6836666666666666, "49T": 0.43166666666666664, "469": 0.329, "489": 0.43533333333333335, "49Q": 0.38, "447": 0.7293333333333333, "44T": 0.37266666666666665, "446": 0.3913333333333333, "448": 0.386, "444": 0.46166666666666667, "44Q": 0.4176666666666667, "47T": 0.6966666666666667, "467": 0.6666666666666666, "478": 0.6733333333333333, "477": 0.9446666666666667, "47Q": 0.701, "46T": 0.33566666666666667, "48T": 0.4256666666666667, "4QT": 0.37533333333333335, "4TT": 0.405, "468": 0.3953333333333333, "466": 0.4043333333333333, "46Q": 0.362, "48Q": 0.37133333333333335, "488": 0.404, "4QQ": 0.45466666666666666, "25K": 0.37466666666666665, "235": 0.308, "259": 0.323, "255": 0.37833333333333335, "257": 0.7476666666666667, "225": 0.356, "25T": 0.32166666666666666, "256": 0.307, "258": 0.3586666666666667, "25Q": 0.3536666666666667, "35K": 0.363, "59K": 0.37266666666666665, "55K": 0.41433333333333333, "57K": 0.704, "5KT": 0.37933333333333336, "56K": 0.35833333333333334, "5KK": 0.4653333333333333, "58K": 0.36666666666666664, "5KQ": 0.41933333333333334, "359": 0.32366666666666666, "355": 0.38466666666666666, "357": 0.7083333333333334, "335": 0.364, "35T": 0.3406666666666667, "356": 0.413, "358": 0.33866666666666667, "35Q": 0.39, "599": 0.3943333333333333, "559": 0.37833333333333335, "579": 0.6503333333333333, "59T": 0.38233333333333336, "569": 0.4046666666666667, "589": 0.49033333333333334, "59Q": 0.373, "557": 0.7223333333333334, "555": 0.44166666666666665, "55T": 0.37966666666666665, "556": 0.38766666666666666, "558": 0.4003333333333333, "55Q": 0.4216666666666667, "57T": 0.6766666666666666, "567": 0.6343333333333333, "578": 0.6336666666666667, "577": 0.9093333333333333, "57Q": 0.694, "56T": 0.31666666666666665, "58T": 0.429, "5QT": 0.35433333333333333, "5TT": 0.38866666666666666, "568": 0.4646666666666667, "566": 0.391, "56Q": 0.3923333333333333, "58Q": 0.376, "588": 0.4, "5QQ": 0.43933333333333335, "23K": 0.36633333333333334, "29K": 0.37266666666666665, "27K": 0.7253333333333334, "22K": 0.392, "2KT": 0.4013333333333333, "26K": 0.33066666666666666, "2KK": 0.4613333333333333, "28K": 0.36566666666666664, "2KQ": 0.42633333333333334, "239": 0.318, "237": 0.7583333333333333, "233": 0.376, "223": 0.38, "23T": 0.3363333333333333, "236": 0.30133333333333334, "238": 0.3363333333333333, "23Q": 0.355, "299": 0.4126666666666667, "279": 0.6946666666666667, "229": 0.3873333333333333, "29T": 0.418, "269": 0.3303333333333333, "289": 0.451, "29Q": 0.37733333333333335, "227": 0.7403333333333333, "27T": 0.726, "267": 0.7476666666666667, "278": 0.6993333333333334, "277": 0.951, "27Q": 0.75, "22T": 0.38433333333333336, "226": 0.345, "228": 0.37133333333333335, "222": 0.43966666666666665, "22Q": 0.409, "26T": 0.325, "28T": 0.43333333333333335, "2QT": 0.37066666666666664, "2TT": 0.4093333333333333, "268": 0.33366666666666667, "266": 0.38266666666666665, "26Q": 0.347, "28Q": 0.381, "288": 0.398, "2QQ": 0.4666666666666667, "39K": 0.388, "37K": 0.723, "33K": 0.423, "3KT": 0.38366666666666666, "36K": 0.3403333333333333, "3KK": 0.464, "38K": 0.3446666666666667, "3KQ": 0.432, "99K": 0.44633333333333336, "79K": 0.6686666666666666,