{"6KQ": 0.49333333333333335, "4KQ": 0.487, "8KQ": 0.5076666666666667, "JKQ": 0.548, "5KQ": 0.49666666666666665, "KQT": 0.5566666666666666, "9KQ": 0.46066666666666667, "3KQ": 0.5076666666666667, "KKQ": 0.605, "KQQ": 0.603, "AKQ": 0.8306666666666667, "7KQ": 0.691, "2KQ": 0.516, "46K": 0.492, "68K": 0.5203333333333333, "6JK": 0.523, "56K": 0.5053333333333333, "6KT": 0.49233333333333335, "69K": 0.4666666666666667, "66K": 0.589, "36K": 0.49766666666666665, "6KK": 0.5883333333333334, "6AK": 0.8743333333333333, "67K": 0.7093333333333334, "26K": 0.5106666666666667, "48K": 0.5303333333333333, "4JK": 0.5123333333333333, "45K": 0.467, "4KT": 0.52, "49K": 0.47733333333333333, "44K": 0.5913333333333334, "34K": 0.5033333333333333, "4KK": 0.581, "4AK": 0.843, "47K": 0.7123333333333334, "24K": 0.5116666666666667, "8JK": 0.675, "58K": 0.5003333333333333, "8KT": 0.6763333333333333, "89K": 0.5096666666666667, "38K": 0.6706666666666666, "8KK": 0.598, "8AK": 0.861, "78K": 0.6633333333333333, "88K": 0.582, "28K": 0.6396666666666667, "5JK": 0.5123333333333333, "JKT": 0.6963333333333334, "9JK": 0.49, "3JK": 0.6766666666666666, "JKK": 0.607, "JJK": 0.6126666666666667, "AJK": 0.828, "7JK": 0.6863333333333334, "2JK": 0.66, "5KT": 0.5126666666666667, "59K": 0.5046666666666667, "35K": 0.5143333333333333, "5KK": 0.5983333333333334, "55K": 0.5913333333333334, "5AK": 0.854, "57K": 0.694, "25K": 0.49966666666666665, "9KT": 0.487, "3KT": 0.6653333333333333, "KKT": 0.5966666666666667, "AKT": 0.83, "7KT": 0.674, "2KT": 0.656, "KTT": 0.606, "99K": 0.5913333333333334, "39K": 0.51, "9KK": 0.5856666666666667, "9AK": 0.8733333333333333, "79K": 0.6626666666666666, "29K": 0.48933333333333334, "3KK": 0.5973333333333334, "3AK": 0.8683333333333333, "37K": 0.739, "23K": 0.6476666666666666, "33K": 0.5713333333333334, "AKK": 0.8593333333333333, "7KK": 0.7686666666666667, "2KK": 0.6, "KKK": 0.7053333333333334, "7AK": 0.9123333333333333, "AAK": 0.9583333333333334, "2AK": 0.8663333333333333, "27K": 0.7443333333333333, "77K": 0.9556666666666667, "22K": 0.5876666666666667, "46Q": 0.49766666666666665, "68Q": 0.508, "6JQ": 0.4876666666666667, "56Q": 0.49133333333333334, "6QT": 0.47833333333333333, "69Q": 0.4703333333333333, "66Q": 0.5836666666666667, "36Q": 0.5126666666666667, "6QQ": 0.584, "6AQ": 0.8566666666666667, "67Q": 0.6986666666666667, "26Q": 0.4796666666666667, "48Q": 0.4786666666666667, "4JQ": 0.4866666666666667, "45Q": 0.457, "4QT": 0.489, "49Q": 0.4796666666666667, "44Q": 0.5783333333333334, "34Q": 0.489, "4QQ": 0.55, "4AQ": 0.8376666666666667, "47Q": 0.7083333333333334, "24Q": 0.4766666666666667, "8JQ": 0.4786666666666667, "58Q": 0.491, "8QT": 0.5043333333333333, "89Q": 0.4676666666666667, "38Q": 0.502, "8QQ": 0.5773333333333334, "8AQ": 0.8633333333333333, "78Q": 0.644, "88Q": 0.564, "28Q": 0.504, "5JQ": 0.48533333333333334, "JQT": 0.5403333333333333, "9JQ": 0.4246666666666667, "3JQ": 0.5136666666666667, "JQQ": 0.5726666666666667, "JJQ": 0.5856666666666667, "AJQ": 0.8103333333333333, "7JQ": 0.6776666666666666, "2JQ": 0.498, "5QT": 0.5036666666666667, "59Q": 0.49266666666666664, "35Q": 0.477, "5QQ": 0.5726666666666667, "55Q": 0.567, "5AQ": 0.843, "57Q": 0.695, "25Q": 0.4796666666666667, "9QT": 0.43666666666666665, "3QT": 0.5116666666666667, "QQT": 0.582, "AQT": 0.8196666666666667, "7QT": 0.6653333333333333, "2QT": 0.49233333333333335, "QTT": 0.604, "99Q": 0.5683333333333334, "39Q": 0.48533333333333334, "9QQ": 0.557, "9AQ": 0.859, "79Q": 0.6553333333333333, "29Q": 0.49, "3QQ": 0.5863333333333334, "3AQ": 0.86, "37Q": 0.7376666666666667, "23Q": 0.515, "33Q": 0.5553333333333333, "AQQ": 0.8246666666666667, "7QQ": 0.746, "2QQ": 0.5803333333333334, "QQQ": 0.6996666666666667, "7AQ": 0.9106666666666666, "AAQ": 0.955, "2AQ": 0.8636666666666667, "27Q": 0.75, "77Q": 0.9603333333333334, "22Q": 0.5733333333333334, "468": 0.5723333333333334, "46J": 0.49133333333333334, "456": 0.595, "46T": 0.49133333333333334, "469": 0.465, "446": 0.576, "466": 0.5583333333333333, "346": 0.5263333333333333, "46A": 0.8253333333333334, "467": 0.6606666666666666, "246": 0.468, "68J": 0.5043333333333333, "568": 0.6123333333333333, "68T": 0.5726666666666667, "689": 0.5876666666666667, "668": 0.5793333333333334, "368": 0.5333333333333333, "68A": 0.8583333333333333, "678": 0.6346666666666667, "688": 0.6033333333333334, "268": 0.49833333333333335, "56J": 0.5093333333333333, "6JT": 0.5043333333333333, "69J": 0.48033333333333333, "66J": 0.5763333333333334, "36J": 0.5003333333333333, "6JJ": 0.594, "6AJ": 0.867, "67J": 0.712, "26J": 0.5166666666666667, "56T": 0.513, "569": 0.5323333333333333, "566": 0.5803333333333334, "356": 0.5303333333333333, "556": 0.5716666666666667, "56A": 0.8276666666666667, "567": 0.6396666666666667, "256": 0.4583333333333333, "69T": 0.529, "66T": 0.5673333333333334, "36T": 0.511, "6AT": 0.8533333333333334, "67T": 0.6823333333333333, "26T": 0.5006666666666667, "6TT": 0.5836666666666667, "699": 0.5596666666666666, "669": 0.5366666666666666, "369": 0.4766666666666667, "69A": 0.8403333333333334, "679": 0.6316666666666667, "269": 0.4696666666666667, "366": 0.5783333333333334, "66A": 0.868, "667": 0.7456666666666667, "266": 0.5716666666666667, "666": 0.685, "36A": 0.8506666666666667, "367": 0.7356666666666667, "236": 0.4703333333333333, "336": 0.5333333333333333, "67A": 0.8796666666666667, "6AA": 0.9353333333333333, "26A": 0.85, "267": 0.7576666666666667, "677": 0.9316666666666666, "226": 0.5486666666666666, "48J": 0.5156666666666667, "458": 0.547, "48T": 0.5193333333333333, "489": 0.5083333333333333, "448": 0.5906666666666667, "348": 0.5123333333333333, "48A": 0.842, "478": 0.6626666666666666, "488": 0.5676666666666667, "248": 0.5053333333333333, "45J": 0.47933333333333333, "4JT": 0.5083333333333333, "49J": 0.4856666666666667, "44J": 0.5736666666666667, "34J": 0.5053333333333333, "4JJ": 0.5973333333333334, "4AJ": 0.8363333333333334, "47J": 0.688, "24J": 0.5033333333333333, "45T": 0.4796666666666667, "459": 0.4806666666666667, "445": 0.557, "345": 0.5186666666666667, "455": 0.5433333333333333, "45A": 0.7196666666666667, "457": 0.6056666666666667, "245": 0.45766666666666667, "49T": 0.48533333333333334, "44T": 0.5833333333333334, "34T": 0.518, "4AT": 0.83, "47T": 0.697, "24T": 0.5146666666666667, "4TT": 0.598, "449": 0.595, "499": 0.5566666666666666, "349": 0.501, "49A": 0.856, "479": 0.6806666666666666, "249": 0.4856666666666667, "344": 0.5846666666666667, "444": 0.6866666666666666, "44A": 0.8263333333333334, "447": 0.7293333333333333, "244": 0.5686666666666667, "34A": 0.8383333333333334, "347": 0.7233333333333334, "234": 0.48966666666666664, "334": 0.5656666666666667, "47A": 0.8153333333333334, "4AA": 0.941, "24A": 0.843, "247": 0.7556666666666667, "477": 0.917, "224": 0.569, "58J": 0.527, "8JT": 0.6813333333333333, "89J": 0.532, "38J": 0.6626666666666666, "8JJ": 0.6066666666666667, "8AJ": 0.849, "78J": 0.6513333333333333, "88J": 0.5936666666666667, "28J": 0.6723333333333333, "58T": 0.507, "589": 0.556, "358": 0.5106666666666667, "558": 0.5923333333333334, "58A": 0.8343333333333334, "578": 0.6373333333333333, "588": 0.5723333333333334, "258": 0.5026666666666667, "89T": 0.5943333333333334, "38T": 0.6713333333333333, "8AT": 0.8566666666666667, "78T": 0.6313333333333333, "88T": 0.5863333333333334, "28T": 0.6646666666666666, "8TT": 0.597, "899": 0.5843333333333334, "389": 0.526, "89A": 0.8623333333333333, "789": 0.5786666666666667, "889": 0.58, "289": 0.5086666666666667, "38A": 0.887, "378": 0.705, "388": 0.6056666666666667, "238": 0.64, "338": 0.5896666666666667, "78A": 0.8766666666666667, "8AA": 0.9583333333333334, "88A": 0.8376666666666667, "28A": 0.8626666666666667, "788": 0.7196666666666667, "278": 0.7223333333333334, "778": 0.9106666666666666, "288": 0.5983333333333334, "888": 0.6903333333333334, "228": 0.573, "5JT": 0.495, "59J": 0.49866666666666665, "35J": 0.49833333333333335, "55J": 0.5913333333333334, "5JJ": 0.5913333333333334, "5AJ": 0.8306666666666667, "57J": 0.6733333333333333, "25J": 0.5046666666666667,