{"6KQ": 0.547, "4KQ": 0.16833333333333333, "7KQ": 0.16066666666666668, "2KQ": 0.542, "KQT": 0.162, "3KQ": 0.19666666666666666, "JKQ": 0.16433333333333333, "KKQ": 0.195, "KQQ": 0.17866666666666667, "5KQ": 0.18233333333333332, "AKQ": 0.16333333333333333, "9KQ": 0.171, "8KQ": 0.16366666666666665, "46Q": 0.5116666666666667, "67Q": 0.554, "26Q": 0.8436666666666667, "6QT": 0.462, "36Q": 0.6213333333333333, "6JQ": 0.5536666666666666, "6QQ": 0.622, "56Q": 0.6036666666666667, "66Q": 0.8983333333333333, "6AQ": 0.5826666666666667, "69Q": 0.5483333333333333, "68Q": 0.43366666666666664, "47Q": 0.151, "24Q": 0.536, "4QT": 0.14066666666666666, "34Q": 0.28, "4JQ": 0.163, "4QQ": 0.184, "45Q": 0.29833333333333334, "44Q": 0.175, "4AQ": 0.16266666666666665, "49Q": 0.16133333333333333, "48Q": 0.13566666666666666, "27Q": 0.5386666666666666, "7QT": 0.15733333333333333, "37Q": 0.16233333333333333, "7JQ": 0.16633333333333333, "7QQ": 0.19066666666666668, "57Q": 0.17466666666666666, "77Q": 0.18233333333333332, "7AQ": 0.16133333333333333, "79Q": 0.17866666666666667, "78Q": 0.18466666666666667, "2QT": 0.508, "23Q": 0.563, "2JQ": 0.5153333333333333, "2QQ": 0.5823333333333334, "25Q": 0.5393333333333333, "2AQ": 0.538, "22Q": 0.923, "29Q": 0.533, "28Q": 0.5273333333333333, "3QT": 0.15133333333333332, "JQT": 0.14, "QTT": 0.18066666666666667, "QQT": 0.18766666666666668, "5QT": 0.155, "AQT": 0.17066666666666666, "9QT": 0.16033333333333333, "8QT": 0.13766666666666666, "3JQ": 0.16266666666666665, "3QQ": 0.19966666666666666, "35Q": 0.2866666666666667, "3AQ": 0.167, "39Q": 0.17533333333333334, "38Q": 0.15, "33Q": 0.18433333333333332, "JQQ": 0.193, "5JQ": 0.163, "AJQ": 0.17, "JJQ": 0.191, "9JQ": 0.154, "8JQ": 0.154, "5QQ": 0.19566666666666666, "AQQ": 0.19233333333333333, "9QQ": 0.18733333333333332, "QQQ": 0.21666666666666667, "8QQ": 0.17766666666666667, "55Q": 0.16766666666666666, "5AQ": 0.164, "59Q": 0.17666666666666667, "58Q": 0.18633333333333332, "9AQ": 0.16233333333333333, "8AQ": 0.165, "AAQ": 0.18733333333333332, "89Q": 0.176, "99Q": 0.185, "88Q": 0.17766666666666667, "46K": 0.58, "67K": 0.5646666666666667, "26K": 0.87, "6KT": 0.556, "36K": 0.6233333333333333, "6JK": 0.565, "6KK": 0.6433333333333333, "56K": 0.612, "66K": 0.9316666666666666, "6AK": 0.5883333333333334, "69K": 0.5796666666666667, "68K": 0.547, "47K": 0.18366666666666667, "24K": 0.5686666666666667, "4KT": 0.164, "34K": 0.30733333333333335, "4JK": 0.17066666666666666, "4KK": 0.19866666666666666, "45K": 0.291, "44K": 0.175, "4AK": 0.168, "49K": 0.17333333333333334, "48K": 0.16566666666666666, "27K": 0.542, "7KT": 0.18466666666666667, "37K": 0.177, "7JK": 0.15966666666666668, "7KK": 0.19033333333333333, "57K": 0.189, "77K": 0.2, "7AK": 0.17166666666666666, "79K": 0.183, "78K": 0.19866666666666666, "2KT": 0.544, "23K": 0.562, "2JK": 0.5346666666666666, "2KK": 0.5746666666666667, "25K": 0.5356666666666666, "2AK": 0.53, "22K": 0.944, "29K": 0.545, "28K": 0.5526666666666666, "3KT": 0.2, "JKT": 0.16933333333333334, "KTT": 0.21266666666666667, "KKT": 0.18566666666666667, "5KT": 0.16133333333333333, "AKT": 0.17, "9KT": 0.168, "8KT": 0.17066666666666666, "3JK": 0.18966666666666668, "3KK": 0.22566666666666665, "35K": 0.29533333333333334, "3AK": 0.203, "39K": 0.19066666666666668, "38K": 0.193, "33K": 0.20766666666666667, "JKK": 0.19766666666666666, "5JK": 0.16433333333333333, "AJK": 0.15333333333333332, "JJK": 0.19166666666666668, "9JK": 0.165, "8JK": 0.17866666666666667, "5KK": 0.18733333333333332, "AKK": 0.19866666666666666, "KKK": 0.23233333333333334, "9KK": 0.197, "8KK": 0.18733333333333332, "55K": 0.17833333333333334, "5AK": 0.15666666666666668, "59K": 0.165, "58K": 0.19133333333333333, "9AK": 0.173, "8AK": 0.172, "AAK": 0.19766666666666666, "89K": 0.18133333333333335, "99K": 0.189, "88K": 0.194, "467": 0.5286666666666666, "246": 0.8013333333333333, "46T": 0.5006666666666667, "346": 0.6286666666666667, "46J": 0.6076666666666667, "456": 0.5923333333333334, "466": 0.903, "446": 0.612, "46A": 0.6163333333333333, "469": 0.5953333333333334, "468": 0.4836666666666667, "267": 0.8233333333333334, "67T": 0.529, "367": 0.592, "67J": 0.554, "567": 0.48533333333333334, "667": 0.897, "677": 0.5763333333333334, "67A": 0.546, "679": 0.47433333333333333, "678": 0.43133333333333335, "26T": 0.826, "236": 0.8393333333333334, "26J": 0.8463333333333334, "256": 0.786, "266": 0.9783333333333334, "26A": 0.8473333333333334, "226": 0.981, "269": 0.8316666666666667, "268": 0.8186666666666667, "36T": 0.603, "6JT": 0.5476666666666666, "6TT": 0.6036666666666667, "56T": 0.598, "66T": 0.8973333333333333, "6AT": 0.5646666666666667, "69T": 0.49733333333333335, "68T": 0.438, "36J": 0.6346666666666667, "356": 0.6376666666666667, "366": 0.92, "36A": 0.6453333333333333, "369": 0.6173333333333333, "368": 0.5986666666666667, "336": 0.6396666666666667, "56J": 0.609, "66J": 0.9316666666666666, "6AJ": 0.5616666666666666, "6JJ": 0.6156666666666667, "69J": 0.532, "68J": 0.5266666666666666, "566": 0.9036666666666666, "556": 0.6066666666666667, "56A": 0.6043333333333333, "569": 0.567, "568": 0.5286666666666666, "66A": 0.9316666666666666, "669": 0.912, "668": 0.8816666666666667, "666": 0.9996666666666667, "69A": 0.5673333333333334, "68A": 0.5463333333333333, "6AA": 0.632, "689": 0.4886666666666667, "699": 0.5986666666666667, "688": 0.616, "247": 0.5563333333333333, "47T": 0.17233333333333334, "347": 0.25566666666666665, "47J": 0.16433333333333333, "457": 0.3383333333333333, "477": 0.17966666666666667, "447": 0.17966666666666667, "47A": 0.163, "479": 0.176, "478": 0.25533333333333336, "24T": 0.5326666666666666, "234": 0.5866666666666667, "24J": 0.5553333333333333, "245": 0.5613333333333334, "244": 0.5526666666666666, "24A": 0.5443333333333333, "224": 0.9163333333333333, "249": 0.5456666666666666, "248": 0.545, "34T": 0.284, "4JT": 0.166, "4TT": 0.184, "45T": 0.2723333333333333, "44T": 0.17766666666666667, "4AT": 0.16733333333333333, "49T": 0.16366666666666665, "48T": 0.13566666666666666, "34J": 0.2956666666666667, "345": 0.891, "344": 0.2856666666666667, "34A": 0.2813333333333333, "349": 0.27566666666666667, "348": 0.2853333333333333, "334": 0.278, "45J": 0.285, "44J": 0.17966666666666667, "4AJ": 0.16133333333333333, "4JJ": 0.19433333333333333, "49J": 0.17066666666666666, "48J": 0.173, "445": 0.274, "455": 0.29733333333333334, "45A": 0.3016666666666667, "459": 0.2693333333333333, "458": 0.369, "44A": 0.17366666666666666, "449": 0.182, "444": 0.214, "448": 0.17233333333333334, "49A": 0.163, "48A": 0.17833333333333334, "4AA": 0.18566666666666667, "489": 0.18033333333333335, "499": 0.19133333333333333, "488": 0.196, "27T": 0.5283333333333333, "237": 0.5473333333333333, "27J": 0.443, "257": 0.45966666666666667, "277": 0.5543333333333333, "27A": 0.44966666666666666, "227": 0.924, "279": 0.438, "278": 0.525, "37T": 0.166, "7JT": 0.15433333333333332, "7TT": 0.20033333333333334, "57T": 0.17366666666666666, "77T": 0.18333333333333332, "7AT": 0.18166666666666667, "79T": 0.23133333333333334, "78T": 0.23233333333333334, "37J": 0.161, "357": 0.248, "377": 0.19333333333333333, "37A": 0.154, "379": 0.174, "378": 0.18033333333333335, "337": 0.17966666666666667, "57J": 0.144, "77J": 0.18266666666666667, "7AJ": 0.132, "7JJ": 0.171, "79J": 0.134, "78J": 0.171, "577": 0.20566666666666666, "557": 0.199, "57A": 0.15133333333333332, "579": 0.22666666666666666, "578": 0.3436666666666667, "77A": 0.197, "779": 0.19066666666666668, "778": 0.20733333333333334, "777": 0.22066666666666668, "79A": 0.141, "78A": 0.17533333333333334, "7AA": 0.18533333333333332, "789": 0.32033333333333336, "799": 0.19466666666666665, "788": 0.211, "23T": 0.55, "2JT": 0.5226666666666666, "2TT": 0.5833333333333334, "25T": 0.5313333333333333, "2AT": 0.5236666666666666, "22T": 0.9173333333333333, "29T": 0.522, "28T": 0.5033333333333333, "23J": 0.534, "235": 0.5516666666666666, "23A": 0.5286666666666666, "223": 0.9366666666666666, "239": 0.5493333333333333, "238": 0.5563333333333333, "233": 0.578, "25J": 0.452, "2AJ": 0.46,