{"8JK": 0.8656666666666667, "2JK": 0.8663333333333333, "JKQ": 0.8723333333333333, "JJK": 0.865, "4JK": 0.8676666666666667, "7JK": 0.8566666666666667, "3JK": 0.869, "6JK": 0.8756666666666667, "5JK": 0.8743333333333333, "AJK": 0.8346666666666667, "9JK": 0.8453333333333334, "JKK": 0.9596666666666667, "JKT": 0.865, "28J": 0.5043333333333333, "8JQ": 0.8176666666666667, "88J": 0.5506666666666666, "8JJ": 0.5703333333333334, "48J": 0.47933333333333333, "78J": 0.4683333333333333, "38J": 0.49333333333333335, "68J": 0.466, "58J": 0.4686666666666667, "8AJ": 0.6116666666666667, "89J": 0.523, "8JT": 0.612, "2JQ": 0.8596666666666667, "22J": 0.5863333333333334, "2JJ": 0.5856666666666667, "24J": 0.6423333333333333, "27J": 0.6183333333333333, "23J": 0.5126666666666667, "26J": 0.508, "25J": 0.5223333333333333, "2AJ": 0.6353333333333333, "29J": 0.587, "2JT": 0.651, "JJQ": 0.831, "4JQ": 0.8593333333333333, "7JQ": 0.8476666666666667, "3JQ": 0.859, "6JQ": 0.823, "5JQ": 0.833, "AJQ": 0.8373333333333334, "9JQ": 0.845, "JQQ": 0.963, "JQT": 0.8263333333333334, "4JJ": 0.59, "7JJ": 0.5873333333333334, "3JJ": 0.5676666666666667, "JJJ": 0.6473333333333333, "6JJ": 0.5516666666666666, "5JJ": 0.5413333333333333, "AJJ": 0.6726666666666666, "9JJ": 0.639, "JJT": 0.6786666666666666, "47J": 0.632, "34J": 0.49366666666666664, "46J": 0.4806666666666667, "45J": 0.48433333333333334, "4AJ": 0.6476666666666666, "49J": 0.5683333333333334, "44J": 0.5973333333333334, "4JT": 0.6333333333333333, "37J": 0.501, "67J": 0.478, "57J": 0.48633333333333334, "77J": 0.573, "7AJ": 0.6186666666666667, "79J": 0.558, "7JT": 0.6376666666666667, "36J": 0.483, "33J": 0.5563333333333333, "35J": 0.476, "3AJ": 0.6343333333333333, "39J": 0.5563333333333333, "3JT": 0.6656666666666666, "56J": 0.44066666666666665, "6AJ": 0.613, "69J": 0.5543333333333333, "6JT": 0.6093333333333333, "66J": 0.5956666666666667, "55J": 0.5783333333333334, "5AJ": 0.6093333333333333, "59J": 0.5623333333333334, "5JT": 0.6286666666666667, "9AJ": 0.612, "AJT": 0.9683333333333334, "AAJ": 0.6916666666666667, "99J": 0.6326666666666667, "9JT": 0.973, "JTT": 0.6936666666666667, "28K": 0.8893333333333333, "8KQ": 0.9243333333333333, "88K": 0.8736666666666667, "48K": 0.8706666666666667, "78K": 0.8363333333333334, "38K": 0.8693333333333333, "68K": 0.841, "58K": 0.8596666666666667, "8AK": 0.8356666666666667, "89K": 0.8246666666666667, "8KK": 0.979, "8KT": 0.851, "2KQ": 0.936, "22K": 0.861, "24K": 0.8543333333333333, "27K": 0.868, "23K": 0.8796666666666667, "26K": 0.8673333333333333, "25K": 0.8596666666666667, "2AK": 0.8436666666666667, "29K": 0.8496666666666667, "2KK": 0.971, "2KT": 0.8686666666666667, "4KQ": 0.9326666666666666, "7KQ": 0.9306666666666666, "3KQ": 0.941, "6KQ": 0.9046666666666666, "5KQ": 0.9146666666666666, "AKQ": 0.8816666666666667, "9KQ": 0.8973333333333333, "KKQ": 0.9976666666666667, "KQQ": 0.9976666666666667, "KQT": 0.8316666666666667, "47K": 0.8456666666666667, "34K": 0.867, "46K": 0.8456666666666667, "45K": 0.846, "4AK": 0.8376666666666667, "49K": 0.8486666666666667, "4KK": 0.9643333333333334, "44K": 0.8433333333333334, "4KT": 0.8613333333333333, "37K": 0.8716666666666667, "67K": 0.8303333333333334, "57K": 0.8413333333333334, "77K": 0.8426666666666667, "7AK": 0.8153333333333334, "79K": 0.8236666666666667, "7KK": 0.9636666666666667, "7KT": 0.8503333333333334, "36K": 0.8586666666666667, "33K": 0.8453333333333334, "35K": 0.862, "3AK": 0.8363333333333334, "39K": 0.8396666666666667, "3KK": 0.9796666666666667, "3KT": 0.8753333333333333, "56K": 0.8046666666666666, "6AK": 0.827, "69K": 0.8153333333333334, "6KK": 0.969, "6KT": 0.8346666666666667, "66K": 0.8696666666666667, "55K": 0.8676666666666667, "5AK": 0.8296666666666667, "59K": 0.8386666666666667, "5KK": 0.9696666666666667, "5KT": 0.8486666666666667, "9AK": 0.8026666666666666, "AKK": 0.9736666666666667, "AKT": 0.8246666666666667, "AAK": 0.8986666666666666, "9KK": 0.9413333333333334, "99K": 0.8386666666666667, "9KT": 0.8183333333333334, "KKK": 1.0, "KKT": 0.979, "KTT": 0.8783333333333333, "28Q": 0.874, "228": 0.556, "288": 0.5443333333333333, "248": 0.4766666666666667, "278": 0.44566666666666666, "238": 0.479, "268": 0.4663333333333333, "258": 0.445, "28A": 0.5506666666666666, "289": 0.4593333333333333, "28T": 0.4776666666666667, "88Q": 0.833, "48Q": 0.857, "78Q": 0.8416666666666667, "38Q": 0.8606666666666667, "68Q": 0.8073333333333333, "58Q": 0.8366666666666667, "8AQ": 0.8203333333333334, "89Q": 0.8, "8QQ": 0.9553333333333334, "8QT": 0.7756666666666666, "488": 0.555, "788": 0.5136666666666667, "388": 0.5463333333333333, "688": 0.527, "588": 0.529, "88A": 0.645, "889": 0.5426666666666666, "88T": 0.5436666666666666, "888": 0.634, "478": 0.457, "348": 0.49466666666666664, "468": 0.42433333333333334, "458": 0.42933333333333334, "48A": 0.551, "489": 0.472, "448": 0.546, "48T": 0.4623333333333333, "378": 0.4693333333333333, "678": 0.4036666666666667, "578": 0.413, "778": 0.5166666666666667, "78A": 0.535, "789": 0.4063333333333333, "78T": 0.425, "368": 0.48033333333333333, "338": 0.5623333333333334, "358": 0.467, "38A": 0.6883333333333334, "389": 0.49166666666666664, "38T": 0.48433333333333334, "568": 0.4, "68A": 0.5303333333333333, "689": 0.43666666666666665, "68T": 0.422, "668": 0.5306666666666666, "558": 0.5223333333333333, "58A": 0.5406666666666666, "589": 0.45366666666666666, "58T": 0.4563333333333333, "89A": 0.538, "8AT": 0.6096666666666667, "8AA": 0.661, "899": 0.551, "89T": 0.507, "8TT": 0.5626666666666666, "22Q": 0.8596666666666667, "24Q": 0.859, "27Q": 0.8706666666666667, "23Q": 0.8833333333333333, "26Q": 0.8296666666666667, "25Q": 0.8333333333333334, "2AQ": 0.833, "29Q": 0.8686666666666667, "2QQ": 0.9746666666666667, "2QT": 0.836, "224": 0.5383333333333333, "227": 0.5526666666666666, "223": 0.5516666666666666, "226": 0.5453333333333333, "225": 0.5303333333333333, "22A": 0.6113333333333333, "229": 0.5516666666666666, "222": 0.6426666666666667, "22T": 0.5626666666666666, "247": 0.6253333333333333, "234": 0.4806666666666667, "246": 0.45166666666666666, "245": 0.4553333333333333, "24A": 0.556, "249": 0.506, "244": 0.558, "24T": 0.516, "237": 0.49233333333333335, "267": 0.472, "257": 0.47333333333333333, "277": 0.5686666666666667, "27A": 0.563, "279": 0.486, "27T": 0.5116666666666667, "236": 0.44366666666666665, "233": 0.568, "235": 0.44433333333333336, "23A": 0.573, "239": 0.4656666666666667, "23T": 0.47933333333333333, "256": 0.411, "26A": 0.5286666666666666, "269": 0.4683333333333333, "26T": 0.4693333333333333, "266": 0.5446666666666666, "255": 0.5713333333333334, "25A": 0.522, "259": 0.467, "25T": 0.46066666666666667, "29A": 0.5416666666666666, "2AT": 0.619, "2AA": 0.655, "299": 0.5803333333333334, "29T": 0.5593333333333333, "2TT": 0.573, "47Q": 0.8516666666666667, "34Q": 0.8566666666666667, "46Q": 0.8116666666666666, "45Q": 0.8133333333333334, "4AQ": 0.826, "49Q": 0.8616666666666667, "4QQ": 0.9756666666666667, "44Q": 0.8613333333333333, "4QT": 0.829, "37Q": 0.862, "67Q": 0.798, "57Q": 0.8136666666666666, "77Q": 0.861, "7AQ": 0.8346666666666667, "79Q": 0.861, "7QQ": 0.9733333333333334, "7QT": 0.828, "36Q": 0.838, "33Q": 0.8513333333333334, "35Q": 0.826, "3AQ": 0.8103333333333333, "39Q": 0.8646666666666667, "3QQ": 0.9623333333333334, "3QT": 0.8263333333333334, "56Q": 0.716, "6AQ": 0.776, "69Q": 0.808, "6QQ": 0.9443333333333334, "6QT": 0.7216666666666667, "66Q": 0.8406666666666667, "55Q": 0.834, "5AQ": 0.7966666666666666, "59Q": 0.8316666666666667, "5QQ": 0.9506666666666667, "5QT": 0.7306666666666667, "9AQ": 0.8213333333333334, "AQQ": 0.9583333333333334, "AQT": 0.8126666666666666, "AAQ": 0.8586666666666667, "9QQ": 0.97, "99Q": 0.847, "9QT": 0.804, "QQT": 0.9416666666666667, "QQQ": 1.0, "QTT": 0.8183333333333334, "347": 0.468, "467": 0.436, "457": 0.43866666666666665, "477": 0.5593333333333333, "47A": 0.5543333333333333, "479": 0.4716666666666667, "447": 0.5436666666666666, "47T": 0.4836666666666667, "346": 0.4156666666666667, "334": 0.5356666666666666, "345": 0.4146666666666667,