{"8QT": 0.7673333333333333, "7QT": 0.7566666666666667, "AQT": 0.6996666666666667, "JQT": 0.6993333333333334, "KQT": 0.6603333333333333, "3QT": 0.7693333333333333, "2QT": 0.759, "6QT": 0.7936666666666666, "QTT": 0.7726666666666666, "QQT": 0.9063333333333333, "5QT": 0.7876666666666666, "9QT": 0.7073333333333334, "4QT": 0.8696666666666667, "78T": 0.33866666666666667, "8AT": 0.4186666666666667, "8JT": 0.636, "8KT": 0.398, "38T": 0.365, "28T": 0.38566666666666666, "68T": 0.583, "8TT": 0.44066666666666665, "58T": 0.3596666666666667, "88T": 0.41933333333333334, "89T": 0.4176666666666667, "48T": 0.6053333333333333, "7AT": 0.333, "7JT": 0.35933333333333334, "7KT": 0.368, "77T": 0.4216666666666667, "37T": 0.284, "27T": 0.30333333333333334, "67T": 0.364, "7TT": 0.383, "57T": 0.28833333333333333, "79T": 0.29833333333333334, "47T": 0.505, "AJT": 0.4663333333333333, "AKT": 0.491, "3AT": 0.33266666666666667, "2AT": 0.37733333333333335, "AAT": 0.48433333333333334, "6AT": 0.39366666666666666, "ATT": 0.452, "5AT": 0.329, "9AT": 0.37533333333333335, "4AT": 0.5206666666666667, "JKT": 0.5396666666666666, "3JT": 0.36466666666666664, "2JT": 0.3973333333333333, "6JT": 0.5866666666666667, "JTT": 0.44166666666666665, "5JT": 0.37333333333333335, "9JT": 0.49766666666666665, "JJT": 0.4533333333333333, "4JT": 0.6116666666666667, "3KT": 0.38266666666666665, "KKT": 0.4796666666666667, "2KT": 0.383, "6KT": 0.416, "KTT": 0.48966666666666664, "5KT": 0.3983333333333333, "9KT": 0.44166666666666665, "4KT": 0.6, "23T": 0.345, "36T": 0.3556666666666667, "3TT": 0.4063333333333333, "35T": 0.295, "39T": 0.3313333333333333, "34T": 0.554, "33T": 0.4136666666666667, "26T": 0.379, "2TT": 0.41333333333333333, "25T": 0.33766666666666667, "22T": 0.388, "29T": 0.3413333333333333, "24T": 0.659, "6TT": 0.44066666666666665, "56T": 0.373, "69T": 0.357, "46T": 0.573, "66T": 0.43466666666666665, "5TT": 0.39866666666666667, "9TT": 0.407, "4TT": 0.6576666666666666, "TTT": 0.504, "59T": 0.329, "45T": 0.47833333333333333, "55T": 0.44966666666666666, "49T": 0.5786666666666667, "99T": 0.436, "44T": 0.9313333333333333, "78Q": 0.803, "8AQ": 0.763, "8JQ": 0.8393333333333334, "8KQ": 0.753, "38Q": 0.81, "28Q": 0.7983333333333333, "68Q": 0.862, "8QQ": 0.9426666666666667, "58Q": 0.7993333333333333, "88Q": 0.8113333333333334, "89Q": 0.7423333333333333, "48Q": 0.9116666666666666, "7AQ": 0.7143333333333334, "7JQ": 0.8093333333333333, "7KQ": 0.733, "77Q": 0.8086666666666666, "37Q": 0.8006666666666666, "27Q": 0.7876666666666666, "67Q": 0.8073333333333333, "7QQ": 0.9366666666666666, "57Q": 0.7823333333333333, "79Q": 0.755, "47Q": 0.8833333333333333, "AJQ": 0.726, "AKQ": 0.6446666666666667, "3AQ": 0.7406666666666667, "2AQ": 0.7406666666666667, "AAQ": 0.7893333333333333, "6AQ": 0.7823333333333333, "AQQ": 0.919, "5AQ": 0.7556666666666667, "9AQ": 0.7433333333333333, "4AQ": 0.876, "JKQ": 0.6693333333333333, "3JQ": 0.8043333333333333, "2JQ": 0.7806666666666666, "6JQ": 0.865, "JQQ": 0.9276666666666666, "5JQ": 0.8193333333333334, "9JQ": 0.7163333333333334, "JJQ": 0.7643333333333333, "4JQ": 0.9086666666666666, "3KQ": 0.733, "KKQ": 0.7686666666666667, "2KQ": 0.62, "6KQ": 0.7493333333333333, "KQQ": 0.8966666666666666, "5KQ": 0.7273333333333334, "9KQ": 0.585, "4KQ": 0.87, "23Q": 0.8083333333333333, "36Q": 0.8183333333333334, "3QQ": 0.9253333333333333, "35Q": 0.7956666666666666, "39Q": 0.7716666666666666, "34Q": 0.8916666666666667, "33Q": 0.8103333333333333, "26Q": 0.8043333333333333, "2QQ": 0.923, "25Q": 0.7876666666666666, "22Q": 0.7706666666666667, "29Q": 0.6646666666666666, "24Q": 0.906, "6QQ": 0.9493333333333334, "56Q": 0.8196666666666667, "69Q": 0.7626666666666667, "46Q": 0.906, "66Q": 0.7893333333333333, "5QQ": 0.933, "9QQ": 0.9163333333333333, "QQQ": 1.0, "4QQ": 0.9866666666666667, "59Q": 0.753, "45Q": 0.8693333333333333, "55Q": 0.8056666666666666, "49Q": 0.89, "99Q": 0.7686666666666667, "44Q": 0.9863333333333333, "78A": 0.3893333333333333, "78J": 0.5643333333333334, "78K": 0.4003333333333333, "778": 0.5936666666666667, "378": 0.3516666666666667, "278": 0.37333333333333335, "678": 0.595, "578": 0.397, "788": 0.428, "789": 0.323, "478": 0.5703333333333334, "8AJ": 0.6016666666666667, "8AK": 0.475, "38A": 0.408, "28A": 0.41133333333333333, "8AA": 0.511, "68A": 0.598, "58A": 0.40166666666666667, "88A": 0.5016666666666667, "89A": 0.402, "48A": 0.6156666666666667, "8JK": 0.6076666666666667, "38J": 0.578, "28J": 0.5936666666666667, "68J": 0.9453333333333334, "58J": 0.567, "88J": 0.6046666666666667, "89J": 0.6016666666666667, "8JJ": 0.6093333333333333, "48J": 0.7686666666666667, "38K": 0.4156666666666667, "8KK": 0.49866666666666665, "28K": 0.401, "68K": 0.606, "58K": 0.416, "88K": 0.49666666666666665, "89K": 0.38566666666666666, "48K": 0.6353333333333333, "238": 0.38566666666666666, "368": 0.5903333333333334, "358": 0.36466666666666664, "388": 0.442, "389": 0.362, "348": 0.657, "338": 0.5903333333333334, "268": 0.5743333333333334, "258": 0.37233333333333335, "228": 0.449, "288": 0.43966666666666665, "289": 0.351, "248": 0.673, "568": 0.6046666666666667, "688": 0.597, "689": 0.545, "468": 0.7336666666666667, "668": 0.595, "588": 0.43733333333333335, "589": 0.341, "458": 0.5743333333333334, "558": 0.623, "889": 0.43766666666666665, "488": 0.6813333333333333, "888": 0.53, "489": 0.6066666666666667, "899": 0.6013333333333334, "448": 0.9476666666666667, "7AJ": 0.4056666666666667, "7AK": 0.445, "77A": 0.4706666666666667, "37A": 0.3406666666666667, "27A": 0.381, "7AA": 0.441, "67A": 0.39566666666666667, "57A": 0.3333333333333333, "79A": 0.3496666666666667, "47A": 0.5086666666666667, "7JK": 0.4156666666666667, "77J": 0.598, "37J": 0.35033333333333333, "27J": 0.37433333333333335, "67J": 0.5776666666666667, "57J": 0.3506666666666667, "79J": 0.3506666666666667, "7JJ": 0.4236666666666667, "47J": 0.5933333333333334, "77K": 0.49033333333333334, "37K": 0.3943333333333333, "7KK": 0.474, "27K": 0.3903333333333333, "67K": 0.41233333333333333, "57K": 0.37666666666666665, "79K": 0.3423333333333333, "47K": 0.577, "377": 0.41733333333333333, "277": 0.43166666666666664, "677": 0.6083333333333333, "577": 0.42433333333333334, "777": 0.5166666666666667, "779": 0.411, "477": 0.6636666666666666, "237": 0.31766666666666665, "367": 0.444, "357": 0.344, "379": 0.302, "347": 0.5293333333333333, "337": 0.407, "267": 0.37166666666666665, "257": 0.342, "227": 0.382, "279": 0.30466666666666664, "247": 0.644, "567": 0.4653333333333333, "679": 0.3283333333333333, "467": 0.5446666666666666, "667": 0.434, "579": 0.3006666666666667, "457": 0.4666666666666667, "557": 0.42966666666666664, "479": 0.5806666666666667, "799": 0.40066666666666667, "447": 0.9053333333333333, "AJK": 0.5453333333333333, "3AJ": 0.4096666666666667, "2AJ": 0.414, "AAJ": 0.5106666666666667, "6AJ": 0.6046666666666667, "5AJ": 0.4056666666666667, "9AJ": 0.4236666666666667, "AJJ": 0.505, "4AJ": 0.628, "3AK": 0.426, "AKK": 0.5473333333333333, "2AK": 0.43933333333333335, "AAK": 0.543, "6AK": 0.487, "5AK": 0.428, "9AK": 0.43866666666666665, "4AK": 0.6173333333333333, "23A": 0.37666666666666665, "3AA": 0.4666666666666667, "36A": 0.42433333333333334, "35A": 0.32033333333333336, "39A": 0.36833333333333335, "34A": 0.5593333333333333, "33A": 0.473, "2AA": 0.45566666666666666, "26A": 0.4126666666666667, "25A": 0.375, "22A": 0.44133333333333336, "29A": 0.37033333333333335, "24A": 0.6456666666666667, "6AA": 0.5256666666666666, "5AA": 0.4623333333333333, "9AA": 0.48233333333333334, "4AA": 0.683, "AAA": 0.589, "56A": 0.3993333333333333, "69A": 0.3893333333333333, "46A": 0.5966666666666667, "66A": 0.502, "59A": 0.36233333333333334, "45A": 0.5173333333333333, "55A": 0.4806666666666667, "49A": 0.616, "99A": 0.49666666666666665, "44A": 0.9376666666666666, "3JK": 0.4206666666666667, "JKK": 0.5216666666666666, "2JK": 0.4136666666666667, "6JK": 0.589, "5JK": 0.43133333333333335, "9JK": 0.46166666666666667, "JJK": 0.48733333333333334, "4JK": 0.6646666666666666, "23J": 0.37833333333333335, "36J": 0.5926666666666667, "35J": 0.384,