{"8QT": 0.813, "8KT": 0.6223333333333333, "89T": 0.657, "48T": 0.539, "8AT": 0.8983333333333333, "78T": 0.49433333333333335, "8JT": 0.7383333333333333, "8TT": 0.6346666666666667, "58T": 0.549, "68T": 0.635, "28T": 0.6656666666666666, "38T": 0.546, "88T": 0.6286666666666667, "KQT": 0.808, "9QT": 0.772, "4QT": 0.8256666666666667, "AQT": 0.902, "7QT": 0.8386666666666667, "JQT": 0.8183333333333334, "QTT": 0.8283333333333334, "5QT": 0.8543333333333333, "6QT": 0.8366666666666667, "QQT": 0.961, "2QT": 0.8666666666666667, "3QT": 0.857, "9KT": 0.599, "4KT": 0.625, "AKT": 0.879, "7KT": 0.6023333333333334, "JKT": 0.962, "KTT": 0.6933333333333334, "5KT": 0.612, "6KT": 0.6296666666666667, "2KT": 0.6393333333333333, "KKT": 0.6873333333333334, "3KT": 0.6403333333333333, "49T": 0.5366666666666666, "9AT": 0.9003333333333333, "79T": 0.496, "99T": 0.637, "9JT": 0.7273333333333334, "9TT": 0.639, "59T": 0.5456666666666666, "69T": 0.657, "29T": 0.6506666666666666, "39T": 0.5433333333333333, "4AT": 0.888, "47T": 0.5303333333333333, "4JT": 0.643, "4TT": 0.6286666666666667, "45T": 0.5443333333333333, "46T": 0.5436666666666666, "44T": 0.6263333333333333, "24T": 0.5513333333333333, "34T": 0.5366666666666666, "7AT": 0.8653333333333333, "AJT": 0.9006666666666666, "ATT": 0.8863333333333333, "5AT": 0.885, "6AT": 0.903, "2AT": 0.9166666666666666, "3AT": 0.8983333333333333, "AAT": 0.9686666666666667, "7JT": 0.598, "7TT": 0.6146666666666667, "57T": 0.49833333333333335, "67T": 0.5246666666666666, "27T": 0.546, "37T": 0.5236666666666666, "77T": 0.6103333333333333, "JTT": 0.6903333333333334, "5JT": 0.6186666666666667, "6JT": 0.7193333333333334, "2JT": 0.718, "3JT": 0.6123333333333333, "JJT": 0.6736666666666666, "5TT": 0.6426666666666667, "6TT": 0.6393333333333333, "2TT": 0.652, "3TT": 0.6393333333333333, "TTT": 0.74, "55T": 0.633, "56T": 0.541, "25T": 0.5576666666666666, "35T": 0.5433333333333333, "26T": 0.6593333333333333, "36T": 0.5476666666666666, "66T": 0.6236666666666667, "23T": 0.572, "22T": 0.6363333333333333, "33T": 0.6533333333333333, "8KQ": 0.8356666666666667, "89Q": 0.809, "48Q": 0.832, "8AQ": 0.9306666666666666, "78Q": 0.8433333333333334, "8JQ": 0.8356666666666667, "58Q": 0.835, "68Q": 0.8196666666666667, "8QQ": 0.959, "28Q": 0.8616666666666667, "38Q": 0.867, "88Q": 0.86, "89K": 0.54, "48K": 0.5386666666666666, "8AK": 0.895, "78K": 0.5183333333333333, "8JK": 0.621, "58K": 0.546, "68K": 0.5393333333333333, "28K": 0.5573333333333333, "8KK": 0.6686666666666666, "38K": 0.5706666666666667, "88K": 0.6193333333333333, "489": 0.524, "89A": 0.8963333333333333, "789": 0.4756666666666667, "899": 0.615, "89J": 0.675, "589": 0.5286666666666666, "689": 0.6316666666666667, "289": 0.6543333333333333, "389": 0.5473333333333333, "889": 0.6076666666666667, "48A": 0.887, "478": 0.501, "48J": 0.5426666666666666, "458": 0.4826666666666667, "468": 0.49766666666666665, "448": 0.612, "248": 0.5563333333333333, "348": 0.5246666666666666, "488": 0.6303333333333333, "78A": 0.8556666666666667, "8AJ": 0.9076666666666666, "58A": 0.8746666666666667, "68A": 0.8966666666666666, "28A": 0.9126666666666666, "38A": 0.8953333333333333, "8AA": 0.9663333333333334, "88A": 0.8743333333333333, "78J": 0.513, "578": 0.44366666666666665, "678": 0.45966666666666667, "278": 0.523, "378": 0.5146666666666667, "778": 0.591, "788": 0.5613333333333334, "58J": 0.5463333333333333, "68J": 0.6633333333333333, "28J": 0.661, "38J": 0.567, "8JJ": 0.6466666666666666, "88J": 0.639, "558": 0.612, "568": 0.48533333333333334, "258": 0.5483333333333333, "358": 0.514, "588": 0.595, "268": 0.65, "368": 0.524, "688": 0.6086666666666667, "668": 0.622, "238": 0.546, "228": 0.6396666666666667, "288": 0.6383333333333333, "338": 0.6353333333333333, "388": 0.6216666666666667, "888": 0.72, "9KQ": 0.7823333333333333, "4KQ": 0.793, "AKQ": 0.9166666666666666, "7KQ": 0.8073333333333333, "JKQ": 0.8153333333333334, "5KQ": 0.8176666666666667, "6KQ": 0.819, "KQQ": 0.9536666666666667, "2KQ": 0.838, "KKQ": 0.8816666666666667, "3KQ": 0.8223333333333334, "49Q": 0.8366666666666667, "9AQ": 0.9423333333333334, "79Q": 0.8303333333333334, "99Q": 0.8636666666666667, "9JQ": 0.7806666666666666, "59Q": 0.844, "69Q": 0.837, "9QQ": 0.9523333333333334, "29Q": 0.861, "39Q": 0.8693333333333333, "4AQ": 0.923, "47Q": 0.8363333333333334, "4JQ": 0.8286666666666667, "45Q": 0.8223333333333334, "46Q": 0.8323333333333334, "4QQ": 0.952, "44Q": 0.8363333333333334, "24Q": 0.8466666666666667, "34Q": 0.8533333333333334, "7AQ": 0.946, "AJQ": 0.9003333333333333, "5AQ": 0.95, "6AQ": 0.9466666666666667, "AQQ": 0.9963333333333333, "2AQ": 0.946, "3AQ": 0.9546666666666667, "AAQ": 0.999, "7JQ": 0.8643333333333333, "57Q": 0.8236666666666667, "67Q": 0.835, "7QQ": 0.9723333333333334, "27Q": 0.882, "37Q": 0.8776666666666667, "77Q": 0.8363333333333334, "5JQ": 0.8563333333333333, "6JQ": 0.8563333333333333, "JQQ": 0.9613333333333334, "2JQ": 0.856, "3JQ": 0.861, "JJQ": 0.838, "55Q": 0.8513333333333334, "56Q": 0.851, "5QQ": 0.9766666666666667, "25Q": 0.879, "35Q": 0.8593333333333333, "6QQ": 0.977, "26Q": 0.8803333333333333, "36Q": 0.87, "66Q": 0.8506666666666667, "QQQ": 1.0, "2QQ": 0.9726666666666667, "3QQ": 0.9676666666666667, "23Q": 0.879, "22Q": 0.849, "33Q": 0.8653333333333333, "49K": 0.5386666666666666, "9AK": 0.902, "79K": 0.5296666666666666, "99K": 0.643, "9JK": 0.612, "59K": 0.5316666666666666, "69K": 0.532, "29K": 0.5603333333333333, "9KK": 0.6493333333333333, "39K": 0.5713333333333334, "4AK": 0.8973333333333333, "47K": 0.524, "4JK": 0.6153333333333333, "45K": 0.5206666666666667, "46K": 0.5306666666666666, "44K": 0.6393333333333333, "24K": 0.5333333333333333, "4KK": 0.651, "34K": 0.559, "7AK": 0.8966666666666666, "AJK": 0.897, "5AK": 0.91, "6AK": 0.8843333333333333, "2AK": 0.912, "AKK": 0.8983333333333333, "3AK": 0.903, "AAK": 0.981, "7JK": 0.6106666666666667, "57K": 0.505, "67K": 0.531, "27K": 0.5433333333333333, "7KK": 0.654, "37K": 0.5533333333333333, "77K": 0.62, "5JK": 0.613, "6JK": 0.6283333333333333, "2JK": 0.6166666666666667, "JKK": 0.709, "3JK": 0.6456666666666667, "JJK": 0.6946666666666667, "55K": 0.6396666666666667, "56K": 0.5316666666666666, "25K": 0.546, "5KK": 0.66, "35K": 0.5603333333333333, "26K": 0.5476666666666666, "6KK": 0.65, "36K": 0.5613333333333334, "66K": 0.6333333333333333, "2KK": 0.633, "23K": 0.5683333333333334, "22K": 0.622, "3KK": 0.656, "KKK": 0.767, "33K": 0.625, "49A": 0.8956666666666667, "479": 0.518, "499": 0.6303333333333333, "49J": 0.565, "459": 0.521, "469": 0.5243333333333333, "449": 0.602, "249": 0.5396666666666666, "349": 0.5416666666666666, "79A": 0.8643333333333333, "99A": 0.8846666666666667, "9AJ": 0.9086666666666666, "59A": 0.8846666666666667, "69A": 0.8966666666666666, "29A": 0.9106666666666666, "39A": 0.8976666666666666, "9AA": 0.967, "799": 0.6226666666666667, "79J": 0.5196666666666667, "579": 0.4756666666666667, "679": 0.49033333333333334, "279": 0.5286666666666666, "379": 0.5123333333333333, "779": 0.5856666666666667, "99J": 0.637, "599": 0.6306666666666667, "699": 0.6143333333333333, "299": 0.6196666666666667, "399": 0.6436666666666667, "999": 0.7403333333333333, "59J": 0.546, "69J": 0.675, "29J": 0.6713333333333333, "39J": 0.541, "9JJ": 0.6486666666666666, "559": 0.6193333333333333, "569": 0.508, "259": 0.5486666666666666, "359": 0.513, "269": 0.6626666666666666, "369": 0.49933333333333335, "669": 0.616, "239": 0.5513333333333333, "229": 0.6183333333333333, "339": 0.628, "47A": 0.8783333333333333, "4AJ": 0.893, "45A": 0.8736666666666667, "46A": 0.861, "44A": 0.901, "24A": 0.8906666666666667, "34A": 0.8763333333333333, "4AA": 0.9703333333333334, "47J": 0.525, "457": 0.471, "467": 0.4676666666666667, "447": 0.565, "247": 0.52, "347": 0.5033333333333333, "477": 0.593, "45J": 0.5383333333333333, "46J": 0.5346666666666666, "44J": 0.6146666666666667, "24J": 0.561, "34J": 0.5426666666666666, "4JJ": 0.6186666666666667, "455": 0.5806666666666667, "456": 0.454, "445": 0.5626666666666666, "245": 0.494, "345": 0.49233333333333335,