{"5AJ": 0.18266666666666667, "AJK": 0.20866666666666667, "AJJ": 0.22466666666666665, "8AJ": 0.22833333333333333, "3AJ": 0.21166666666666667, "7AJ": 0.62, "9AJ": 0.21, "AAJ": 0.255, "AJQ": 0.22233333333333333, "AJT": 0.225, "2AJ": 0.5563333333333333, "4AJ": 0.18433333333333332, "6AJ": 0.168, "5AK": 0.17766666666666667, "58A": 0.21433333333333332, "35A": 0.20133333333333334, "57A": 0.6513333333333333, "59A": 0.20233333333333334, "5AA": 0.203, "55A": 0.21466666666666667, "5AQ": 0.17733333333333334, "5AT": 0.19166666666666668, "25A": 0.538, "45A": 0.168, "56A": 0.189, "8AK": 0.22633333333333333, "3AK": 0.19866666666666666, "7AK": 0.6023333333333334, "9AK": 0.19933333333333333, "AAK": 0.21133333333333335, "AKQ": 0.20433333333333334, "AKT": 0.20333333333333334, "2AK": 0.5856666666666667, "4AK": 0.178, "6AK": 0.179, "AKK": 0.22033333333333333, "38A": 0.3436666666666667, "78A": 0.6136666666666667, "89A": 0.24566666666666667, "88A": 0.257, "8AA": 0.25166666666666665, "8AQ": 0.241, "8AT": 0.24666666666666667, "28A": 0.5786666666666667, "48A": 0.21866666666666668, "68A": 0.223, "37A": 0.648, "39A": 0.21333333333333335, "3AA": 0.22133333333333333, "3AQ": 0.209, "3AT": 0.19833333333333333, "23A": 0.573, "34A": 0.20133333333333334, "36A": 0.19133333333333333, "33A": 0.218, "79A": 0.601, "7AA": 0.647, "7AQ": 0.618, "7AT": 0.6006666666666667, "27A": 0.872, "47A": 0.6533333333333333, "67A": 0.636, "77A": 0.9163333333333333, "9AA": 0.22966666666666666, "99A": 0.22733333333333333, "9AQ": 0.20233333333333334, "9AT": 0.21033333333333334, "29A": 0.5593333333333333, "49A": 0.18666666666666668, "69A": 0.20133333333333334, "AAQ": 0.24066666666666667, "AAT": 0.25066666666666665, "2AA": 0.605, "AAA": 0.275, "4AA": 0.203, "6AA": 0.20433333333333334, "AQQ": 0.225, "AQT": 0.21233333333333335, "2AQ": 0.5673333333333334, "4AQ": 0.18833333333333332, "6AQ": 0.191, "2AT": 0.5626666666666666, "4AT": 0.17366666666666666, "ATT": 0.23433333333333334, "6AT": 0.191, "24A": 0.545, "26A": 0.5253333333333333, "22A": 0.949, "44A": 0.202, "46A": 0.161, "66A": 0.209, "5JK": 0.181, "5JJ": 0.21633333333333332, "58J": 0.19866666666666666, "35J": 0.16766666666666666, "57J": 0.634, "59J": 0.19266666666666668, "55J": 0.192, "5JQ": 0.20066666666666666, "5JT": 0.21466666666666667, "25J": 0.5183333333333333, "45J": 0.17566666666666667, "56J": 0.18333333333333332, "JJK": 0.21366666666666667, "8JK": 0.21133333333333335, "3JK": 0.18566666666666667, "7JK": 0.605, "9JK": 0.20133333333333334, "JKQ": 0.20966666666666667, "JKT": 0.228, "2JK": 0.541, "4JK": 0.17866666666666667, "6JK": 0.189, "JKK": 0.22666666666666666, "8JJ": 0.22433333333333333, "3JJ": 0.21733333333333332, "7JJ": 0.6446666666666667, "9JJ": 0.21733333333333332, "JJQ": 0.24433333333333335, "JJT": 0.23233333333333334, "2JJ": 0.5943333333333334, "4JJ": 0.20466666666666666, "6JJ": 0.21033333333333334, "JJJ": 0.2613333333333333, "38J": 0.21533333333333332, "78J": 0.563, "89J": 0.268, "88J": 0.24133333333333334, "8JQ": 0.213, "8JT": 0.269, "28J": 0.5466666666666666, "48J": 0.17166666666666666, "68J": 0.191, "37J": 0.6433333333333333, "39J": 0.19033333333333333, "3JQ": 0.21033333333333334, "3JT": 0.20466666666666666, "23J": 0.5673333333333334, "34J": 0.16566666666666666, "36J": 0.16533333333333333, "33J": 0.20966666666666667, "79J": 0.554, "7JQ": 0.582, "7JT": 0.5606666666666666, "27J": 0.8716666666666667, "47J": 0.6306666666666667, "67J": 0.621, "77J": 0.928, "99J": 0.23833333333333334, "9JQ": 0.212, "9JT": 0.276, "29J": 0.5616666666666666, "49J": 0.19, "69J": 0.20633333333333334, "JQQ": 0.24966666666666668, "JQT": 0.3436666666666667, "2JQ": 0.5393333333333333, "4JQ": 0.2, "6JQ": 0.20533333333333334, "2JT": 0.5356666666666666, "4JT": 0.201, "JTT": 0.25266666666666665, "6JT": 0.19566666666666666, "24J": 0.5293333333333333, "26J": 0.5306666666666666, "22J": 0.9366666666666666, "44J": 0.22033333333333333, "46J": 0.15833333333333333, "66J": 0.22033333333333333, "58K": 0.20866666666666667, "35K": 0.17433333333333334, "57K": 0.637, "59K": 0.17833333333333334, "55K": 0.19533333333333333, "5KQ": 0.17666666666666667, "5KT": 0.18566666666666667, "25K": 0.5296666666666666, "45K": 0.181, "56K": 0.17366666666666666, "5KK": 0.20066666666666666, "358": 0.18366666666666667, "578": 0.568, "589": 0.277, "588": 0.208, "558": 0.23033333333333333, "58Q": 0.20366666666666666, "58T": 0.199, "258": 0.5483333333333333, "458": 0.269, "568": 0.36966666666666664, "357": 0.647, "359": 0.187, "355": 0.19166666666666668, "35Q": 0.17066666666666666, "35T": 0.17333333333333334, "235": 0.49366666666666664, "345": 0.236, "356": 0.244, "335": 0.18666666666666668, "579": 0.606, "557": 0.6503333333333333, "57Q": 0.6393333333333333, "57T": 0.6453333333333333, "257": 0.859, "457": 0.5953333333333334, "567": 0.569, "577": 0.8903333333333333, "559": 0.19833333333333333, "599": 0.194, "59Q": 0.19733333333333333, "59T": 0.189, "259": 0.5256666666666666, "459": 0.17733333333333334, "569": 0.25833333333333336, "55Q": 0.187, "55T": 0.197, "255": 0.5546666666666666, "455": 0.19933333333333333, "556": 0.193, "555": 0.23466666666666666, "5QQ": 0.20233333333333334, "5QT": 0.20833333333333334, "25Q": 0.5226666666666666, "45Q": 0.17, "56Q": 0.199, "25T": 0.5433333333333333, "45T": 0.17533333333333334, "5TT": 0.20466666666666666, "56T": 0.18366666666666667, "245": 0.415, "256": 0.42933333333333334, "225": 0.905, "445": 0.189, "456": 0.2816666666666667, "566": 0.20133333333333334, "38K": 0.196, "78K": 0.584, "89K": 0.21933333333333332, "88K": 0.22933333333333333, "8KQ": 0.20733333333333334, "8KT": 0.22033333333333333, "28K": 0.5513333333333333, "48K": 0.20066666666666666, "68K": 0.182, "8KK": 0.22466666666666665, "37K": 0.668, "39K": 0.16033333333333333, "3KQ": 0.186, "3KT": 0.179, "23K": 0.562, "34K": 0.18133333333333335, "36K": 0.172, "33K": 0.204, "3KK": 0.21133333333333335, "79K": 0.5513333333333333, "7KQ": 0.6083333333333333, "7KT": 0.5816666666666667, "27K": 0.889, "47K": 0.6416666666666667, "67K": 0.635, "77K": 0.9193333333333333, "7KK": 0.6423333333333333, "99K": 0.211, "9KQ": 0.199, "9KT": 0.21066666666666667, "29K": 0.5293333333333333, "49K": 0.16633333333333333, "69K": 0.19033333333333333, "9KK": 0.21866666666666668, "KQQ": 0.24266666666666667, "KQT": 0.22033333333333333, "2KQ": 0.5386666666666666, "4KQ": 0.17266666666666666, "6KQ": 0.19233333333333333, "KKQ": 0.22466666666666665, "2KT": 0.552, "4KT": 0.16233333333333333, "KTT": 0.206, "6KT": 0.18733333333333332, "KKT": 0.22666666666666666, "24K": 0.5356666666666666, "26K": 0.544, "22K": 0.9226666666666666, "2KK": 0.5616666666666666, "44K": 0.19633333333333333, "46K": 0.18066666666666667, "4KK": 0.19266666666666668, "6KK": 0.20166666666666666, "66K": 0.198, "KKK": 0.251, "378": 0.649, "389": 0.231, "388": 0.218, "38Q": 0.20533333333333334, "38T": 0.22, "238": 0.5563333333333333, "348": 0.19533333333333333, "368": 0.20733333333333334, "338": 0.21433333333333332, "789": 0.499, "788": 0.6286666666666667, "78Q": 0.5986666666666667, "78T": 0.544, "278": 0.8346666666666667, "478": 0.5926666666666667, "678": 0.543, "778": 0.8806666666666667, "889": 0.25066666666666665, "899": 0.24833333333333332, "89Q": 0.21333333333333335, "89T": 0.356, "289": 0.5556666666666666, "489": 0.207, "689": 0.36733333333333335, "888": 0.24933333333333332, "88Q": 0.22833333333333333, "88T": 0.23333333333333334, "288": 0.5836666666666667, "488": 0.20833333333333334, "688": 0.21433333333333332, "8QQ": 0.22033333333333333, "8QT": 0.229, "28Q": 0.563, "48Q": 0.20466666666666666, "68Q": 0.21033333333333334, "28T": 0.5513333333333333, "48T": 0.20866666666666667, "8TT": 0.22833333333333333, "68T": 0.277, "248": 0.5183333333333333, "268": 0.539, "228": 0.9456666666666667, "448": 0.203, "468": 0.2773333333333333, "668": 0.20733333333333334, "379": 0.642, "37Q": 0.662, "37T": 0.641, "237": 0.8783333333333333, "347": 0.6733333333333333, "367": 0.6513333333333333, "337": 0.6686666666666666, "377": 0.9196666666666666, "399": 0.207, "39Q": 0.18733333333333332, "39T": 0.19166666666666668,