{"2JQ": 0.32166666666666666, "8JQ": 0.16, "5JQ": 0.18566666666666667, "6JQ": 0.186, "JJQ": 0.181, "JQT": 0.2886666666666667, "3JQ": 0.542, "JQQ": 0.174, "AJQ": 0.152, "4JQ": 0.5416666666666666, "7JQ": 0.17166666666666666, "JKQ": 0.32266666666666666, "9JQ": 0.14266666666666666, "28J": 0.18133333333333335, "25J": 0.30033333333333334, "26J": 0.2843333333333333, "22J": 0.17866666666666667, "2JJ": 0.207, "2JT": 0.306, "23J": 0.6116666666666667, "2AJ": 0.18566666666666667, "24J": 0.612, "27J": 0.16866666666666666, "2JK": 0.32133333333333336, "29J": 0.17566666666666667, "58J": 0.15433333333333332, "68J": 0.18266666666666667, "8JJ": 0.14466666666666667, "8JT": 0.142, "38J": 0.5553333333333333, "8AJ": 0.15033333333333335, "88J": 0.14466666666666667, "48J": 0.538, "78J": 0.174, "8JK": 0.15266666666666667, "89J": 0.12433333333333334, "56J": 0.41133333333333333, "5JJ": 0.18033333333333335, "5JT": 0.19033333333333333, "35J": 0.5513333333333333, "5AJ": 0.149, "45J": 0.54, "57J": 0.283, "5JK": 0.19633333333333333, "55J": 0.17333333333333334, "59J": 0.17866666666666667, "6JJ": 0.18033333333333335, "6JT": 0.188, "66J": 0.186, "36J": 0.554, "6AJ": 0.171, "46J": 0.534, "67J": 0.27666666666666667, "6JK": 0.18533333333333332, "69J": 0.161, "JJT": 0.17366666666666666, "3JJ": 0.592, "AJJ": 0.14333333333333334, "4JJ": 0.56, "7JJ": 0.179, "JJK": 0.16, "9JJ": 0.14766666666666667, "JJJ": 0.19, "3JT": 0.5403333333333333, "AJT": 0.15633333333333332, "4JT": 0.5316666666666666, "7JT": 0.168, "JKT": 0.3, "JTT": 0.169, "9JT": 0.14933333333333335, "3AJ": 0.5536666666666666, "33J": 0.9303333333333333, "34J": 0.8563333333333333, "37J": 0.5563333333333333, "3JK": 0.545, "39J": 0.527, "4AJ": 0.5353333333333333, "7AJ": 0.151, "AJK": 0.159, "AAJ": 0.17766666666666667, "9AJ": 0.13666666666666666, "47J": 0.5566666666666666, "4JK": 0.5506666666666666, "49J": 0.5326666666666666, "44J": 0.9383333333333334, "7JK": 0.172, "79J": 0.151, "77J": 0.17866666666666667, "9JK": 0.16633333333333333, "JKK": 0.16966666666666666, "99J": 0.16366666666666665, "28Q": 0.176, "25Q": 0.3, "26Q": 0.30766666666666664, "22Q": 0.17366666666666666, "2QT": 0.33166666666666667, "23Q": 0.614, "2QQ": 0.209, "2AQ": 0.17733333333333334, "24Q": 0.6213333333333333, "27Q": 0.184, "2KQ": 0.3, "29Q": 0.16933333333333334, "58Q": 0.164, "68Q": 0.18366666666666667, "8QT": 0.15666666666666668, "38Q": 0.56, "8QQ": 0.18366666666666667, "8AQ": 0.145, "88Q": 0.14033333333333334, "48Q": 0.5516666666666666, "78Q": 0.16066666666666668, "8KQ": 0.15866666666666668, "89Q": 0.134, "56Q": 0.395, "5QT": 0.18733333333333332, "35Q": 0.5543333333333333, "5QQ": 0.185, "5AQ": 0.164, "45Q": 0.537, "57Q": 0.2803333333333333, "5KQ": 0.187, "55Q": 0.19266666666666668, "59Q": 0.158, "6QT": 0.18366666666666667, "66Q": 0.17666666666666667, "36Q": 0.571, "6QQ": 0.20733333333333334, "6AQ": 0.16733333333333333, "46Q": 0.5656666666666667, "67Q": 0.282, "6KQ": 0.18933333333333333, "69Q": 0.158, "3QT": 0.538, "QQT": 0.17366666666666666, "AQT": 0.15533333333333332, "4QT": 0.5373333333333333, "7QT": 0.16766666666666666, "KQT": 0.30266666666666664, "QTT": 0.17566666666666667, "9QT": 0.14133333333333334, "3QQ": 0.6006666666666667, "3AQ": 0.5696666666666667, "33Q": 0.9336666666666666, "34Q": 0.8596666666666667, "37Q": 0.5533333333333333, "3KQ": 0.546, "39Q": 0.5333333333333333, "AQQ": 0.15433333333333332, "4QQ": 0.6083333333333333, "7QQ": 0.19033333333333333, "KQQ": 0.17266666666666666, "9QQ": 0.151, "QQQ": 0.18633333333333332, "4AQ": 0.537, "7AQ": 0.16166666666666665, "AKQ": 0.145, "AAQ": 0.18366666666666667, "9AQ": 0.12633333333333333, "47Q": 0.562, "4KQ": 0.5536666666666666, "49Q": 0.5373333333333333, "44Q": 0.921, "7KQ": 0.172, "79Q": 0.14566666666666667, "77Q": 0.16966666666666666, "9KQ": 0.162, "KKQ": 0.18233333333333332, "99Q": 0.178, "258": 0.275, "268": 0.28733333333333333, "228": 0.156, "28T": 0.17033333333333334, "238": 0.6126666666666667, "28A": 0.16166666666666665, "288": 0.18366666666666667, "248": 0.6133333333333333, "278": 0.16433333333333333, "28K": 0.18533333333333332, "289": 0.14866666666666667, "256": 0.9226666666666666, "225": 0.2643333333333333, "25T": 0.30466666666666664, "235": 0.636, "25A": 0.262, "245": 0.6126666666666667, "257": 0.27366666666666667, "25K": 0.299, "255": 0.29933333333333334, "259": 0.2693333333333333, "226": 0.27466666666666667, "26T": 0.30833333333333335, "266": 0.309, "236": 0.638, "26A": 0.2856666666666667, "246": 0.6286666666666667, "267": 0.28633333333333333, "26K": 0.2776666666666667, "269": 0.2806666666666667, "22T": 0.204, "223": 0.6243333333333333, "22A": 0.14233333333333334, "224": 0.612, "227": 0.15166666666666667, "22K": 0.16933333333333334, "222": 0.18333333333333332, "229": 0.16533333333333333, "23T": 0.608, "2AT": 0.17466666666666666, "24T": 0.6183333333333333, "27T": 0.17966666666666667, "2KT": 0.31333333333333335, "2TT": 0.22133333333333333, "29T": 0.17366666666666666, "23A": 0.6223333333333333, "233": 0.943, "234": 0.8323333333333334, "237": 0.61, "23K": 0.616, "239": 0.594, "24A": 0.6086666666666667, "27A": 0.15133333333333332, "2AK": 0.17466666666666666, "2AA": 0.21033333333333334, "29A": 0.14466666666666667, "247": 0.6046666666666667, "24K": 0.6086666666666667, "249": 0.6203333333333333, "244": 0.938, "27K": 0.17166666666666666, "279": 0.15266666666666667, "277": 0.18566666666666667, "29K": 0.17266666666666666, "2KK": 0.201, "299": 0.20966666666666667, "568": 0.352, "58T": 0.16633333333333333, "358": 0.5523333333333333, "58A": 0.14766666666666667, "588": 0.176, "458": 0.5, "578": 0.225, "58K": 0.16733333333333333, "558": 0.19766666666666666, "589": 0.15066666666666667, "68T": 0.173, "668": 0.18966666666666668, "368": 0.5593333333333333, "68A": 0.18733333333333332, "688": 0.19466666666666665, "468": 0.5306666666666666, "678": 0.357, "68K": 0.18433333333333332, "689": 0.15733333333333333, "38T": 0.5423333333333333, "8AT": 0.14133333333333334, "88T": 0.15466666666666667, "48T": 0.5283333333333333, "78T": 0.176, "8KT": 0.168, "8TT": 0.15333333333333332, "89T": 0.11833333333333333, "38A": 0.5753333333333334, "338": 0.9256666666666666, "388": 0.5943333333333334, "348": 0.867, "378": 0.5573333333333333, "38K": 0.5653333333333334, "389": 0.513, "88A": 0.15733333333333333, "48A": 0.543, "78A": 0.163, "8AK": 0.137, "8AA": 0.16666666666666666, "89A": 0.13366666666666666, "488": 0.577, "788": 0.17733333333333334, "88K": 0.169, "889": 0.16033333333333333, "888": 0.19333333333333333, "478": 0.5016666666666667, "48K": 0.562, "489": 0.529, "448": 0.9266666666666666, "78K": 0.16433333333333333, "789": 0.153, "778": 0.18933333333333333, "89K": 0.14933333333333335, "8KK": 0.14566666666666667, "899": 0.15566666666666668, "56T": 0.4056666666666667, "566": 0.38233333333333336, "356": 0.6093333333333333, "56A": 0.3863333333333333, "456": 0.5176666666666667, "567": 0.8076666666666666, "56K": 0.3963333333333333, "556": 0.383, "569": 0.3586666666666667, "35T": 0.5636666666666666, "5AT": 0.16066666666666668, "45T": 0.5186666666666667, "57T": 0.25833333333333336, "5KT": 0.18766666666666668, "5TT": 0.17766666666666667, "55T": 0.19, "59T": 0.163, "35A": 0.5516666666666666, "335": 0.906, "345": 0.7633333333333333, "357": 0.5836666666666667, "35K": 0.55, "355": 0.5903333333333334, "359": 0.5276666666666666, "45A": 0.42766666666666664, "57A": 0.266, "5AK": 0.15833333333333333, "5AA": 0.171, "55A": 0.176, "59A": 0.158, "457": 0.534, "45K": 0.5583333333333333, "455": 0.5543333333333333, "459": 0.54, "445": 0.8946666666666667, "57K": 0.26366666666666666, "557": 0.28733333333333333, "579": 0.23533333333333334, "577": 0.273, "55K": 0.18966666666666668, "59K": 0.16866666666666666, "5KK": 0.17233333333333334, "559": 0.17166666666666666, "555": 0.206, "599": 0.18533333333333332, "66T": 0.17533333333333334, "36T": 0.5563333333333333, "6AT": 0.17566666666666667, "46T": 0.5486666666666666, "67T": 0.2693333333333333, "6KT": 0.192, "6TT": 0.189, "69T": 0.15366666666666667, "666": 0.203, "366": 0.5746666666666667, "66A": 0.171, "466": 0.57,