{"2AA": 0.352, "AAK": 0.407, "AAJ": 0.441, "AAT": 0.7533333333333333, "5AA": 0.36033333333333334, "8AA": 0.33266666666666667, "6AA": 0.37133333333333335, "9AA": 0.348, "AAQ": 0.438, "3AA": 0.3416666666666667, "AAA": 0.45466666666666666, "4AA": 0.6673333333333333, "7AA": 0.3556666666666667, "2AK": 0.31666666666666665, "2AJ": 0.357, "2AT": 0.703, "25A": 0.2836666666666667, "28A": 0.26666666666666666, "26A": 0.27666666666666667, "29A": 0.231, "2AQ": 0.348, "23A": 0.2926666666666667, "24A": 0.622, "22A": 0.37, "27A": 0.281, "AJK": 0.4533333333333333, "AKT": 0.6173333333333333, "5AK": 0.31333333333333335, "8AK": 0.334, "6AK": 0.32166666666666666, "9AK": 0.31366666666666665, "AKQ": 0.47733333333333333, "AKK": 0.414, "3AK": 0.33766666666666667, "4AK": 0.6076666666666667, "7AK": 0.30866666666666664, "AJT": 0.6316666666666667, "5AJ": 0.355, "8AJ": 0.36966666666666664, "6AJ": 0.352, "9AJ": 0.368, "AJQ": 0.6243333333333333, "AJJ": 0.44, "3AJ": 0.3546666666666667, "4AJ": 0.6356666666666667, "7AJ": 0.365, "5AT": 0.7013333333333334, "8AT": 0.6876666666666666, "ATT": 0.9216666666666666, "6AT": 0.691, "9AT": 0.6816666666666666, "AQT": 0.639, "3AT": 0.7323333333333333, "4AT": 0.8526666666666667, "7AT": 0.6763333333333333, "58A": 0.26966666666666667, "56A": 0.2823333333333333, "55A": 0.357, "59A": 0.267, "5AQ": 0.35833333333333334, "35A": 0.294, "45A": 0.5666666666666667, "57A": 0.267, "88A": 0.3433333333333333, "68A": 0.3, "89A": 0.2996666666666667, "8AQ": 0.3536666666666667, "38A": 0.29033333333333333, "48A": 0.6163333333333333, "78A": 0.29933333333333334, "69A": 0.2753333333333333, "6AQ": 0.362, "66A": 0.38066666666666665, "36A": 0.29333333333333333, "46A": 0.5736666666666667, "67A": 0.286, "9AQ": 0.352, "99A": 0.35033333333333333, "39A": 0.277, "49A": 0.597, "79A": 0.2763333333333333, "3AQ": 0.35, "AQQ": 0.4126666666666667, "4AQ": 0.6296666666666667, "7AQ": 0.35433333333333333, "34A": 0.651, "33A": 0.341, "37A": 0.291, "44A": 0.953, "47A": 0.5873333333333334, "77A": 0.3456666666666667, "2JK": 0.37466666666666665, "2KT": 0.6823333333333333, "25K": 0.29033333333333333, "28K": 0.295, "26K": 0.278, "29K": 0.271, "2KQ": 0.36133333333333334, "2KK": 0.38266666666666665, "23K": 0.3016666666666667, "24K": 0.635, "22K": 0.37466666666666665, "27K": 0.275, "2JT": 0.708, "25J": 0.316, "28J": 0.343, "26J": 0.3283333333333333, "29J": 0.32233333333333336, "2JQ": 0.574, "2JJ": 0.36, "23J": 0.3283333333333333, "24J": 0.6673333333333333, "22J": 0.5546666666666666, "27J": 0.345, "25T": 0.737, "28T": 0.7513333333333333, "2TT": 0.9463333333333334, "26T": 0.743, "29T": 0.7126666666666667, "2QT": 0.727, "23T": 0.7643333333333333, "24T": 0.895, "22T": 0.751, "27T": 0.7486666666666667, "258": 0.2673333333333333, "256": 0.3263333333333333, "255": 0.35233333333333333, "259": 0.23166666666666666, "25Q": 0.33066666666666666, "235": 0.355, "245": 0.595, "225": 0.341, "257": 0.24566666666666667, "288": 0.305, "268": 0.262, "289": 0.269, "28Q": 0.325, "238": 0.259, "248": 0.6456666666666667, "228": 0.33766666666666667, "278": 0.26566666666666666, "269": 0.24566666666666667, "26Q": 0.338, "266": 0.342, "236": 0.3506666666666667, "246": 0.5746666666666667, "226": 0.3283333333333333, "267": 0.26666666666666666, "29Q": 0.307, "299": 0.29833333333333334, "239": 0.251, "249": 0.6333333333333333, "229": 0.30433333333333334, "279": 0.2633333333333333, "23Q": 0.32666666666666666, "2QQ": 0.37466666666666665, "24Q": 0.6926666666666667, "22Q": 0.5693333333333334, "27Q": 0.323, "234": 0.6663333333333333, "223": 0.3323333333333333, "233": 0.311, "237": 0.25733333333333336, "224": 0.703, "244": 0.9523333333333334, "247": 0.6306666666666667, "222": 0.39066666666666666, "227": 0.3233333333333333, "277": 0.32666666666666666, "JKT": 0.5843333333333334, "5JK": 0.3516666666666667, "8JK": 0.37266666666666665, "6JK": 0.35033333333333333, "9JK": 0.435, "JKQ": 0.67, "JKK": 0.44866666666666666, "JJK": 0.44666666666666666, "3JK": 0.366, "4JK": 0.6163333333333333, "7JK": 0.36133333333333334, "5KT": 0.5956666666666667, "8KT": 0.6773333333333333, "KTT": 0.8953333333333333, "6KT": 0.6006666666666667, "9KT": 0.6473333333333333, "KQT": 0.5993333333333334, "KKT": 0.7233333333333334, "3KT": 0.6943333333333334, "4KT": 0.7513333333333333, "7KT": 0.574, "58K": 0.26666666666666666, "56K": 0.243, "55K": 0.35133333333333333, "59K": 0.26966666666666667, "5KQ": 0.3463333333333333, "5KK": 0.3383333333333333, "35K": 0.287, "45K": 0.48966666666666664, "57K": 0.23533333333333334, "88K": 0.32366666666666666, "68K": 0.2733333333333333, "89K": 0.28933333333333333, "8KQ": 0.363, "8KK": 0.3466666666666667, "38K": 0.272, "48K": 0.6023333333333334, "78K": 0.298, "69K": 0.2693333333333333, "6KQ": 0.3396666666666667, "6KK": 0.339, "66K": 0.364, "36K": 0.2803333333333333, "46K": 0.478, "67K": 0.24733333333333332, "9KQ": 0.417, "9KK": 0.3626666666666667, "99K": 0.358, "39K": 0.2936666666666667, "49K": 0.5943333333333334, "79K": 0.29, "KKQ": 0.428, "3KQ": 0.37866666666666665, "KQQ": 0.44066666666666665, "4KQ": 0.6253333333333333, "7KQ": 0.3516666666666667, "KKK": 0.44033333333333335, "3KK": 0.344, "4KK": 0.664, "7KK": 0.3516666666666667, "34K": 0.6376666666666667, "33K": 0.31933333333333336, "37K": 0.292, "44K": 0.932, "47K": 0.478, "77K": 0.3313333333333333, "5JT": 0.7113333333333334, "8JT": 0.6543333333333333, "JTT": 0.916, "6JT": 0.6986666666666667, "9JT": 0.623, "JQT": 0.7193333333333334, "JJT": 0.7303333333333333, "3JT": 0.721, "4JT": 0.85, "7JT": 0.671, "58J": 0.329, "56J": 0.321, "55J": 0.5403333333333333, "59J": 0.32133333333333336, "5JQ": 0.567, "5JJ": 0.37133333333333335, "35J": 0.31533333333333335, "45J": 0.5956666666666667, "57J": 0.31633333333333336, "88J": 0.378, "68J": 0.3363333333333333, "89J": 0.479, "8JQ": 0.611, "8JJ": 0.4103333333333333, "38J": 0.32, "48J": 0.632, "78J": 0.41133333333333333, "69J": 0.3406666666666667, "6JQ": 0.566, "6JJ": 0.389, "66J": 0.549, "36J": 0.315, "46J": 0.5723333333333334, "67J": 0.31266666666666665, "9JQ": 0.6553333333333333, "9JJ": 0.38533333333333336, "99J": 0.408, "39J": 0.341, "49J": 0.6293333333333333, "79J": 0.4096666666666667, "JJQ": 0.6056666666666667, "3JQ": 0.5776666666666667, "JQQ": 0.612, "4JQ": 0.7503333333333333, "7JQ": 0.5813333333333334, "3JJ": 0.39166666666666666, "4JJ": 0.705, "JJJ": 0.453, "7JJ": 0.408, "34J": 0.68, "33J": 0.3516666666666667, "37J": 0.33, "44J": 0.955, "47J": 0.6026666666666667, "77J": 0.382, "58T": 0.722, "5TT": 0.9256666666666666, "56T": 0.6263333333333333, "55T": 0.7273333333333334, "59T": 0.715, "5QT": 0.7103333333333334, "35T": 0.7543333333333333, "45T": 0.7413333333333333, "57T": 0.624, "8TT": 0.8963333333333333, "88T": 0.7016666666666667, "68T": 0.6923333333333334, "89T": 0.639, "8QT": 0.6896666666666667, "38T": 0.7196666666666667, "48T": 0.8446666666666667, "78T": 0.663, "6TT": 0.9086666666666666, "9TT": 0.9063333333333333, "QTT": 0.9153333333333333, "3TT": 0.924, "4TT": 0.985, "7TT": 0.9086666666666666, "TTT": 1.0, "69T": 0.6913333333333334, "6QT": 0.7016666666666667, "66T": 0.7346666666666667, "36T": 0.7473333333333333, "46T": 0.728, "67T": 0.604, "9QT": 0.6546666666666666, "99T": 0.7096666666666667, "39T": 0.7466666666666667, "49T": 0.856, "79T": 0.6646666666666666, "3QT": 0.7243333333333334, "QQT": 0.7353333333333333, "4QT": 0.8466666666666667, "7QT": 0.685, "34T": 0.8733333333333333, "33T": 0.72, "37T": 0.7353333333333333, "44T": 0.985, "47T": 0.744, "77T": 0.704, "588": 0.29033333333333333, "568": 0.30933333333333335, "558": 0.3293333333333333, "589": 0.2653333333333333, "58Q": 0.30733333333333335, "358": 0.25466666666666665, "458": 0.5406666666666666, "578": 0.31633333333333336, "556": 0.3363333333333333, "569": 0.236, "56Q": 0.31966666666666665, "566": 0.3313333333333333, "356": 0.43166666666666664, "456": 0.40166666666666667, "567": 0.3283333333333333, "559": 0.323, "55Q": 0.57, "355": 0.371, "455": 0.6336666666666667, "557": 0.343, "555": 0.40066666666666667, "59Q": 0.32866666666666666, "599": 0.29533333333333334, "359": 0.25366666666666665,