{"7AT": 0.31166666666666665, "2AT": 0.242, "4AT": 0.2713333333333333, "8AT": 0.294, "AKT": 0.2846666666666667, "5AT": 0.27066666666666667, "AJT": 0.30933333333333335, "AAT": 0.33366666666666667, "3AT": 0.571, "6AT": 0.27666666666666667, "AQT": 0.30466666666666664, "9AT": 0.6366666666666667, "ATT": 0.33866666666666667, "27A": 0.245, "47A": 0.269, "77A": 0.30633333333333335, "78A": 0.4116666666666667, "7AK": 0.2713333333333333, "57A": 0.27466666666666667, "7AJ": 0.27466666666666667, "7AA": 0.31633333333333336, "37A": 0.6006666666666667, "67A": 0.263, "7AQ": 0.2886666666666667, "79A": 0.6933333333333334, "24A": 0.24066666666666667, "28A": 0.26266666666666666, "2AK": 0.254, "25A": 0.243, "2AJ": 0.264, "2AA": 0.2833333333333333, "23A": 0.6243333333333333, "26A": 0.24833333333333332, "2AQ": 0.267, "29A": 0.707, "22A": 0.2796666666666667, "48A": 0.24533333333333332, "44A": 0.2786666666666667, "4AK": 0.26066666666666666, "45A": 0.239, "4AJ": 0.26866666666666666, "4AA": 0.27466666666666667, "34A": 0.557, "46A": 0.224, "4AQ": 0.26033333333333336, "49A": 0.7126666666666667, "8AK": 0.30433333333333334, "58A": 0.254, "8AJ": 0.285, "8AA": 0.31733333333333336, "38A": 0.586, "68A": 0.25833333333333336, "8AQ": 0.2786666666666667, "88A": 0.297, "89A": 0.6943333333333334, "5AK": 0.27266666666666667, "AJK": 0.30433333333333334, "AAK": 0.333, "3AK": 0.6103333333333333, "6AK": 0.279, "AKQ": 0.31466666666666665, "AKK": 0.3343333333333333, "9AK": 0.6776666666666666, "5AJ": 0.28733333333333333, "5AA": 0.293, "35A": 0.552, "56A": 0.24866666666666667, "5AQ": 0.288, "59A": 0.7043333333333334, "55A": 0.271, "AAJ": 0.345, "3AJ": 0.5946666666666667, "6AJ": 0.26566666666666666, "AJQ": 0.327, "AJJ": 0.329, "9AJ": 0.6353333333333333, "3AA": 0.6223333333333333, "6AA": 0.2803333333333333, "AAQ": 0.35233333333333333, "AAA": 0.36633333333333334, "9AA": 0.716, "36A": 0.5606666666666666, "3AQ": 0.592, "39A": 0.8833333333333333, "33A": 0.9443333333333334, "6AQ": 0.2776666666666667, "69A": 0.6913333333333334, "66A": 0.32866666666666666, "9AQ": 0.6516666666666666, "AQQ": 0.35133333333333333, "99A": 0.9233333333333333, "27T": 0.238, "47T": 0.25133333333333335, "77T": 0.313, "78T": 0.4256666666666667, "7KT": 0.282, "57T": 0.2663333333333333, "7JT": 0.3576666666666667, "37T": 0.5793333333333334, "67T": 0.32866666666666666, "7QT": 0.2836666666666667, "79T": 0.6166666666666667, "7TT": 0.31833333333333336, "24T": 0.233, "28T": 0.25933333333333336, "2KT": 0.21566666666666667, "25T": 0.23933333333333334, "2JT": 0.285, "23T": 0.6073333333333333, "26T": 0.22666666666666666, "2QT": 0.25333333333333335, "29T": 0.6406666666666667, "22T": 0.271, "2TT": 0.30366666666666664, "48T": 0.2633333333333333, "44T": 0.277, "4KT": 0.24966666666666668, "45T": 0.22633333333333333, "4JT": 0.27566666666666667, "34T": 0.5523333333333333, "46T": 0.24033333333333334, "4QT": 0.2693333333333333, "49T": 0.6823333333333333, "4TT": 0.30533333333333335, "8KT": 0.26566666666666666, "58T": 0.25433333333333336, "8JT": 0.43266666666666664, "38T": 0.593, "68T": 0.33766666666666667, "8QT": 0.35633333333333334, "88T": 0.31066666666666665, "89T": 0.6033333333333334, "8TT": 0.31266666666666665, "5KT": 0.25166666666666665, "JKT": 0.33166666666666667, "3KT": 0.568, "6KT": 0.25966666666666666, "KQT": 0.3453333333333333, "KKT": 0.32166666666666666, "9KT": 0.5766666666666667, "KTT": 0.33366666666666667, "5JT": 0.317, "35T": 0.563, "56T": 0.248, "5QT": 0.2843333333333333, "59T": 0.677, "55T": 0.277, "5TT": 0.30866666666666664, "3JT": 0.5906666666666667, "6JT": 0.2866666666666667, "JQT": 0.43833333333333335, "JJT": 0.329, "9JT": 0.5473333333333333, "JTT": 0.357, "36T": 0.5566666666666666, "3QT": 0.5783333333333334, "39T": 0.8533333333333334, "33T": 0.9163333333333333, "3TT": 0.6316666666666667, "6QT": 0.283, "69T": 0.636, "66T": 0.2876666666666667, "6TT": 0.2956666666666667, "9QT": 0.5703333333333334, "QQT": 0.35933333333333334, "QTT": 0.36733333333333335, "99T": 0.903, "9TT": 0.7066666666666667, "TTT": 0.36233333333333334, "247": 0.20933333333333334, "277": 0.25366666666666665, "278": 0.247, "27K": 0.217, "257": 0.23033333333333333, "27J": 0.24, "237": 0.6426666666666667, "267": 0.23266666666666666, "27Q": 0.245, "279": 0.7343333333333333, "227": 0.24266666666666667, "477": 0.24733333333333332, "478": 0.24766666666666667, "447": 0.266, "47K": 0.228, "457": 0.2823333333333333, "47J": 0.248, "347": 0.525, "467": 0.2796666666666667, "47Q": 0.22766666666666666, "479": 0.724, "778": 0.293, "77K": 0.277, "577": 0.26866666666666666, "77J": 0.283, "377": 0.6026666666666667, "677": 0.25833333333333336, "77Q": 0.301, "779": 0.6836666666666666, "777": 0.31033333333333335, "78K": 0.26066666666666666, "578": 0.325, "78J": 0.351, "378": 0.5936666666666667, "678": 0.4103333333333333, "78Q": 0.2683333333333333, "788": 0.2896666666666667, "789": 0.649, "57K": 0.24266666666666667, "7JK": 0.27666666666666667, "37K": 0.5776666666666667, "67K": 0.239, "7KQ": 0.2743333333333333, "7KK": 0.2886666666666667, "79K": 0.673, "57J": 0.27666666666666667, "357": 0.5316666666666666, "567": 0.381, "57Q": 0.25866666666666666, "579": 0.694, "557": 0.261, "37J": 0.5753333333333334, "67J": 0.2653333333333333, "7JQ": 0.29233333333333333, "7JJ": 0.3006666666666667, "79J": 0.6513333333333333, "367": 0.537, "37Q": 0.584, "379": 0.8546666666666667, "337": 0.9336666666666666, "67Q": 0.25766666666666665, "679": 0.6513333333333333, "667": 0.277, "79Q": 0.6616666666666666, "7QQ": 0.326, "799": 0.9096666666666666, "248": 0.20966666666666667, "244": 0.2683333333333333, "24K": 0.23233333333333334, "245": 0.30366666666666664, "24J": 0.24733333333333332, "234": 0.5623333333333334, "246": 0.284, "24Q": 0.241, "249": 0.7586666666666667, "224": 0.245, "28K": 0.22033333333333333, "258": 0.21966666666666668, "28J": 0.25133333333333335, "238": 0.6206666666666667, "268": 0.226, "28Q": 0.22233333333333333, "288": 0.25966666666666666, "289": 0.7243333333333334, "228": 0.254, "25K": 0.23866666666666667, "2JK": 0.259, "23K": 0.6243333333333333, "26K": 0.24533333333333332, "2KQ": 0.25133333333333335, "2KK": 0.2956666666666667, "29K": 0.7, "22K": 0.25933333333333336, "25J": 0.251, "235": 0.6073333333333333, "256": 0.32266666666666666, "25Q": 0.2723333333333333, "259": 0.7443333333333333, "225": 0.268, "255": 0.25966666666666666, "23J": 0.634, "26J": 0.25966666666666666, "2JQ": 0.2826666666666667, "2JJ": 0.2813333333333333, "29J": 0.6823333333333333, "22J": 0.29133333333333333, "236": 0.5716666666666667, "23Q": 0.6453333333333333, "239": 0.9053333333333333, "233": 0.9286666666666666, "223": 0.6483333333333333, "26Q": 0.24666666666666667, "269": 0.741, "266": 0.26866666666666666, "226": 0.24466666666666667, "29Q": 0.6833333333333333, "2QQ": 0.31033333333333335, "22Q": 0.29, "229": 0.7083333333333334, "299": 0.9463333333333334, "222": 0.30933333333333335, "448": 0.24566666666666667, "48K": 0.21933333333333332, "458": 0.20666666666666667, "48J": 0.24466666666666667, "348": 0.5423333333333333, "468": 0.213, "48Q": 0.23466666666666666, "488": 0.24933333333333332, "489": 0.7176666666666667, "44K": 0.285, "445": 0.271, "44J": 0.2906666666666667, "344": 0.6, "446": 0.25033333333333335, "44Q": 0.30966666666666665, "449": 0.7503333333333333, "444": 0.31333333333333335, "45K": 0.23666666666666666, "4JK": 0.255, "34K": 0.5483333333333333, "46K": 0.24, "4KQ": 0.2633333333333333, "4KK": 0.297, "49K": 0.6896666666666667, "45J": 0.264, "345": 0.4716666666666667, "456": 0.35, "45Q": 0.25866666666666666, "459": 0.7556666666666667, "455": 0.251, "34J": 0.551, "46J": 0.228, "4JQ": 0.299, "4JJ": 0.293, "49J": 0.6876666666666666, "346": 0.4066666666666667, "34Q": 0.5613333333333334, "349": 0.8546666666666667, "334": 0.9133333333333333, "46Q": 0.233, "469": 0.721, "466": 0.22233333333333333, "49Q": 0.6896666666666667, "4QQ": 0.295, "499": 0.929, "58K": 0.22966666666666666, "8JK": 0.277, "38K": 0.595, "68K": 0.245, "8KQ": 0.27566666666666667, "8KK": 0.2996666666666667, "88K": 0.29333333333333333, "89K": 0.7023333333333334,