{"6KQ": 0.5956666666666667, "6JK": 0.6146666666666667, "36K": 0.6613333333333333, "56K": 0.5563333333333333, "67K": 0.6176666666666667, "26K": 0.668, "6AK": 0.5233333333333333, "46K": 0.648, "69K": 0.618, "66K": 0.9176666666666666, "6KK": 0.6756666666666666, "6KT": 0.5926666666666667, "68K": 0.735, "KQQ": 0.31266666666666665, "JKQ": 0.2793333333333333, "3KQ": 0.2623333333333333, "5KQ": 0.26766666666666666, "7KQ": 0.29133333333333333, "2KQ": 0.25633333333333336, "AKQ": 0.29133333333333333, "4KQ": 0.2623333333333333, "9KQ": 0.3313333333333333, "KKQ": 0.33, "KQT": 0.291, "8KQ": 0.62, "3JK": 0.25366666666666665, "5JK": 0.26366666666666666, "7JK": 0.30633333333333335, "2JK": 0.268, "AJK": 0.25833333333333336, "4JK": 0.2683333333333333, "9JK": 0.29133333333333333, "JJK": 0.29033333333333333, "JKK": 0.31266666666666665, "JKT": 0.284, "8JK": 0.598, "35K": 0.25033333333333335, "37K": 0.2683333333333333, "23K": 0.24166666666666667, "33K": 0.25966666666666666, "3AK": 0.238, "34K": 0.237, "39K": 0.2816666666666667, "3KK": 0.2846666666666667, "3KT": 0.25166666666666665, "38K": 0.7, "57K": 0.45766666666666667, "25K": 0.257, "5AK": 0.23066666666666666, "45K": 0.35233333333333333, "59K": 0.37266666666666665, "55K": 0.29333333333333333, "5KK": 0.2986666666666667, "5KT": 0.2713333333333333, "58K": 0.57, "27K": 0.305, "7AK": 0.29433333333333334, "47K": 0.384, "79K": 0.49666666666666665, "77K": 0.29533333333333334, "7KK": 0.323, "7KT": 0.38533333333333336, "78K": 0.6783333333333333, "2AK": 0.24233333333333335, "24K": 0.24766666666666667, "29K": 0.28733333333333333, "22K": 0.26966666666666667, "2KK": 0.293, "2KT": 0.27266666666666667, "28K": 0.6716666666666666, "4AK": 0.256, "9AK": 0.31166666666666665, "AKK": 0.31466666666666665, "AKT": 0.28833333333333333, "8AK": 0.5313333333333333, "AAK": 0.301, "49K": 0.287, "44K": 0.258, "4KK": 0.31333333333333335, "4KT": 0.262, "48K": 0.68, "99K": 0.32966666666666666, "9KK": 0.35533333333333333, "9KT": 0.39066666666666666, "89K": 0.6066666666666667, "KKK": 0.3416666666666667, "KKT": 0.322, "8KK": 0.6926666666666667, "8KT": 0.6143333333333333, "KTT": 0.31533333333333335, "88K": 0.92, "6QQ": 0.6906666666666667, "6JQ": 0.6186666666666667, "36Q": 0.673, "56Q": 0.6476666666666666, "67Q": 0.629, "26Q": 0.6743333333333333, "6AQ": 0.61, "46Q": 0.6786666666666666, "69Q": 0.6276666666666667, "66Q": 0.9473333333333334, "6QT": 0.6166666666666667, "68Q": 0.823, "36J": 0.6786666666666666, "56J": 0.6466666666666666, "67J": 0.631, "26J": 0.6916666666666667, "6AJ": 0.6276666666666667, "46J": 0.6893333333333334, "69J": 0.6383333333333333, "66J": 0.9433333333333334, "6JJ": 0.6653333333333333, "6JT": 0.6173333333333333, "68J": 0.8453333333333334, "356": 0.6126666666666667, "367": 0.6376666666666667, "236": 0.691, "336": 0.6756666666666666, "36A": 0.6473333333333333, "346": 0.6226666666666667, "369": 0.668, "366": 0.915, "36T": 0.654, "368": 0.8556666666666667, "567": 0.6766666666666666, "256": 0.667, "56A": 0.5403333333333333, "456": 0.645, "569": 0.6676666666666666, "556": 0.662, "566": 0.918, "56T": 0.634, "568": 0.6683333333333333, "267": 0.668, "67A": 0.634, "467": 0.672, "679": 0.666, "677": 0.6853333333333333, "667": 0.9226666666666666, "67T": 0.6583333333333333, "678": 0.7263333333333334, "26A": 0.6526666666666666, "246": 0.687, "269": 0.672, "226": 0.701, "266": 0.9446666666666667, "26T": 0.6883333333333334, "268": 0.8623333333333333, "46A": 0.6596666666666666, "69A": 0.6216666666666667, "66A": 0.9283333333333333, "6AT": 0.6123333333333333, "68A": 0.7333333333333333, "6AA": 0.6903333333333334, "469": 0.682, "446": 0.6673333333333333, "466": 0.921, "46T": 0.6513333333333333, "468": 0.808, "669": 0.9386666666666666, "699": 0.7016666666666667, "69T": 0.649, "689": 0.76, "66T": 0.9213333333333333, "668": 0.9833333333333333, "666": 0.9996666666666667, "68T": 0.793, "6TT": 0.6776666666666666, "688": 0.9843333333333333, "JQQ": 0.30933333333333335, "3QQ": 0.282, "5QQ": 0.307, "7QQ": 0.313, "2QQ": 0.2813333333333333, "AQQ": 0.334, "4QQ": 0.29933333333333334, "9QQ": 0.35333333333333333, "QQT": 0.29033333333333333, "8QQ": 0.7023333333333334, "QQQ": 0.3556666666666667, "3JQ": 0.2633333333333333, "5JQ": 0.2836666666666667, "7JQ": 0.30766666666666664, "2JQ": 0.2833333333333333, "AJQ": 0.284, "4JQ": 0.272, "9JQ": 0.37033333333333335, "JJQ": 0.30666666666666664, "JQT": 0.33766666666666667, "8JQ": 0.6083333333333333, "35Q": 0.25466666666666665, "37Q": 0.276, "23Q": 0.22833333333333333, "33Q": 0.2723333333333333, "3AQ": 0.25366666666666665, "34Q": 0.24066666666666667, "39Q": 0.299, "3QT": 0.26466666666666666, "38Q": 0.6973333333333334, "57Q": 0.47533333333333333, "25Q": 0.25833333333333336, "5AQ": 0.271, "45Q": 0.372, "59Q": 0.4076666666666667, "55Q": 0.31466666666666665, "5QT": 0.283, "58Q": 0.6663333333333333, "27Q": 0.30433333333333334, "7AQ": 0.2866666666666667, "47Q": 0.38433333333333336, "79Q": 0.4856666666666667, "77Q": 0.31433333333333335, "7QT": 0.38366666666666666, "78Q": 0.7026666666666667, "2AQ": 0.25966666666666666, "24Q": 0.25566666666666665, "29Q": 0.30233333333333334, "22Q": 0.26033333333333336, "2QT": 0.269, "28Q": 0.716, "4AQ": 0.2773333333333333, "9AQ": 0.324, "AQT": 0.307, "8AQ": 0.6056666666666667, "AAQ": 0.321, "49Q": 0.31566666666666665, "44Q": 0.2773333333333333, "4QT": 0.26866666666666666, "48Q": 0.701, "99Q": 0.3556666666666667, "9QT": 0.44733333333333336, "89Q": 0.599, "8QT": 0.5953333333333334, "QTT": 0.3383333333333333, "88Q": 0.9183333333333333, "35J": 0.25033333333333335, "37J": 0.2733333333333333, "23J": 0.26266666666666666, "33J": 0.272, "3AJ": 0.25966666666666666, "34J": 0.245, "39J": 0.273, "3JJ": 0.29, "3JT": 0.25633333333333336, "38J": 0.6936666666666667, "57J": 0.4776666666666667, "25J": 0.29433333333333334, "5AJ": 0.266, "45J": 0.37633333333333335, "59J": 0.38, "55J": 0.30033333333333334, "5JJ": 0.2843333333333333, "5JT": 0.285, "58J": 0.6696666666666666, "27J": 0.41133333333333333, "7AJ": 0.30866666666666664, "47J": 0.386, "79J": 0.47333333333333333, "77J": 0.31066666666666665, "7JJ": 0.3413333333333333, "7JT": 0.38066666666666665, "78J": 0.6573333333333333, "2AJ": 0.2836666666666667, "24J": 0.2816666666666667, "29J": 0.29333333333333333, "22J": 0.2713333333333333, "2JJ": 0.30333333333333334, "2JT": 0.28833333333333333, "28J": 0.6823333333333333, "4AJ": 0.26166666666666666, "9AJ": 0.31366666666666665, "AJJ": 0.292, "AJT": 0.283, "8AJ": 0.6166666666666667, "AAJ": 0.31866666666666665, "49J": 0.285, "44J": 0.2916666666666667, "4JJ": 0.308, "4JT": 0.2723333333333333, "48J": 0.6966666666666667, "9JJ": 0.3273333333333333, "99J": 0.3546666666666667, "9JT": 0.43966666666666665, "89J": 0.5596666666666666, "JJT": 0.32466666666666666, "8JJ": 0.6813333333333333, "JJJ": 0.3536666666666667, "8JT": 0.5623333333333334, "JTT": 0.332, "88J": 0.9286666666666666, "357": 0.44266666666666665, "235": 0.32566666666666666, "335": 0.27366666666666667, "35A": 0.2633333333333333, "345": 0.423, "359": 0.36, "355": 0.2773333333333333, "35T": 0.24533333333333332, "358": 0.74, "237": 0.26966666666666667, "337": 0.2806666666666667, "37A": 0.2786666666666667, "347": 0.333, "379": 0.4666666666666667, "377": 0.2793333333333333, "37T": 0.33866666666666667, "378": 0.7433333333333333, "233": 0.268, "23A": 0.23466666666666666, "234": 0.307, "239": 0.26466666666666666, "223": 0.24666666666666667, "23T": 0.245, "238": 0.765, "33A": 0.2673333333333333, "334": 0.24033333333333334, "339": 0.30433333333333334, "33T": 0.27666666666666667, "338": 0.732, "333": 0.282, "34A": 0.23666666666666666, "39A": 0.2783333333333333, "3AT": 0.25533333333333336, "38A": 0.6693333333333333, "3AA": 0.25966666666666666, "349": 0.241, "344": 0.24833333333333332, "34T": 0.20066666666666666, "348": 0.7133333333333334, "399": 0.306, "39T": 0.37466666666666665, "389": 0.6893333333333334, "38T": 0.6713333333333333, "3TT": 0.29933333333333334, "388": 0.9466666666666667, "257": 0.4706666666666667, "57A": 0.4766666666666667, "457": 0.9526666666666667, "579": 0.9413333333333334, "577": 0.478,