{"5KT": 0.15966666666666668, "45T": 0.30033333333333334, "59T": 0.182, "5AT": 0.17833333333333334, "58T": 0.18633333333333332, "35T": 0.30266666666666664, "55T": 0.181, "5QT": 0.16133333333333333, "25T": 0.5603333333333333, "57T": 0.19233333333333333, "5TT": 0.199, "56T": 0.6196666666666667, "5JT": 0.17366666666666666, "4KT": 0.15733333333333333, "KKT": 0.181, "9KT": 0.165, "AKT": 0.15566666666666668, "8KT": 0.13733333333333334, "3KT": 0.16533333333333333, "KQT": 0.16133333333333333, "2KT": 0.5163333333333333, "7KT": 0.16366666666666665, "KTT": 0.18533333333333332, "6KT": 0.548, "JKT": 0.158, "49T": 0.17233333333333334, "4AT": 0.17033333333333334, "48T": 0.16666666666666666, "44T": 0.18066666666666667, "34T": 0.28833333333333333, "4QT": 0.17266666666666666, "24T": 0.5493333333333333, "47T": 0.18833333333333332, "4TT": 0.19566666666666666, "46T": 0.5893333333333334, "4JT": 0.17633333333333334, "9AT": 0.18133333333333335, "89T": 0.22, "39T": 0.20733333333333334, "99T": 0.19333333333333333, "9QT": 0.169, "29T": 0.5146666666666667, "79T": 0.24, "9TT": 0.195, "69T": 0.5453333333333333, "9JT": 0.154, "8AT": 0.18266666666666667, "3AT": 0.18833333333333332, "AQT": 0.207, "2AT": 0.5553333333333333, "7AT": 0.208, "ATT": 0.20866666666666667, "6AT": 0.585, "AAT": 0.19533333333333333, "AJT": 0.18233333333333332, "38T": 0.163, "8QT": 0.164, "28T": 0.507, "78T": 0.24033333333333334, "8TT": 0.19133333333333333, "68T": 0.5106666666666667, "8JT": 0.14766666666666667, "88T": 0.18566666666666667, "3QT": 0.16566666666666666, "23T": 0.564, "37T": 0.17033333333333334, "3TT": 0.20266666666666666, "36T": 0.6293333333333333, "33T": 0.17433333333333334, "3JT": 0.16733333333333333, "2QT": 0.5416666666666666, "QQT": 0.16166666666666665, "7QT": 0.18733333333333332, "QTT": 0.19666666666666666, "6QT": 0.549, "JQT": 0.17733333333333334, "27T": 0.5563333333333333, "2TT": 0.586, "26T": 0.8586666666666667, "2JT": 0.527, "22T": 0.932, "7TT": 0.20966666666666667, "67T": 0.528, "7JT": 0.18433333333333332, "77T": 0.18766666666666668, "6TT": 0.6233333333333333, "TTT": 0.221, "JTT": 0.20733333333333334, "66T": 0.9003333333333333, "6JT": 0.5676666666666667, "JJT": 0.18, "45K": 0.298, "5KK": 0.19466666666666665, "59K": 0.211, "5AK": 0.16933333333333334, "58K": 0.179, "35K": 0.281, "55K": 0.18333333333333332, "5KQ": 0.179, "25K": 0.5646666666666667, "57K": 0.18633333333333332, "56K": 0.6186666666666667, "5JK": 0.17166666666666666, "459": 0.30333333333333334, "45A": 0.30133333333333334, "458": 0.36933333333333335, "445": 0.299, "345": 0.8803333333333333, "455": 0.293, "45Q": 0.29833333333333334, "245": 0.572, "457": 0.3383333333333333, "456": 0.566, "45J": 0.30733333333333335, "59A": 0.2, "589": 0.27666666666666667, "359": 0.39366666666666666, "559": 0.21133333333333335, "599": 0.217, "59Q": 0.21333333333333335, "259": 0.5766666666666667, "579": 0.27, "569": 0.5923333333333334, "59J": 0.20133333333333334, "58A": 0.20033333333333334, "35A": 0.30966666666666665, "55A": 0.188, "5AQ": 0.19266666666666668, "25A": 0.5706666666666667, "57A": 0.19066666666666668, "56A": 0.6183333333333333, "5AA": 0.23033333333333333, "5AJ": 0.197, "358": 0.31366666666666665, "558": 0.21533333333333332, "58Q": 0.189, "258": 0.5573333333333333, "578": 0.3436666666666667, "568": 0.5683333333333334, "58J": 0.194, "588": 0.20766666666666667, "355": 0.2906666666666667, "35Q": 0.30633333333333335, "235": 0.574, "357": 0.272, "356": 0.6296666666666667, "335": 0.2936666666666667, "35J": 0.31366666666666665, "55Q": 0.194, "255": 0.5656666666666667, "557": 0.202, "556": 0.6136666666666667, "55J": 0.188, "555": 0.20866666666666667, "25Q": 0.5523333333333333, "5QQ": 0.19666666666666666, "57Q": 0.20133333333333334, "56Q": 0.6096666666666667, "5JQ": 0.205, "257": 0.55, "256": 0.819, "25J": 0.5616666666666666, "225": 0.9336666666666666, "567": 0.5063333333333333, "57J": 0.20266666666666666, "577": 0.22066666666666668, "566": 0.9086666666666666, "56J": 0.6206666666666667, "5JJ": 0.19166666666666668, "4KK": 0.19166666666666668, "49K": 0.17066666666666666, "4AK": 0.17533333333333334, "48K": 0.173, "44K": 0.17633333333333334, "34K": 0.2763333333333333, "4KQ": 0.18133333333333335, "24K": 0.5723333333333334, "47K": 0.17066666666666666, "46K": 0.609, "4JK": 0.16466666666666666, "9KK": 0.181, "KKK": 0.229, "AKK": 0.20333333333333334, "8KK": 0.18, "3KK": 0.206, "KKQ": 0.197, "2KK": 0.5976666666666667, "7KK": 0.186, "6KK": 0.6173333333333333, "JKK": 0.195, "9AK": 0.179, "89K": 0.18266666666666667, "39K": 0.197, "99K": 0.17733333333333334, "9KQ": 0.16066666666666668, "29K": 0.547, "79K": 0.184, "69K": 0.584, "9JK": 0.168, "8AK": 0.16633333333333333, "3AK": 0.163, "AKQ": 0.193, "2AK": 0.565, "7AK": 0.20066666666666666, "6AK": 0.5843333333333334, "AAK": 0.19633333333333333, "AJK": 0.18666666666666668, "38K": 0.158, "8KQ": 0.173, "28K": 0.545, "78K": 0.192, "68K": 0.5576666666666666, "8JK": 0.162, "88K": 0.17833333333333334, "3KQ": 0.168, "23K": 0.5623333333333334, "37K": 0.17633333333333334, "36K": 0.6376666666666667, "33K": 0.19433333333333333, "3JK": 0.17233333333333334, "2KQ": 0.5483333333333333, "KQQ": 0.18433333333333332, "7KQ": 0.197, "6KQ": 0.5696666666666667, "JKQ": 0.18433333333333332, "27K": 0.5553333333333333, "26K": 0.8603333333333333, "2JK": 0.5436666666666666, "22K": 0.9383333333333334, "67K": 0.577, "7JK": 0.19366666666666665, "77K": 0.176, "66K": 0.9013333333333333, "6JK": 0.5713333333333334, "JJK": 0.20433333333333334, "49A": 0.17933333333333334, "489": 0.18266666666666667, "449": 0.18033333333333335, "349": 0.29233333333333333, "499": 0.20366666666666666, "49Q": 0.18133333333333335, "249": 0.5273333333333333, "479": 0.18066666666666667, "469": 0.6016666666666667, "49J": 0.16966666666666666, "48A": 0.16866666666666666, "44A": 0.19933333333333333, "34A": 0.273, "4AQ": 0.188, "24A": 0.5626666666666666, "47A": 0.19933333333333333, "46A": 0.603, "4AA": 0.20566666666666666, "4AJ": 0.17766666666666667, "448": 0.191, "348": 0.289, "48Q": 0.17433333333333334, "248": 0.5666666666666667, "478": 0.27566666666666667, "468": 0.5686666666666667, "48J": 0.18833333333333332, "488": 0.209, "344": 0.298, "44Q": 0.20066666666666666, "244": 0.5696666666666667, "447": 0.21033333333333334, "446": 0.6033333333333334, "44J": 0.20366666666666666, "444": 0.229, "34Q": 0.2896666666666667, "234": 0.5983333333333334, "347": 0.257, "346": 0.6076666666666667, "334": 0.2703333333333333, "34J": 0.283, "24Q": 0.5556666666666666, "4QQ": 0.19766666666666666, "47Q": 0.198, "46Q": 0.6036666666666667, "4JQ": 0.19566666666666666, "247": 0.5746666666666667, "246": 0.806, "24J": 0.5583333333333333, "224": 0.918, "467": 0.543, "47J": 0.19, "477": 0.192, "466": 0.8993333333333333, "46J": 0.6156666666666667, "4JJ": 0.188, "89A": 0.193, "39A": 0.20733333333333334, "99A": 0.19066666666666668, "9AQ": 0.19133333333333333, "29A": 0.5753333333333334, "79A": 0.204, "69A": 0.5846666666666667, "9AA": 0.221, "9AJ": 0.18466666666666667, "389": 0.20933333333333334, "899": 0.19733333333333333, "89Q": 0.17833333333333334, "289": 0.543, "789": 0.31266666666666665, "689": 0.484, "89J": 0.17133333333333334, "889": 0.21566666666666667, "399": 0.20933333333333334, "39Q": 0.18966666666666668, "239": 0.566, "379": 0.19866666666666666, "369": 0.6093333333333333, "339": 0.206, "39J": 0.18933333333333333, "99Q": 0.19266666666666668, "299": 0.586, "799": 0.202, "999": 0.22566666666666665, "699": 0.6226666666666667, "99J": 0.198, "29Q": 0.561, "9QQ": 0.18066666666666667, "79Q": 0.21066666666666667, "69Q": 0.557, "9JQ": 0.186, "279": 0.5583333333333333, "269": 0.8336666666666667, "29J": 0.5483333333333333, "229": 0.9383333333333334, "679": 0.5166666666666667, "79J": 0.201, "779": 0.19033333333333333, "669": 0.908, "69J": 0.5583333333333333, "9JJ": 0.192, "38A": 0.16933333333333334, "8AQ": 0.19233333333333333, "28A": 0.574, "78A": 0.213, "68A": 0.5693333333333334, "8AA": 0.189, "8AJ": 0.19333333333333333, "88A": 0.19633333333333333, "3AQ": 0.199, "23A": 0.56, "37A": 0.176, "36A": 0.6446666666666667,