{"5AK": 0.4756666666666667, "3AK": 0.472, "9AK": 0.715, "AKQ": 0.6806666666666666, "4AK": 0.517, "7AK": 0.4846666666666667, "6AK": 0.513, "AKK": 0.6293333333333333, "AJK": 0.5796666666666667, "2AK": 0.5086666666666667, "8AK": 0.48733333333333334, "AAK": 0.5736666666666667, "AKT": 0.5676666666666667, "35K": 0.42866666666666664, "59K": 0.7593333333333333, "5KQ": 0.761, "45K": 0.43133333333333335, "55K": 0.5083333333333333, "57K": 0.4196666666666667, "56K": 0.43366666666666664, "5KK": 0.5656666666666667, "5JK": 0.537, "25K": 0.4643333333333333, "58K": 0.4256666666666667, "5KT": 0.5416666666666666, "33K": 0.5063333333333333, "39K": 0.7686666666666667, "3KQ": 0.7526666666666667, "34K": 0.44566666666666666, "37K": 0.42633333333333334, "36K": 0.44666666666666666, "3KK": 0.5456666666666666, "3JK": 0.5286666666666666, "23K": 0.4573333333333333, "38K": 0.43366666666666664, "3KT": 0.5216666666666666, "9KQ": 0.8403333333333334, "49K": 0.777, "79K": 0.7203333333333334, "69K": 0.755, "9KK": 0.811, "9JK": 0.7266666666666667, "29K": 0.7593333333333333, "89K": 0.7166666666666667, "99K": 0.9613333333333334, "9KT": 0.7236666666666667, "4KQ": 0.747, "7KQ": 0.6786666666666666, "6KQ": 0.755, "KKQ": 0.8156666666666667, "JKQ": 0.739, "2KQ": 0.7556666666666667, "8KQ": 0.6523333333333333, "KQQ": 0.9323333333333333, "KQT": 0.7223333333333334, "47K": 0.423, "46K": 0.447, "4KK": 0.5486666666666666, "4JK": 0.5233333333333333, "44K": 0.52, "24K": 0.43966666666666665, "48K": 0.42933333333333334, "4KT": 0.549, "77K": 0.504, "67K": 0.42933333333333334, "7KK": 0.529, "7JK": 0.5076666666666667, "27K": 0.43966666666666665, "78K": 0.36866666666666664, "7KT": 0.5306666666666666, "66K": 0.5166666666666667, "6KK": 0.549, "6JK": 0.5416666666666666, "26K": 0.44733333333333336, "68K": 0.4593333333333333, "6KT": 0.5423333333333333, "JKK": 0.6016666666666667, "2KK": 0.556, "8KK": 0.5346666666666666, "KKT": 0.6143333333333333, "KKK": 0.639, "2JK": 0.5393333333333333, "8JK": 0.5226666666666666, "JJK": 0.595, "JKT": 0.927, "28K": 0.425, "2KT": 0.5476666666666666, "22K": 0.5133333333333333, "8KT": 0.5123333333333333, "88K": 0.5, "KTT": 0.5926666666666667, "35A": 0.4046666666666667, "59A": 0.7753333333333333, "5AQ": 0.7893333333333333, "45A": 0.42833333333333334, "55A": 0.494, "57A": 0.4246666666666667, "56A": 0.4156666666666667, "5AJ": 0.4583333333333333, "25A": 0.44366666666666665, "58A": 0.4563333333333333, "5AA": 0.528, "5AT": 0.468, "33A": 0.4876666666666667, "39A": 0.746, "3AQ": 0.7616666666666667, "34A": 0.4103333333333333, "37A": 0.4106666666666667, "36A": 0.399, "3AJ": 0.436, "23A": 0.41633333333333333, "38A": 0.42533333333333334, "3AA": 0.523, "3AT": 0.43166666666666664, "9AQ": 0.9033333333333333, "49A": 0.759, "79A": 0.7423333333333333, "69A": 0.765, "9AJ": 0.713, "29A": 0.7813333333333333, "89A": 0.752, "9AA": 0.8206666666666667, "99A": 0.945, "9AT": 0.7013333333333334, "4AQ": 0.782, "7AQ": 0.7673333333333333, "6AQ": 0.794, "AJQ": 0.746, "2AQ": 0.7893333333333333, "8AQ": 0.7573333333333333, "AQQ": 0.9206666666666666, "AAQ": 0.8133333333333334, "AQT": 0.7446666666666667, "47A": 0.43233333333333335, "46A": 0.426, "4AJ": 0.476, "44A": 0.49666666666666665, "24A": 0.435, "48A": 0.444, "4AA": 0.5313333333333333, "4AT": 0.447, "77A": 0.5216666666666666, "67A": 0.43866666666666665, "7AJ": 0.44133333333333336, "27A": 0.447, "78A": 0.41733333333333333, "7AA": 0.519, "7AT": 0.43566666666666665, "66A": 0.49833333333333335, "6AJ": 0.467, "26A": 0.437, "68A": 0.45466666666666666, "6AA": 0.522, "6AT": 0.4693333333333333, "2AJ": 0.458, "8AJ": 0.5263333333333333, "AAJ": 0.554, "AJJ": 0.545, "AJT": 0.5866666666666667, "28A": 0.45166666666666666, "2AA": 0.544, "2AT": 0.4683333333333333, "22A": 0.47733333333333333, "8AA": 0.5456666666666666, "8AT": 0.5213333333333333, "88A": 0.5263333333333333, "AAT": 0.5566666666666666, "AAA": 0.636, "ATT": 0.548, "335": 0.43433333333333335, "359": 0.791, "35Q": 0.8183333333333334, "345": 0.3353333333333333, "355": 0.4176666666666667, "357": 0.362, "356": 0.352, "35J": 0.4046666666666667, "235": 0.38466666666666666, "358": 0.405, "35T": 0.4186666666666667, "59Q": 0.9113333333333333, "459": 0.7863333333333333, "559": 0.7963333333333333, "579": 0.7386666666666667, "569": 0.744, "59J": 0.7543333333333333, "259": 0.8323333333333334, "589": 0.772, "599": 0.9416666666666667, "59T": 0.7993333333333333, "45Q": 0.8183333333333334, "55Q": 0.8183333333333334, "57Q": 0.7923333333333333, "56Q": 0.8036666666666666, "5JQ": 0.8343333333333334, "25Q": 0.837, "58Q": 0.8043333333333333, "5QQ": 0.9596666666666667, "5QT": 0.826, "455": 0.44033333333333335, "457": 0.3413333333333333, "456": 0.35133333333333333, "45J": 0.428, "445": 0.44266666666666665, "245": 0.39466666666666667, "458": 0.3863333333333333, "45T": 0.42633333333333334, "557": 0.449, "555": 0.5643333333333334, "556": 0.44733333333333336, "55J": 0.471, "255": 0.46266666666666667, "558": 0.4716666666666667, "55T": 0.4806666666666667, "577": 0.474, "567": 0.427, "57J": 0.38966666666666666, "257": 0.405, "578": 0.45, "57T": 0.43366666666666664, "566": 0.4563333333333333, "56J": 0.4136666666666667, "256": 0.38866666666666666, "568": 0.445, "56T": 0.4073333333333333, "25J": 0.42333333333333334, "58J": 0.497, "5JJ": 0.5116666666666667, "5JT": 0.589, "258": 0.42, "25T": 0.5786666666666667, "225": 0.477, "58T": 0.5086666666666667, "588": 0.4583333333333333, "5TT": 0.49266666666666664, "339": 0.789, "33Q": 0.792, "334": 0.4553333333333333, "337": 0.43966666666666665, "336": 0.43633333333333335, "333": 0.5363333333333333, "33J": 0.48133333333333334, "233": 0.44533333333333336, "338": 0.42233333333333334, "33T": 0.468, "39Q": 0.9153333333333333, "349": 0.7953333333333333, "379": 0.7776666666666666, "369": 0.7653333333333333, "39J": 0.7553333333333333, "239": 0.8063333333333333, "389": 0.7886666666666666, "399": 0.944, "39T": 0.7413333333333333, "34Q": 0.8246666666666667, "37Q": 0.7946666666666666, "36Q": 0.8306666666666667, "3JQ": 0.83, "23Q": 0.8286666666666667, "38Q": 0.8223333333333334, "3QQ": 0.9423333333333334, "3QT": 0.8293333333333334, "347": 0.36633333333333334, "346": 0.3626666666666667, "34J": 0.4096666666666667, "344": 0.4523333333333333, "234": 0.364, "348": 0.387, "34T": 0.4083333333333333, "377": 0.4666666666666667, "367": 0.36533333333333334, "37J": 0.4106666666666667, "237": 0.401, "378": 0.37866666666666665, "37T": 0.398, "366": 0.448, "36J": 0.411, "236": 0.3636666666666667, "368": 0.3993333333333333, "36T": 0.4096666666666667, "23J": 0.41233333333333333, "38J": 0.49, "3JJ": 0.49133333333333334, "3JT": 0.5636666666666666, "238": 0.38966666666666666, "23T": 0.417, "223": 0.42333333333333334, "38T": 0.5096666666666667, "388": 0.4553333333333333, "3TT": 0.49133333333333334, "49Q": 0.9246666666666666, "79Q": 0.8843333333333333, "69Q": 0.904, "9JQ": 0.841, "29Q": 0.9193333333333333, "89Q": 0.8576666666666667, "9QQ": 0.9926666666666667, "99Q": 0.9913333333333333, "9QT": 0.8183333333333334, "479": 0.7836666666666666, "469": 0.763, "49J": 0.7666666666666667, "449": 0.7896666666666666, "249": 0.8063333333333333, "489": 0.783, "499": 0.9716666666666667, "49T": 0.751, "779": 0.7653333333333333, "679": 0.6986666666666667, "79J": 0.701, "279": 0.7986666666666666, "789": 0.6456666666666667, "799": 0.9353333333333333, "79T": 0.6883333333333334, "669": 0.7836666666666666, "69J": 0.751, "269": 0.775, "689": 0.6973333333333334, "699": 0.9433333333333334, "69T": 0.7213333333333334, "29J": 0.7546666666666667, "89J": 0.741, "9JJ": 0.7943333333333333, "99J": 0.9483333333333334, "9JT": 0.735, "289": 0.7746666666666666, "299": 0.9646666666666667, "29T": 0.788, "229": 0.798, "899": 0.937, "89T": 0.719, "889": 0.782, "99T": 0.9283333333333333, "999": 1.0, "9TT": 0.787, "47Q": 0.791, "46Q": 0.806, "4JQ": 0.832, "44Q": 0.8186666666666667, "24Q": 0.8386666666666667, "48Q": 0.8076666666666666, "4QQ": 0.9713333333333334, "4QT": 0.8226666666666667, "77Q": 0.807, "67Q": 0.7826666666666666, "7JQ": 0.816, "27Q": 0.8286666666666667, "78Q": 0.684,