{"2AQ": 0.5076666666666667, "AAQ": 0.3463333333333333, "AQT": 0.319, "AKQ": 0.305, "AQQ": 0.3403333333333333, "7AQ": 0.5433333333333333, "AJQ": 0.324, "8AQ": 0.661, "9AQ": 0.3333333333333333, "4AQ": 0.295, "5AQ": 0.308, "3AQ": 0.2846666666666667, "6AQ": 0.628, "2QT": 0.5236666666666666, "2KQ": 0.5143333333333333, "22Q": 0.499, "2QQ": 0.5246666666666666, "27Q": 0.8803333333333333, "2JQ": 0.5086666666666667, "28Q": 0.795, "29Q": 0.5183333333333333, "24Q": 0.5293333333333333, "25Q": 0.516, "23Q": 0.5116666666666667, "26Q": 0.788, "KQT": 0.32466666666666666, "QQT": 0.3586666666666667, "7QT": 0.582, "JQT": 0.3536666666666667, "QTT": 0.37366666666666665, "8QT": 0.6273333333333333, "9QT": 0.45666666666666667, "4QT": 0.297, "5QT": 0.311, "3QT": 0.30833333333333335, "6QT": 0.6276666666666667, "KQQ": 0.31966666666666665, "7KQ": 0.5266666666666666, "JKQ": 0.31866666666666665, "8KQ": 0.6636666666666666, "9KQ": 0.33466666666666667, "KKQ": 0.35933333333333334, "4KQ": 0.324, "5KQ": 0.30666666666666664, "3KQ": 0.28933333333333333, "6KQ": 0.6403333333333333, "7QQ": 0.5366666666666666, "JQQ": 0.347, "8QQ": 0.748, "9QQ": 0.36466666666666664, "4QQ": 0.33166666666666667, "5QQ": 0.346, "QQQ": 0.3626666666666667, "3QQ": 0.332, "6QQ": 0.7266666666666667, "7JQ": 0.5393333333333333, "78Q": 0.797, "79Q": 0.6413333333333333, "77Q": 0.52, "47Q": 0.5723333333333334, "57Q": 0.639, "37Q": 0.5353333333333333, "67Q": 0.7556666666666667, "8JQ": 0.6353333333333333, "9JQ": 0.3596666666666667, "4JQ": 0.297, "5JQ": 0.307, "JJQ": 0.545, "3JQ": 0.2916666666666667, "6JQ": 0.623, "89Q": 0.627, "48Q": 0.6983333333333334, "58Q": 0.727, "88Q": 0.9326666666666666, "38Q": 0.7226666666666667, "68Q": 0.8546666666666667, "99Q": 0.379, "49Q": 0.31433333333333335, "59Q": 0.3983333333333333, "39Q": 0.3, "69Q": 0.6246666666666667, "45Q": 0.39366666666666666, "44Q": 0.29833333333333334, "34Q": 0.2693333333333333, "46Q": 0.6813333333333333, "55Q": 0.32366666666666666, "35Q": 0.292, "56Q": 0.668, "33Q": 0.301, "36Q": 0.6606666666666666, "66Q": 0.9433333333333334, "2AA": 0.3423333333333333, "2AT": 0.298, "2AK": 0.284, "22A": 0.291, "27A": 0.5223333333333333, "2AJ": 0.28933333333333333, "28A": 0.733, "29A": 0.315, "24A": 0.2763333333333333, "25A": 0.2876666666666667, "23A": 0.272, "26A": 0.6736666666666666, "AAT": 0.313, "AAK": 0.30633333333333335, "7AA": 0.36233333333333334, "AAJ": 0.317, "AAA": 0.341, "8AA": 0.7413333333333333, "9AA": 0.331, "4AA": 0.2946666666666667, "5AA": 0.29933333333333334, "3AA": 0.27166666666666667, "6AA": 0.6716666666666666, "AKT": 0.273, "7AT": 0.4073333333333333, "AJT": 0.24433333333333335, "ATT": 0.31266666666666665, "8AT": 0.5986666666666667, "9AT": 0.32366666666666666, "4AT": 0.23333333333333334, "5AT": 0.21766666666666667, "3AT": 0.22566666666666665, "6AT": 0.529, "7AK": 0.332, "AJK": 0.2653333333333333, "8AK": 0.6626666666666666, "9AK": 0.3016666666666667, "AKK": 0.30366666666666664, "4AK": 0.25533333333333336, "5AK": 0.272, "3AK": 0.24466666666666667, "6AK": 0.6043333333333333, "7AJ": 0.30766666666666664, "78A": 0.7203333333333334, "79A": 0.49, "77A": 0.3373333333333333, "47A": 0.388, "57A": 0.491, "37A": 0.2816666666666667, "67A": 0.6323333333333333, "8AJ": 0.6106666666666667, "9AJ": 0.25166666666666665, "4AJ": 0.208, "5AJ": 0.22966666666666666, "AJJ": 0.329, "3AJ": 0.20766666666666667, "6AJ": 0.511, "89A": 0.6206666666666667, "48A": 0.6946666666666667, "58A": 0.6906666666666667, "88A": 0.9166666666666666, "38A": 0.6713333333333333, "68A": 0.8486666666666667, "99A": 0.321, "49A": 0.234, "59A": 0.32133333333333336, "39A": 0.22566666666666665, "69A": 0.532, "45A": 0.308, "44A": 0.26033333333333336, "34A": 0.209, "46A": 0.5443333333333333, "55A": 0.28, "35A": 0.211, "56A": 0.561, "33A": 0.252, "36A": 0.548, "66A": 0.924, "2KT": 0.30366666666666664, "22T": 0.31033333333333335, "27T": 0.5713333333333334, "2JT": 0.297, "2TT": 0.334, "28T": 0.721, "29T": 0.3943333333333333, "24T": 0.29933333333333334, "25T": 0.2826666666666667, "23T": 0.274, "26T": 0.674, "22K": 0.30366666666666664, "27K": 0.5353333333333333, "2JK": 0.293, "28K": 0.717, "29K": 0.30866666666666664, "2KK": 0.326, "24K": 0.29433333333333334, "25K": 0.2946666666666667, "23K": 0.292, "26K": 0.696, "227": 0.5083333333333333, "22J": 0.299, "228": 0.713, "229": 0.31966666666666665, "224": 0.29033333333333333, "225": 0.31566666666666665, "222": 0.30966666666666665, "223": 0.2926666666666667, "226": 0.6963333333333334, "27J": 0.523, "278": 0.8136666666666666, "279": 0.6463333333333333, "277": 0.5333333333333333, "247": 0.5696666666666667, "257": 0.6343333333333333, "237": 0.5026666666666667, "267": 0.776, "28J": 0.707, "29J": 0.29133333333333333, "24J": 0.276, "25J": 0.285, "2JJ": 0.54, "23J": 0.28, "26J": 0.6733333333333333, "289": 0.7013333333333334, "248": 0.761, "258": 0.7483333333333333, "288": 0.955, "238": 0.7556666666666667, "268": 0.8886666666666667, "299": 0.3516666666666667, "249": 0.3016666666666667, "259": 0.393, "239": 0.29533333333333334, "269": 0.68, "245": 0.43966666666666665, "244": 0.2926666666666667, "234": 0.32233333333333336, "246": 0.6693333333333333, "255": 0.30133333333333334, "235": 0.3606666666666667, "256": 0.671, "233": 0.2803333333333333, "236": 0.6886666666666666, "266": 0.9496666666666667, "7KT": 0.402, "JKT": 0.264, "KTT": 0.30466666666666664, "8KT": 0.632, "9KT": 0.37366666666666665, "KKT": 0.2976666666666667, "4KT": 0.25933333333333336, "5KT": 0.2733333333333333, "3KT": 0.25233333333333335, "6KT": 0.5946666666666667, "7JT": 0.35833333333333334, "7TT": 0.42433333333333334, "78T": 0.703, "79T": 0.875, "77T": 0.42933333333333334, "47T": 0.478, "57T": 0.464, "37T": 0.38866666666666666, "67T": 0.6553333333333333, "JTT": 0.304, "8JT": 0.5456666666666666, "9JT": 0.3293333333333333, "4JT": 0.21666666666666667, "5JT": 0.22533333333333333, "JJT": 0.3393333333333333, "3JT": 0.22, "6JT": 0.5166666666666667, "8TT": 0.6903333333333334, "9TT": 0.396, "4TT": 0.298, "5TT": 0.29733333333333334, "3TT": 0.30533333333333335, "TTT": 0.37333333333333335, "6TT": 0.6636666666666666, "89T": 0.559, "48T": 0.649, "58T": 0.664, "88T": 0.8933333333333333, "38T": 0.658, "68T": 0.8023333333333333, "99T": 0.407, "49T": 0.309, "59T": 0.30933333333333335, "39T": 0.32866666666666666, "69T": 0.5273333333333333, "45T": 0.2886666666666667, "44T": 0.26766666666666666, "34T": 0.21266666666666667, "46T": 0.5423333333333333, "55T": 0.282, "35T": 0.20733333333333334, "56T": 0.5583333333333333, "33T": 0.252, "36T": 0.553, "66T": 0.9203333333333333, "7JK": 0.30566666666666664, "78K": 0.725, "79K": 0.5086666666666667, "7KK": 0.3473333333333333, "77K": 0.3463333333333333, "47K": 0.4156666666666667, "57K": 0.5233333333333333, "37K": 0.2866666666666667, "67K": 0.6563333333333333, "8JK": 0.6196666666666667, "9JK": 0.26266666666666666, "JKK": 0.31166666666666665, "4JK": 0.25433333333333336, "5JK": 0.2633333333333333, "JJK": 0.349, "3JK": 0.23233333333333334, "6JK": 0.6016666666666667, "89K": 0.64, "8KK": 0.724, "48K": 0.6913333333333334, "58K": 0.7146666666666667, "88K": 0.9426666666666667, "38K": 0.7213333333333334, "68K": 0.8716666666666667, "9KK": 0.31666666666666665, "99K": 0.325, "49K": 0.2836666666666667, "59K": 0.36133333333333334, "39K": 0.2773333333333333, "69K": 0.633, "4KK": 0.301, "5KK": 0.298, "3KK": 0.2826666666666667, "6KK": 0.6533333333333333, "KKK": 0.36466666666666664, "45K": 0.35433333333333333, "44K": 0.299, "34K": 0.23333333333333334, "46K": 0.6566666666666666, "55K": 0.289, "35K": 0.24466666666666667, "56K": 0.6563333333333333, "33K": 0.25733333333333336, "36K": 0.6336666666666667, "66K": 0.9173333333333333, "78J": 0.6866666666666666, "79J": 0.464, "77J": 0.32866666666666666, "47J": 0.3953333333333333, "57J": 0.478, "7JJ": 0.5313333333333333, "37J": 0.289, "67J": 0.6363333333333333, "789": 0.6803333333333333, "778": 0.7053333333333334, "478": 0.7426666666666667, "578": 0.757, "788": 0.943, "378": 0.749, "678": 0.765, "799": 0.5003333333333333, "779": 0.49166666666666664, "479": 0.48966666666666664, "579": 0.911,