{"4KT": 0.396, "2KT": 0.4023333333333333, "7KT": 0.6776666666666666, "5KT": 0.38466666666666666, "6KT": 0.40166666666666667, "9KT": 0.5126666666666667, "KKT": 0.463, "KQT": 0.566, "KTT": 0.4653333333333333, "JKT": 0.6406666666666667, "3KT": 0.3993333333333333, "8KT": 0.471, "AKT": 0.502, "24K": 0.3546666666666667, "47K": 0.7093333333333334, "45K": 0.3566666666666667, "46K": 0.364, "49K": 0.34933333333333333, "4KK": 0.47333333333333333, "4KQ": 0.43066666666666664, "44K": 0.41533333333333333, "4JK": 0.73, "34K": 0.371, "48K": 0.391, "4AK": 0.43933333333333335, "27K": 0.701, "25K": 0.3426666666666667, "26K": 0.36766666666666664, "29K": 0.352, "2KK": 0.43366666666666664, "2KQ": 0.42133333333333334, "2JK": 0.7303333333333333, "23K": 0.33866666666666667, "28K": 0.364, "22K": 0.399, "2AK": 0.403, "57K": 0.6736666666666666, "67K": 0.7016666666666667, "79K": 0.636, "7KK": 0.7546666666666667, "7KQ": 0.672, "77K": 0.9323333333333333, "7JK": 0.8486666666666667, "37K": 0.701, "78K": 0.627, "7AK": 0.682, "56K": 0.359, "59K": 0.3283333333333333, "5KK": 0.4226666666666667, "5KQ": 0.4073333333333333, "55K": 0.40166666666666667, "5JK": 0.616, "35K": 0.374, "58K": 0.38466666666666666, "5AK": 0.3963333333333333, "69K": 0.36533333333333334, "6KK": 0.45566666666666666, "66K": 0.415, "6KQ": 0.44466666666666665, "6JK": 0.7206666666666667, "36K": 0.37, "68K": 0.371, "6AK": 0.43833333333333335, "9KK": 0.44166666666666665, "9KQ": 0.4676666666666667, "99K": 0.43266666666666664, "9JK": 0.5903333333333334, "39K": 0.36, "89K": 0.45366666666666666, "9AK": 0.4073333333333333, "KKQ": 0.5146666666666667, "JKK": 0.753, "3KK": 0.4513333333333333, "8KK": 0.472, "AKK": 0.5176666666666667, "KKK": 0.542, "JKQ": 0.6076666666666667, "3KQ": 0.41633333333333333, "8KQ": 0.41733333333333333, "AKQ": 0.5396666666666666, "KQQ": 0.502, "3JK": 0.7106666666666667, "8JK": 0.721, "JJK": 0.9123333333333333, "AJK": 0.6466666666666666, "38K": 0.36533333333333334, "3AK": 0.4156666666666667, "33K": 0.413, "88K": 0.43433333333333335, "8AK": 0.438, "AAK": 0.4876666666666667, "24T": 0.32233333333333336, "47T": 0.68, "45T": 0.3416666666666667, "46T": 0.37366666666666665, "49T": 0.427, "4QT": 0.39466666666666667, "44T": 0.382, "4TT": 0.4093333333333333, "4JT": 0.795, "34T": 0.3343333333333333, "48T": 0.43533333333333335, "4AT": 0.38766666666666666, "27T": 0.6923333333333334, "25T": 0.33466666666666667, "26T": 0.3453333333333333, "29T": 0.463, "2QT": 0.41333333333333333, "2TT": 0.38766666666666666, "2JT": 0.7783333333333333, "23T": 0.32133333333333336, "28T": 0.424, "22T": 0.39966666666666667, "2AT": 0.4103333333333333, "57T": 0.7006666666666667, "67T": 0.6726666666666666, "79T": 0.6706666666666666, "7QT": 0.675, "77T": 0.9426666666666667, "7TT": 0.714, "7JT": 0.8646666666666667, "37T": 0.6816666666666666, "78T": 0.6373333333333333, "7AT": 0.6693333333333333, "56T": 0.37033333333333335, "59T": 0.4096666666666667, "5QT": 0.39466666666666667, "55T": 0.3963333333333333, "5TT": 0.4033333333333333, "5JT": 0.7656666666666667, "35T": 0.3416666666666667, "58T": 0.442, "5AT": 0.40066666666666667, "69T": 0.43333333333333335, "66T": 0.4013333333333333, "6QT": 0.522, "6TT": 0.4096666666666667, "6JT": 0.778, "36T": 0.35133333333333333, "68T": 0.44366666666666665, "6AT": 0.5223333333333333, "9QT": 0.528, "9TT": 0.48633333333333334, "99T": 0.49266666666666664, "9JT": 0.6993333333333334, "39T": 0.448, "89T": 0.9123333333333333, "9AT": 0.49433333333333335, "QTT": 0.459, "JQT": 0.6476666666666666, "3QT": 0.402, "8QT": 0.46, "AQT": 0.6056666666666667, "QQT": 0.4756666666666667, "JTT": 0.753, "3TT": 0.4026666666666667, "8TT": 0.4716666666666667, "ATT": 0.47933333333333333, "TTT": 0.47433333333333333, "3JT": 0.7876666666666666, "8JT": 0.7656666666666667, "JJT": 0.9303333333333333, "AJT": 0.7226666666666667, "38T": 0.42966666666666664, "3AT": 0.4036666666666667, "33T": 0.37633333333333335, "88T": 0.49066666666666664, "8AT": 0.49266666666666664, "AAT": 0.488, "247": 0.7546666666666667, "245": 0.32566666666666666, "246": 0.32, "249": 0.3243333333333333, "24Q": 0.3626666666666667, "244": 0.36966666666666664, "24J": 0.82, "234": 0.30666666666666664, "248": 0.333, "224": 0.37833333333333335, "24A": 0.37033333333333335, "457": 0.6773333333333333, "467": 0.6673333333333333, "479": 0.6866666666666666, "47Q": 0.7156666666666667, "477": 0.9416666666666667, "447": 0.704, "47J": 0.909, "347": 0.691, "478": 0.6506666666666666, "47A": 0.698, "456": 0.4746666666666667, "459": 0.3396666666666667, "45Q": 0.364, "455": 0.38533333333333336, "445": 0.382, "45J": 0.781, "345": 0.4026666666666667, "458": 0.40066666666666667, "45A": 0.36, "469": 0.341, "466": 0.4116666666666667, "46Q": 0.37933333333333336, "446": 0.39366666666666666, "46J": 0.805, "346": 0.4073333333333333, "468": 0.422, "46A": 0.386, "49Q": 0.369, "449": 0.39266666666666666, "499": 0.406, "49J": 0.773, "349": 0.3433333333333333, "489": 0.43733333333333335, "49A": 0.385, "44Q": 0.42966666666666664, "4JQ": 0.7556666666666667, "34Q": 0.3546666666666667, "48Q": 0.394, "4AQ": 0.42233333333333334, "4QQ": 0.4633333333333333, "44J": 0.7913333333333333, "344": 0.372, "448": 0.379, "44A": 0.41133333333333333, "444": 0.4736666666666667, "34J": 0.8163333333333334, "48J": 0.8143333333333334, "4JJ": 0.958, "4AJ": 0.7666666666666667, "348": 0.32266666666666666, "34A": 0.365, "334": 0.369, "488": 0.4156666666666667, "48A": 0.38866666666666666, "4AA": 0.44866666666666666, "257": 0.711, "267": 0.7043333333333334, "279": 0.6963333333333334, "27Q": 0.7086666666666667, "277": 0.9453333333333334, "27J": 0.9033333333333333, "237": 0.6383333333333333, "278": 0.5793333333333334, "227": 0.717, "27A": 0.7116666666666667, "256": 0.32466666666666666, "259": 0.32233333333333336, "25Q": 0.3536666666666667, "255": 0.372, "25J": 0.7713333333333333, "235": 0.314, "258": 0.3406666666666667, "225": 0.3506666666666667, "25A": 0.36833333333333335, "269": 0.321, "266": 0.37266666666666665, "26Q": 0.37166666666666665, "26J": 0.8076666666666666, "236": 0.298, "268": 0.3273333333333333, "226": 0.403, "26A": 0.362, "29Q": 0.379, "299": 0.40066666666666667, "29J": 0.769, "239": 0.32166666666666666, "289": 0.43133333333333335, "229": 0.379, "29A": 0.38433333333333336, "2JQ": 0.7383333333333333, "23Q": 0.3416666666666667, "28Q": 0.35833333333333334, "22Q": 0.42966666666666664, "2AQ": 0.434, "2QQ": 0.4653333333333333, "23J": 0.787, "28J": 0.7743333333333333, "2JJ": 0.9396666666666667, "22J": 0.7953333333333333, "2AJ": 0.7593333333333333, "238": 0.2663333333333333, "223": 0.3476666666666667, "23A": 0.3426666666666667, "233": 0.36633333333333334, "288": 0.379, "228": 0.37966666666666665, "28A": 0.3596666666666667, "22A": 0.43166666666666664, "222": 0.4633333333333333, "2AA": 0.444, "567": 0.626, "579": 0.6376666666666667, "57Q": 0.6943333333333334, "577": 0.916, "557": 0.7333333333333333, "57J": 0.882, "357": 0.6853333333333333, "578": 0.6046666666666667, "57A": 0.6953333333333334, "679": 0.6436666666666667, "667": 0.7136666666666667, "67Q": 0.6763333333333333, "677": 0.9266666666666666, "67J": 0.903, "367": 0.6696666666666666, "678": 0.5736666666666667, "67A": 0.703, "79Q": 0.6573333333333333, "779": 0.911, "799": 0.729, "79J": 0.8403333333333334, "379": 0.6603333333333333, "789": 0.619, "79A": 0.662, "77Q": 0.9513333333333334, "7JQ": 0.8836666666666667, "37Q": 0.6936666666666667, "78Q": 0.633, "7AQ": 0.6936666666666667, "7QQ": 0.7576666666666667, "77J": 0.9896666666666667, "377": 0.9273333333333333, "778": 0.9023333333333333, "77A": 0.9553333333333334, "777": 1.0, "37J": 0.8933333333333333, "78J": 0.8313333333333334, "7JJ": 0.989, "7AJ": 0.899, "378": 0.5806666666666667, "37A": 0.7093333333333334, "337": 0.72, "788": 0.7, "78A": 0.6246666666666667, "7AA": 0.7516666666666667, "569": 0.3903333333333333, "566": 0.4026666666666667, "56Q": 0.38666666666666666, "556": 0.4066666666666667, "56J": 0.7666666666666667, "356": 0.41, "568": 0.5073333333333333, "56A": 0.3933333333333333, "59Q": 0.3586666666666667, "559": 0.37166666666666665,