{"2AK": 0.30533333333333335, "5AK": 0.29833333333333334, "7AK": 0.632, "AKQ": 0.319, "6AK": 0.32166666666666666, "8AK": 0.32566666666666666, "3AK": 0.3233333333333333, "9AK": 0.649, "AKK": 0.389, "AJK": 0.3446666666666667, "AKT": 0.3473333333333333, "AAK": 0.36933333333333335, "4AK": 0.31166666666666665, "25K": 0.2683333333333333, "22K": 0.297, "27K": 0.607, "2KQ": 0.245, "26K": 0.29033333333333333, "28K": 0.2613333333333333, "23K": 0.294, "29K": 0.692, "2KK": 0.36333333333333334, "2JK": 0.30233333333333334, "2KT": 0.33, "24K": 0.248, "57K": 0.6646666666666666, "5KQ": 0.304, "56K": 0.393, "58K": 0.40066666666666667, "35K": 0.321, "55K": 0.321, "59K": 0.7103333333333334, "5KK": 0.37733333333333335, "5JK": 0.334, "5KT": 0.32366666666666666, "45K": 0.2833333333333333, "7KQ": 0.5386666666666666, "67K": 0.6666666666666666, "78K": 0.539, "37K": 0.7133333333333334, "79K": 0.8343333333333334, "7KK": 0.7216666666666667, "7JK": 0.6243333333333333, "7KT": 0.634, "47K": 0.6783333333333333, "77K": 0.9163333333333333, "6KQ": 0.315, "8KQ": 0.284, "KQQ": 0.365, "3KQ": 0.3416666666666667, "9KQ": 0.613, "KKQ": 0.38766666666666666, "JKQ": 0.3993333333333333, "KQT": 0.37233333333333335, "4KQ": 0.2866666666666667, "68K": 0.499, "36K": 0.3436666666666667, "69K": 0.72, "6KK": 0.42233333333333334, "66K": 0.36233333333333334, "6JK": 0.322, "6KT": 0.438, "46K": 0.2733333333333333, "38K": 0.32966666666666666, "89K": 0.6953333333333334, "88K": 0.3466666666666667, "8KK": 0.391, "8JK": 0.41, "8KT": 0.486, "48K": 0.2996666666666667, "33K": 0.36933333333333335, "39K": 0.7303333333333333, "3KK": 0.5583333333333333, "3JK": 0.358, "3KT": 0.3626666666666667, "34K": 0.31066666666666665, "9KK": 0.7653333333333333, "9JK": 0.663, "9KT": 0.6036666666666667, "99K": 0.945, "49K": 0.7193333333333334, "JKK": 0.411, "KKT": 0.434, "KKK": 0.42033333333333334, "4KK": 0.35433333333333333, "JKT": 0.476, "JJK": 0.39, "4JK": 0.299, "KTT": 0.38866666666666666, "4KT": 0.3333333333333333, "44K": 0.3016666666666667, "25A": 0.2783333333333333, "22A": 0.289, "27A": 0.704, "2AQ": 0.2866666666666667, "26A": 0.2846666666666667, "28A": 0.30466666666666664, "23A": 0.301, "29A": 0.718, "2AJ": 0.32033333333333336, "2AT": 0.29833333333333334, "2AA": 0.34833333333333333, "24A": 0.272, "57A": 0.6686666666666666, "5AQ": 0.2926666666666667, "56A": 0.389, "58A": 0.39866666666666667, "35A": 0.294, "55A": 0.322, "59A": 0.583, "5AJ": 0.317, "5AT": 0.276, "5AA": 0.33766666666666667, "45A": 0.2813333333333333, "7AQ": 0.6393333333333333, "67A": 0.707, "78A": 0.6226666666666667, "37A": 0.7206666666666667, "79A": 0.8496666666666667, "7AJ": 0.6646666666666666, "7AT": 0.6423333333333333, "7AA": 0.737, "47A": 0.7056666666666667, "77A": 0.9436666666666667, "6AQ": 0.32666666666666666, "8AQ": 0.32466666666666666, "AQQ": 0.364, "3AQ": 0.333, "9AQ": 0.6483333333333333, "AJQ": 0.337, "AQT": 0.3466666666666667, "AAQ": 0.37466666666666665, "4AQ": 0.317, "68A": 0.5186666666666667, "36A": 0.31833333333333336, "69A": 0.7056666666666667, "66A": 0.377, "6AJ": 0.31566666666666665, "6AT": 0.39866666666666667, "6AA": 0.36333333333333334, "46A": 0.29, "38A": 0.35, "89A": 0.6786666666666666, "88A": 0.338, "8AJ": 0.42533333333333334, "8AT": 0.5016666666666667, "8AA": 0.38, "48A": 0.306, "33A": 0.337, "39A": 0.718, "3AJ": 0.3566666666666667, "3AT": 0.338, "3AA": 0.381, "34A": 0.32666666666666666, "9AJ": 0.662, "9AT": 0.535, "9AA": 0.729, "99A": 0.926, "49A": 0.705, "AJT": 0.42233333333333334, "AAJ": 0.37666666666666665, "AJJ": 0.36866666666666664, "4AJ": 0.294, "AAT": 0.3636666666666667, "ATT": 0.382, "4AT": 0.31866666666666665, "AAA": 0.3983333333333333, "4AA": 0.3433333333333333, "44A": 0.2836666666666667, "225": 0.29233333333333333, "257": 0.715, "25Q": 0.24866666666666667, "256": 0.37, "258": 0.36933333333333335, "235": 0.308, "255": 0.288, "259": 0.7346666666666667, "25J": 0.30233333333333334, "25T": 0.28933333333333333, "245": 0.24533333333333332, "227": 0.7093333333333334, "22Q": 0.299, "226": 0.309, "228": 0.3, "223": 0.314, "229": 0.728, "22J": 0.321, "22T": 0.321, "222": 0.35033333333333333, "224": 0.2683333333333333, "27Q": 0.5883333333333334, "267": 0.7086666666666667, "278": 0.584, "237": 0.744, "279": 0.8703333333333333, "27J": 0.7113333333333334, "27T": 0.6883333333333334, "247": 0.7166666666666667, "277": 0.9433333333333334, "26Q": 0.2826666666666667, "28Q": 0.23733333333333334, "2QQ": 0.329, "23Q": 0.2916666666666667, "29Q": 0.7056666666666667, "2JQ": 0.30966666666666665, "2QT": 0.31733333333333336, "24Q": 0.25866666666666666, "268": 0.473, "236": 0.314, "269": 0.7493333333333333, "266": 0.355, "26J": 0.272, "26T": 0.391, "246": 0.24566666666666667, "238": 0.30833333333333335, "289": 0.7556666666666667, "288": 0.31866666666666665, "28J": 0.399, "28T": 0.48133333333333334, "248": 0.273, "233": 0.31133333333333335, "239": 0.7846666666666666, "23J": 0.31566666666666665, "23T": 0.3323333333333333, "234": 0.283, "29J": 0.7293333333333333, "29T": 0.684, "299": 0.9593333333333334, "249": 0.7636666666666667, "2JT": 0.4063333333333333, "2JJ": 0.3576666666666667, "24J": 0.2886666666666667, "2TT": 0.32866666666666666, "24T": 0.282, "244": 0.2916666666666667, "57Q": 0.6756666666666666, "567": 0.6936666666666667, "578": 0.6816666666666666, "357": 0.7083333333333334, "557": 0.683, "579": 0.8316666666666667, "57J": 0.7023333333333334, "57T": 0.681, "457": 0.6663333333333333, "577": 0.9403333333333334, "56Q": 0.4066666666666667, "58Q": 0.414, "5QQ": 0.341, "35Q": 0.31566666666666665, "55Q": 0.31366666666666665, "59Q": 0.691, "5JQ": 0.32133333333333336, "5QT": 0.30466666666666664, "45Q": 0.269, "568": 0.952, "356": 0.48633333333333334, "556": 0.39566666666666667, "569": 0.729, "566": 0.4256666666666667, "56J": 0.3893333333333333, "56T": 0.37833333333333335, "456": 0.4216666666666667, "358": 0.4176666666666667, "558": 0.396, "589": 0.743, "588": 0.4136666666666667, "58J": 0.497, "58T": 0.47, "458": 0.35633333333333334, "335": 0.321, "355": 0.3263333333333333, "359": 0.7506666666666667, "35J": 0.33566666666666667, "35T": 0.31133333333333335, "345": 0.36566666666666664, "559": 0.7193333333333334, "55J": 0.3343333333333333, "55T": 0.332, "555": 0.367, "455": 0.2896666666666667, "59J": 0.6796666666666666, "59T": 0.579, "599": 0.9296666666666666, "459": 0.732, "5JT": 0.41, "5JJ": 0.3616666666666667, "45J": 0.284, "5TT": 0.3536666666666667, "45T": 0.27266666666666667, "445": 0.282, "67Q": 0.6923333333333334, "78Q": 0.5283333333333333, "7QQ": 0.706, "37Q": 0.695, "79Q": 0.853, "7JQ": 0.6453333333333333, "7QT": 0.6386666666666667, "47Q": 0.6736666666666666, "77Q": 0.9226666666666666, "678": 0.6776666666666666, "367": 0.7176666666666667, "679": 0.8173333333333334, "667": 0.7213333333333334, "67J": 0.6586666666666666, "67T": 0.718, "467": 0.6366666666666667, "677": 0.908, "378": 0.691, "789": 0.7383333333333333, "788": 0.6993333333333334, "78J": 0.6526666666666666, "78T": 0.694, "478": 0.6383333333333333, "778": 0.9056666666666666, "337": 0.7346666666666667, "379": 0.8863333333333333, "37J": 0.7176666666666667, "37T": 0.7073333333333334, "347": 0.725, "377": 0.958, "79J": 0.8323333333333334, "79T": 0.7633333333333333, "799": 0.9906666666666667, "479": 0.887, "779": 0.9906666666666667, "7JT": 0.7026666666666667, "7JJ": 0.7376666666666667, "47J": 0.6796666666666666, "77J": 0.9253333333333333, "7TT": 0.7203333333333334, "47T": 0.698, "77T": 0.9476666666666667, "477": 0.925, "447": 0.7183333333333334, "777": 0.9996666666666667, "68Q": 0.475, "6QQ": 0.36466666666666664, "36Q": 0.345, "69Q": 0.7176666666666667, "66Q": 0.36666666666666664, "6JQ": 0.3273333333333333, "6QT": 0.414, "46Q": 0.294, "8QQ": 0.3516666666666667, "38Q": 0.3293333333333333, "89Q": 0.6413333333333333, "88Q": 0.3343333333333333, "8JQ": 0.3606666666666667, "8QT": 0.4666666666666667, "48Q": 0.283, "3QQ": 0.37466666666666665, "9QQ": 0.724, "JQQ": 0.37466666666666665, "QQT": 0.37233333333333335, "4QQ": 0.342, "QQQ": 0.4106666666666667, "33Q": 0.35833333333333334, "39Q": 0.7186666666666667,