{"6AQ": 0.30433333333333334, "9AQ": 0.2936666666666667, "AKQ": 0.415, "8AQ": 0.25633333333333336, "4AQ": 0.26466666666666666, "AJQ": 0.394, "3AQ": 0.30033333333333334, "AQQ": 0.374, "2AQ": 0.5766666666666667, "5AQ": 0.2946666666666667, "7AQ": 0.30766666666666664, "AAQ": 0.381, "AQT": 0.6083333333333333, "69A": 0.27066666666666667, "66A": 0.31533333333333335, "6AK": 0.31466666666666665, "68A": 0.26166666666666666, "46A": 0.23766666666666666, "6AJ": 0.306, "36A": 0.25766666666666665, "26A": 0.582, "56A": 0.25066666666666665, "67A": 0.25433333333333336, "6AA": 0.352, "6AT": 0.7083333333333334, "9AK": 0.324, "99A": 0.31766666666666665, "89A": 0.2713333333333333, "49A": 0.242, "9AJ": 0.32166666666666666, "39A": 0.26066666666666666, "29A": 0.5853333333333334, "59A": 0.2733333333333333, "79A": 0.28633333333333333, "9AA": 0.3423333333333333, "9AT": 0.6796666666666666, "8AK": 0.30966666666666665, "4AK": 0.2796666666666667, "AJK": 0.4266666666666667, "3AK": 0.30733333333333335, "2AK": 0.589, "AKK": 0.369, "5AK": 0.316, "7AK": 0.3323333333333333, "AAK": 0.39, "AKT": 0.6376666666666667, "48A": 0.21266666666666667, "8AJ": 0.30633333333333335, "38A": 0.23966666666666667, "88A": 0.2976666666666667, "28A": 0.5663333333333334, "58A": 0.252, "78A": 0.25633333333333336, "8AA": 0.33166666666666667, "8AT": 0.681, "44A": 0.302, "4AJ": 0.30333333333333334, "34A": 0.2673333333333333, "24A": 0.5586666666666666, "45A": 0.26066666666666666, "47A": 0.25433333333333336, "4AA": 0.31233333333333335, "4AT": 0.6893333333333334, "3AJ": 0.299, "2AJ": 0.605, "5AJ": 0.31033333333333335, "AJJ": 0.3873333333333333, "7AJ": 0.30666666666666664, "AAJ": 0.3863333333333333, "AJT": 0.611, "23A": 0.5883333333333334, "35A": 0.25, "37A": 0.261, "3AA": 0.31133333333333335, "33A": 0.3, "3AT": 0.7093333333333334, "25A": 0.59, "22A": 0.9313333333333333, "27A": 0.6026666666666667, "2AA": 0.6393333333333333, "2AT": 0.8883333333333333, "55A": 0.3233333333333333, "57A": 0.23733333333333334, "5AA": 0.316, "5AT": 0.722, "7AA": 0.347, "77A": 0.32466666666666666, "7AT": 0.684, "AAA": 0.41133333333333333, "AAT": 0.7446666666666667, "ATT": 0.929, "69Q": 0.29033333333333333, "66Q": 0.3233333333333333, "6KQ": 0.306, "68Q": 0.25333333333333335, "46Q": 0.26, "6JQ": 0.32233333333333336, "36Q": 0.272, "6QQ": 0.3486666666666667, "26Q": 0.5673333333333334, "56Q": 0.245, "67Q": 0.25533333333333336, "6QT": 0.6793333333333333, "9KQ": 0.39166666666666666, "99Q": 0.332, "89Q": 0.33066666666666666, "49Q": 0.26566666666666666, "9JQ": 0.4593333333333333, "39Q": 0.2673333333333333, "9QQ": 0.36566666666666664, "29Q": 0.5773333333333334, "59Q": 0.269, "79Q": 0.297, "9QT": 0.6283333333333333, "8KQ": 0.2996666666666667, "4KQ": 0.31333333333333335, "JKQ": 0.489, "3KQ": 0.319, "KQQ": 0.3983333333333333, "2KQ": 0.581, "KKQ": 0.38033333333333336, "5KQ": 0.31366666666666665, "7KQ": 0.342, "KQT": 0.594, "48Q": 0.22466666666666665, "8JQ": 0.386, "38Q": 0.246, "8QQ": 0.328, "88Q": 0.31933333333333336, "28Q": 0.5736666666666667, "58Q": 0.25266666666666665, "78Q": 0.254, "8QT": 0.6226666666666667, "44Q": 0.295, "4JQ": 0.31766666666666665, "34Q": 0.2703333333333333, "4QQ": 0.321, "24Q": 0.5573333333333333, "45Q": 0.24766666666666667, "47Q": 0.233, "4QT": 0.6733333333333333, "3JQ": 0.309, "JQQ": 0.39666666666666667, "2JQ": 0.588, "5JQ": 0.30566666666666664, "JJQ": 0.4083333333333333, "7JQ": 0.338, "JQT": 0.551, "3QQ": 0.33266666666666667, "23Q": 0.5886666666666667, "35Q": 0.23533333333333334, "37Q": 0.2703333333333333, "33Q": 0.281, "3QT": 0.7016666666666667, "2QQ": 0.644, "5QQ": 0.321, "7QQ": 0.3393333333333333, "QQQ": 0.4076666666666667, "QQT": 0.7226666666666667, "25Q": 0.58, "22Q": 0.93, "27Q": 0.586, "2QT": 0.867, "55Q": 0.30966666666666665, "57Q": 0.26, "5QT": 0.685, "77Q": 0.318, "7QT": 0.693, "QTT": 0.9103333333333333, "669": 0.29733333333333334, "69K": 0.2986666666666667, "699": 0.28833333333333333, "689": 0.329, "469": 0.23766666666666666, "69J": 0.2936666666666667, "369": 0.24933333333333332, "269": 0.5736666666666667, "569": 0.22333333333333333, "679": 0.324, "69T": 0.704, "66K": 0.3393333333333333, "668": 0.279, "466": 0.273, "66J": 0.32566666666666666, "366": 0.275, "266": 0.6146666666666667, "566": 0.2896666666666667, "667": 0.30433333333333334, "66T": 0.72, "666": 0.345, "68K": 0.26866666666666666, "46K": 0.27366666666666667, "6JK": 0.31166666666666665, "36K": 0.25966666666666666, "26K": 0.602, "6KK": 0.342, "56K": 0.253, "67K": 0.2796666666666667, "6KT": 0.7046666666666667, "468": 0.228, "68J": 0.27466666666666667, "368": 0.236, "688": 0.284, "268": 0.5623333333333334, "568": 0.21333333333333335, "678": 0.29033333333333333, "68T": 0.69, "446": 0.269, "46J": 0.25666666666666665, "346": 0.288, "246": 0.5446666666666666, "456": 0.265, "467": 0.21033333333333334, "46T": 0.751, "36J": 0.245, "26J": 0.5683333333333334, "56J": 0.24233333333333335, "6JJ": 0.3433333333333333, "67J": 0.25466666666666665, "6JT": 0.684, "236": 0.5343333333333333, "356": 0.2723333333333333, "367": 0.21333333333333335, "336": 0.2823333333333333, "36T": 0.7516666666666667, "256": 0.523, "226": 0.9276666666666666, "267": 0.56, "26T": 0.8856666666666667, "556": 0.279, "567": 0.185, "56T": 0.735, "677": 0.294, "67T": 0.6956666666666667, "6TT": 0.9356666666666666, "99K": 0.3476666666666667, "89K": 0.31066666666666665, "49K": 0.29, "9JK": 0.406, "39K": 0.2936666666666667, "29K": 0.5853333333333334, "9KK": 0.356, "59K": 0.2876666666666667, "79K": 0.437, "9KT": 0.7113333333333334, "899": 0.29133333333333333, "499": 0.292, "99J": 0.3496666666666667, "399": 0.288, "299": 0.6133333333333333, "599": 0.271, "799": 0.308, "999": 0.36133333333333334, "99T": 0.7123333333333334, "489": 0.25033333333333335, "89J": 0.44033333333333335, "389": 0.24933333333333332, "889": 0.32566666666666666, "289": 0.5753333333333334, "589": 0.22766666666666666, "789": 0.417, "89T": 0.6576666666666666, "449": 0.30333333333333334, "49J": 0.2896666666666667, "349": 0.23866666666666667, "249": 0.5686666666666667, "459": 0.23133333333333334, "479": 0.26266666666666666, "49T": 0.7133333333333334, "39J": 0.279, "29J": 0.582, "59J": 0.274, "9JJ": 0.38366666666666666, "79J": 0.36333333333333334, "9JT": 0.579, "239": 0.5726666666666667, "359": 0.22933333333333333, "379": 0.26033333333333336, "339": 0.2733333333333333, "39T": 0.723, "259": 0.5613333333333334, "229": 0.9536666666666667, "279": 0.5713333333333334, "29T": 0.857, "559": 0.2833333333333333, "579": 0.24466666666666667, "59T": 0.7296666666666667, "779": 0.294, "79T": 0.6773333333333333, "9TT": 0.893, "48K": 0.263, "8JK": 0.31733333333333336, "38K": 0.259, "88K": 0.3233333333333333, "28K": 0.5776666666666667, "8KK": 0.31033333333333335, "58K": 0.24733333333333332, "78K": 0.2906666666666667, "8KT": 0.6763333333333333, "44K": 0.32266666666666666, "4JK": 0.328, "34K": 0.2623333333333333, "24K": 0.5753333333333334, "4KK": 0.30433333333333334, "45K": 0.255, "47K": 0.2723333333333333, "4KT": 0.7113333333333334, "3JK": 0.31433333333333335, "2JK": 0.5973333333333334, "JKK": 0.3973333333333333, "5JK": 0.297, "JJK": 0.4186666666666667, "7JK": 0.3396666666666667, "JKT": 0.5923333333333334, "23K": 0.583, "3KK": 0.33266666666666667, "35K": 0.25966666666666666, "37K": 0.293, "33K": 0.306, "3KT": 0.7023333333333334, "2KK": 0.6303333333333333, "25K": 0.5913333333333334, "22K": 0.9463333333333334, "27K": 0.5903333333333334, "2KT": 0.8746666666666667, "5KK": 0.32066666666666666, "7KK": 0.34, "KKK": 0.4103333333333333, "KKT": 0.727, "55K": 0.3313333333333333, "57K": 0.26966666666666667, "5KT": 0.703, "77K": 0.3263333333333333, "7KT": 0.7056666666666667, "KTT": 0.9026666666666666, "448": 0.25266666666666665, "48J": 0.27466666666666667, "348": 0.21433333333333332, "488": 0.2623333333333333, "248": 0.5376666666666666, "458": 0.20266666666666666, "478": 0.23766666666666666, "48T": 0.707, "38J": 0.2653333333333333, "88J": 0.3243333333333333, "28J": 0.5933333333333334, "58J": 0.26366666666666666, "8JJ": 0.3586666666666667, "78J": 0.3456666666666667, "8JT": 0.616,