{"KKQ": 0.35533333333333333, "7KK": 0.38233333333333336, "3KK": 0.32066666666666666, "KKK": 0.4096666666666667, "2KK": 0.3333333333333333, "AKK": 0.3943333333333333, "JKK": 0.386, "4KK": 0.32866666666666666, "KKT": 0.381, "8KK": 0.3476666666666667, "5KK": 0.3263333333333333, "9KK": 0.7293333333333333, "6KK": 0.7233333333333334, "7KQ": 0.334, "3KQ": 0.3006666666666667, "2KQ": 0.32766666666666666, "AKQ": 0.32266666666666666, "JKQ": 0.38333333333333336, "4KQ": 0.292, "KQT": 0.392, "8KQ": 0.344, "5KQ": 0.30033333333333334, "KQQ": 0.368, "9KQ": 0.63, "6KQ": 0.6376666666666667, "37K": 0.274, "27K": 0.29433333333333334, "77K": 0.33766666666666667, "7AK": 0.3436666666666667, "7JK": 0.3233333333333333, "47K": 0.286, "7KT": 0.43266666666666664, "78K": 0.49533333333333335, "57K": 0.37766666666666665, "79K": 0.7146666666666667, "67K": 0.6306666666666667, "23K": 0.27166666666666667, "3AK": 0.28733333333333333, "3JK": 0.2853333333333333, "34K": 0.22333333333333333, "3KT": 0.306, "38K": 0.2906666666666667, "35K": 0.23633333333333334, "39K": 0.6773333333333333, "33K": 0.2763333333333333, "36K": 0.661, "2AK": 0.296, "2JK": 0.302, "24K": 0.257, "2KT": 0.31366666666666665, "28K": 0.2966666666666667, "25K": 0.2763333333333333, "22K": 0.30133333333333334, "29K": 0.732, "26K": 0.6883333333333334, "AJK": 0.33066666666666666, "4AK": 0.28733333333333333, "AKT": 0.352, "8AK": 0.32766666666666666, "5AK": 0.307, "9AK": 0.6746666666666666, "AAK": 0.357, "6AK": 0.649, "4JK": 0.2713333333333333, "JKT": 0.39266666666666666, "8JK": 0.323, "5JK": 0.312, "9JK": 0.6026666666666667, "6JK": 0.6243333333333333, "JJK": 0.36666666666666664, "4KT": 0.31133333333333335, "48K": 0.27666666666666667, "45K": 0.22766666666666666, "49K": 0.696, "46K": 0.6533333333333333, "44K": 0.2956666666666667, "8KT": 0.39766666666666667, "5KT": 0.31266666666666665, "9KT": 0.615, "6KT": 0.63, "KTT": 0.37866666666666665, "58K": 0.37233333333333335, "89K": 0.7086666666666667, "68K": 0.6516666666666666, "88K": 0.3303333333333333, "59K": 0.6733333333333333, "56K": 0.663, "55K": 0.32033333333333336, "99K": 0.9116666666666666, "69K": 0.842, "66K": 0.943, "37Q": 0.2936666666666667, "27Q": 0.30966666666666665, "77Q": 0.33666666666666667, "7AQ": 0.3323333333333333, "7JQ": 0.314, "47Q": 0.2886666666666667, "7QT": 0.42733333333333334, "78Q": 0.49566666666666664, "57Q": 0.412, "7QQ": 0.36733333333333335, "79Q": 0.7106666666666667, "67Q": 0.6153333333333333, "23Q": 0.29733333333333334, "3AQ": 0.29333333333333333, "3JQ": 0.318, "34Q": 0.264, "3QT": 0.32, "38Q": 0.3343333333333333, "35Q": 0.2796666666666667, "3QQ": 0.331, "39Q": 0.687, "33Q": 0.314, "36Q": 0.6706666666666666, "2AQ": 0.31966666666666665, "2JQ": 0.31233333333333335, "24Q": 0.30333333333333334, "2QT": 0.3283333333333333, "28Q": 0.43866666666666665, "25Q": 0.302, "22Q": 0.3243333333333333, "2QQ": 0.353, "29Q": 0.724, "26Q": 0.6886666666666666, "AJQ": 0.3426666666666667, "4AQ": 0.31433333333333335, "AQT": 0.37233333333333335, "8AQ": 0.345, "5AQ": 0.305, "AQQ": 0.381, "9AQ": 0.6786666666666666, "AAQ": 0.3626666666666667, "6AQ": 0.6393333333333333, "4JQ": 0.31566666666666665, "JQT": 0.451, "8JQ": 0.4236666666666667, "5JQ": 0.3233333333333333, "JQQ": 0.38366666666666666, "9JQ": 0.58, "6JQ": 0.6193333333333333, "JJQ": 0.402, "4QT": 0.322, "48Q": 0.30133333333333334, "45Q": 0.275, "4QQ": 0.328, "49Q": 0.7136666666666667, "46Q": 0.671, "44Q": 0.3233333333333333, "8QT": 0.491, "5QT": 0.32766666666666666, "QQT": 0.40166666666666667, "9QT": 0.5916666666666667, "6QT": 0.6483333333333333, "QTT": 0.412, "58Q": 0.39466666666666667, "8QQ": 0.3993333333333333, "89Q": 0.6703333333333333, "68Q": 0.638, "88Q": 0.35333333333333333, "5QQ": 0.3636666666666667, "59Q": 0.706, "56Q": 0.6693333333333333, "55Q": 0.306, "9QQ": 0.7296666666666667, "6QQ": 0.7073333333333334, "QQQ": 0.39466666666666667, "99Q": 0.927, "69Q": 0.838, "66Q": 0.95, "237": 0.2813333333333333, "377": 0.332, "37A": 0.34, "37J": 0.285, "347": 0.35033333333333333, "37T": 0.4026666666666667, "378": 0.468, "357": 0.434, "379": 0.768, "337": 0.30466666666666664, "367": 0.6433333333333333, "277": 0.30933333333333335, "27A": 0.31666666666666665, "27J": 0.281, "247": 0.277, "27T": 0.405, "278": 0.4766666666666667, "257": 0.378, "227": 0.29133333333333333, "279": 0.7743333333333333, "267": 0.667, "77A": 0.355, "77J": 0.32866666666666666, "477": 0.31133333333333335, "77T": 0.43766666666666665, "778": 0.47633333333333333, "577": 0.4023333333333333, "779": 0.719, "677": 0.6683333333333333, "777": 0.3596666666666667, "7AJ": 0.33166666666666667, "47A": 0.324, "7AT": 0.5123333333333333, "78A": 0.508, "57A": 0.404, "79A": 0.723, "7AA": 0.367, "67A": 0.635, "47J": 0.29133333333333333, "7JT": 0.4046666666666667, "78J": 0.454, "57J": 0.3953333333333333, "79J": 0.6273333333333333, "67J": 0.6, "7JJ": 0.33566666666666667, "47T": 0.409, "478": 0.4776666666666667, "457": 0.43866666666666665, "479": 0.755, "467": 0.609, "447": 0.30633333333333335, "78T": 0.9, "57T": 0.38533333333333336, "79T": 0.68, "67T": 0.659, "7TT": 0.43233333333333335, "578": 0.9456666666666667, "789": 0.7193333333333334, "678": 0.665, "788": 0.493, "579": 0.7526666666666667, "567": 0.639, "557": 0.39666666666666667, "799": 0.9406666666666667, "679": 0.7756666666666666, "667": 0.9063333333333333, "23A": 0.2813333333333333, "23J": 0.2783333333333333, "234": 0.32033333333333336, "23T": 0.289, "238": 0.29233333333333333, "235": 0.3353333333333333, "223": 0.30233333333333334, "239": 0.771, "233": 0.314, "236": 0.682, "3AJ": 0.287, "34A": 0.275, "3AT": 0.323, "38A": 0.271, "35A": 0.2713333333333333, "39A": 0.717, "33A": 0.2986666666666667, "3AA": 0.331, "36A": 0.6806666666666666, "34J": 0.27266666666666667, "3JT": 0.317, "38J": 0.2836666666666667, "35J": 0.2743333333333333, "39J": 0.6666666666666666, "33J": 0.291, "36J": 0.6656666666666666, "3JJ": 0.328, "34T": 0.2816666666666667, "348": 0.24533333333333332, "345": 0.3426666666666667, "349": 0.7416666666666667, "334": 0.2823333333333333, "346": 0.6236666666666667, "344": 0.285, "38T": 0.39766666666666667, "35T": 0.283, "39T": 0.6913333333333334, "33T": 0.31, "36T": 0.677, "3TT": 0.3436666666666667, "358": 0.358, "389": 0.749, "338": 0.303, "368": 0.686, "388": 0.29933333333333334, "359": 0.7366666666666667, "335": 0.2856666666666667, "356": 0.6023333333333334, "355": 0.29133333333333333, "399": 0.9286666666666666, "339": 0.747, "369": 0.8526666666666667, "336": 0.6906666666666667, "333": 0.3363333333333333, "366": 0.9336666666666666, "2AJ": 0.295, "24A": 0.2723333333333333, "2AT": 0.323, "28A": 0.31566666666666665, "25A": 0.292, "22A": 0.3016666666666667, "29A": 0.7303333333333333, "2AA": 0.33766666666666667, "26A": 0.7033333333333334, "24J": 0.26766666666666666, "2JT": 0.312, "28J": 0.29733333333333334, "25J": 0.27066666666666667, "22J": 0.2866666666666667, "29J": 0.6833333333333333, "26J": 0.6693333333333333, "2JJ": 0.3466666666666667, "24T": 0.2823333333333333, "248": 0.2776666666666667, "245": 0.3456666666666667, "224": 0.29, "249": 0.7746666666666666, "246": 0.6763333333333333, "244": 0.305, "28T": 0.419, "25T": 0.30133333333333334, "22T": 0.308, "29T": 0.708, "26T": 0.6923333333333334, "2TT": 0.369, "258": 0.39266666666666666, "228": 0.30933333333333335, "289": 0.751, "268": 0.6636666666666666, "288": 0.31733333333333336, "225": 0.29733333333333334, "259": 0.7773333333333333, "256": 0.6786666666666666, "255": 0.3006666666666667, "229": 0.7306666666666667, "226": 0.6756666666666666, "222": 0.3463333333333333, "299": 0.9463333333333334, "269": 0.865, "266": 0.957, "4AJ": 0.2946666666666667, "AJT": 0.37133333333333335, "8AJ": 0.3343333333333333, "5AJ": 0.31233333333333335, "9AJ": 0.6306666666666667, "AAJ": 0.359, "6AJ": 0.624, "AJJ": 0.37966666666666665, "4AT": 0.32966666666666666, "48A": 0.292, "45A": 0.27366666666666667, "49A": 0.7263333333333334, "4AA": 0.332, "46A": 0.663, "44A": 0.30366666666666664, "8AT": 0.43233333333333335, "5AT": 0.317, "9AT": 0.6396666666666667, "AAT": 0.4033333333333333,