{"JJT": 0.44233333333333336, "JJQ": 0.7813333333333333, "2JJ": 0.426, "AJJ": 0.5113333333333333, "9JJ": 0.448, "4JJ": 0.441, "7JJ": 0.421, "3JJ": 0.435, "JJK": 0.5153333333333333, "6JJ": 0.727, "5JJ": 0.448, "8JJ": 0.442, "JJJ": 0.5263333333333333, "JQT": 0.6983333333333334, "2JT": 0.379, "AJT": 0.48733333333333334, "9JT": 0.48333333333333334, "4JT": 0.35833333333333334, "7JT": 0.354, "3JT": 0.384, "JKT": 0.5526666666666666, "6JT": 0.6476666666666666, "5JT": 0.40166666666666667, "8JT": 0.43433333333333335, "JTT": 0.456, "2JQ": 0.8046666666666666, "AJQ": 0.7236666666666667, "9JQ": 0.7373333333333333, "4JQ": 0.764, "7JQ": 0.8063333333333333, "3JQ": 0.774, "JKQ": 0.6976666666666667, "JQQ": 0.93, "6JQ": 0.9063333333333333, "5JQ": 0.7953333333333333, "8JQ": 0.7686666666666667, "2AJ": 0.42766666666666664, "29J": 0.36866666666666664, "24J": 0.36433333333333334, "27J": 0.35133333333333333, "23J": 0.381, "2JK": 0.426, "26J": 0.7003333333333334, "25J": 0.3953333333333333, "28J": 0.36666666666666664, "22J": 0.415, "AAJ": 0.5306666666666666, "9AJ": 0.43266666666666664, "4AJ": 0.4256666666666667, "7AJ": 0.43, "3AJ": 0.425, "AJK": 0.6456666666666667, "6AJ": 0.6726666666666666, "5AJ": 0.5656666666666667, "8AJ": 0.43533333333333335, "49J": 0.371, "79J": 0.3953333333333333, "39J": 0.37233333333333335, "9JK": 0.49733333333333335, "69J": 0.653, "59J": 0.384, "89J": 0.454, "99J": 0.43333333333333335, "47J": 0.37566666666666665, "34J": 0.377, "4JK": 0.44666666666666666, "46J": 0.686, "45J": 0.4073333333333333, "44J": 0.43233333333333335, "48J": 0.377, "37J": 0.35833333333333334, "7JK": 0.425, "67J": 0.642, "77J": 0.43666666666666665, "57J": 0.38466666666666666, "78J": 0.36666666666666664, "3JK": 0.451, "36J": 0.687, "33J": 0.43066666666666664, "35J": 0.385, "38J": 0.36433333333333334, "6JK": 0.6633333333333333, "5JK": 0.5626666666666666, "8JK": 0.42866666666666664, "JKK": 0.5273333333333333, "66J": 0.9543333333333334, "56J": 0.6806666666666666, "68J": 0.643, "58J": 0.387, "55J": 0.429, "88J": 0.4156666666666667, "2QT": 0.7716666666666666, "AQT": 0.7393333333333333, "9QT": 0.733, "4QT": 0.7873333333333333, "7QT": 0.8066666666666666, "3QT": 0.778, "KQT": 0.697, "QQT": 0.9333333333333333, "6QT": 0.8916666666666667, "5QT": 0.801, "8QT": 0.766, "QTT": 0.793, "2AT": 0.38433333333333336, "29T": 0.37033333333333335, "24T": 0.355, "27T": 0.34, "23T": 0.36566666666666664, "2KT": 0.42, "26T": 0.6603333333333333, "25T": 0.352, "28T": 0.36466666666666664, "22T": 0.38866666666666666, "2TT": 0.41833333333333333, "AAT": 0.496, "9AT": 0.41733333333333333, "4AT": 0.41733333333333333, "7AT": 0.4073333333333333, "3AT": 0.41, "AKT": 0.5403333333333333, "6AT": 0.649, "5AT": 0.436, "8AT": 0.4166666666666667, "ATT": 0.5096666666666667, "49T": 0.377, "79T": 0.42966666666666664, "39T": 0.37933333333333336, "9KT": 0.481, "69T": 0.645, "59T": 0.38366666666666666, "89T": 0.49866666666666665, "9TT": 0.44866666666666666, "99T": 0.438, "47T": 0.366, "34T": 0.352, "4KT": 0.4066666666666667, "46T": 0.676, "45T": 0.38966666666666666, "44T": 0.38266666666666665, "48T": 0.36433333333333334, "4TT": 0.445, "37T": 0.362, "7KT": 0.423, "67T": 0.6163333333333333, "77T": 0.424, "57T": 0.368, "78T": 0.43533333333333335, "7TT": 0.43366666666666664, "3KT": 0.43533333333333335, "36T": 0.6826666666666666, "33T": 0.40166666666666667, "35T": 0.37433333333333335, "38T": 0.361, "3TT": 0.416, "6KT": 0.6426666666666667, "5KT": 0.441, "8KT": 0.41833333333333333, "KTT": 0.518, "KKT": 0.5203333333333333, "66T": 0.9263333333333333, "56T": 0.6826666666666666, "68T": 0.627, "6TT": 0.7113333333333334, "58T": 0.397, "5TT": 0.4533333333333333, "55T": 0.41933333333333334, "88T": 0.44333333333333336, "8TT": 0.44966666666666666, "TTT": 0.5216666666666666, "2AQ": 0.7753333333333333, "29Q": 0.8003333333333333, "24Q": 0.8123333333333334, "27Q": 0.828, "23Q": 0.8096666666666666, "2KQ": 0.761, "2QQ": 0.951, "26Q": 0.9306666666666666, "25Q": 0.81, "28Q": 0.8146666666666667, "22Q": 0.785, "AAQ": 0.798, "9AQ": 0.7783333333333333, "4AQ": 0.7473333333333333, "7AQ": 0.7773333333333333, "3AQ": 0.755, "AKQ": 0.6973333333333334, "AQQ": 0.9346666666666666, "6AQ": 0.907, "5AQ": 0.7673333333333333, "8AQ": 0.7733333333333333, "49Q": 0.785, "79Q": 0.799, "39Q": 0.7933333333333333, "9KQ": 0.732, "9QQ": 0.9403333333333334, "69Q": 0.881, "59Q": 0.819, "89Q": 0.7773333333333333, "99Q": 0.757, "47Q": 0.804, "34Q": 0.707, "4KQ": 0.736, "4QQ": 0.9306666666666666, "46Q": 0.886, "45Q": 0.793, "44Q": 0.7736666666666666, "48Q": 0.7813333333333333, "37Q": 0.806, "7KQ": 0.768, "7QQ": 0.9583333333333334, "67Q": 0.8916666666666667, "77Q": 0.8096666666666666, "57Q": 0.8276666666666667, "78Q": 0.809, "3KQ": 0.728, "3QQ": 0.9346666666666666, "36Q": 0.9016666666666666, "33Q": 0.775, "35Q": 0.789, "38Q": 0.7903333333333333, "KQQ": 0.922, "6KQ": 0.8893333333333333, "5KQ": 0.7543333333333333, "8KQ": 0.759, "KKQ": 0.78, "6QQ": 0.9926666666666667, "5QQ": 0.9416666666666667, "8QQ": 0.9443333333333334, "QQQ": 1.0, "66Q": 0.9913333333333333, "56Q": 0.9083333333333333, "68Q": 0.881, "58Q": 0.8006666666666666, "55Q": 0.8173333333333334, "88Q": 0.7876666666666666, "2AA": 0.5263333333333333, "29A": 0.4093333333333333, "24A": 0.4236666666666667, "27A": 0.41833333333333333, "23A": 0.4156666666666667, "2AK": 0.493, "26A": 0.6996666666666667, "25A": 0.43433333333333335, "28A": 0.411, "22A": 0.4623333333333333, "249": 0.37333333333333335, "279": 0.372, "239": 0.371, "29K": 0.4096666666666667, "269": 0.6966666666666667, "259": 0.37033333333333335, "289": 0.39766666666666667, "229": 0.42733333333333334, "299": 0.44766666666666666, "247": 0.369, "234": 0.42766666666666664, "24K": 0.411, "246": 0.7, "245": 0.4553333333333333, "244": 0.42, "248": 0.36133333333333334, "224": 0.398, "237": 0.369, "27K": 0.41633333333333333, "267": 0.6916666666666667, "277": 0.4073333333333333, "257": 0.39366666666666666, "278": 0.394, "227": 0.4156666666666667, "23K": 0.4206666666666667, "236": 0.6996666666666667, "233": 0.4066666666666667, "235": 0.45466666666666666, "238": 0.364, "223": 0.42433333333333334, "26K": 0.7203333333333334, "25K": 0.4226666666666667, "28K": 0.42633333333333334, "22K": 0.4713333333333333, "2KK": 0.5103333333333333, "266": 0.9303333333333333, "256": 0.681, "268": 0.675, "226": 0.725, "258": 0.37333333333333335, "225": 0.42833333333333334, "255": 0.43133333333333335, "228": 0.4093333333333333, "288": 0.42633333333333334, "222": 0.5206666666666667, "9AA": 0.4866666666666667, "4AA": 0.49066666666666664, "7AA": 0.498, "3AA": 0.493, "AAA": 0.6006666666666667, "AAK": 0.5886666666666667, "6AA": 0.7603333333333333, "5AA": 0.5163333333333333, "8AA": 0.49566666666666664, "49A": 0.41533333333333333, "79A": 0.4246666666666667, "39A": 0.40066666666666667, "9AK": 0.49733333333333335, "69A": 0.666, "59A": 0.43, "89A": 0.4493333333333333, "99A": 0.498, "47A": 0.42133333333333334, "34A": 0.4023333333333333, "4AK": 0.49033333333333334, "46A": 0.6896666666666667, "45A": 0.44166666666666665, "44A": 0.487, "48A": 0.4106666666666667, "37A": 0.4206666666666667, "7AK": 0.474, "67A": 0.638, "77A": 0.4856666666666667, "57A": 0.457, "78A": 0.433, "3AK": 0.504, "36A": 0.6803333333333333, "33A": 0.466, "35A": 0.44733333333333336, "38A": 0.4013333333333333, "6AK": 0.6763333333333333, "5AK": 0.6126666666666667, "8AK": 0.48933333333333334, "AKK": 0.6116666666666667, "66A": 0.958, "56A": 0.678, "68A": 0.6563333333333333, "58A": 0.444, "55A": 0.492, "88A": 0.49733333333333335, "479": 0.401, "349": 0.39, "49K": 0.42033333333333334, "469": 0.6833333333333333, "459": 0.355, "449": 0.42733333333333334, "489": 0.38233333333333336, "499": 0.431, "379": 0.4106666666666667, "79K": 0.4226666666666667, "679": 0.681, "779": 0.44366666666666665, "579": 0.45666666666666667, "789": 0.616, "799": 0.475, "39K": 0.39666666666666667, "369": 0.6753333333333333, "339": 0.42333333333333334, "359": 0.381, "389": 0.41333333333333333, "399": 0.42, "69K": 0.657, "59K": 0.444, "89K": 0.431, "99K": 0.48533333333333334, "9KK": 0.506,