{"6AQ": 0.174, "68A": 0.181, "6AJ": 0.16866666666666666, "6AT": 0.431, "69A": 0.16666666666666666, "6AK": 0.42133333333333334, "67A": 0.4013333333333333, "46A": 0.2776666666666667, "36A": 0.5446666666666666, "66A": 0.173, "56A": 0.5096666666666667, "6AA": 0.17966666666666667, "26A": 0.5653333333333334, "8AQ": 0.15433333333333332, "AJQ": 0.15233333333333332, "AQT": 0.41833333333333333, "9AQ": 0.15266666666666667, "AKQ": 0.4096666666666667, "7AQ": 0.438, "4AQ": 0.16666666666666666, "3AQ": 0.5806666666666667, "AQQ": 0.16433333333333333, "5AQ": 0.41833333333333333, "AAQ": 0.167, "2AQ": 0.5723333333333334, "8AJ": 0.13766666666666666, "8AT": 0.42333333333333334, "89A": 0.14533333333333334, "8AK": 0.439, "78A": 0.41533333333333333, "48A": 0.17533333333333334, "38A": 0.5753333333333334, "88A": 0.17166666666666666, "58A": 0.43066666666666664, "8AA": 0.16866666666666666, "28A": 0.553, "AJT": 0.43166666666666664, "9AJ": 0.15033333333333335, "AJK": 0.422, "7AJ": 0.41, "4AJ": 0.16333333333333333, "3AJ": 0.5576666666666666, "AJJ": 0.16033333333333333, "5AJ": 0.43433333333333335, "AAJ": 0.16866666666666666, "2AJ": 0.5683333333333334, "9AT": 0.41833333333333333, "AKT": 0.852, "7AT": 0.8586666666666667, "4AT": 0.45166666666666666, "3AT": 0.6913333333333334, "ATT": 0.403, "5AT": 0.843, "AAT": 0.4226666666666667, "2AT": 0.6966666666666667, "9AK": 0.4093333333333333, "79A": 0.44566666666666666, "49A": 0.169, "39A": 0.56, "59A": 0.42633333333333334, "9AA": 0.17333333333333334, "29A": 0.5616666666666666, "99A": 0.17333333333333334, "7AK": 0.8646666666666667, "4AK": 0.43233333333333335, "3AK": 0.7083333333333334, "AKK": 0.42966666666666664, "5AK": 0.8513333333333334, "AAK": 0.4096666666666667, "2AK": 0.7006666666666667, "47A": 0.44266666666666665, "37A": 0.6976666666666667, "77A": 0.4116666666666667, "57A": 0.857, "7AA": 0.4056666666666667, "27A": 0.706, "34A": 0.5606666666666666, "44A": 0.20266666666666666, "45A": 0.5026666666666667, "4AA": 0.19, "24A": 0.564, "35A": 0.6976666666666667, "3AA": 0.5613333333333334, "23A": 0.8756666666666667, "33A": 0.9326666666666666, "5AA": 0.41433333333333333, "55A": 0.4136666666666667, "25A": 0.694, "2AA": 0.5886666666666667, "AAA": 0.19066666666666668, "22A": 0.9363333333333334, "68Q": 0.12666666666666668, "6JQ": 0.12033333333333333, "6QT": 0.181, "69Q": 0.132, "6KQ": 0.17633333333333334, "67Q": 0.16433333333333333, "46Q": 0.24933333333333332, "36Q": 0.5216666666666666, "6QQ": 0.144, "66Q": 0.127, "56Q": 0.28733333333333333, "26Q": 0.54, "68J": 0.12233333333333334, "68T": 0.166, "689": 0.114, "68K": 0.18, "678": 0.142, "468": 0.21833333333333332, "368": 0.49133333333333334, "688": 0.14566666666666667, "668": 0.131, "568": 0.258, "268": 0.5203333333333333, "6JT": 0.171, "69J": 0.12866666666666668, "6JK": 0.16933333333333334, "67J": 0.16633333333333333, "46J": 0.24233333333333335, "36J": 0.5133333333333333, "6JJ": 0.137, "66J": 0.14, "56J": 0.29233333333333333, "26J": 0.546, "69T": 0.15766666666666668, "6KT": 0.43133333333333335, "67T": 0.42833333333333334, "46T": 0.292, "36T": 0.5203333333333333, "6TT": 0.185, "66T": 0.17733333333333334, "56T": 0.5003333333333333, "26T": 0.5533333333333333, "69K": 0.18966666666666668, "679": 0.16533333333333333, "469": 0.24866666666666667, "369": 0.49133333333333334, "669": 0.13233333333333333, "569": 0.2833333333333333, "269": 0.5376666666666666, "699": 0.14566666666666667, "67K": 0.434, "46K": 0.28833333333333333, "36K": 0.5286666666666666, "6KK": 0.18966666666666668, "66K": 0.18666666666666668, "56K": 0.503, "26K": 0.557, "467": 0.24233333333333335, "367": 0.5043333333333333, "677": 0.17033333333333334, "667": 0.17766666666666667, "567": 0.45066666666666666, "267": 0.5386666666666666, "346": 0.49733333333333335, "446": 0.238, "466": 0.264, "456": 0.8236666666666667, "246": 0.5623333333333334, "366": 0.5326666666666666, "356": 0.5193333333333333, "236": 0.7916666666666666, "336": 0.891, "566": 0.29133333333333333, "266": 0.5586666666666666, "666": 0.21233333333333335, "556": 0.282, "256": 0.571, "226": 0.9313333333333333, "8JQ": 0.091, "8QT": 0.14666666666666667, "89Q": 0.09166666666666666, "8KQ": 0.15333333333333332, "78Q": 0.154, "48Q": 0.09366666666666666, "38Q": 0.5176666666666667, "8QQ": 0.12433333333333334, "88Q": 0.12666666666666668, "58Q": 0.17133333333333334, "28Q": 0.5166666666666667, "JQT": 0.14233333333333334, "9JQ": 0.07566666666666666, "JKQ": 0.14533333333333334, "7JQ": 0.17566666666666667, "4JQ": 0.09666666666666666, "3JQ": 0.5096666666666667, "JQQ": 0.13333333333333333, "JJQ": 0.13333333333333333, "5JQ": 0.166, "2JQ": 0.49866666666666665, "9QT": 0.13166666666666665, "KQT": 0.429, "7QT": 0.408, "4QT": 0.163, "3QT": 0.5506666666666666, "QTT": 0.17533333333333334, "QQT": 0.17966666666666667, "5QT": 0.416, "2QT": 0.5373333333333333, "9KQ": 0.15333333333333332, "79Q": 0.15433333333333332, "49Q": 0.097, "39Q": 0.513, "9QQ": 0.122, "59Q": 0.17633333333333334, "29Q": 0.5243333333333333, "99Q": 0.12366666666666666, "7KQ": 0.44633333333333336, "4KQ": 0.166, "3KQ": 0.5443333333333333, "KQQ": 0.18066666666666667, "KKQ": 0.17166666666666666, "5KQ": 0.43033333333333335, "2KQ": 0.5553333333333333, "47Q": 0.17166666666666666, "37Q": 0.566, "7QQ": 0.171, "77Q": 0.18766666666666668, "57Q": 0.4136666666666667, "27Q": 0.5636666666666666, "34Q": 0.5106666666666667, "4QQ": 0.13, "44Q": 0.142, "45Q": 0.275, "24Q": 0.5336666666666666, "3QQ": 0.5546666666666666, "35Q": 0.5623333333333334, "23Q": 0.8686666666666667, "33Q": 0.905, "QQQ": 0.173, "5QQ": 0.16233333333333333, "2QQ": 0.5273333333333333, "55Q": 0.17966666666666667, "25Q": 0.5646666666666667, "22Q": 0.9076666666666666, "8JT": 0.14133333333333334, "89J": 0.08133333333333333, "8JK": 0.14133333333333334, "78J": 0.14666666666666667, "48J": 0.08933333333333333, "38J": 0.5046666666666667, "8JJ": 0.129, "88J": 0.132, "58J": 0.16033333333333333, "28J": 0.503, "89T": 0.14366666666666666, "8KT": 0.42766666666666664, "78T": 0.414, "48T": 0.15733333333333333, "38T": 0.5526666666666666, "8TT": 0.18233333333333332, "88T": 0.16266666666666665, "58T": 0.428, "28T": 0.5363333333333333, "89K": 0.15666666666666668, "789": 0.13566666666666666, "489": 0.09733333333333333, "389": 0.5016666666666667, "889": 0.12866666666666668, "589": 0.16166666666666665, "289": 0.5036666666666667, "899": 0.11933333333333333, "78K": 0.43566666666666665, "48K": 0.16966666666666666, "38K": 0.578, "8KK": 0.17033333333333334, "88K": 0.17666666666666667, "58K": 0.44966666666666666, "28K": 0.5656666666666667, "478": 0.15833333333333333, "378": 0.542, "778": 0.174, "788": 0.16066666666666668, "578": 0.4126666666666667, "278": 0.539, "348": 0.5193333333333333, "448": 0.131, "488": 0.129, "458": 0.24966666666666668, "248": 0.513, "388": 0.548, "358": 0.5473333333333333, "238": 0.86, "338": 0.902, "588": 0.185, "888": 0.15966666666666668, "288": 0.5583333333333333, "558": 0.181, "258": 0.5453333333333333, "228": 0.8973333333333333, "9JT": 0.13433333333333333, "JKT": 0.42, "7JT": 0.39966666666666667, "4JT": 0.165, "3JT": 0.524, "JTT": 0.17733333333333334, "JJT": 0.16466666666666666, "5JT": 0.4116666666666667, "2JT": 0.534, "9JK": 0.15333333333333332, "79J": 0.14733333333333334, "49J": 0.10633333333333334, "39J": 0.5036666666666667, "9JJ": 0.12866666666666668, "59J": 0.16566666666666666, "29J": 0.5023333333333333, "99J": 0.127, "7JK": 0.4176666666666667, "4JK": 0.15366666666666667, "3JK": 0.548, "JKK": 0.162, "JJK": 0.172, "5JK": 0.439, "2JK": 0.5453333333333333, "47J": 0.16866666666666666, "37J": 0.5433333333333333, "77J": 0.17433333333333334, "7JJ": 0.177, "57J": 0.42433333333333334, "27J": 0.5596666666666666, "34J": 0.5173333333333333, "44J": 0.14066666666666666, "4JJ": 0.13566666666666666, "45J": 0.26966666666666667, "24J": 0.5226666666666666, "3JJ": 0.5686666666666667, "35J": 0.571, "23J": 0.8676666666666667, "33J": 0.9053333333333333, "JJJ": 0.17533333333333334, "5JJ": 0.18666666666666668, "2JJ": 0.545, "55J": 0.18633333333333332, "25J": 0.5686666666666667, "22J": 0.9066666666666666,