{"8JK": 0.8013333333333333, "5JK": 0.816, "JKT": 0.739, "4JK": 0.8083333333333333, "6JK": 0.8033333333333333, "JKQ": 0.7136666666666667, "AJK": 0.7013333333333334, "7JK": 0.7806666666666666, "2JK": 0.9083333333333333, "3JK": 0.786, "9JK": 0.7763333333333333, "JJK": 0.793, "JKK": 0.9136666666666666, "58K": 0.8086666666666666, "8KT": 0.788, "48K": 0.8213333333333334, "68K": 0.8056666666666666, "8KQ": 0.8153333333333334, "8AK": 0.7613333333333333, "88K": 0.8006666666666666, "78K": 0.783, "28K": 0.934, "38K": 0.8236666666666667, "89K": 0.79, "8KK": 0.9443333333333334, "5KT": 0.8033333333333333, "45K": 0.8, "56K": 0.8206666666666667, "5KQ": 0.8073333333333333, "5AK": 0.7873333333333333, "57K": 0.7896666666666666, "25K": 0.909, "35K": 0.8163333333333334, "59K": 0.807, "5KK": 0.9363333333333334, "55K": 0.799, "4KT": 0.8146666666666667, "6KT": 0.8086666666666666, "KQT": 0.731, "AKT": 0.7283333333333334, "7KT": 0.787, "2KT": 0.908, "KTT": 0.783, "3KT": 0.806, "9KT": 0.7496666666666667, "KKT": 0.923, "46K": 0.801, "44K": 0.8063333333333333, "4KQ": 0.8063333333333333, "4AK": 0.774, "47K": 0.8123333333333334, "24K": 0.9253333333333333, "34K": 0.8283333333333334, "49K": 0.811, "4KK": 0.942, "6KQ": 0.8053333333333333, "6AK": 0.7583333333333333, "67K": 0.7863333333333333, "26K": 0.9073333333333333, "36K": 0.8133333333333334, "69K": 0.7923333333333333, "66K": 0.8023333333333333, "6KK": 0.9283333333333333, "AKQ": 0.706, "7KQ": 0.7773333333333333, "2KQ": 0.916, "3KQ": 0.7873333333333333, "9KQ": 0.764, "KQQ": 0.7706666666666667, "KKQ": 0.9103333333333333, "7AK": 0.7473333333333333, "AAK": 0.818, "2AK": 0.901, "3AK": 0.7506666666666667, "9AK": 0.762, "AKK": 0.897, "77K": 0.7956666666666666, "27K": 0.9313333333333333, "37K": 0.785, "79K": 0.784, "7KK": 0.925, "23K": 0.9176666666666666, "29K": 0.9153333333333333, "22K": 0.985, "2KK": 0.9853333333333333, "39K": 0.814, "33K": 0.8123333333333334, "3KK": 0.9276666666666666, "99K": 0.7926666666666666, "9KK": 0.9356666666666666, "KKK": 1.0, "58J": 0.3576666666666667, "8JT": 0.37066666666666664, "48J": 0.37833333333333335, "68J": 0.35133333333333333, "8JQ": 0.351, "8AJ": 0.419, "88J": 0.4573333333333333, "78J": 0.31766666666666665, "28J": 0.5896666666666667, "38J": 0.3576666666666667, "89J": 0.341, "8JJ": 0.4726666666666667, "5JT": 0.36833333333333335, "45J": 0.38566666666666666, "56J": 0.37933333333333336, "5JQ": 0.361, "5AJ": 0.41, "57J": 0.3546666666666667, "25J": 0.5876666666666667, "35J": 0.35, "59J": 0.36, "5JJ": 0.44266666666666665, "55J": 0.463, "4JT": 0.40066666666666667, "6JT": 0.37733333333333335, "JQT": 0.495, "AJT": 0.454, "7JT": 0.3403333333333333, "2JT": 0.5743333333333334, "JTT": 0.474, "3JT": 0.37733333333333335, "9JT": 0.44, "JJT": 0.47833333333333333, "46J": 0.365, "44J": 0.45866666666666667, "4JQ": 0.3556666666666667, "4AJ": 0.42733333333333334, "47J": 0.35033333333333333, "24J": 0.6046666666666667, "34J": 0.3526666666666667, "49J": 0.4033333333333333, "4JJ": 0.4573333333333333, "6JQ": 0.37466666666666665, "6AJ": 0.4116666666666667, "67J": 0.3436666666666667, "26J": 0.574, "36J": 0.377, "69J": 0.35433333333333333, "66J": 0.4126666666666667, "6JJ": 0.479, "AJQ": 0.42866666666666664, "7JQ": 0.32266666666666666, "2JQ": 0.5763333333333334, "3JQ": 0.3453333333333333, "9JQ": 0.42933333333333334, "JQQ": 0.4583333333333333, "JJQ": 0.44866666666666666, "7AJ": 0.39666666666666667, "AAJ": 0.5443333333333333, "2AJ": 0.574, "3AJ": 0.388, "9AJ": 0.414, "AJJ": 0.5013333333333333, "77J": 0.434, "27J": 0.5596666666666666, "37J": 0.308, "79J": 0.337, "7JJ": 0.43533333333333335, "23J": 0.5776666666666667, "29J": 0.5693333333333334, "22J": 0.9526666666666667, "2JJ": 0.6536666666666666, "39J": 0.3313333333333333, "33J": 0.4206666666666667, "3JJ": 0.44166666666666665, "9JJ": 0.48333333333333334, "99J": 0.47333333333333333, "JJJ": 0.5693333333333334, "58T": 0.357, "458": 0.3873333333333333, "568": 0.3393333333333333, "58Q": 0.36033333333333334, "58A": 0.406, "588": 0.42833333333333334, "578": 0.32366666666666666, "258": 0.5736666666666667, "358": 0.383, "589": 0.3596666666666667, "558": 0.43466666666666665, "48T": 0.568, "68T": 0.35133333333333333, "8QT": 0.37833333333333335, "8AT": 0.44366666666666665, "88T": 0.4593333333333333, "78T": 0.3436666666666667, "28T": 0.586, "8TT": 0.45766666666666667, "38T": 0.38, "89T": 0.5083333333333333, "468": 0.376, "448": 0.4623333333333333, "48Q": 0.395, "48A": 0.43966666666666665, "488": 0.465, "478": 0.347, "248": 0.6, "348": 0.3923333333333333, "489": 0.5713333333333334, "68Q": 0.35733333333333334, "68A": 0.3983333333333333, "688": 0.422, "678": 0.32133333333333336, "268": 0.5656666666666667, "368": 0.36, "689": 0.35, "668": 0.42733333333333334, "8AQ": 0.42433333333333334, "88Q": 0.4503333333333333, "78Q": 0.3426666666666667, "28Q": 0.588, "38Q": 0.35133333333333333, "89Q": 0.36033333333333334, "8QQ": 0.44966666666666666, "88A": 0.5103333333333333, "78A": 0.3953333333333333, "8AA": 0.5403333333333333, "28A": 0.6076666666666667, "38A": 0.395, "89A": 0.42633333333333334, "788": 0.436, "888": 0.5436666666666666, "288": 0.6333333333333333, "388": 0.4713333333333333, "889": 0.4573333333333333, "778": 0.4246666666666667, "278": 0.5703333333333334, "378": 0.322, "789": 0.34, "238": 0.5906666666666667, "289": 0.5603333333333333, "228": 0.949, "389": 0.37066666666666664, "338": 0.447, "899": 0.44533333333333336, "45T": 0.395, "56T": 0.38366666666666666, "5QT": 0.36933333333333335, "5AT": 0.434, "57T": 0.3596666666666667, "25T": 0.5783333333333334, "5TT": 0.4696666666666667, "35T": 0.386, "59T": 0.39266666666666666, "55T": 0.467, "456": 0.41233333333333333, "445": 0.43966666666666665, "45Q": 0.37333333333333335, "45A": 0.4096666666666667, "457": 0.32566666666666666, "245": 0.555, "345": 0.41633333333333333, "459": 0.389, "455": 0.439, "56Q": 0.371, "56A": 0.424, "567": 0.342, "256": 0.551, "356": 0.41533333333333333, "569": 0.358, "566": 0.44766666666666666, "556": 0.433, "5AQ": 0.43733333333333335, "57Q": 0.349, "25Q": 0.587, "35Q": 0.36633333333333334, "59Q": 0.36966666666666664, "5QQ": 0.4796666666666667, "55Q": 0.463, "57A": 0.4093333333333333, "5AA": 0.524, "25A": 0.5903333333333334, "35A": 0.418, "59A": 0.4266666666666667, "55A": 0.505, "577": 0.4593333333333333, "257": 0.5756666666666667, "357": 0.31866666666666665, "579": 0.341, "557": 0.42966666666666664, "235": 0.5633333333333334, "259": 0.5826666666666667, "225": 0.946, "255": 0.6223333333333333, "359": 0.3566666666666667, "335": 0.4513333333333333, "355": 0.454, "599": 0.437, "559": 0.452, "555": 0.5656666666666667, "46T": 0.38166666666666665, "44T": 0.466, "4QT": 0.39466666666666667, "4AT": 0.468, "47T": 0.359, "24T": 0.603, "4TT": 0.47733333333333333, "34T": 0.40066666666666667, "49T": 0.5706666666666667, "6QT": 0.38033333333333336, "6AT": 0.42533333333333334, "67T": 0.33566666666666667, "26T": 0.5846666666666667, "6TT": 0.44666666666666666, "36T": 0.38266666666666665, "69T": 0.369, "66T": 0.44366666666666665, "AQT": 0.4646666666666667, "7QT": 0.364, "2QT": 0.6, "QTT": 0.45866666666666667, "3QT": 0.37466666666666665, "9QT": 0.453, "QQT": 0.45966666666666667, "7AT": 0.4093333333333333, "AAT": 0.5693333333333334, "2AT": 0.613, "ATT": 0.5156666666666667, "3AT": 0.41733333333333333, "9AT": 0.449, "77T": 0.4583333333333333, "27T": 0.5753333333333334, "7TT": 0.4503333333333333, "37T": 0.351, "79T": 0.3536666666666667, "2TT": 0.6293333333333333, "23T": 0.5823333333333334, "29T": 0.5963333333333334, "22T": 0.9596666666666667, "3TT": 0.43966666666666665, "9TT": 0.4573333333333333, "TTT": 0.5593333333333333, "39T": 0.4096666666666667, "33T": 0.4583333333333333, "99T": 0.4686666666666667, "446": 0.4613333333333333, "46Q": 0.36, "46A": 0.433, "467": 0.32366666666666666, "246": 0.5603333333333333, "346": 0.4196666666666667, "469": 0.394, "466": 0.45, "44Q": 0.44533333333333336, "44A": 0.506, "447": 0.43566666666666665, "244": 0.6453333333333333, "344": 0.44466666666666665, "449": 0.4706666666666667, "444": 0.553, "4AQ": 0.42533333333333334,