{"7KT": 0.9413333333333334, "5KT": 0.7, "4KT": 0.949, "8KT": 0.695, "AKT": 0.7266666666666667, "KQT": 0.8416666666666667, "JKT": 0.9543333333333334, "KTT": 0.7276666666666667, "2KT": 0.698, "KKT": 0.7366666666666667, "9KT": 0.8333333333333334, "6KT": 0.9546666666666667, "3KT": 0.703, "57K": 0.6406666666666667, "47K": 0.9476666666666667, "78K": 0.647, "7AK": 0.682, "7KQ": 0.8576666666666667, "7JK": 0.7043333333333334, "27K": 0.6616666666666666, "77K": 0.685, "7KK": 0.6883333333333334, "79K": 0.8343333333333334, "67K": 0.944, "37K": 0.6416666666666667, "45K": 0.6516666666666666, "58K": 0.4603333333333333, "55K": 0.679, "5AK": 0.5286666666666666, "5KQ": 0.7613333333333333, "5JK": 0.545, "25K": 0.4603333333333333, "5KK": 0.541, "59K": 0.7636666666666667, "56K": 0.643, "35K": 0.4656666666666667, "48K": 0.6366666666666667, "4AK": 0.673, "4KQ": 0.853, "4JK": 0.6956666666666667, "24K": 0.6513333333333333, "44K": 0.6616666666666666, "4KK": 0.694, "49K": 0.8513333333333334, "46K": 0.947, "34K": 0.655, "8AK": 0.5343333333333333, "8KQ": 0.7706666666666667, "8JK": 0.5286666666666666, "28K": 0.4593333333333333, "8KK": 0.538, "89K": 0.7463333333333333, "68K": 0.6416666666666667, "38K": 0.477, "88K": 0.546, "AKQ": 0.718, "AJK": 0.5856666666666667, "2AK": 0.5303333333333333, "AKK": 0.6333333333333333, "9AK": 0.7196666666666667, "6AK": 0.6856666666666666, "3AK": 0.522, "AAK": 0.7273333333333334, "JKQ": 0.7566666666666667, "2KQ": 0.7913333333333333, "KKQ": 0.8173333333333334, "KQQ": 0.9463333333333334, "9KQ": 0.88, "6KQ": 0.8543333333333333, "3KQ": 0.7986666666666666, "2JK": 0.5536666666666666, "JKK": 0.6136666666666667, "9JK": 0.754, "6JK": 0.7016666666666667, "3JK": 0.5606666666666666, "JJK": 0.7213333333333334, "2KK": 0.5523333333333333, "22K": 0.525, "29K": 0.781, "26K": 0.6483333333333333, "23K": 0.46366666666666667, "9KK": 0.8223333333333334, "6KK": 0.693, "3KK": 0.5526666666666666, "KKK": 0.648, "69K": 0.8376666666666667, "39K": 0.779, "99K": 0.9646666666666667, "36K": 0.647, "66K": 0.6843333333333333, "33K": 0.5386666666666666, "57T": 0.6056666666666667, "47T": 0.95, "78T": 0.7153333333333334, "7AT": 0.6506666666666666, "7QT": 0.878, "7JT": 0.7086666666666667, "7TT": 0.651, "27T": 0.629, "77T": 0.6446666666666667, "79T": 0.796, "67T": 0.9523333333333334, "37T": 0.6256666666666667, "45T": 0.6153333333333333, "58T": 0.502, "55T": 0.6533333333333333, "5AT": 0.487, "5QT": 0.804, "5JT": 0.5816666666666667, "5TT": 0.5003333333333333, "25T": 0.418, "59T": 0.7563333333333333, "56T": 0.6016666666666667, "35T": 0.43333333333333335, "48T": 0.676, "4AT": 0.641, "4QT": 0.8943333333333333, "4JT": 0.7176666666666667, "4TT": 0.6626666666666666, "24T": 0.6246666666666667, "44T": 0.6536666666666666, "49T": 0.83, "46T": 0.942, "34T": 0.629, "8AT": 0.5706666666666667, "8QT": 0.8133333333333334, "8JT": 0.929, "8TT": 0.575, "28T": 0.511, "89T": 0.7083333333333334, "68T": 0.7126666666666667, "38T": 0.5266666666666666, "88T": 0.5773333333333334, "AQT": 0.763, "AJT": 0.6196666666666667, "ATT": 0.5606666666666666, "2AT": 0.4816666666666667, "9AT": 0.706, "6AT": 0.6633333333333333, "3AT": 0.48833333333333334, "AAT": 0.689, "JQT": 0.7966666666666666, "QTT": 0.7946666666666666, "2QT": 0.813, "QQT": 0.955, "9QT": 0.8496666666666667, "6QT": 0.8863333333333333, "3QT": 0.836, "JTT": 0.618, "2JT": 0.5853333333333334, "9JT": 0.75, "6JT": 0.723, "3JT": 0.5946666666666667, "JJT": 0.737, "2TT": 0.4846666666666667, "9TT": 0.7906666666666666, "6TT": 0.6306666666666667, "3TT": 0.5093333333333333, "TTT": 0.5873333333333334, "22T": 0.49166666666666664, "29T": 0.7683333333333333, "26T": 0.621, "23T": 0.436, "69T": 0.8206666666666667, "39T": 0.7616666666666667, "99T": 0.9503333333333334, "36T": 0.6196666666666667, "66T": 0.6473333333333333, "33T": 0.5006666666666667, "457": 0.5816666666666667, "578": 0.4766666666666667, "557": 0.638, "57A": 0.4603333333333333, "57Q": 0.8113333333333334, "57J": 0.406, "257": 0.4036666666666667, "577": 0.4703333333333333, "579": 0.7446666666666667, "567": 0.622, "357": 0.3963333333333333, "478": 0.5963333333333334, "47A": 0.6303333333333333, "47Q": 0.8776666666666667, "47J": 0.605, "247": 0.6213333333333333, "477": 0.6366666666666667, "447": 0.6326666666666667, "479": 0.8563333333333333, "467": 0.9373333333333334, "347": 0.6093333333333333, "78A": 0.489, "78Q": 0.8086666666666666, "78J": 0.47933333333333333, "278": 0.4126666666666667, "778": 0.47533333333333333, "789": 0.6853333333333333, "678": 0.6913333333333334, "378": 0.44033333333333335, "788": 0.49866666666666665, "7AQ": 0.815, "7AJ": 0.486, "27A": 0.4716666666666667, "77A": 0.5413333333333333, "79A": 0.7313333333333333, "67A": 0.6376666666666667, "37A": 0.4523333333333333, "7AA": 0.691, "7JQ": 0.8226666666666667, "27Q": 0.823, "77Q": 0.8143333333333334, "7QQ": 0.9646666666666667, "79Q": 0.9156666666666666, "67Q": 0.8856666666666667, "37Q": 0.839, "27J": 0.43333333333333335, "77J": 0.4736666666666667, "79J": 0.7226666666666667, "67J": 0.619, "37J": 0.434, "7JJ": 0.663, "277": 0.48133333333333334, "227": 0.49, "279": 0.8056666666666666, "267": 0.6356666666666667, "237": 0.4046666666666667, "777": 0.5523333333333333, "779": 0.7836666666666666, "677": 0.627, "377": 0.466, "679": 0.8046666666666666, "379": 0.778, "799": 0.9436666666666667, "367": 0.604, "667": 0.6276666666666667, "337": 0.48133333333333334, "458": 0.4063333333333333, "455": 0.6333333333333333, "45A": 0.448, "45Q": 0.797, "45J": 0.4013333333333333, "245": 0.378, "445": 0.465, "459": 0.8006666666666666, "456": 0.5696666666666667, "345": 0.374, "558": 0.4816666666666667, "58A": 0.4256666666666667, "58Q": 0.69, "58J": 0.3963333333333333, "258": 0.328, "589": 0.714, "568": 0.469, "358": 0.38366666666666666, "588": 0.44466666666666665, "55A": 0.5326666666666666, "55Q": 0.8026666666666666, "55J": 0.48533333333333334, "555": 0.5583333333333333, "255": 0.4623333333333333, "559": 0.794, "556": 0.627, "355": 0.47, "5AQ": 0.7606666666666667, "5AJ": 0.42133333333333334, "25A": 0.43833333333333335, "59A": 0.735, "56A": 0.4643333333333333, "35A": 0.423, "5AA": 0.5603333333333333, "5JQ": 0.6966666666666667, "25Q": 0.703, "5QQ": 0.9363333333333334, "59Q": 0.8896666666666667, "56Q": 0.794, "35Q": 0.7963333333333333, "25J": 0.337, "59J": 0.7293333333333333, "56J": 0.415, "35J": 0.3923333333333333, "5JJ": 0.48633333333333334, "225": 0.41733333333333333, "259": 0.766, "256": 0.364, "235": 0.342, "569": 0.747, "359": 0.7876666666666666, "599": 0.9276666666666666, "356": 0.38766666666666666, "566": 0.43366666666666664, "335": 0.42033333333333334, "48A": 0.472, "48Q": 0.8223333333333334, "48J": 0.49733333333333335, "248": 0.41, "448": 0.487, "489": 0.789, "468": 0.6103333333333333, "348": 0.4033333333333333, "488": 0.49666666666666665, "4AQ": 0.8126666666666666, "4AJ": 0.4816666666666667, "24A": 0.4503333333333333, "44A": 0.5076666666666667, "49A": 0.758, "46A": 0.6243333333333333, "34A": 0.4603333333333333, "4AA": 0.6863333333333334, "4JQ": 0.8113333333333334, "24Q": 0.8116666666666666, "44Q": 0.8363333333333334, "4QQ": 0.9606666666666667, "49Q": 0.9263333333333333, "46Q": 0.8703333333333333, "34Q": 0.827, "24J": 0.413, "44J": 0.48433333333333334, "49J": 0.764, "46J": 0.6096666666666667, "34J": 0.431, "4JJ": 0.642, "244": 0.48433333333333334, "224": 0.4756666666666667, "249": 0.8103333333333333, "246": 0.599, "234": 0.4043333333333333, "449": 0.797, "444": 0.5586666666666666, "446": 0.6333333333333333, "344": 0.47933333333333333, "469": 0.8606666666666667, "349": 0.8243333333333334, "499": 0.964, "346": 0.588, "466": 0.6166666666666667, "334": 0.4553333333333333, "8AQ": 0.7623333333333333, "8AJ": 0.5056666666666667, "28A": 0.43, "89A": 0.729, "68A": 0.47833333333333333, "38A": 0.445, "88A": 0.5256666666666666, "8AA": 0.5693333333333334, "8JQ": 0.6986666666666667, "28Q": 0.7113333333333334, "8QQ": 0.9503333333333334, "89Q": 0.8666666666666667, "68Q": 0.7956666666666666, "38Q": 0.8133333333333334, "88Q": 0.8, "28J": 0.41233333333333333, "89J": 0.721, "68J": 0.48833333333333334,