{"AKQ": 0.7606666666666667, "AJK": 0.7566666666666667, "AKT": 0.934, "AAK": 0.6583333333333333, "2AK": 0.5853333333333334, "5AK": 0.5853333333333334, "7AK": 0.578, "6AK": 0.564, "4AK": 0.555, "AKK": 0.6453333333333333, "8AK": 0.5673333333333334, "3AK": 0.609, "9AK": 0.5713333333333334, "AJQ": 0.834, "AQT": 0.7836666666666666, "AAQ": 0.8256666666666667, "2AQ": 0.7873333333333333, "5AQ": 0.785, "7AQ": 0.7886666666666666, "6AQ": 0.7833333333333333, "4AQ": 0.677, "8AQ": 0.6776666666666666, "3AQ": 0.787, "9AQ": 0.7733333333333333, "AQQ": 0.9363333333333334, "AJT": 0.7926666666666666, "AAJ": 0.8286666666666667, "2AJ": 0.7836666666666666, "5AJ": 0.771, "7AJ": 0.76, "6AJ": 0.786, "4AJ": 0.7856666666666666, "AJJ": 0.9443333333333334, "8AJ": 0.7576666666666667, "3AJ": 0.815, "9AJ": 0.7753333333333333, "AAT": 0.6286666666666667, "2AT": 0.529, "5AT": 0.5426666666666666, "7AT": 0.5283333333333333, "6AT": 0.531, "4AT": 0.5286666666666666, "8AT": 0.5976666666666667, "3AT": 0.548, "9AT": 0.6013333333333334, "ATT": 0.6036666666666667, "2AA": 0.535, "5AA": 0.5366666666666666, "7AA": 0.5566666666666666, "6AA": 0.5216666666666666, "4AA": 0.5613333333333334, "8AA": 0.5703333333333334, "AAA": 0.64, "3AA": 0.5866666666666667, "9AA": 0.5443333333333333, "25A": 0.4593333333333333, "22A": 0.52, "27A": 0.4573333333333333, "26A": 0.438, "24A": 0.42633333333333334, "28A": 0.47, "23A": 0.45866666666666667, "29A": 0.4523333333333333, "57A": 0.44733333333333336, "56A": 0.42133333333333334, "55A": 0.542, "45A": 0.4236666666666667, "58A": 0.45466666666666666, "35A": 0.453, "59A": 0.44433333333333336, "67A": 0.41633333333333333, "47A": 0.42233333333333334, "78A": 0.436, "77A": 0.5316666666666666, "37A": 0.45366666666666666, "79A": 0.43033333333333335, "46A": 0.42233333333333334, "68A": 0.44266666666666665, "36A": 0.45366666666666666, "69A": 0.4553333333333333, "66A": 0.54, "48A": 0.399, "44A": 0.51, "34A": 0.44633333333333336, "49A": 0.4523333333333333, "88A": 0.5316666666666666, "38A": 0.47, "89A": 0.5423333333333333, "39A": 0.472, "33A": 0.5106666666666667, "99A": 0.523, "JKQ": 0.802, "KQT": 0.8123333333333334, "2KQ": 0.7923333333333333, "5KQ": 0.7883333333333333, "7KQ": 0.7756666666666666, "6KQ": 0.7666666666666667, "4KQ": 0.7833333333333333, "KKQ": 0.833, "8KQ": 0.7723333333333333, "3KQ": 0.7853333333333333, "9KQ": 0.787, "KQQ": 0.9446666666666667, "JKT": 0.6916666666666667, "2JK": 0.6723333333333333, "5JK": 0.6723333333333333, "7JK": 0.664, "6JK": 0.6793333333333333, "4JK": 0.7876666666666666, "JJK": 0.9343333333333333, "JKK": 0.838, "8JK": 0.758, "3JK": 0.774, "9JK": 0.6823333333333333, "2KT": 0.5293333333333333, "5KT": 0.5286666666666666, "7KT": 0.525, "6KT": 0.529, "4KT": 0.601, "KKT": 0.6743333333333333, "8KT": 0.6133333333333333, "3KT": 0.6106666666666667, "9KT": 0.813, "KTT": 0.6373333333333333, "25K": 0.395, "22K": 0.5303333333333333, "27K": 0.407, "26K": 0.4093333333333333, "24K": 0.4603333333333333, "2KK": 0.5433333333333333, "28K": 0.4613333333333333, "23K": 0.4563333333333333, "29K": 0.48733333333333334, "57K": 0.389, "56K": 0.382, "55K": 0.5276666666666666, "45K": 0.4533333333333333, "5KK": 0.5503333333333333, "58K": 0.44333333333333336, "35K": 0.44966666666666666, "59K": 0.46066666666666667, "67K": 0.386, "47K": 0.432, "7KK": 0.5546666666666666, "78K": 0.43566666666666665, "77K": 0.5273333333333333, "37K": 0.43766666666666665, "79K": 0.4623333333333333, "46K": 0.435, "6KK": 0.5613333333333334, "68K": 0.4266666666666667, "36K": 0.45966666666666667, "69K": 0.458, "66K": 0.5176666666666667, "4KK": 0.551, "48K": 0.46166666666666667, "44K": 0.5323333333333333, "34K": 0.458, "49K": 0.5053333333333333, "8KK": 0.5393333333333333, "3KK": 0.5756666666666667, "9KK": 0.6093333333333333, "KKK": 0.6803333333333333, "88K": 0.5566666666666666, "38K": 0.485, "89K": 0.512, "39K": 0.5413333333333333, "33K": 0.5496666666666666, "99K": 0.579, "JQT": 0.7896666666666666, "2JQ": 0.892, "5JQ": 0.8933333333333333, "7JQ": 0.895, "6JQ": 0.897, "4JQ": 0.8903333333333333, "JJQ": 0.9963333333333333, "8JQ": 0.8543333333333333, "3JQ": 0.9176666666666666, "9JQ": 0.8303333333333334, "JQQ": 0.9943333333333333, "2QT": 0.826, "5QT": 0.8126666666666666, "7QT": 0.815, "6QT": 0.7953333333333333, "4QT": 0.8126666666666666, "8QT": 0.821, "3QT": 0.844, "9QT": 0.8233333333333334, "QTT": 0.8393333333333334, "QQT": 0.942, "25Q": 0.8216666666666667, "22Q": 0.8073333333333333, "27Q": 0.8366666666666667, "26Q": 0.8153333333333334, "24Q": 0.816, "28Q": 0.8223333333333334, "23Q": 0.8343333333333334, "29Q": 0.8263333333333334, "2QQ": 0.9466666666666667, "57Q": 0.805, "56Q": 0.7783333333333333, "55Q": 0.842, "45Q": 0.8013333333333333, "58Q": 0.8056666666666666, "35Q": 0.8316666666666667, "59Q": 0.8173333333333334, "5QQ": 0.9536666666666667, "67Q": 0.7903333333333333, "47Q": 0.8066666666666666, "78Q": 0.7856666666666666, "77Q": 0.8416666666666667, "37Q": 0.8486666666666667, "79Q": 0.7953333333333333, "7QQ": 0.9523333333333334, "46Q": 0.7906666666666666, "68Q": 0.7883333333333333, "36Q": 0.8343333333333334, "69Q": 0.81, "6QQ": 0.9406666666666667, "66Q": 0.84, "48Q": 0.7, "44Q": 0.8233333333333334, "34Q": 0.809, "49Q": 0.8246666666666667, "4QQ": 0.9506666666666667, "88Q": 0.8023333333333333, "38Q": 0.827, "89Q": 0.8076666666666666, "8QQ": 0.9496666666666667, "39Q": 0.8356666666666667, "33Q": 0.8043333333333333, "3QQ": 0.978, "99Q": 0.8133333333333334, "9QQ": 0.937, "QQQ": 0.9996666666666667, "2JT": 0.7096666666666667, "5JT": 0.7103333333333334, "7JT": 0.6716666666666666, "6JT": 0.7003333333333334, "4JT": 0.792, "JJT": 0.9383333333333334, "8JT": 0.8006666666666666, "3JT": 0.8216666666666667, "9JT": 0.704, "JTT": 0.7983333333333333, "25J": 0.7016666666666667, "22J": 0.7983333333333333, "27J": 0.7066666666666667, "26J": 0.7243333333333334, "24J": 0.818, "2JJ": 0.945, "28J": 0.8256666666666667, "23J": 0.8293333333333334, "29J": 0.695, "57J": 0.6833333333333333, "56J": 0.6953333333333334, "55J": 0.81, "45J": 0.7813333333333333, "5JJ": 0.9453333333333334, "58J": 0.8043333333333333, "35J": 0.801, "59J": 0.6913333333333334, "67J": 0.6843333333333333, "47J": 0.785, "7JJ": 0.9406666666666667, "78J": 0.739, "77J": 0.7936666666666666, "37J": 0.8016666666666666, "79J": 0.6523333333333333, "46J": 0.8006666666666666, "6JJ": 0.9406666666666667, "68J": 0.7956666666666666, "36J": 0.7963333333333333, "69J": 0.688, "66J": 0.8106666666666666, "4JJ": 0.9436666666666667, "48J": 0.7843333333333333, "44J": 0.8343333333333334, "34J": 0.8346666666666667, "49J": 0.816, "8JJ": 0.9353333333333333, "3JJ": 0.97, "9JJ": 0.9346666666666666, "JJJ": 1.0, "88J": 0.8326666666666667, "38J": 0.8373333333333334, "89J": 0.782, "39J": 0.8113333333333334, "33J": 0.834, "99J": 0.7946666666666666, "25T": 0.3596666666666667, "22T": 0.49333333333333335, "27T": 0.36433333333333334, "26T": 0.36733333333333335, "24T": 0.4156666666666667, "28T": 0.5003333333333333, "23T": 0.409, "29T": 0.5143333333333333, "2TT": 0.493, "57T": 0.3476666666666667, "56T": 0.33766666666666667, "55T": 0.48133333333333334, "45T": 0.412, "58T": 0.49266666666666664, "35T": 0.3913333333333333, "59T": 0.5086666666666667, "5TT": 0.4786666666666667, "67T": 0.33366666666666667, "47T": 0.4023333333333333, "78T": 0.4806666666666667, "77T": 0.48533333333333334, "37T": 0.411, "79T": 0.4613333333333333, "7TT": 0.4736666666666667, "46T": 0.3963333333333333, "68T": 0.4826666666666667, "36T": 0.40066666666666667, "69T": 0.48633333333333334, "6TT": 0.495, "66T": 0.4856666666666667, "48T": 0.47633333333333333, "44T": 0.4836666666666667, "34T": 0.4503333333333333, "49T": 0.587, "4TT": 0.5056666666666667, "88T": 0.584, "38T": 0.5393333333333333, "89T": 0.9393333333333334, "8TT": 0.5816666666666667, "39T": 0.5863333333333334, "33T": 0.5063333333333333, "3TT": 0.5113333333333333, "9TT": 0.6173333333333333, "99T": 0.6183333333333333, "TTT": 0.5763333333333334, "225": 0.4503333333333333, "257": 0.337, "256": 0.32033333333333336, "255": 0.45766666666666667, "245": 0.36866666666666664, "258": 0.386,