{"4KQ": 0.25333333333333335, "JKQ": 0.36133333333333334, "5KQ": 0.25966666666666666, "KQQ": 0.3393333333333333, "8KQ": 0.2743333333333333, "KQT": 0.309, "7KQ": 0.26466666666666666, "AKQ": 0.2826666666666667, "3KQ": 0.256, "KKQ": 0.328, "9KQ": 0.605, "2KQ": 0.5376666666666666, "6KQ": 0.24966666666666668, "4JQ": 0.251, "45Q": 0.21233333333333335, "4QQ": 0.26, "48Q": 0.224, "4QT": 0.22, "47Q": 0.20166666666666666, "4AQ": 0.207, "44Q": 0.25266666666666665, "34Q": 0.226, "49Q": 0.6623333333333333, "24Q": 0.468, "46Q": 0.17466666666666666, "5JQ": 0.26033333333333336, "JQQ": 0.33866666666666667, "8JQ": 0.3476666666666667, "JQT": 0.3963333333333333, "7JQ": 0.2613333333333333, "AJQ": 0.2896666666666667, "3JQ": 0.25266666666666665, "9JQ": 0.555, "2JQ": 0.5546666666666666, "JJQ": 0.30733333333333335, "6JQ": 0.252, "5QQ": 0.30033333333333334, "58Q": 0.23933333333333334, "5QT": 0.25866666666666666, "57Q": 0.23433333333333334, "5AQ": 0.26366666666666666, "35Q": 0.24566666666666667, "59Q": 0.6716666666666666, "25Q": 0.5446666666666666, "55Q": 0.2836666666666667, "56Q": 0.21666666666666667, "8QQ": 0.285, "QQT": 0.28933333333333333, "7QQ": 0.30533333333333335, "AQQ": 0.305, "3QQ": 0.3006666666666667, "9QQ": 0.711, "2QQ": 0.596, "QQQ": 0.36666666666666664, "6QQ": 0.284, "8QT": 0.331, "78Q": 0.25366666666666665, "8AQ": 0.25166666666666665, "88Q": 0.2816666666666667, "38Q": 0.227, "89Q": 0.6433333333333333, "28Q": 0.5333333333333333, "68Q": 0.22733333333333333, "7QT": 0.2683333333333333, "AQT": 0.23033333333333333, "3QT": 0.25, "9QT": 0.536, "2QT": 0.449, "QTT": 0.308, "6QT": 0.21833333333333332, "77Q": 0.25766666666666665, "7AQ": 0.24366666666666667, "37Q": 0.24333333333333335, "79Q": 0.665, "27Q": 0.5596666666666666, "67Q": 0.23066666666666666, "3AQ": 0.25966666666666666, "AAQ": 0.31333333333333335, "9AQ": 0.6366666666666667, "2AQ": 0.468, "6AQ": 0.212, "33Q": 0.2733333333333333, "39Q": 0.6993333333333334, "23Q": 0.5476666666666666, "36Q": 0.21333333333333335, "99Q": 0.9136666666666666, "29Q": 0.8496666666666667, "69Q": 0.6423333333333333, "22Q": 0.9333333333333333, "26Q": 0.4623333333333333, "66Q": 0.264, "4JK": 0.2853333333333333, "45K": 0.212, "48K": 0.236, "4KT": 0.24, "47K": 0.21266666666666667, "4AK": 0.242, "44K": 0.273, "34K": 0.22533333333333333, "4KK": 0.2753333333333333, "49K": 0.706, "24K": 0.5593333333333333, "46K": 0.215, "5JK": 0.2713333333333333, "8JK": 0.42966666666666664, "JKT": 0.357, "7JK": 0.2833333333333333, "AJK": 0.30333333333333334, "3JK": 0.2783333333333333, "JKK": 0.33766666666666667, "9JK": 0.5906666666666667, "2JK": 0.5796666666666667, "JJK": 0.3403333333333333, "6JK": 0.274, "58K": 0.24866666666666667, "5KT": 0.25633333333333336, "57K": 0.239, "5AK": 0.2613333333333333, "35K": 0.233, "5KK": 0.2813333333333333, "59K": 0.6983333333333334, "25K": 0.5796666666666667, "55K": 0.27166666666666667, "56K": 0.22666666666666666, "8KT": 0.30333333333333334, "78K": 0.2733333333333333, "8AK": 0.273, "88K": 0.2976666666666667, "38K": 0.25966666666666666, "8KK": 0.301, "89K": 0.6553333333333333, "28K": 0.5953333333333334, "68K": 0.26, "7KT": 0.2753333333333333, "AKT": 0.2813333333333333, "3KT": 0.25433333333333336, "KKT": 0.297, "9KT": 0.589, "2KT": 0.532, "KTT": 0.3283333333333333, "6KT": 0.2633333333333333, "77K": 0.2776666666666667, "7AK": 0.243, "37K": 0.25133333333333335, "7KK": 0.287, "79K": 0.6736666666666666, "27K": 0.559, "67K": 0.22566666666666665, "3AK": 0.277, "AKK": 0.31533333333333335, "AAK": 0.325, "9AK": 0.6506666666666666, "2AK": 0.566, "6AK": 0.23633333333333334, "33K": 0.287, "3KK": 0.2786666666666667, "39K": 0.688, "23K": 0.5743333333333334, "36K": 0.232, "KKK": 0.361, "9KK": 0.7126666666666667, "2KK": 0.5976666666666667, "6KK": 0.27466666666666667, "99K": 0.9196666666666666, "29K": 0.8853333333333333, "69K": 0.6656666666666666, "22K": 0.9476666666666667, "26K": 0.5443333333333333, "66K": 0.2786666666666667, "45J": 0.20433333333333334, "48J": 0.2633333333333333, "4JT": 0.25566666666666665, "47J": 0.226, "4AJ": 0.24866666666666667, "44J": 0.259, "34J": 0.229, "49J": 0.675, "24J": 0.5393333333333333, "4JJ": 0.276, "46J": 0.216, "458": 0.21733333333333332, "45T": 0.20866666666666667, "457": 0.20433333333333334, "45A": 0.20166666666666666, "445": 0.25133333333333335, "345": 0.2826666666666667, "459": 0.734, "245": 0.507, "455": 0.23033333333333333, "456": 0.25266666666666665, "48T": 0.239, "478": 0.21166666666666667, "48A": 0.20333333333333334, "448": 0.24566666666666667, "488": 0.25166666666666665, "348": 0.2, "489": 0.7163333333333334, "248": 0.5363333333333333, "468": 0.20166666666666666, "47T": 0.21833333333333332, "4AT": 0.204, "44T": 0.251, "34T": 0.223, "49T": 0.6413333333333333, "24T": 0.44866666666666666, "4TT": 0.2793333333333333, "46T": 0.19233333333333333, "477": 0.22166666666666668, "47A": 0.21466666666666667, "447": 0.24466666666666667, "347": 0.21733333333333332, "479": 0.7093333333333334, "247": 0.53, "467": 0.17433333333333334, "44A": 0.25866666666666666, "34A": 0.21666666666666667, "4AA": 0.26466666666666666, "49A": 0.687, "24A": 0.4533333333333333, "46A": 0.174, "344": 0.25133333333333335, "444": 0.31166666666666665, "449": 0.7173333333333334, "244": 0.5606666666666666, "446": 0.232, "334": 0.23833333333333334, "349": 0.7393333333333333, "234": 0.5046666666666667, "346": 0.24266666666666667, "499": 0.9356666666666666, "249": 0.872, "469": 0.6876666666666666, "224": 0.9126666666666666, "246": 0.42966666666666664, "466": 0.21166666666666667, "58J": 0.258, "5JT": 0.279, "57J": 0.25666666666666665, "5AJ": 0.25, "35J": 0.24466666666666667, "59J": 0.662, "25J": 0.575, "5JJ": 0.28633333333333333, "55J": 0.25733333333333336, "56J": 0.207, "8JT": 0.43566666666666665, "78J": 0.355, "8AJ": 0.30133333333333334, "88J": 0.29633333333333334, "38J": 0.25433333333333336, "89J": 0.607, "28J": 0.5893333333333334, "8JJ": 0.334, "68J": 0.258, "7JT": 0.361, "AJT": 0.30666666666666664, "3JT": 0.2896666666666667, "9JT": 0.5236666666666666, "2JT": 0.561, "JJT": 0.325, "JTT": 0.3303333333333333, "6JT": 0.28, "77J": 0.294, "7AJ": 0.2643333333333333, "37J": 0.25733333333333336, "79J": 0.6396666666666667, "27J": 0.576, "7JJ": 0.30433333333333334, "67J": 0.22966666666666666, "3AJ": 0.24866666666666667, "AAJ": 0.32666666666666666, "9AJ": 0.631, "2AJ": 0.5446666666666666, "AJJ": 0.31633333333333336, "6AJ": 0.23966666666666667, "33J": 0.2906666666666667, "39J": 0.6893333333333334, "23J": 0.5606666666666666, "3JJ": 0.29333333333333333, "36J": 0.23066666666666666, "99J": 0.8893333333333333, "29J": 0.865, "9JJ": 0.7056666666666667, "69J": 0.6873333333333334, "2JJ": 0.61, "22J": 0.9506666666666667, "26J": 0.5606666666666666, "JJJ": 0.35533333333333333, "6JJ": 0.288, "66J": 0.2936666666666667, "58T": 0.24233333333333335, "578": 0.32, "58A": 0.22033333333333333, "588": 0.2813333333333333, "358": 0.23366666666666666, "589": 0.678, "258": 0.5616666666666666, "558": 0.24266666666666667, "568": 0.30233333333333334, "57T": 0.25533333333333336, "5AT": 0.25066666666666665, "35T": 0.24566666666666667, "59T": 0.6643333333333333, "25T": 0.55, "55T": 0.25233333333333335, "5TT": 0.2816666666666667, "56T": 0.215, "577": 0.25566666666666665, "57A": 0.25566666666666665, "357": 0.392, "579": 0.6876666666666666, "257": 0.5646666666666667, "557": 0.27566666666666667, "567": 0.29533333333333334, "35A": 0.23833333333333334, "5AA": 0.297, "59A": 0.6913333333333334, "25A": 0.5453333333333333, "55A": 0.271, "56A": 0.225, "335": 0.24366666666666667, "359": 0.7196666666666667, "235": 0.551, "355": 0.24566666666666667, "356": 0.29333333333333333, "599": 0.936, "259": 0.8753333333333333, "559": 0.6813333333333333, "569": 0.66, "255": 0.607, "225": 0.9243333333333333, "256": 0.49866666666666665, "556": 0.22966666666666666, "555": 0.296, "566": 0.24366666666666667, "78T": 0.4033333333333333, "8AT": 0.2673333333333333, "88T": 0.30133333333333334, "38T": 0.25433333333333336, "89T": 0.568, "28T": 0.5486666666666666, "8TT": 0.30833333333333335, "68T": 0.31466666666666665,