{"8JJ": 0.282, "AJJ": 0.24933333333333332, "JJK": 0.4736666666666667, "JJQ": 0.25466666666666665, "JJT": 0.4716666666666667, "4JJ": 0.2946666666666667, "2JJ": 0.264, "9JJ": 0.2663333333333333, "7JJ": 0.5, "6JJ": 0.694, "3JJ": 0.49266666666666664, "5JJ": 0.671, "JJJ": 0.2856666666666667, "8AJ": 0.22233333333333333, "8JK": 0.26366666666666666, "8JQ": 0.21, "8JT": 0.243, "48J": 0.338, "88J": 0.237, "28J": 0.20633333333333334, "89J": 0.2776666666666667, "78J": 0.44633333333333336, "68J": 0.554, "38J": 0.27366666666666667, "58J": 0.5976666666666667, "AAJ": 0.214, "AJK": 0.23566666666666666, "AJQ": 0.139, "AJT": 0.23333333333333334, "4AJ": 0.223, "2AJ": 0.185, "9AJ": 0.15266666666666667, "7AJ": 0.25266666666666665, "6AJ": 0.5756666666666667, "3AJ": 0.24133333333333334, "5AJ": 0.5843333333333334, "JKQ": 0.22233333333333333, "JKT": 0.478, "4JK": 0.2673333333333333, "2JK": 0.23433333333333334, "9JK": 0.22466666666666665, "7JK": 0.504, "6JK": 0.6063333333333333, "3JK": 0.491, "5JK": 0.6223333333333333, "JKK": 0.26466666666666666, "JQT": 0.21766666666666667, "4JQ": 0.22333333333333333, "JQQ": 0.24, "2JQ": 0.19833333333333333, "9JQ": 0.13933333333333334, "7JQ": 0.257, "6JQ": 0.5753333333333334, "3JQ": 0.248, "5JQ": 0.5666666666666667, "4JT": 0.25833333333333336, "2JT": 0.221, "9JT": 0.21766666666666667, "7JT": 0.492, "JTT": 0.25666666666666665, "6JT": 0.6196666666666667, "3JT": 0.48333333333333334, "5JT": 0.5973333333333334, "24J": 0.3463333333333333, "44J": 0.26566666666666666, "49J": 0.21933333333333332, "47J": 0.4666666666666667, "46J": 0.6216666666666667, "34J": 0.4786666666666667, "45J": 0.675, "29J": 0.20433333333333334, "27J": 0.2673333333333333, "26J": 0.6563333333333333, "23J": 0.3626666666666667, "22J": 0.197, "25J": 0.6543333333333333, "79J": 0.32466666666666666, "69J": 0.5733333333333334, "99J": 0.23766666666666666, "39J": 0.25433333333333336, "59J": 0.558, "67J": 0.63, "37J": 0.573, "77J": 0.2793333333333333, "57J": 0.6126666666666667, "66J": 0.9343333333333333, "36J": 0.6826666666666666, "56J": 0.8576666666666667, "33J": 0.25, "35J": 0.6766666666666666, "55J": 0.9163333333333333, "8AA": 0.232, "8AK": 0.272, "8AQ": 0.22333333333333333, "8AT": 0.26466666666666666, "48A": 0.32033333333333336, "88A": 0.231, "28A": 0.223, "89A": 0.319, "78A": 0.462, "68A": 0.567, "38A": 0.2643333333333333, "58A": 0.626, "8KQ": 0.262, "8KT": 0.48233333333333334, "48K": 0.3446666666666667, "88K": 0.2796666666666667, "28K": 0.24166666666666667, "89K": 0.364, "78K": 0.624, "68K": 0.612, "38K": 0.5043333333333333, "58K": 0.6396666666666667, "8KK": 0.277, "8QT": 0.241, "48Q": 0.31866666666666665, "88Q": 0.22866666666666666, "8QQ": 0.2803333333333333, "28Q": 0.22233333333333333, "89Q": 0.30133333333333334, "78Q": 0.4643333333333333, "68Q": 0.5566666666666666, "38Q": 0.2693333333333333, "58Q": 0.5893333333333334, "48T": 0.3273333333333333, "88T": 0.274, "28T": 0.24833333333333332, "89T": 0.2996666666666667, "78T": 0.5863333333333334, "8TT": 0.27666666666666667, "68T": 0.566, "38T": 0.5043333333333333, "58T": 0.6243333333333333, "488": 0.3413333333333333, "248": 0.3636666666666667, "448": 0.352, "489": 0.318, "478": 0.8966666666666666, "468": 0.536, "348": 0.45166666666666666, "458": 0.6533333333333333, "888": 0.303, "288": 0.251, "889": 0.31766666666666665, "788": 0.4876666666666667, "688": 0.6346666666666667, "388": 0.29733333333333334, "588": 0.673, "289": 0.321, "278": 0.45066666666666666, "268": 0.543, "238": 0.3433333333333333, "228": 0.21233333333333335, "258": 0.662, "789": 0.8503333333333334, "689": 0.5583333333333333, "899": 0.325, "389": 0.36033333333333334, "589": 0.6196666666666667, "678": 0.602, "378": 0.6143333333333333, "778": 0.44633333333333336, "578": 0.6516666666666666, "668": 0.908, "368": 0.646, "568": 0.748, "338": 0.263, "358": 0.6773333333333333, "558": 0.933, "AAK": 0.26966666666666667, "AAQ": 0.21433333333333332, "AAT": 0.25266666666666665, "4AA": 0.24833333333333332, "2AA": 0.224, "9AA": 0.21366666666666667, "7AA": 0.301, "6AA": 0.6253333333333333, "3AA": 0.2743333333333333, "AAA": 0.2623333333333333, "5AA": 0.6583333333333333, "AKQ": 0.234, "AKT": 0.4726666666666667, "4AK": 0.25833333333333336, "2AK": 0.254, "9AK": 0.24966666666666668, "7AK": 0.49866666666666665, "6AK": 0.6303333333333333, "3AK": 0.48533333333333334, "5AK": 0.617, "AKK": 0.25666666666666665, "AQT": 0.22633333333333333, "4AQ": 0.22466666666666665, "AQQ": 0.25466666666666665, "2AQ": 0.17566666666666667, "9AQ": 0.16233333333333333, "7AQ": 0.276, "6AQ": 0.5726666666666667, "3AQ": 0.24266666666666667, "5AQ": 0.5823333333333334, "4AT": 0.26033333333333336, "2AT": 0.242, "9AT": 0.22666666666666666, "7AT": 0.49033333333333334, "ATT": 0.25833333333333336, "6AT": 0.6193333333333333, "3AT": 0.488, "5AT": 0.6343333333333333, "24A": 0.3253333333333333, "44A": 0.27066666666666667, "49A": 0.214, "47A": 0.4676666666666667, "46A": 0.639, "34A": 0.469, "45A": 0.668, "29A": 0.20866666666666667, "27A": 0.26566666666666666, "26A": 0.6433333333333333, "23A": 0.35233333333333333, "22A": 0.22766666666666666, "25A": 0.6663333333333333, "79A": 0.352, "69A": 0.5863333333333334, "99A": 0.22233333333333333, "39A": 0.25933333333333336, "59A": 0.598, "67A": 0.606, "37A": 0.559, "77A": 0.278, "57A": 0.6263333333333333, "66A": 0.9386666666666666, "36A": 0.6663333333333333, "56A": 0.8526666666666667, "33A": 0.256, "35A": 0.6776666666666666, "55A": 0.924, "KQT": 0.473, "4KQ": 0.264, "KQQ": 0.474, "2KQ": 0.25366666666666665, "9KQ": 0.24633333333333332, "7KQ": 0.507, "6KQ": 0.6116666666666667, "3KQ": 0.49766666666666665, "5KQ": 0.612, "KKQ": 0.262, "4KT": 0.485, "2KT": 0.481, "9KT": 0.4816666666666667, "7KT": 0.875, "KTT": 0.4693333333333333, "6KT": 0.7463333333333333, "3KT": 0.8726666666666667, "5KT": 0.7183333333333334, "KKT": 0.4513333333333333, "24K": 0.36033333333333334, "44K": 0.4866666666666667, "49K": 0.2786666666666667, "47K": 0.6403333333333333, "46K": 0.6563333333333333, "34K": 0.6143333333333333, "45K": 0.679, "4KK": 0.30366666666666664, "29K": 0.259, "27K": 0.477, "26K": 0.6606666666666666, "23K": 0.55, "22K": 0.23966666666666667, "25K": 0.679, "2KK": 0.26466666666666666, "79K": 0.5346666666666666, "69K": 0.6186666666666667, "99K": 0.2813333333333333, "39K": 0.5043333333333333, "59K": 0.6136666666666667, "9KK": 0.24666666666666667, "67K": 0.749, "37K": 0.8766666666666667, "77K": 0.49833333333333335, "57K": 0.7303333333333333, "7KK": 0.49766666666666665, "66K": 0.9396666666666667, "36K": 0.7676666666666667, "56K": 0.862, "6KK": 0.6973333333333334, "33K": 0.4686666666666667, "35K": 0.7793333333333333, "3KK": 0.5053333333333333, "55K": 0.9493333333333334, "5KK": 0.6656666666666666, "KKK": 0.27566666666666667, "4QT": 0.24833333333333332, "QQT": 0.4623333333333333, "2QT": 0.24166666666666667, "9QT": 0.222, "7QT": 0.49533333333333335, "QTT": 0.26466666666666666, "6QT": 0.6093333333333333, "3QT": 0.49566666666666664, "5QT": 0.6016666666666667, "4QQ": 0.296, "24Q": 0.32166666666666666, "44Q": 0.2796666666666667, "49Q": 0.208, "47Q": 0.48933333333333334, "46Q": 0.6383333333333333, "34Q": 0.4696666666666667, "45Q": 0.6576666666666666, "2QQ": 0.26666666666666666, "QQQ": 0.27666666666666667, "9QQ": 0.256, "7QQ": 0.495, "6QQ": 0.673, "3QQ": 0.496, "5QQ": 0.6603333333333333, "29Q": 0.205, "27Q": 0.264, "26Q": 0.628, "23Q": 0.3486666666666667, "22Q": 0.203, "25Q": 0.6553333333333333, "79Q": 0.3353333333333333, "69Q": 0.5693333333333334, "99Q": 0.22533333333333333, "39Q": 0.242, "59Q": 0.573, "67Q": 0.6166666666666667, "37Q": 0.542, "77Q": 0.292, "57Q": 0.6366666666666667, "66Q": 0.9333333333333333, "36Q": 0.6836666666666666, "56Q": 0.8543333333333333, "33Q": 0.254, "35Q": 0.674, "55Q": 0.9136666666666666, "24T": 0.343, "44T": 0.49333333333333335, "49T": 0.25466666666666665, "47T": 0.6063333333333333, "4TT": 0.30566666666666664, "46T": 0.6426666666666667, "34T": 0.6113333333333333, "45T": 0.67, "29T": 0.234, "27T": 0.49466666666666664, "2TT": 0.2763333333333333, "26T": 0.659, "23T": 0.551, "22T": 0.24533333333333332,