{"8KQ": 0.5966666666666667, "4KQ": 0.214, "6KQ": 0.25466666666666665, "AKQ": 0.258, "JKQ": 0.22, "7KQ": 0.21866666666666668, "KQT": 0.24866666666666667, "KQQ": 0.29433333333333334, "2KQ": 0.194, "3KQ": 0.204, "9KQ": 0.2653333333333333, "5KQ": 0.4693333333333333, "KKQ": 0.29333333333333333, "48K": 0.6766666666666666, "68K": 0.6726666666666666, "8AK": 0.6456666666666667, "8JK": 0.6066666666666667, "78K": 0.6656666666666666, "8KT": 0.587, "88K": 0.943, "28K": 0.6806666666666666, "38K": 0.6713333333333333, "89K": 0.634, "58K": 0.8586666666666667, "8KK": 0.724, "44K": 0.24266666666666667, "46K": 0.3413333333333333, "4AK": 0.22833333333333333, "4JK": 0.202, "47K": 0.2786666666666667, "4KT": 0.24666666666666667, "24K": 0.197, "34K": 0.21, "49K": 0.24833333333333332, "45K": 0.5246666666666666, "4KK": 0.2866666666666667, "6AK": 0.27, "6JK": 0.26766666666666666, "67K": 0.45566666666666666, "6KT": 0.26966666666666667, "66K": 0.29733333333333334, "26K": 0.24466666666666667, "36K": 0.253, "69K": 0.3586666666666667, "56K": 0.5843333333333334, "6KK": 0.29933333333333334, "AJK": 0.25233333333333335, "7AK": 0.258, "AKT": 0.2723333333333333, "2AK": 0.24966666666666668, "3AK": 0.226, "9AK": 0.2803333333333333, "5AK": 0.6063333333333333, "AAK": 0.29833333333333334, "AKK": 0.30566666666666664, "7JK": 0.23366666666666666, "JKT": 0.25066666666666665, "2JK": 0.193, "3JK": 0.20133333333333334, "9JK": 0.2786666666666667, "5JK": 0.5006666666666667, "JJK": 0.3016666666666667, "JKK": 0.299, "7KT": 0.25933333333333336, "27K": 0.20533333333333334, "37K": 0.19033333333333333, "79K": 0.35, "57K": 0.5123333333333333, "7KK": 0.2786666666666667, "77K": 0.271, "KTT": 0.288, "2KT": 0.23166666666666666, "3KT": 0.23566666666666666, "9KT": 0.292, "5KT": 0.5906666666666667, "KKT": 0.31433333333333335, "23K": 0.20033333333333334, "29K": 0.26066666666666666, "25K": 0.545, "22K": 0.24966666666666668, "2KK": 0.28, "39K": 0.245, "35K": 0.551, "3KK": 0.271, "33K": 0.24033333333333334, "59K": 0.5986666666666667, "99K": 0.2886666666666667, "9KK": 0.29833333333333334, "5KK": 0.6626666666666666, "55K": 0.917, "KKK": 0.3423333333333333, "48Q": 0.6643333333333333, "68Q": 0.6653333333333333, "8AQ": 0.632, "8JQ": 0.566, "78Q": 0.6583333333333333, "8QT": 0.5713333333333334, "88Q": 0.9326666666666666, "8QQ": 0.6813333333333333, "28Q": 0.6693333333333333, "38Q": 0.6666666666666666, "89Q": 0.5863333333333334, "58Q": 0.844, "44Q": 0.2663333333333333, "46Q": 0.3566666666666667, "4AQ": 0.2613333333333333, "4JQ": 0.21666666666666667, "47Q": 0.274, "4QT": 0.25033333333333335, "4QQ": 0.2936666666666667, "24Q": 0.192, "34Q": 0.18366666666666667, "49Q": 0.259, "45Q": 0.5416666666666666, "6AQ": 0.273, "6JQ": 0.2743333333333333, "67Q": 0.428, "6QT": 0.26033333333333336, "66Q": 0.285, "6QQ": 0.301, "26Q": 0.242, "36Q": 0.23066666666666666, "69Q": 0.3626666666666667, "56Q": 0.581, "AJQ": 0.2723333333333333, "7AQ": 0.26166666666666666, "AQT": 0.285, "AQQ": 0.31666666666666665, "2AQ": 0.24866666666666667, "3AQ": 0.24466666666666667, "9AQ": 0.2946666666666667, "5AQ": 0.5943333333333334, "AAQ": 0.31033333333333335, "7JQ": 0.22733333333333333, "JQT": 0.31233333333333335, "JQQ": 0.31066666666666665, "2JQ": 0.20333333333333334, "3JQ": 0.20366666666666666, "9JQ": 0.332, "5JQ": 0.49866666666666665, "JJQ": 0.2876666666666667, "7QT": 0.279, "7QQ": 0.276, "27Q": 0.19466666666666665, "37Q": 0.19833333333333333, "79Q": 0.355, "57Q": 0.5066666666666667, "77Q": 0.26066666666666666, "QTT": 0.28933333333333333, "QQT": 0.30033333333333334, "2QT": 0.23766666666666666, "3QT": 0.25766666666666665, "9QT": 0.328, "5QT": 0.576, "2QQ": 0.27166666666666667, "3QQ": 0.25933333333333336, "9QQ": 0.30866666666666664, "5QQ": 0.6513333333333333, "QQQ": 0.34833333333333333, "23Q": 0.188, "29Q": 0.247, "25Q": 0.52, "22Q": 0.236, "39Q": 0.25533333333333336, "35Q": 0.5356666666666666, "33Q": 0.23466666666666666, "59Q": 0.6136666666666667, "99Q": 0.30333333333333334, "55Q": 0.9153333333333333, "448": 0.685, "468": 0.6993333333333334, "48A": 0.7083333333333334, "48J": 0.6486666666666666, "478": 0.7116666666666667, "48T": 0.6443333333333333, "488": 0.9526666666666667, "248": 0.7236666666666667, "348": 0.7143333333333334, "489": 0.6826666666666666, "458": 0.841, "68A": 0.6696666666666666, "68J": 0.6673333333333333, "678": 0.6593333333333333, "68T": 0.5356666666666666, "688": 0.9153333333333333, "668": 0.676, "268": 0.705, "368": 0.7116666666666667, "689": 0.629, "568": 0.7726666666666666, "8AJ": 0.6283333333333333, "78A": 0.6903333333333334, "8AT": 0.6103333333333333, "88A": 0.9406666666666667, "28A": 0.7136666666666667, "38A": 0.702, "89A": 0.632, "58A": 0.8843333333333333, "8AA": 0.6976666666666667, "78J": 0.6393333333333333, "8JT": 0.533, "88J": 0.9216666666666666, "28J": 0.648, "38J": 0.6356666666666667, "89J": 0.5773333333333334, "58J": 0.8273333333333334, "8JJ": 0.6926666666666667, "78T": 0.578, "788": 0.9263333333333333, "278": 0.6996666666666667, "378": 0.7116666666666667, "789": 0.6176666666666667, "578": 0.7743333333333333, "778": 0.6926666666666667, "8TT": 0.681, "88T": 0.891, "28T": 0.6536666666666666, "38T": 0.6436666666666667, "89T": 0.505, "58T": 0.8266666666666667, "288": 0.9443333333333334, "888": 1.0, "388": 0.951, "889": 0.8973333333333333, "588": 0.9876666666666667, "238": 0.7316666666666667, "289": 0.6633333333333333, "258": 0.8666666666666667, "228": 0.714, "389": 0.677, "358": 0.8693333333333333, "338": 0.7206666666666667, "589": 0.8256666666666667, "899": 0.689, "558": 0.9833333333333333, "446": 0.34833333333333333, "44A": 0.2776666666666667, "44J": 0.252, "447": 0.3413333333333333, "44T": 0.26266666666666666, "244": 0.25433333333333336, "344": 0.22566666666666665, "449": 0.2633333333333333, "445": 0.6463333333333333, "444": 0.2966666666666667, "46A": 0.35733333333333334, "46J": 0.331, "467": 0.9306666666666666, "46T": 0.35133333333333333, "466": 0.37866666666666665, "246": 0.423, "346": 0.4053333333333333, "469": 0.35533333333333333, "456": 0.6086666666666667, "4AJ": 0.24966666666666668, "47A": 0.355, "4AT": 0.265, "24A": 0.24466666666666667, "34A": 0.22133333333333333, "49A": 0.25366666666666665, "45A": 0.6483333333333333, "4AA": 0.304, "47J": 0.30133333333333334, "4JT": 0.26033333333333336, "24J": 0.20366666666666666, "34J": 0.18833333333333332, "49J": 0.25266666666666665, "45J": 0.5306666666666666, "4JJ": 0.293, "47T": 0.344, "247": 0.27666666666666667, "347": 0.25233333333333335, "479": 0.36033333333333334, "457": 0.53, "477": 0.346, "4TT": 0.2843333333333333, "24T": 0.22466666666666665, "34T": 0.228, "49T": 0.26766666666666666, "45T": 0.6283333333333333, "234": 0.26466666666666666, "249": 0.227, "245": 0.5706666666666667, "224": 0.23133333333333334, "349": 0.22933333333333333, "345": 0.5243333333333333, "334": 0.251, "459": 0.627, "499": 0.26966666666666667, "455": 0.9096666666666666, "6AJ": 0.26566666666666666, "67A": 0.453, "6AT": 0.25, "66A": 0.2886666666666667, "26A": 0.26033333333333336, "36A": 0.25733333333333336, "69A": 0.38, "56A": 0.5956666666666667, "6AA": 0.29633333333333334, "67J": 0.43833333333333335, "6JT": 0.259, "66J": 0.2796666666666667, "26J": 0.23566666666666666, "36J": 0.23566666666666666, "69J": 0.37133333333333335, "56J": 0.57, "6JJ": 0.306, "67T": 0.415, "667": 0.467, "267": 0.45, "367": 0.42933333333333334, "679": 0.8976666666666666, "567": 0.6143333333333333, "677": 0.4663333333333333, "6TT": 0.277, "66T": 0.2643333333333333, "26T": 0.232, "36T": 0.22733333333333333, "69T": 0.3413333333333333, "56T": 0.569, "266": 0.2856666666666667, "366": 0.2743333333333333, "669": 0.37, "566": 0.6326666666666667, "666": 0.31533333333333335, "236": 0.30766666666666664, "269": 0.3526666666666667, "256": 0.6083333333333333, "226": 0.26166666666666666, "369": 0.3463333333333333, "356": 0.5753333333333334, "336": 0.271, "569": 0.6203333333333333, "699": 0.37366666666666665, "556": 0.89, "7AJ": 0.2703333333333333, "AJT": 0.28933333333333333, "2AJ": 0.24, "3AJ": 0.24, "9AJ": 0.305, "5AJ": 0.5933333333333334, "AAJ": 0.302,