{"6JT": 0.3293333333333333, "JJT": 0.37033333333333335, "3JT": 0.317, "4JT": 0.2906666666666667, "JQT": 0.43566666666666665, "2JT": 0.309, "5JT": 0.6183333333333333, "JKT": 0.38166666666666665, "AJT": 0.318, "9JT": 0.5363333333333333, "JTT": 0.37566666666666665, "8JT": 0.4236666666666667, "7JT": 0.37633333333333335, "6JJ": 0.34, "36J": 0.301, "46J": 0.257, "6JQ": 0.2996666666666667, "26J": 0.26866666666666666, "56J": 0.602, "6JK": 0.30266666666666664, "66J": 0.2886666666666667, "6AJ": 0.285, "69J": 0.642, "68J": 0.3606666666666667, "67J": 0.34833333333333333, "3JJ": 0.334, "4JJ": 0.316, "JJQ": 0.386, "2JJ": 0.32033333333333336, "5JJ": 0.6726666666666666, "JJK": 0.36433333333333334, "AJJ": 0.3446666666666667, "9JJ": 0.6776666666666666, "8JJ": 0.325, "7JJ": 0.311, "JJJ": 0.3933333333333333, "34J": 0.263, "3JQ": 0.30466666666666664, "23J": 0.25133333333333335, "35J": 0.6596666666666666, "3JK": 0.3263333333333333, "33J": 0.2783333333333333, "3AJ": 0.281, "39J": 0.669, "38J": 0.2633333333333333, "37J": 0.2843333333333333, "4JQ": 0.2826666666666667, "24J": 0.24933333333333332, "45J": 0.635, "4JK": 0.2846666666666667, "4AJ": 0.21866666666666668, "44J": 0.284, "49J": 0.5663333333333334, "48J": 0.23166666666666666, "47J": 0.22833333333333333, "2JQ": 0.298, "5JQ": 0.5973333333333334, "JKQ": 0.37233333333333335, "AJQ": 0.312, "9JQ": 0.5546666666666666, "8JQ": 0.37366666666666665, "7JQ": 0.315, "JQQ": 0.367, "25J": 0.6613333333333333, "2JK": 0.28833333333333333, "2AJ": 0.2803333333333333, "29J": 0.676, "28J": 0.269, "27J": 0.2723333333333333, "22J": 0.302, "5JK": 0.6153333333333333, "5AJ": 0.5956666666666667, "59J": 0.8353333333333334, "58J": 0.6006666666666667, "57J": 0.586, "55J": 0.9476666666666667, "JKK": 0.365, "AJK": 0.301, "9JK": 0.6, "8JK": 0.30466666666666664, "7JK": 0.287, "9AJ": 0.516, "8AJ": 0.24133333333333334, "AAJ": 0.3233333333333333, "7AJ": 0.25166666666666665, "89J": 0.5243333333333333, "79J": 0.5633333333333334, "99J": 0.8943333333333333, "78J": 0.37833333333333335, "88J": 0.31733333333333336, "77J": 0.32466666666666666, "36T": 0.42333333333333334, "46T": 0.282, "6QT": 0.3253333333333333, "26T": 0.2926666666666667, "56T": 0.612, "6KT": 0.44566666666666666, "66T": 0.31833333333333336, "6AT": 0.29533333333333334, "69T": 0.6596666666666666, "6TT": 0.34, "68T": 0.36433333333333334, "67T": 0.36466666666666664, "34T": 0.2816666666666667, "3QT": 0.32366666666666666, "23T": 0.2936666666666667, "35T": 0.6643333333333333, "3KT": 0.441, "33T": 0.303, "3AT": 0.3, "39T": 0.6843333333333333, "3TT": 0.35533333333333333, "38T": 0.3016666666666667, "37T": 0.285, "4QT": 0.31633333333333336, "24T": 0.257, "45T": 0.6423333333333333, "4KT": 0.30933333333333335, "4AT": 0.2693333333333333, "44T": 0.282, "49T": 0.6686666666666666, "4TT": 0.328, "48T": 0.266, "47T": 0.267, "2QT": 0.2906666666666667, "5QT": 0.6036666666666667, "KQT": 0.38666666666666666, "AQT": 0.31466666666666665, "9QT": 0.576, "QTT": 0.354, "8QT": 0.37533333333333335, "7QT": 0.32133333333333336, "QQT": 0.38266666666666665, "25T": 0.6796666666666666, "2KT": 0.293, "2AT": 0.2836666666666667, "29T": 0.7013333333333334, "2TT": 0.3273333333333333, "28T": 0.27366666666666667, "27T": 0.2663333333333333, "22T": 0.309, "5KT": 0.601, "5AT": 0.625, "59T": 0.859, "5TT": 0.6523333333333333, "58T": 0.6253333333333333, "57T": 0.6016666666666667, "55T": 0.9516666666666667, "KKT": 0.36466666666666664, "AKT": 0.34, "9KT": 0.6226666666666667, "KTT": 0.36633333333333334, "8KT": 0.3253333333333333, "7KT": 0.319, "9AT": 0.6016666666666667, "ATT": 0.3486666666666667, "8AT": 0.2866666666666667, "AAT": 0.36333333333333334, "7AT": 0.2896666666666667, "9TT": 0.7156666666666667, "89T": 0.564, "79T": 0.5976666666666667, "99T": 0.8886666666666667, "8TT": 0.3403333333333333, "7TT": 0.3253333333333333, "TTT": 0.3923333333333333, "78T": 0.411, "88T": 0.31433333333333335, "77T": 0.30533333333333335, "346": 0.44566666666666666, "36Q": 0.30766666666666664, "236": 0.363, "356": 0.5736666666666667, "36K": 0.42766666666666664, "366": 0.298, "336": 0.30566666666666664, "36A": 0.30666666666666664, "369": 0.742, "368": 0.37033333333333335, "367": 0.45766666666666667, "46Q": 0.266, "246": 0.331, "456": 0.5426666666666666, "46K": 0.2876666666666667, "466": 0.27166666666666667, "46A": 0.26666666666666666, "446": 0.2853333333333333, "469": 0.7246666666666667, "468": 0.334, "467": 0.4136666666666667, "26Q": 0.26866666666666666, "56Q": 0.5753333333333334, "6KQ": 0.31033333333333335, "66Q": 0.30633333333333335, "6AQ": 0.30366666666666664, "69Q": 0.6963333333333334, "68Q": 0.382, "67Q": 0.385, "6QQ": 0.32966666666666666, "256": 0.6116666666666667, "26K": 0.28833333333333333, "266": 0.296, "26A": 0.2743333333333333, "269": 0.7596666666666667, "268": 0.36633333333333334, "267": 0.3606666666666667, "226": 0.30733333333333335, "56K": 0.6043333333333333, "566": 0.653, "56A": 0.6076666666666667, "569": 0.8333333333333334, "568": 0.6096666666666667, "567": 0.5903333333333334, "556": 0.9083333333333333, "66K": 0.323, "6KK": 0.35533333333333333, "6AK": 0.31433333333333335, "69K": 0.708, "68K": 0.40166666666666667, "67K": 0.3893333333333333, "66A": 0.312, "666": 0.344, "669": 0.687, "668": 0.3616666666666667, "667": 0.37866666666666665, "69A": 0.6943333333333334, "68A": 0.3596666666666667, "6AA": 0.3606666666666667, "67A": 0.36633333333333334, "689": 0.6766666666666666, "679": 0.6983333333333334, "699": 0.9286666666666666, "678": 0.8816666666666667, "688": 0.379, "677": 0.37766666666666665, "34Q": 0.2826666666666667, "234": 0.3313333333333333, "345": 0.6366666666666667, "34K": 0.2826666666666667, "334": 0.27066666666666667, "34A": 0.25666666666666665, "344": 0.29533333333333334, "349": 0.756, "348": 0.23733333333333334, "347": 0.3293333333333333, "23Q": 0.267, "35Q": 0.6413333333333333, "3KQ": 0.322, "33Q": 0.29133333333333333, "3AQ": 0.278, "39Q": 0.707, "38Q": 0.2833333333333333, "37Q": 0.27266666666666667, "3QQ": 0.3506666666666667, "235": 0.678, "23K": 0.285, "233": 0.27466666666666667, "23A": 0.266, "239": 0.7756666666666666, "238": 0.24533333333333332, "237": 0.256, "223": 0.2946666666666667, "35K": 0.6566666666666666, "335": 0.6863333333333334, "35A": 0.6663333333333333, "359": 0.8886666666666667, "358": 0.651, "357": 0.6253333333333333, "355": 0.9326666666666666, "33K": 0.30833333333333335, "3KK": 0.3383333333333333, "3AK": 0.30433333333333334, "39K": 0.6846666666666666, "38K": 0.2946666666666667, "37K": 0.29533333333333334, "33A": 0.2783333333333333, "333": 0.326, "339": 0.7306666666666667, "338": 0.25366666666666665, "337": 0.264, "39A": 0.6833333333333333, "38A": 0.247, "3AA": 0.3436666666666667, "37A": 0.27366666666666667, "389": 0.7226666666666667, "379": 0.722, "399": 0.9363333333333334, "378": 0.33866666666666667, "388": 0.2926666666666667, "377": 0.2966666666666667, "24Q": 0.26, "45Q": 0.6263333333333333, "4KQ": 0.30033333333333334, "4AQ": 0.26466666666666666, "44Q": 0.2956666666666667, "49Q": 0.6773333333333333, "48Q": 0.2643333333333333, "47Q": 0.25866666666666666, "4QQ": 0.3273333333333333, "245": 0.659, "24K": 0.2633333333333333, "24A": 0.249, "244": 0.286, "249": 0.7286666666666667, "248": 0.25, "247": 0.25133333333333335, "224": 0.26033333333333336, "45K": 0.662, "45A": 0.6266666666666667, "445": 0.6806666666666666, "459": 0.875, "458": 0.6073333333333333, "457": 0.572, "455": 0.928, "4KK": 0.332, "4AK": 0.279, "44K": 0.287, "49K": 0.694, "48K": 0.247, "47K": 0.2633333333333333, "44A": 0.29033333333333333, "49A": 0.568, "48A": 0.222, "4AA": 0.31066666666666665, "47A": 0.21833333333333332, "449": 0.7096666666666667, "448": 0.2693333333333333, "444": 0.327, "447": 0.2673333333333333, "489": 0.6033333333333334, "479": 0.6176666666666667, "499": 0.922, "478": 0.301, "488": 0.25666666666666665, "477": 0.2916666666666667, "25Q": 0.6406666666666667, "2KQ": 0.3, "2AQ": 0.27566666666666667, "29Q": 0.6916666666666667, "28Q": 0.26, "27Q": 0.26966666666666667, "22Q": 0.28833333333333333, "2QQ": 0.3273333333333333, "5KQ": 0.588, "5AQ": 0.607,