{"AKT": 0.20733333333333334, "7AT": 0.612, "9AT": 0.23433333333333334, "8AT": 0.23533333333333334, "2AT": 0.192, "AAT": 0.24633333333333332, "AQT": 0.22033333333333333, "AJT": 0.21166666666666667, "3AT": 0.23166666666666666, "6AT": 0.22666666666666666, "5AT": 0.227, "4AT": 0.5766666666666667, "ATT": 0.267, "7KT": 0.564, "9KT": 0.21366666666666667, "KKT": 0.24833333333333332, "8KT": 0.245, "2KT": 0.20133333333333334, "KQT": 0.19466666666666665, "JKT": 0.223, "3KT": 0.22533333333333333, "6KT": 0.23666666666666666, "5KT": 0.212, "4KT": 0.5796666666666667, "KTT": 0.24066666666666667, "79T": 0.5296666666666666, "78T": 0.529, "27T": 0.6546666666666666, "7QT": 0.569, "7JT": 0.586, "37T": 0.647, "67T": 0.611, "77T": 0.9173333333333333, "57T": 0.6483333333333333, "47T": 0.8173333333333334, "7TT": 0.6586666666666666, "89T": 0.38366666666666666, "29T": 0.21433333333333332, "9QT": 0.21033333333333334, "9JT": 0.285, "39T": 0.23733333333333334, "69T": 0.30433333333333334, "59T": 0.20966666666666667, "49T": 0.5526666666666666, "9TT": 0.2683333333333333, "99T": 0.2793333333333333, "28T": 0.22066666666666668, "88T": 0.271, "8QT": 0.235, "8JT": 0.29033333333333333, "38T": 0.23, "68T": 0.3943333333333333, "58T": 0.3383333333333333, "48T": 0.593, "8TT": 0.274, "2QT": 0.19466666666666665, "2JT": 0.20733333333333334, "23T": 0.17933333333333334, "26T": 0.20566666666666666, "25T": 0.213, "24T": 0.6326666666666667, "2TT": 0.24033333333333334, "22T": 0.20433333333333334, "JQT": 0.22033333333333333, "QQT": 0.263, "3QT": 0.204, "6QT": 0.236, "5QT": 0.213, "4QT": 0.5563333333333333, "QTT": 0.251, "3JT": 0.21366666666666667, "6JT": 0.22633333333333333, "5JT": 0.23933333333333334, "JJT": 0.239, "4JT": 0.5916666666666667, "JTT": 0.254, "36T": 0.31766666666666665, "35T": 0.322, "34T": 0.6436666666666667, "33T": 0.22733333333333333, "3TT": 0.248, "56T": 0.4666666666666667, "66T": 0.24866666666666667, "46T": 0.599, "6TT": 0.2613333333333333, "45T": 0.585, "55T": 0.25866666666666666, "5TT": 0.254, "44T": 0.937, "4TT": 0.6523333333333333, "TTT": 0.277, "7AK": 0.5816666666666667, "9AK": 0.22, "AKK": 0.24766666666666667, "8AK": 0.21733333333333332, "2AK": 0.187, "AAK": 0.24066666666666667, "AKQ": 0.21233333333333335, "AJK": 0.201, "3AK": 0.20233333333333334, "6AK": 0.21866666666666668, "5AK": 0.23, "4AK": 0.5923333333333334, "79A": 0.5956666666666667, "78A": 0.576, "27A": 0.665, "7AA": 0.6693333333333333, "7AQ": 0.593, "7AJ": 0.576, "37A": 0.6566666666666666, "67A": 0.648, "77A": 0.9276666666666666, "57A": 0.6683333333333333, "47A": 0.8426666666666667, "89A": 0.23733333333333334, "29A": 0.20466666666666666, "9AA": 0.24666666666666667, "9AQ": 0.229, "9AJ": 0.22466666666666665, "39A": 0.21066666666666667, "69A": 0.215, "59A": 0.212, "49A": 0.5693333333333334, "99A": 0.24666666666666667, "28A": 0.17833333333333334, "88A": 0.25566666666666665, "8AA": 0.24933333333333332, "8AQ": 0.235, "8AJ": 0.175, "38A": 0.17033333333333334, "68A": 0.283, "58A": 0.32, "48A": 0.5826666666666667, "2AA": 0.228, "2AQ": 0.191, "2AJ": 0.16566666666666666, "23A": 0.156, "26A": 0.16333333333333333, "25A": 0.189, "24A": 0.6216666666666667, "22A": 0.20333333333333334, "AAQ": 0.24033333333333334, "AAJ": 0.22833333333333333, "3AA": 0.245, "AAA": 0.2846666666666667, "6AA": 0.244, "5AA": 0.25333333333333335, "4AA": 0.6486666666666666, "AJQ": 0.21566666666666667, "AQQ": 0.24833333333333332, "3AQ": 0.20866666666666667, "6AQ": 0.21366666666666667, "5AQ": 0.222, "4AQ": 0.5883333333333334, "3AJ": 0.17233333333333334, "6AJ": 0.19166666666666668, "5AJ": 0.21366666666666667, "AJJ": 0.22166666666666668, "4AJ": 0.5743333333333334, "36A": 0.26466666666666666, "35A": 0.3283333333333333, "34A": 0.6233333333333333, "33A": 0.209, "56A": 0.4266666666666667, "66A": 0.236, "46A": 0.562, "45A": 0.5833333333333334, "55A": 0.23833333333333334, "44A": 0.9186666666666666, "79K": 0.482, "7KK": 0.6493333333333333, "78K": 0.5816666666666667, "27K": 0.679, "7KQ": 0.49133333333333334, "7JK": 0.59, "37K": 0.6496666666666666, "67K": 0.6243333333333333, "77K": 0.911, "57K": 0.556, "47K": 0.7196666666666667, "9KK": 0.24166666666666667, "89K": 0.247, "29K": 0.18266666666666667, "9KQ": 0.15433333333333332, "9JK": 0.20766666666666667, "39K": 0.20466666666666666, "69K": 0.20833333333333334, "59K": 0.18066666666666667, "49K": 0.468, "99K": 0.23566666666666666, "8KK": 0.24833333333333332, "KKK": 0.29533333333333334, "2KK": 0.22466666666666665, "KKQ": 0.24266666666666667, "JKK": 0.24766666666666667, "3KK": 0.23433333333333334, "6KK": 0.253, "5KK": 0.24833333333333332, "4KK": 0.6136666666666667, "28K": 0.20766666666666667, "88K": 0.25433333333333336, "8KQ": 0.235, "8JK": 0.24133333333333334, "38K": 0.19966666666666666, "68K": 0.32766666666666666, "58K": 0.30233333333333334, "48K": 0.583, "2KQ": 0.19866666666666666, "2JK": 0.21533333333333332, "23K": 0.185, "26K": 0.20666666666666667, "25K": 0.196, "24K": 0.6303333333333333, "22K": 0.21933333333333332, "JKQ": 0.2, "KQQ": 0.23, "3KQ": 0.20733333333333334, "6KQ": 0.22766666666666666, "5KQ": 0.18033333333333335, "4KQ": 0.48233333333333334, "3JK": 0.20333333333333334, "6JK": 0.23266666666666666, "5JK": 0.23033333333333333, "JJK": 0.226, "4JK": 0.5756666666666667, "36K": 0.3233333333333333, "35K": 0.31733333333333336, "34K": 0.6223333333333333, "33K": 0.209, "56K": 0.421, "66K": 0.22966666666666666, "46K": 0.568, "45K": 0.473, "55K": 0.24066666666666667, "44K": 0.9123333333333333, "789": 0.4786666666666667, "279": 0.6303333333333333, "79Q": 0.49566666666666664, "79J": 0.5286666666666666, "379": 0.6183333333333333, "679": 0.5506666666666666, "779": 0.8926666666666667, "579": 0.5176666666666667, "479": 0.7026666666666667, "799": 0.6416666666666667, "278": 0.6236666666666667, "788": 0.6283333333333333, "78Q": 0.564, "78J": 0.5516666666666666, "378": 0.6313333333333333, "678": 0.5676666666666667, "778": 0.9033333333333333, "578": 0.609, "478": 0.7863333333333333, "27Q": 0.6523333333333333, "27J": 0.6443333333333333, "237": 0.6883333333333334, "267": 0.682, "277": 0.95, "257": 0.6876666666666666, "247": 0.8716666666666667, "227": 0.682, "7JQ": 0.5593333333333333, "7QQ": 0.6523333333333333, "37Q": 0.648, "67Q": 0.6283333333333333, "77Q": 0.908, "57Q": 0.5326666666666666, "47Q": 0.7323333333333333, "37J": 0.6436666666666667, "67J": 0.64, "77J": 0.9256666666666666, "57J": 0.641, "7JJ": 0.6563333333333333, "47J": 0.8326666666666667, "367": 0.691, "377": 0.949, "357": 0.6973333333333334, "347": 0.842, "337": 0.6616666666666666, "677": 0.9256666666666666, "567": 0.667, "667": 0.643, "467": 0.7613333333333333, "577": 0.912, "477": 0.9836666666666667, "777": 1.0, "457": 0.6636666666666666, "557": 0.646, "447": 0.9786666666666667, "289": 0.22633333333333333, "889": 0.243, "89Q": 0.22366666666666668, "89J": 0.285, "389": 0.21433333333333332, "689": 0.38366666666666666, "589": 0.294, "489": 0.5746666666666667, "899": 0.26866666666666666, "29Q": 0.195, "29J": 0.19533333333333333, "239": 0.185, "269": 0.195, "259": 0.19633333333333333, "249": 0.6376666666666667, "229": 0.193, "299": 0.224, "9JQ": 0.20433333333333334, "9QQ": 0.23266666666666666, "39Q": 0.19966666666666666, "69Q": 0.213, "59Q": 0.17233333333333334, "49Q": 0.4693333333333333, "99Q": 0.233, "39J": 0.21366666666666667, "69J": 0.22, "59J": 0.241, "9JJ": 0.24366666666666667, "49J": 0.5603333333333333, "99J": 0.255, "369": 0.31566666666666665, "359": 0.30533333333333335, "349": 0.6186666666666667, "339": 0.20866666666666667, "399": 0.24266666666666667, "569": 0.4176666666666667, "669": 0.226, "469": 0.5626666666666666, "699": 0.2613333333333333, "459": 0.48033333333333333, "559": 0.21533333333333332, "599": 0.25166666666666665, "449": 0.9173333333333333, "499": 0.6366666666666667, "999": 0.2833333333333333, "288": 0.236, "28Q": 0.20666666666666667, "28J": 0.17733333333333334, "238": 0.14866666666666667, "268": 0.2663333333333333, "258": 0.30366666666666664, "248": 0.6013333333333334, "228": 0.203, "88Q": 0.25733333333333336, "88J": 0.25266666666666665,