{"6AT": 0.35433333333333333, "6AK": 0.4003333333333333, "46A": 0.599, "56A": 0.361, "6AA": 0.4186666666666667, "69A": 0.32033333333333336, "67A": 0.3406666666666667, "6AQ": 0.38166666666666665, "36A": 0.3556666666666667, "68A": 0.31866666666666665, "6AJ": 0.7433333333333333, "66A": 0.38166666666666665, "26A": 0.36233333333333334, "AKT": 0.4623333333333333, "4AT": 0.6236666666666667, "5AT": 0.349, "AAT": 0.4256666666666667, "ATT": 0.414, "9AT": 0.3456666666666667, "7AT": 0.3556666666666667, "AQT": 0.445, "3AT": 0.33566666666666667, "8AT": 0.35533333333333333, "AJT": 0.6983333333333334, "2AT": 0.3506666666666667, "AKK": 0.4656666666666667, "4AK": 0.6423333333333333, "5AK": 0.41933333333333334, "AAK": 0.494, "9AK": 0.388, "7AK": 0.413, "AKQ": 0.49866666666666665, "3AK": 0.387, "8AK": 0.36666666666666664, "AJK": 0.668, "2AK": 0.4073333333333333, "45A": 0.592, "4AA": 0.694, "49A": 0.5976666666666667, "47A": 0.6126666666666667, "4AQ": 0.6056666666666667, "34A": 0.6423333333333333, "48A": 0.604, "44A": 0.9523333333333334, "4AJ": 0.897, "24A": 0.671, "5AA": 0.4063333333333333, "55A": 0.4103333333333333, "59A": 0.3323333333333333, "57A": 0.3436666666666667, "5AQ": 0.376, "35A": 0.348, "58A": 0.323, "5AJ": 0.733, "25A": 0.3546666666666667, "9AA": 0.4226666666666667, "7AA": 0.41933333333333334, "AAQ": 0.5, "AAA": 0.5186666666666667, "3AA": 0.42033333333333334, "8AA": 0.439, "AAJ": 0.7736666666666666, "2AA": 0.423, "79A": 0.341, "9AQ": 0.394, "39A": 0.32766666666666666, "89A": 0.339, "9AJ": 0.724, "29A": 0.328, "99A": 0.41333333333333333, "7AQ": 0.37266666666666665, "37A": 0.34833333333333333, "78A": 0.34, "7AJ": 0.7306666666666667, "27A": 0.344, "77A": 0.391, "AQQ": 0.46266666666666667, "3AQ": 0.39066666666666666, "8AQ": 0.4093333333333333, "AJQ": 0.6403333333333333, "2AQ": 0.391, "38A": 0.3406666666666667, "3AJ": 0.7596666666666667, "33A": 0.37166666666666665, "23A": 0.3426666666666667, "8AJ": 0.7226666666666667, "88A": 0.39166666666666666, "28A": 0.337, "AJJ": 0.9406666666666667, "2AJ": 0.7603333333333333, "22A": 0.374, "6KT": 0.49433333333333335, "46T": 0.584, "56T": 0.454, "6TT": 0.3546666666666667, "69T": 0.32033333333333336, "67T": 0.4623333333333333, "6QT": 0.36333333333333334, "36T": 0.3253333333333333, "68T": 0.321, "6JT": 0.7593333333333333, "66T": 0.3556666666666667, "26T": 0.46366666666666667, "6KK": 0.42633333333333334, "46K": 0.593, "56K": 0.5093333333333333, "69K": 0.346, "67K": 0.4686666666666667, "6KQ": 0.41133333333333333, "36K": 0.36033333333333334, "68K": 0.3433333333333333, "6JK": 0.7673333333333333, "66K": 0.4166666666666667, "26K": 0.493, "456": 0.513, "469": 0.5496666666666666, "467": 0.5163333333333333, "46Q": 0.588, "346": 0.5723333333333334, "468": 0.5663333333333334, "446": 0.9143333333333333, "46J": 0.88, "466": 0.6676666666666666, "246": 0.622, "556": 0.3616666666666667, "569": 0.32033333333333336, "567": 0.5363333333333333, "56Q": 0.352, "356": 0.47833333333333333, "568": 0.37366666666666665, "56J": 0.7836666666666666, "566": 0.3863333333333333, "256": 0.5126666666666667, "679": 0.284, "69Q": 0.346, "369": 0.29833333333333334, "689": 0.24633333333333332, "69J": 0.763, "669": 0.3443333333333333, "269": 0.31733333333333336, "699": 0.3463333333333333, "67Q": 0.33766666666666667, "367": 0.38366666666666666, "678": 0.3576666666666667, "67J": 0.769, "667": 0.37533333333333335, "267": 0.4676666666666667, "677": 0.37366666666666665, "6QQ": 0.4033333333333333, "36Q": 0.35533333333333333, "68Q": 0.35433333333333333, "6JQ": 0.714, "66Q": 0.392, "26Q": 0.3506666666666667, "368": 0.30266666666666664, "36J": 0.773, "366": 0.367, "336": 0.361, "236": 0.3973333333333333, "68J": 0.7696666666666667, "668": 0.3476666666666667, "688": 0.37166666666666665, "268": 0.31533333333333335, "66J": 0.785, "6JJ": 0.9343333333333333, "26J": 0.777, "266": 0.37366666666666665, "666": 0.439, "226": 0.3636666666666667, "KKT": 0.457, "4KT": 0.6393333333333333, "5KT": 0.49666666666666665, "KTT": 0.432, "9KT": 0.41833333333333333, "7KT": 0.5126666666666667, "KQT": 0.5216666666666666, "3KT": 0.369, "8KT": 0.36233333333333334, "JKT": 0.7056666666666667, "2KT": 0.513, "45T": 0.5996666666666667, "4TT": 0.6633333333333333, "49T": 0.597, "47T": 0.5983333333333334, "4QT": 0.6136666666666667, "34T": 0.6393333333333333, "48T": 0.6076666666666667, "44T": 0.9516666666666667, "4JT": 0.87, "24T": 0.6716666666666666, "55T": 0.389, "5TT": 0.37266666666666665, "59T": 0.33666666666666667, "57T": 0.4593333333333333, "5QT": 0.35533333333333333, "35T": 0.3396666666666667, "58T": 0.308, "5JT": 0.783, "25T": 0.44766666666666666, "9TT": 0.378, "7TT": 0.3576666666666667, "QTT": 0.43433333333333335, "3TT": 0.366, "8TT": 0.36866666666666664, "TTT": 0.445, "JTT": 0.7226666666666667, "2TT": 0.372, "79T": 0.39866666666666667, "9QT": 0.47433333333333333, "39T": 0.29633333333333334, "89T": 0.4553333333333333, "9JT": 0.6616666666666666, "29T": 0.33066666666666666, "99T": 0.3506666666666667, "7QT": 0.36666666666666664, "37T": 0.31933333333333336, "78T": 0.392, "7JT": 0.7453333333333333, "27T": 0.4543333333333333, "77T": 0.37733333333333335, "QQT": 0.435, "3QT": 0.364, "8QT": 0.43933333333333335, "JQT": 0.6266666666666667, "2QT": 0.371, "38T": 0.32566666666666666, "3JT": 0.7616666666666667, "33T": 0.353, "23T": 0.32166666666666666, "8JT": 0.6976666666666667, "88T": 0.373, "28T": 0.317, "JJT": 0.9053333333333333, "2JT": 0.775, "22T": 0.36033333333333334, "4KK": 0.6876666666666666, "5KK": 0.4266666666666667, "9KK": 0.41133333333333333, "7KK": 0.42233333333333334, "KKQ": 0.4806666666666667, "3KK": 0.4146666666666667, "8KK": 0.42866666666666664, "KKK": 0.519, "JKK": 0.769, "2KK": 0.43466666666666665, "45K": 0.597, "49K": 0.601, "47K": 0.5986666666666667, "4KQ": 0.631, "34K": 0.656, "48K": 0.6233333333333333, "44K": 0.956, "4JK": 0.8756666666666667, "24K": 0.671, "55K": 0.415, "59K": 0.3463333333333333, "57K": 0.482, "5KQ": 0.3933333333333333, "35K": 0.37233333333333335, "58K": 0.36133333333333334, "5JK": 0.7646666666666667, "25K": 0.5033333333333333, "79K": 0.36666666666666664, "9KQ": 0.45466666666666666, "39K": 0.3333333333333333, "89K": 0.3416666666666667, "9JK": 0.7083333333333334, "29K": 0.35933333333333334, "99K": 0.404, "7KQ": 0.4176666666666667, "37K": 0.35133333333333333, "78K": 0.356, "7JK": 0.74, "27K": 0.49066666666666664, "77K": 0.4043333333333333, "KQQ": 0.49166666666666664, "3KQ": 0.398, "8KQ": 0.4063333333333333, "JKQ": 0.6246666666666667, "2KQ": 0.4053333333333333, "38K": 0.3393333333333333, "3JK": 0.7216666666666667, "33K": 0.38866666666666666, "23K": 0.35933333333333334, "8JK": 0.724, "88K": 0.4086666666666667, "28K": 0.337, "JJK": 0.9233333333333333, "2JK": 0.7566666666666667, "22K": 0.404, "455": 0.6266666666666667, "459": 0.5833333333333334, "457": 0.534, "45Q": 0.591, "345": 0.5603333333333333, "458": 0.563, "445": 0.9163333333333333, "45J": 0.8833333333333333, "245": 0.6153333333333333, "479": 0.5676666666666667, "49Q": 0.599, "349": 0.5553333333333333, "489": 0.576, "449": 0.9273333333333333, "49J": 0.874, "249": 0.6376666666666667, "499": 0.6576666666666666, "47Q": 0.6096666666666667, "347": 0.6046666666666667, "478": 0.5703333333333334, "447": 0.928, "47J": 0.889, "247": 0.6676666666666666, "477": 0.6503333333333333, "4QQ": 0.7013333333333334, "34Q": 0.6306666666666667, "48Q": 0.6193333333333333, "44Q": 0.9476666666666667, "4JQ": 0.871, "24Q": 0.665, "348": 0.6466666666666666, "344": 0.9273333333333333, "34J": 0.8836666666666667, "334": 0.658, "234": 0.6553333333333333, "448": 0.93, "48J": 0.8913333333333333, "488": 0.666, "248": 0.663, "44J": 0.985, "244": 0.9576666666666667, "444": 1.0, "4JJ": 0.987, "24J": 0.91, "224": 0.6646666666666666, "559": 0.333, "557": 0.371, "55Q": 0.3963333333333333, "355": 0.352, "558": 0.338, "55J": 0.7833333333333333, "555": 0.43, "255": 0.38233333333333336, "579": 0.301, "59Q": 0.3363333333333333, "359": 0.296, "589": 0.27466666666666667, "59J": 0.77, "259": 0.314, "599": 0.3446666666666667, "57Q": 0.37233333333333335, "357": 0.408,