{"8QT": 0.176, "38Q": 0.194, "8AQ": 0.176, "48Q": 0.19833333333333333, "78Q": 0.20466666666666666, "68Q": 0.569, "28Q": 0.537, "58Q": 0.20933333333333334, "8QQ": 0.20066666666666666, "88Q": 0.20233333333333334, "89Q": 0.18033333333333335, "8JQ": 0.18966666666666668, "8KQ": 0.20133333333333334, "3QT": 0.19833333333333333, "AQT": 0.16933333333333334, "4QT": 0.18566666666666667, "7QT": 0.18333333333333332, "6QT": 0.5753333333333334, "2QT": 0.5293333333333333, "5QT": 0.17733333333333334, "QQT": 0.17966666666666667, "9QT": 0.15066666666666667, "JQT": 0.18266666666666667, "KQT": 0.19433333333333333, "QTT": 0.20833333333333334, "33Q": 0.20166666666666666, "3AQ": 0.19566666666666666, "34Q": 0.401, "37Q": 0.195, "36Q": 0.6286666666666667, "23Q": 0.556, "35Q": 0.325, "3QQ": 0.21033333333333334, "39Q": 0.20566666666666666, "3JQ": 0.32233333333333336, "3KQ": 0.325, "4AQ": 0.19833333333333333, "7AQ": 0.16333333333333333, "6AQ": 0.587, "2AQ": 0.558, "5AQ": 0.16833333333333333, "AQQ": 0.17433333333333334, "9AQ": 0.17366666666666666, "AJQ": 0.19633333333333333, "AKQ": 0.18233333333333332, "AAQ": 0.19466666666666665, "47Q": 0.19566666666666666, "46Q": 0.6316666666666667, "24Q": 0.5613333333333334, "45Q": 0.322, "4QQ": 0.21466666666666667, "44Q": 0.20833333333333334, "49Q": 0.176, "4JQ": 0.33566666666666667, "4KQ": 0.3283333333333333, "67Q": 0.546, "77Q": 0.189, "27Q": 0.5666666666666667, "57Q": 0.20233333333333334, "7QQ": 0.17733333333333334, "79Q": 0.188, "7JQ": 0.188, "7KQ": 0.18866666666666668, "26Q": 0.852, "56Q": 0.626, "6QQ": 0.6263333333333333, "69Q": 0.562, "6JQ": 0.5926666666666667, "6KQ": 0.6003333333333334, "66Q": 0.906, "25Q": 0.5603333333333333, "2QQ": 0.5746666666666667, "29Q": 0.5316666666666666, "2JQ": 0.522, "2KQ": 0.5456666666666666, "22Q": 0.934, "5QQ": 0.18866666666666668, "59Q": 0.18166666666666667, "5JQ": 0.19766666666666666, "5KQ": 0.20166666666666666, "55Q": 0.18333333333333332, "9QQ": 0.177, "JQQ": 0.216, "KQQ": 0.2, "QQQ": 0.242, "9JQ": 0.19066666666666668, "9KQ": 0.18766666666666668, "99Q": 0.194, "JKQ": 0.3243333333333333, "JJQ": 0.212, "KKQ": 0.21266666666666667, "38T": 0.18266666666666667, "8AT": 0.16133333333333333, "48T": 0.18533333333333332, "78T": 0.27066666666666667, "68T": 0.5443333333333333, "28T": 0.5333333333333333, "58T": 0.20233333333333334, "88T": 0.19766666666666666, "89T": 0.23533333333333334, "8JT": 0.162, "8KT": 0.18433333333333332, "8TT": 0.19133333333333333, "338": 0.19333333333333333, "38A": 0.178, "348": 0.30333333333333334, "378": 0.21333333333333335, "368": 0.635, "238": 0.5506666666666666, "358": 0.31, "388": 0.20666666666666667, "389": 0.19233333333333333, "38J": 0.19766666666666666, "38K": 0.19733333333333333, "48A": 0.18466666666666667, "78A": 0.21366666666666667, "68A": 0.5723333333333334, "28A": 0.571, "58A": 0.21266666666666667, "88A": 0.18366666666666667, "89A": 0.18366666666666667, "8AJ": 0.17766666666666667, "8AK": 0.165, "8AA": 0.19033333333333333, "478": 0.279, "468": 0.5903333333333334, "248": 0.5556666666666666, "458": 0.39266666666666666, "448": 0.20566666666666666, "488": 0.198, "489": 0.19333333333333333, "48J": 0.186, "48K": 0.20033333333333334, "678": 0.48233333333333334, "778": 0.21766666666666667, "278": 0.5436666666666666, "578": 0.45066666666666666, "788": 0.24566666666666667, "789": 0.33466666666666667, "78J": 0.21433333333333332, "78K": 0.20866666666666667, "268": 0.8423333333333334, "568": 0.56, "688": 0.6206666666666667, "689": 0.5193333333333333, "68J": 0.5563333333333333, "68K": 0.5746666666666667, "668": 0.8983333333333333, "258": 0.5623333333333334, "288": 0.5783333333333334, "289": 0.511, "28J": 0.543, "28K": 0.5686666666666667, "228": 0.942, "588": 0.235, "589": 0.2763333333333333, "58J": 0.21433333333333332, "58K": 0.221, "558": 0.22766666666666666, "889": 0.20466666666666666, "888": 0.21633333333333332, "88J": 0.19666666666666666, "88K": 0.193, "89J": 0.164, "89K": 0.18833333333333332, "899": 0.21866666666666668, "8JK": 0.195, "8JJ": 0.187, "8KK": 0.18133333333333335, "33T": 0.182, "3AT": 0.18333333333333332, "34T": 0.30133333333333334, "37T": 0.17566666666666667, "36T": 0.6336666666666667, "23T": 0.5436666666666666, "35T": 0.28633333333333333, "39T": 0.16633333333333333, "3JT": 0.188, "3KT": 0.196, "3TT": 0.21966666666666668, "4AT": 0.18033333333333335, "7AT": 0.17833333333333334, "6AT": 0.564, "2AT": 0.5343333333333333, "5AT": 0.17933333333333334, "9AT": 0.171, "AJT": 0.16666666666666666, "AKT": 0.165, "ATT": 0.19366666666666665, "AAT": 0.18566666666666667, "47T": 0.181, "46T": 0.6266666666666667, "24T": 0.5443333333333333, "45T": 0.2826666666666667, "44T": 0.187, "49T": 0.16766666666666666, "4JT": 0.173, "4KT": 0.18433333333333332, "4TT": 0.21833333333333332, "67T": 0.526, "77T": 0.17933333333333334, "27T": 0.5243333333333333, "57T": 0.20833333333333334, "79T": 0.233, "7JT": 0.16466666666666666, "7KT": 0.16733333333333333, "7TT": 0.20233333333333334, "26T": 0.8413333333333334, "56T": 0.628, "69T": 0.5203333333333333, "6JT": 0.5623333333333334, "6KT": 0.5793333333333334, "6TT": 0.6183333333333333, "66T": 0.8946666666666667, "25T": 0.5326666666666666, "29T": 0.43933333333333335, "2JT": 0.5166666666666667, "2KT": 0.528, "2TT": 0.558, "22T": 0.9073333333333333, "59T": 0.17166666666666666, "5JT": 0.174, "5KT": 0.16633333333333333, "55T": 0.171, "5TT": 0.20566666666666666, "9JT": 0.15166666666666667, "9KT": 0.161, "9TT": 0.187, "99T": 0.17933333333333334, "JKT": 0.181, "JTT": 0.21266666666666667, "JJT": 0.18266666666666667, "KTT": 0.20233333333333334, "KKT": 0.18066666666666667, "TTT": 0.23166666666666666, "33A": 0.179, "334": 0.30033333333333334, "337": 0.19466666666666665, "336": 0.6296666666666667, "233": 0.5683333333333334, "335": 0.30533333333333335, "339": 0.18633333333333332, "33J": 0.20866666666666667, "333": 0.20633333333333334, "33K": 0.20366666666666666, "34A": 0.2916666666666667, "37A": 0.17833333333333334, "36A": 0.646, "23A": 0.5423333333333333, "35A": 0.2866666666666667, "39A": 0.16666666666666666, "3AJ": 0.19266666666666668, "3AK": 0.18266666666666667, "3AA": 0.196, "347": 0.26, "346": 0.6293333333333333, "234": 0.5843333333333334, "345": 0.887, "344": 0.30366666666666664, "349": 0.31233333333333335, "34J": 0.41133333333333333, "34K": 0.399, "367": 0.57, "377": 0.17933333333333334, "237": 0.5473333333333333, "357": 0.27666666666666667, "379": 0.182, "37J": 0.19266666666666668, "37K": 0.20266666666666666, "236": 0.819, "356": 0.6366666666666667, "369": 0.6136666666666667, "36J": 0.6213333333333333, "36K": 0.625, "366": 0.9173333333333333, "235": 0.5836666666666667, "239": 0.5246666666666666, "23J": 0.5466666666666666, "23K": 0.5413333333333333, "223": 0.9336666666666666, "359": 0.292, "35J": 0.2926666666666667, "35K": 0.2996666666666667, "355": 0.2876666666666667, "39J": 0.20966666666666667, "39K": 0.18633333333333332, "399": 0.202, "3JK": 0.31566666666666665, "3JJ": 0.22533333333333333, "3KK": 0.215, "47A": 0.17233333333333334, "46A": 0.625, "24A": 0.5666666666666667, "45A": 0.30133333333333334, "44A": 0.181, "49A": 0.18533333333333332, "4AJ": 0.186, "4AK": 0.18766666666666668, "4AA": 0.196, "67A": 0.5716666666666667, "77A": 0.185, "27A": 0.5413333333333333, "57A": 0.20366666666666666, "79A": 0.19133333333333333, "7AJ": 0.17433333333333334, "7AK": 0.17366666666666666, "7AA": 0.17633333333333334, "26A": 0.8846666666666667, "56A": 0.624, "69A": 0.574, "6AJ": 0.6113333333333333, "6AK": 0.601, "66A": 0.9313333333333333, "6AA": 0.642, "25A": 0.5576666666666666, "29A": 0.555, "2AJ": 0.5633333333333334, "2AK": 0.56, "2AA": 0.5776666666666667, "22A": 0.912, "59A": 0.17433333333333334, "5AJ": 0.178, "5AK": 0.18066666666666667, "55A": 0.18366666666666667, "5AA": 0.19866666666666666, "9AJ": 0.16833333333333333, "9AK": 0.175, "9AA": 0.19766666666666666, "99A": 0.19533333333333333, "AJK": 0.19066666666666668, "AJJ": 0.17966666666666667, "AAJ": 0.204, "AKK": 0.18633333333333332, "AAK": 0.20566666666666666, "AAA": 0.23233333333333334, "467": 0.5576666666666666, "477": 0.208,